request_key,request_id,property_key,request_type_key,category,subcategory,owning_team,request_date,resolved_date,created_hour_ist,day_part_ist,priority,status,channel,sla_minutes,resolution_minutes,first_response_minutes,is_sla_breached,reopened_count,csat_score
1,SR0000001,1,10,Billing,Incorrect folio,front_office,2025-02-06,2025-02-07,23,evening,P2,closed,whatsapp,240,180,66.0,False,0,4.0
2,SR0000002,1,7,Maintenance,Plumbing,maintenance,2025-02-15,2025-02-15,14,afternoon,P2,closed,whatsapp,180,207,49.0,True,0,
3,SR0000003,1,2,Housekeeping,Extra towels/linen,housekeeping,2025-02-20,2025-02-20,12,afternoon,P3,closed,email,45,21,2.0,False,0,5.0
4,SR0000004,1,3,Housekeeping,Late checkout clean,housekeeping,2025-03-20,2025-03-20,10,morning,P2,closed,whatsapp,90,31,9.0,False,0,
5,SR0000005,1,3,Housekeeping,Late checkout clean,housekeeping,2025-03-22,2025-03-22,12,afternoon,P2,closed,whatsapp,90,19,3.0,False,0,
6,SR0000006,1,7,Maintenance,Plumbing,maintenance,2025-03-29,2025-03-29,13,afternoon,P2,closed,whatsapp,180,162,14.0,False,0,
7,SR0000007,1,6,Maintenance,Wi-Fi down,maintenance,2025-04-20,2025-04-20,13,afternoon,P1,closed,whatsapp,60,20,6.0,False,0,
8,SR0000008,1,2,Housekeeping,Extra towels/linen,housekeeping,2025-05-12,2025-05-12,17,afternoon,P3,closed,whatsapp,45,55,15.0,True,0,3.0
9,SR0000009,1,9,Front Desk,Key/access issue,front_office,2025-05-14,2025-05-14,23,evening,P1,closed,whatsapp,30,7,2.0,False,0,
10,SR0000010,1,10,Billing,Incorrect folio,front_office,2025-05-15,2025-05-15,14,afternoon,P2,closed,whatsapp,240,240,53.0,False,0,
11,SR0000011,1,7,Maintenance,Plumbing,maintenance,2025-05-24,2025-05-24,14,afternoon,P2,closed,phone,180,23,6.0,False,0,
12,SR0000012,1,9,Front Desk,Key/access issue,front_office,2025-06-01,2025-06-01,16,afternoon,P1,closed,whatsapp,30,10,2.0,False,0,5.0
13,SR0000013,1,1,Housekeeping,Room not cleaned,housekeeping,2025-06-16,2025-06-16,14,afternoon,P2,closed,whatsapp,60,51,18.0,False,0,
14,SR0000014,1,8,Front Desk,Late check-in,front_office,2025-06-18,2025-06-18,20,evening,P2,closed,whatsapp,30,8,1.0,False,0,3.0
15,SR0000015,1,3,Housekeeping,Late checkout clean,housekeeping,2025-07-18,2025-07-18,18,evening,P2,closed,whatsapp,90,83,10.0,False,0,
16,SR0000016,1,5,Maintenance,Hot water,maintenance,2025-07-19,2025-07-19,11,morning,P1,closed,email,90,149,39.0,True,0,
17,SR0000017,1,8,Front Desk,Late check-in,front_office,2025-07-23,2025-07-23,14,afternoon,P2,closed,whatsapp,30,16,2.0,False,0,4.0
18,SR0000018,1,2,Housekeeping,Extra towels/linen,housekeeping,2025-08-01,2025-08-01,13,afternoon,P3,closed,whatsapp,45,20,6.0,False,0,
19,SR0000019,1,4,Maintenance,AC not cooling,maintenance,2025-08-11,2025-08-11,16,afternoon,P1,closed,whatsapp,120,39,3.0,False,0,5.0
20,SR0000020,1,3,Housekeeping,Late checkout clean,housekeeping,2025-08-12,2025-08-12,11,morning,P2,closed,front_desk,90,26,2.0,False,0,
21,SR0000021,1,3,Housekeeping,Late checkout clean,housekeeping,2025-08-30,2025-08-30,5,overnight,P2,closed,whatsapp,90,71,11.0,False,0,
22,SR0000022,1,7,Maintenance,Plumbing,maintenance,2025-09-02,2025-09-02,12,afternoon,P2,closed,whatsapp,180,38,3.0,False,0,5.0
23,SR0000023,1,5,Maintenance,Hot water,maintenance,2025-09-16,2025-09-16,20,evening,P1,closed,app,90,95,9.0,True,0,
24,SR0000024,1,6,Maintenance,Wi-Fi down,maintenance,2025-09-18,2025-09-18,19,evening,P1,closed,phone,60,77,10.0,True,0,
25,SR0000025,1,9,Front Desk,Key/access issue,front_office,2025-09-20,2025-09-20,17,afternoon,P1,closed,whatsapp,30,18,3.0,False,0,
26,SR0000026,1,2,Housekeeping,Extra towels/linen,housekeeping,2025-10-01,2025-10-01,14,afternoon,P3,closed,front_desk,45,4,1.0,False,0,5.0
27,SR0000027,1,7,Maintenance,Plumbing,maintenance,2025-10-02,2025-10-02,13,afternoon,P2,closed,whatsapp,180,223,72.0,True,0,
28,SR0000028,1,9,Front Desk,Key/access issue,front_office,2025-10-08,2025-10-08,13,afternoon,P1,closed,phone,30,27,6.0,False,0,
29,SR0000029,1,2,Housekeeping,Extra towels/linen,housekeeping,2025-10-12,2025-10-12,19,evening,P3,closed,whatsapp,45,56,10.0,True,0,3.0
30,SR0000030,1,10,Billing,Incorrect folio,front_office,2025-10-27,2025-10-27,9,morning,P2,closed,app,240,12,3.0,False,0,
31,SR0000031,1,4,Maintenance,AC not cooling,maintenance,2025-11-01,2025-11-02,21,evening,P1,closed,whatsapp,120,195,77.0,True,0,
32,SR0000032,1,6,Maintenance,Wi-Fi down,maintenance,2025-11-02,2025-11-02,18,evening,P1,closed,phone,60,32,11.0,False,0,
33,SR0000033,1,1,Housekeeping,Room not cleaned,housekeeping,2025-11-12,2025-11-12,14,afternoon,P2,closed,phone,60,20,3.0,False,0,
34,SR0000034,1,7,Maintenance,Plumbing,maintenance,2025-11-15,2025-11-15,16,afternoon,P2,closed,phone,180,91,30.0,False,0,
35,SR0000036,1,9,Front Desk,Key/access issue,front_office,2025-11-29,2025-11-29,13,afternoon,P1,closed,front_desk,30,12,3.0,False,0,3.0
36,SR0000037,1,5,Maintenance,Hot water,maintenance,2025-12-05,2025-12-05,13,afternoon,P1,closed,app,90,59,12.0,False,0,5.0
37,SR0000038,1,3,Housekeeping,Late checkout clean,housekeeping,2025-12-17,2025-12-17,20,evening,P2,closed,app,90,4,1.0,False,0,
38,SR0000039,1,5,Maintenance,Hot water,maintenance,2025-12-23,2025-12-23,10,morning,P1,closed,phone,90,104,19.0,True,1,
39,SR0000040,1,6,Maintenance,Wi-Fi down,maintenance,2025-12-24,2025-12-24,5,overnight,P1,closed,whatsapp,60,52,9.0,False,1,5.0
40,SR0000041,1,3,Housekeeping,Late checkout clean,housekeeping,2026-01-25,2026-01-25,11,morning,P2,closed,whatsapp,90,156,39.0,True,0,
41,SR0000042,1,5,Maintenance,Hot water,maintenance,2026-01-29,2026-01-29,19,evening,P1,closed,whatsapp,90,34,3.0,False,0,4.0
42,SR0000043,1,9,Front Desk,Key/access issue,front_office,2026-02-04,2026-02-04,13,afternoon,P1,closed,whatsapp,30,16,5.0,False,0,
43,SR0000044,1,8,Front Desk,Late check-in,front_office,2026-02-11,2026-02-11,16,afternoon,P2,closed,front_desk,30,27,7.0,False,0,
44,SR0000045,1,9,Front Desk,Key/access issue,front_office,2026-02-24,2026-02-24,18,evening,P1,closed,whatsapp,30,40,9.0,True,0,
45,SR0000046,1,3,Housekeeping,Late checkout clean,housekeeping,2026-02-25,2026-02-25,10,morning,P2,closed,phone,90,125,49.0,True,0,
46,SR0000047,1,1,Housekeeping,Room not cleaned,housekeeping,2026-03-01,2026-03-01,14,afternoon,P2,closed,phone,60,40,15.0,False,0,
47,SR0000048,1,10,Billing,Incorrect folio,front_office,2026-03-08,2026-03-08,20,evening,P2,closed,whatsapp,240,38,5.0,False,0,
48,SR0000049,1,1,Housekeeping,Room not cleaned,housekeeping,2026-03-11,2026-03-11,8,morning,P2,closed,whatsapp,60,15,1.0,False,0,5.0
49,SR0000050,1,4,Maintenance,AC not cooling,maintenance,2026-03-20,2026-03-20,14,afternoon,P1,closed,app,120,265,27.0,True,1,
50,SR0000051,1,10,Billing,Incorrect folio,front_office,2026-04-02,2026-04-02,14,afternoon,P2,closed,whatsapp,240,35,7.0,False,1,
51,SR0000052,1,6,Maintenance,Wi-Fi down,maintenance,2026-04-06,2026-04-06,6,morning,P1,closed,app,60,11,2.0,False,0,
52,SR0000053,1,10,Billing,Incorrect folio,front_office,2026-04-08,2026-04-08,12,afternoon,P2,closed,app,240,337,35.0,True,0,4.0
53,SR0000054,1,7,Maintenance,Plumbing,maintenance,2026-04-13,2026-04-13,10,morning,P2,closed,front_desk,180,54,17.0,False,0,
54,SR0000055,1,3,Housekeeping,Late checkout clean,housekeeping,2026-04-28,2026-04-28,7,morning,P2,closed,whatsapp,90,84,18.0,False,0,
55,SR0000056,1,7,Maintenance,Plumbing,maintenance,2026-05-20,2026-05-20,11,morning,P2,closed,whatsapp,180,269,79.0,True,0,
56,SR0000057,1,4,Maintenance,AC not cooling,maintenance,2026-05-23,2026-05-23,9,morning,P1,closed,whatsapp,120,56,16.0,False,0,4.0
57,SR0000058,1,10,Billing,Incorrect folio,front_office,2026-05-28,2026-05-28,16,afternoon,P2,closed,whatsapp,240,80,27.0,False,0,
58,SR0000059,1,9,Front Desk,Key/access issue,front_office,2026-05-31,2026-05-31,17,afternoon,P1,closed,whatsapp,30,15,5.0,False,0,4.0
59,SR0000060,1,7,Maintenance,Plumbing,maintenance,2026-06-09,2026-06-10,23,evening,P2,closed,front_desk,180,23,5.0,False,0,
60,SR0000061,1,10,Billing,Incorrect folio,front_office,2026-06-14,2026-06-14,13,afternoon,P2,closed,whatsapp,240,356,110.0,True,0,
61,SR0000062,1,1,Housekeeping,Room not cleaned,housekeeping,2026-07-17,2026-07-17,7,morning,P2,closed,whatsapp,60,10,3.0,False,0,5.0
62,SR0000063,1,7,Maintenance,Plumbing,maintenance,2026-08-06,2026-08-06,7,morning,P2,closed,front_desk,180,143,12.0,False,0,
63,SR0000064,1,8,Front Desk,Late check-in,front_office,2025-03-03,2025-03-03,13,afternoon,P2,closed,whatsapp,30,24,8.0,False,0,
64,SR0000065,1,4,Maintenance,AC not cooling,maintenance,2025-03-06,2025-03-06,23,evening,P1,closed,whatsapp,120,43,6.0,False,0,
65,SR0000066,1,6,Maintenance,Wi-Fi down,maintenance,2025-03-24,2025-03-24,20,evening,P1,closed,phone,60,11,1.0,False,0,5.0
66,SR0000067,1,9,Front Desk,Key/access issue,front_office,2025-04-10,2025-04-10,17,afternoon,P1,closed,phone,30,57,20.0,True,0,2.0
67,SR0000068,1,10,Billing,Incorrect folio,front_office,2025-04-13,2025-04-13,13,afternoon,P2,closed,phone,240,73,18.0,False,0,5.0
68,SR0000069,1,9,Front Desk,Key/access issue,front_office,2025-04-30,2025-04-30,15,afternoon,P1,closed,whatsapp,30,5,1.0,False,0,
69,SR0000070,1,1,Housekeeping,Room not cleaned,housekeeping,2025-06-02,2025-06-02,12,afternoon,P2,closed,front_desk,60,56,6.0,False,0,4.0
70,SR0000071,1,7,Maintenance,Plumbing,maintenance,2025-06-12,2025-06-13,22,evening,P2,closed,phone,180,96,12.0,False,0,
71,SR0000072,1,3,Housekeeping,Late checkout clean,housekeeping,2025-06-19,2025-06-19,19,evening,P2,closed,front_desk,90,71,14.0,False,0,5.0
72,SR0000073,1,1,Housekeeping,Room not cleaned,housekeeping,2025-06-24,2025-06-24,16,afternoon,P2,closed,app,60,14,2.0,False,0,
73,SR0000074,1,8,Front Desk,Late check-in,front_office,2025-07-10,2025-07-10,23,evening,P2,closed,whatsapp,30,14,5.0,False,0,
74,SR0000075,1,4,Maintenance,AC not cooling,maintenance,2025-07-11,2025-07-11,9,morning,P1,closed,phone,120,73,16.0,False,0,
75,SR0000076,1,8,Front Desk,Late check-in,front_office,2025-07-17,2025-07-17,12,afternoon,P2,closed,phone,30,28,9.0,False,0,4.0
76,SR0000077,1,5,Maintenance,Hot water,maintenance,2025-07-29,2025-07-29,18,evening,P1,closed,app,90,52,6.0,False,0,
77,SR0000078,1,7,Maintenance,Plumbing,maintenance,2025-08-01,2025-08-01,18,evening,P2,closed,front_desk,180,54,12.0,False,0,
78,SR0000079,1,10,Billing,Incorrect folio,front_office,2025-08-25,2025-08-25,5,overnight,P2,closed,whatsapp,240,158,32.0,False,0,4.0
79,SR0000080,1,1,Housekeeping,Room not cleaned,housekeeping,2025-09-01,2025-09-01,10,morning,P2,closed,front_desk,60,31,11.0,False,1,5.0
80,SR0000081,1,4,Maintenance,AC not cooling,maintenance,2025-09-09,2025-09-09,9,morning,P1,closed,whatsapp,120,16,4.0,False,0,4.0
81,SR0000082,1,9,Front Desk,Key/access issue,front_office,2025-09-22,2025-09-22,14,afternoon,P1,closed,whatsapp,30,32,4.0,True,0,
82,SR0000083,1,1,Housekeeping,Room not cleaned,housekeeping,2025-09-29,2025-09-29,10,morning,P2,closed,whatsapp,60,53,15.0,False,0,
83,SR0000084,1,3,Housekeeping,Late checkout clean,housekeeping,2025-10-13,2025-10-13,17,afternoon,P2,closed,front_desk,90,73,21.0,False,0,
84,SR0000085,1,4,Maintenance,AC not cooling,maintenance,2025-11-14,2025-11-14,15,afternoon,P1,closed,phone,120,106,8.0,False,0,
85,SR0000088,1,4,Maintenance,AC not cooling,maintenance,2025-11-27,2025-11-28,23,evening,P1,closed,whatsapp,120,38,13.0,False,0,
86,SR0000089,1,2,Housekeeping,Extra towels/linen,housekeeping,2025-12-05,2025-12-05,20,evening,P3,closed,whatsapp,45,24,5.0,False,0,4.0
87,SR0000090,1,9,Front Desk,Key/access issue,front_office,2025-12-15,2025-12-16,23,evening,P1,closed,front_desk,30,46,9.0,True,0,
88,SR0000091,1,5,Maintenance,Hot water,maintenance,2025-12-22,2025-12-23,23,evening,P1,closed,front_desk,90,93,18.0,True,0,
89,SR0000092,1,1,Housekeeping,Room not cleaned,housekeeping,2025-12-24,2025-12-24,8,morning,P2,closed,phone,60,35,10.0,False,0,
90,SR0000093,1,10,Billing,Incorrect folio,front_office,2025-12-25,2025-12-25,8,morning,P2,closed,whatsapp,240,241,26.0,True,0,
91,SR0000094,1,8,Front Desk,Late check-in,front_office,2026-01-05,2026-01-05,19,evening,P2,closed,whatsapp,30,4,1.0,False,0,
92,SR0000095,1,10,Billing,Incorrect folio,front_office,2026-01-15,2026-01-15,9,morning,P2,closed,front_desk,240,173,57.0,False,0,
93,SR0000096,1,2,Housekeeping,Extra towels/linen,housekeeping,2026-01-30,2026-01-30,9,morning,P3,closed,front_desk,45,19,4.0,False,0,
94,SR0000097,1,4,Maintenance,AC not cooling,maintenance,2026-02-06,2026-02-06,4,overnight,P1,closed,whatsapp,120,72,20.0,False,0,5.0
95,SR0000098,1,3,Housekeeping,Late checkout clean,housekeeping,2026-02-11,2026-02-11,10,morning,P2,closed,whatsapp,90,29,10.0,False,0,
96,SR0000099,1,3,Housekeeping,Late checkout clean,housekeeping,2026-02-21,2026-02-21,14,afternoon,P2,closed,whatsapp,90,39,11.0,False,0,5.0
97,SR0000100,1,6,Maintenance,Wi-Fi down,maintenance,2026-03-02,2026-03-02,15,afternoon,P1,closed,whatsapp,60,6,1.0,False,0,
98,SR0000101,1,9,Front Desk,Key/access issue,front_office,2026-03-15,2026-03-15,18,evening,P1,closed,front_desk,30,14,4.0,False,0,
99,SR0000102,1,10,Billing,Incorrect folio,front_office,2026-03-31,2026-03-31,12,afternoon,P2,closed,whatsapp,240,97,29.0,False,0,
100,SR0000103,1,9,Front Desk,Key/access issue,front_office,2026-04-02,2026-04-02,9,morning,P1,closed,app,30,30,10.0,False,0,
101,SR0000104,1,2,Housekeeping,Extra towels/linen,housekeeping,2026-04-17,2026-04-17,8,morning,P3,closed,front_desk,45,30,4.0,False,0,
102,SR0000105,1,8,Front Desk,Late check-in,front_office,2026-05-07,2026-05-07,17,afternoon,P2,closed,app,30,29,3.0,False,0,
103,SR0000106,1,1,Housekeeping,Room not cleaned,housekeeping,2026-05-28,2026-05-28,19,evening,P2,closed,whatsapp,60,9,3.0,False,0,
104,SR0000107,1,9,Front Desk,Key/access issue,front_office,2026-06-01,2026-06-01,8,morning,P1,closed,whatsapp,30,5,1.0,False,0,5.0
105,SR0000108,1,3,Housekeeping,Late checkout clean,housekeeping,2026-06-12,2026-06-12,23,evening,P2,closed,front_desk,90,37,12.0,False,0,5.0
106,SR0000109,1,3,Housekeeping,Late checkout clean,housekeeping,2026-06-13,2026-06-13,14,afternoon,P2,closed,front_desk,90,54,11.0,False,0,
107,SR0000110,1,5,Maintenance,Hot water,maintenance,2026-06-25,2026-06-25,15,afternoon,P1,closed,app,90,58,12.0,False,0,
108,SR0000111,1,9,Front Desk,Key/access issue,front_office,2026-07-02,2026-07-02,14,afternoon,P1,closed,app,30,9,2.0,False,0,
109,SR0000112,1,10,Billing,Incorrect folio,front_office,2026-07-10,2026-07-10,11,morning,P2,closed,phone,240,337,96.0,True,0,
110,SR0000113,1,1,Housekeeping,Room not cleaned,housekeeping,2026-07-29,2026-07-29,10,morning,P2,closed,whatsapp,60,24,8.0,False,0,
111,SR0000114,1,3,Housekeeping,Late checkout clean,housekeeping,2026-07-30,2026-07-30,18,evening,P2,closed,front_desk,90,110,42.0,True,0,
112,SR0000115,1,5,Maintenance,Hot water,maintenance,2025-02-06,2025-02-06,16,afternoon,P1,closed,whatsapp,90,51,11.0,False,0,4.0
113,SR0000116,1,2,Housekeeping,Extra towels/linen,housekeeping,2025-02-11,2025-02-11,14,afternoon,P3,closed,whatsapp,45,35,6.0,False,1,
114,SR0000117,1,3,Housekeeping,Late checkout clean,housekeeping,2025-02-14,2025-02-14,17,afternoon,P2,closed,whatsapp,90,36,4.0,False,0,
115,SR0000118,1,6,Maintenance,Wi-Fi down,maintenance,2025-02-24,2025-02-24,7,morning,P1,closed,email,60,21,5.0,False,0,
116,SR0000119,1,2,Housekeeping,Extra towels/linen,housekeeping,2025-02-28,2025-02-28,8,morning,P3,closed,phone,45,74,27.0,True,0,
117,SR0000120,1,10,Billing,Incorrect folio,front_office,2025-03-13,2025-03-13,21,evening,P2,closed,whatsapp,240,120,43.0,False,0,
118,SR0000121,1,4,Maintenance,AC not cooling,maintenance,2025-03-19,2025-03-19,15,afternoon,P1,closed,whatsapp,120,36,9.0,False,0,
119,SR0000122,1,8,Front Desk,Late check-in,front_office,2025-04-09,2025-04-09,22,evening,P2,closed,front_desk,30,17,2.0,False,0,
120,SR0000123,1,4,Maintenance,AC not cooling,maintenance,2025-04-10,2025-04-10,1,overnight,P1,closed,whatsapp,120,94,17.0,False,0,4.0
121,SR0000124,1,1,Housekeeping,Room not cleaned,housekeeping,2025-04-25,2025-04-25,11,morning,P2,closed,app,60,87,18.0,True,0,
122,SR0000125,1,5,Maintenance,Hot water,maintenance,2025-05-11,2025-05-11,9,morning,P1,closed,whatsapp,90,37,13.0,False,0,
123,SR0000126,1,1,Housekeeping,Room not cleaned,housekeeping,2025-05-19,2025-05-20,23,evening,P2,closed,whatsapp,60,39,7.0,False,0,
124,SR0000127,1,7,Maintenance,Plumbing,maintenance,2025-05-23,2025-05-23,19,evening,P2,closed,whatsapp,180,194,53.0,True,0,
125,SR0000128,1,6,Maintenance,Wi-Fi down,maintenance,2025-06-03,2025-06-03,15,afternoon,P1,closed,front_desk,60,13,2.0,False,0,
126,SR0000129,1,5,Maintenance,Hot water,maintenance,2025-06-05,2025-06-05,20,evening,P1,closed,phone,90,74,12.0,False,0,
127,SR0000130,1,10,Billing,Incorrect folio,front_office,2025-06-22,2025-06-23,23,evening,P2,closed,whatsapp,240,132,47.0,False,0,
128,SR0000131,1,7,Maintenance,Plumbing,maintenance,2025-07-14,2025-07-14,17,afternoon,P2,closed,phone,180,88,27.0,False,0,4.0
129,SR0000132,1,4,Maintenance,AC not cooling,maintenance,2025-09-10,2025-09-10,12,afternoon,P1,closed,front_desk,120,5,1.0,False,0,
130,SR0000133,1,7,Maintenance,Plumbing,maintenance,2025-09-20,2025-09-20,11,morning,P2,closed,phone,180,43,15.0,False,0,5.0
131,SR0000134,1,10,Billing,Incorrect folio,front_office,2025-09-29,2025-09-29,17,afternoon,P2,closed,front_desk,240,79,30.0,False,0,3.0
132,SR0000135,1,2,Housekeeping,Extra towels/linen,housekeeping,2025-10-03,2025-10-03,17,afternoon,P3,closed,whatsapp,45,36,11.0,False,0,
133,SR0000136,1,5,Maintenance,Hot water,maintenance,2025-10-16,2025-10-16,12,afternoon,P1,closed,whatsapp,90,6,1.0,False,0,
134,SR0000137,1,1,Housekeeping,Room not cleaned,housekeeping,2025-10-18,2025-10-19,23,evening,P2,closed,whatsapp,60,21,4.0,False,0,4.0
135,SR0000138,1,3,Housekeeping,Late checkout clean,housekeeping,2025-10-29,2025-10-29,10,morning,P2,closed,whatsapp,90,200,47.0,True,0,
136,SR0000139,1,2,Housekeeping,Extra towels/linen,housekeeping,2025-11-01,2025-11-01,22,evening,P3,closed,email,45,12,3.0,False,0,
137,SR0000140,1,9,Front Desk,Key/access issue,front_office,2025-11-12,2025-11-12,9,morning,P1,closed,app,30,33,9.0,True,0,
138,SR0000141,1,5,Maintenance,Hot water,maintenance,2025-11-13,2025-11-13,11,morning,P1,closed,phone,90,172,36.0,True,0,2.0
139,SR0000143,1,1,Housekeeping,Room not cleaned,housekeeping,2025-11-27,2025-11-27,18,evening,P2,closed,front_desk,60,18,6.0,False,0,
140,SR0000144,1,3,Housekeeping,Late checkout clean,housekeeping,2025-12-11,2025-12-11,13,afternoon,P2,closed,whatsapp,90,4,1.0,False,0,
141,SR0000145,1,9,Front Desk,Key/access issue,front_office,2026-01-08,2026-01-08,15,afternoon,P1,closed,app,30,9,1.0,False,0,
142,SR0000146,1,5,Maintenance,Hot water,maintenance,2026-01-16,2026-01-16,17,afternoon,P1,closed,phone,90,66,22.0,False,0,
143,SR0000147,1,4,Maintenance,AC not cooling,maintenance,2026-01-18,2026-01-18,12,afternoon,P1,closed,whatsapp,120,185,22.0,True,0,
144,SR0000148,1,9,Front Desk,Key/access issue,front_office,2026-01-21,2026-01-21,12,afternoon,P1,closed,whatsapp,30,27,5.0,False,0,5.0
145,SR0000149,1,3,Housekeeping,Late checkout clean,housekeeping,2026-02-08,2026-02-08,15,afternoon,P2,closed,whatsapp,90,20,4.0,False,0,
146,SR0000150,1,3,Housekeeping,Late checkout clean,housekeeping,2026-02-13,2026-02-13,12,afternoon,P2,closed,app,90,44,14.0,False,1,
147,SR0000151,1,6,Maintenance,Wi-Fi down,maintenance,2026-02-15,2026-02-15,18,evening,P1,closed,front_desk,60,31,4.0,False,0,
148,SR0000152,1,4,Maintenance,AC not cooling,maintenance,2026-03-19,2026-03-19,19,evening,P1,closed,phone,120,117,33.0,False,0,
149,SR0000153,1,7,Maintenance,Plumbing,maintenance,2026-03-20,2026-03-20,10,morning,P2,closed,phone,180,100,21.0,False,0,
150,SR0000154,1,6,Maintenance,Wi-Fi down,maintenance,2026-03-25,2026-03-26,23,evening,P1,closed,email,60,59,8.0,False,0,
151,SR0000155,1,8,Front Desk,Late check-in,front_office,2026-03-26,2026-03-26,5,overnight,P2,closed,whatsapp,30,14,2.0,False,0,
152,SR0000156,1,7,Maintenance,Plumbing,maintenance,2026-04-05,2026-04-05,20,evening,P2,closed,whatsapp,180,86,9.0,False,0,
153,SR0000157,1,10,Billing,Incorrect folio,front_office,2026-04-08,2026-04-08,17,afternoon,P2,closed,phone,240,195,28.0,False,0,
154,SR0000158,1,4,Maintenance,AC not cooling,maintenance,2026-04-15,2026-04-15,20,evening,P1,closed,phone,120,26,9.0,False,0,
155,SR0000159,1,6,Maintenance,Wi-Fi down,maintenance,2026-04-29,2026-04-29,20,evening,P1,closed,whatsapp,60,63,11.0,True,0,2.0
156,SR0000160,1,10,Billing,Incorrect folio,front_office,2026-05-01,2026-05-01,18,evening,P2,closed,front_desk,240,218,57.0,False,0,
157,SR0000161,1,8,Front Desk,Late check-in,front_office,2026-05-02,2026-05-02,8,morning,P2,closed,whatsapp,30,12,4.0,False,0,
158,SR0000162,1,3,Housekeeping,Late checkout clean,housekeeping,2026-05-10,2026-05-10,11,morning,P2,closed,phone,90,49,19.0,False,0,
159,SR0000163,1,10,Billing,Incorrect folio,front_office,2026-05-12,2026-05-13,23,evening,P2,closed,whatsapp,240,51,10.0,False,0,5.0
160,SR0000164,1,6,Maintenance,Wi-Fi down,maintenance,2026-05-20,2026-05-20,18,evening,P1,closed,front_desk,60,25,9.0,False,0,
161,SR0000165,1,5,Maintenance,Hot water,maintenance,2026-06-08,2026-06-08,21,evening,P1,closed,front_desk,90,42,7.0,False,0,
162,SR0000166,1,6,Maintenance,Wi-Fi down,maintenance,2026-06-19,2026-06-19,11,morning,P1,closed,front_desk,60,20,3.0,False,0,5.0
163,SR0000167,1,4,Maintenance,AC not cooling,maintenance,2026-07-06,2026-07-06,19,evening,P1,closed,front_desk,120,10,1.0,False,0,5.0
164,SR0000168,1,3,Housekeeping,Late checkout clean,housekeeping,2026-07-13,2026-07-13,15,afternoon,P2,closed,front_desk,90,90,34.0,False,0,
165,SR0000169,1,7,Maintenance,Plumbing,maintenance,2026-07-29,2026-07-29,19,evening,P2,closed,app,180,163,52.0,False,0,
166,SR0000170,1,7,Maintenance,Plumbing,maintenance,2025-02-04,2025-02-04,15,afternoon,P2,closed,phone,180,95,19.0,False,0,5.0
167,SR0000171,1,3,Housekeeping,Late checkout clean,housekeeping,2025-02-13,2025-02-13,5,overnight,P2,closed,app,90,62,19.0,False,0,
168,SR0000172,1,7,Maintenance,Plumbing,maintenance,2025-02-17,2025-02-17,18,evening,P2,closed,whatsapp,180,70,7.0,False,0,
169,SR0000173,1,4,Maintenance,AC not cooling,maintenance,2025-02-22,2025-02-23,20,evening,P1,closed,phone,120,250,33.0,True,0,
170,SR0000174,1,3,Housekeeping,Late checkout clean,housekeeping,2025-03-02,2025-03-02,16,afternoon,P2,closed,whatsapp,90,35,5.0,False,0,4.0
171,SR0000175,1,4,Maintenance,AC not cooling,maintenance,2025-03-03,2025-03-03,21,evening,P1,closed,front_desk,120,69,12.0,False,0,
172,SR0000176,1,3,Housekeeping,Late checkout clean,housekeeping,2025-03-18,2025-03-18,12,afternoon,P2,closed,email,90,102,15.0,True,0,
173,SR0000177,1,9,Front Desk,Key/access issue,front_office,2025-03-21,2025-03-21,16,afternoon,P1,closed,whatsapp,30,32,3.0,True,0,
174,SR0000178,1,1,Housekeeping,Room not cleaned,housekeeping,2025-03-22,2025-03-22,12,afternoon,P2,closed,phone,60,39,4.0,False,0,4.0
175,SR0000179,1,2,Housekeeping,Extra towels/linen,housekeeping,2025-03-27,2025-03-27,14,afternoon,P3,closed,whatsapp,45,16,4.0,False,0,
176,SR0000180,1,2,Housekeeping,Extra towels/linen,housekeeping,2025-03-28,2025-03-28,14,afternoon,P3,closed,front_desk,45,28,10.0,False,0,5.0
177,SR0000181,1,7,Maintenance,Plumbing,maintenance,2025-04-04,2025-04-04,11,morning,P2,closed,phone,180,120,34.0,False,0,
178,SR0000182,1,3,Housekeeping,Late checkout clean,housekeeping,2025-04-12,2025-04-12,19,evening,P2,closed,phone,90,35,11.0,False,0,
179,SR0000183,1,3,Housekeeping,Late checkout clean,housekeeping,2025-05-03,2025-05-03,12,afternoon,P2,closed,front_desk,90,138,12.0,True,0,
180,SR0000184,1,9,Front Desk,Key/access issue,front_office,2025-05-22,2025-05-22,13,afternoon,P1,closed,phone,30,7,1.0,False,0,
181,SR0000185,1,9,Front Desk,Key/access issue,front_office,2025-05-25,2025-05-25,19,evening,P1,closed,phone,30,30,9.0,False,0,
182,SR0000186,1,8,Front Desk,Late check-in,front_office,2025-06-02,2025-06-02,19,evening,P2,closed,whatsapp,30,8,1.0,False,0,4.0
183,SR0000187,1,7,Maintenance,Plumbing,maintenance,2025-06-08,2025-06-08,16,afternoon,P2,closed,front_desk,180,34,11.0,False,0,5.0
184,SR0000188,1,5,Maintenance,Hot water,maintenance,2025-06-18,2025-06-19,23,evening,P1,closed,whatsapp,90,16,6.0,False,0,
185,SR0000189,1,4,Maintenance,AC not cooling,maintenance,2025-06-28,2025-06-28,19,evening,P1,closed,phone,120,48,6.0,False,0,
186,SR0000190,1,4,Maintenance,AC not cooling,maintenance,2025-07-03,2025-07-03,14,afternoon,P1,closed,whatsapp,120,224,67.0,True,0,4.0
187,SR0000191,1,1,Housekeeping,Room not cleaned,housekeeping,2025-07-07,2025-07-07,13,afternoon,P2,closed,front_desk,60,11,3.0,False,0,
188,SR0000192,1,10,Billing,Incorrect folio,front_office,2025-07-12,2025-07-12,5,overnight,P2,closed,phone,240,52,10.0,False,0,5.0
189,SR0000193,1,6,Maintenance,Wi-Fi down,maintenance,2025-07-19,2025-07-19,12,afternoon,P1,closed,whatsapp,60,41,7.0,False,0,
190,SR0000194,1,2,Housekeeping,Extra towels/linen,housekeeping,2025-07-25,2025-07-25,13,afternoon,P3,closed,front_desk,45,23,3.0,False,0,4.0
191,SR0000195,1,10,Billing,Incorrect folio,front_office,2025-07-30,2025-07-30,9,morning,P2,closed,phone,240,243,43.0,True,0,
192,SR0000196,1,3,Housekeeping,Late checkout clean,housekeeping,2025-08-05,2025-08-05,10,morning,P2,closed,whatsapp,90,18,3.0,False,0,
193,SR0000197,1,6,Maintenance,Wi-Fi down,maintenance,2025-08-06,2025-08-06,14,afternoon,P1,closed,whatsapp,60,59,10.0,False,0,5.0
194,SR0000198,1,5,Maintenance,Hot water,maintenance,2025-08-16,2025-08-16,20,evening,P1,closed,whatsapp,90,36,10.0,False,0,5.0
195,SR0000199,1,4,Maintenance,AC not cooling,maintenance,2025-08-24,2025-08-24,15,afternoon,P1,closed,phone,120,51,7.0,False,0,
196,SR0000200,1,3,Housekeeping,Late checkout clean,housekeeping,2025-09-12,2025-09-12,20,evening,P2,closed,app,90,36,13.0,False,0,
197,SR0000201,1,5,Maintenance,Hot water,maintenance,2025-09-19,2025-09-19,16,afternoon,P1,closed,whatsapp,90,75,6.0,False,0,
198,SR0000202,1,2,Housekeeping,Extra towels/linen,housekeeping,2025-09-24,2025-09-24,17,afternoon,P3,closed,whatsapp,45,15,3.0,False,0,
199,SR0000203,1,2,Housekeeping,Extra towels/linen,housekeeping,2025-10-16,2025-10-16,4,overnight,P3,closed,phone,45,8,2.0,False,1,
200,SR0000204,1,8,Front Desk,Late check-in,front_office,2025-11-06,2025-11-06,21,evening,P2,closed,whatsapp,30,50,9.0,True,0,4.0
201,SR0000205,1,4,Maintenance,AC not cooling,maintenance,2025-11-11,2025-11-11,16,afternoon,P1,closed,whatsapp,120,34,8.0,False,0,
202,SR0000206,1,2,Housekeeping,Extra towels/linen,housekeeping,2025-11-15,2025-11-15,13,afternoon,P3,closed,app,45,5,1.0,False,0,
203,SR0000207,1,7,Maintenance,Plumbing,maintenance,2025-12-10,2025-12-10,23,evening,P2,closed,front_desk,180,15,5.0,False,1,
204,SR0000208,1,9,Front Desk,Key/access issue,front_office,2026-01-08,2026-01-08,11,morning,P1,closed,phone,30,4,1.0,False,0,
205,SR0000209,1,4,Maintenance,AC not cooling,maintenance,2026-01-21,2026-01-21,13,afternoon,P1,closed,front_desk,120,13,3.0,False,0,5.0
206,SR0000210,1,1,Housekeeping,Room not cleaned,housekeeping,2026-01-27,2026-01-27,13,afternoon,P2,closed,front_desk,60,11,2.0,False,0,5.0
207,SR0000211,1,7,Maintenance,Plumbing,maintenance,2026-02-08,2026-02-08,16,afternoon,P2,closed,app,180,56,17.0,False,0,5.0
208,SR0000212,1,2,Housekeeping,Extra towels/linen,housekeeping,2026-03-17,2026-03-17,5,overnight,P3,closed,whatsapp,45,5,1.0,False,0,4.0
209,SR0000213,1,10,Billing,Incorrect folio,front_office,2026-03-25,2026-03-25,17,afternoon,P2,closed,app,240,325,120.0,True,0,
210,SR0000214,1,1,Housekeeping,Room not cleaned,housekeeping,2026-03-26,2026-03-26,11,morning,P2,closed,whatsapp,60,51,13.0,False,0,5.0
211,SR0000215,1,5,Maintenance,Hot water,maintenance,2026-04-02,2026-04-02,17,afternoon,P1,closed,front_desk,90,11,1.0,False,0,5.0
212,SR0000216,1,2,Housekeeping,Extra towels/linen,housekeeping,2026-04-24,2026-04-24,19,evening,P3,closed,whatsapp,45,17,1.0,False,0,5.0
213,SR0000217,1,6,Maintenance,Wi-Fi down,maintenance,2026-04-25,2026-04-25,10,morning,P1,closed,front_desk,60,68,25.0,True,0,
214,SR0000218,1,8,Front Desk,Late check-in,front_office,2026-05-03,2026-05-03,4,overnight,P2,closed,front_desk,30,19,2.0,False,0,
215,SR0000219,1,10,Billing,Incorrect folio,front_office,2026-05-05,2026-05-05,13,afternoon,P2,closed,app,240,193,74.0,False,0,
216,SR0000220,1,7,Maintenance,Plumbing,maintenance,2026-05-10,2026-05-10,18,evening,P2,closed,front_desk,180,126,48.0,False,0,3.0
217,SR0000221,1,5,Maintenance,Hot water,maintenance,2026-05-26,2026-05-27,23,evening,P1,closed,phone,90,62,8.0,False,0,
218,SR0000222,1,9,Front Desk,Key/access issue,front_office,2026-06-02,2026-06-02,9,morning,P1,closed,whatsapp,30,24,6.0,False,0,
219,SR0000223,1,4,Maintenance,AC not cooling,maintenance,2026-06-09,2026-06-09,18,evening,P1,closed,whatsapp,120,21,7.0,False,0,
220,SR0000224,1,8,Front Desk,Late check-in,front_office,2026-06-15,2026-06-15,15,afternoon,P2,closed,whatsapp,30,4,1.0,False,0,
221,SR0000225,1,4,Maintenance,AC not cooling,maintenance,2026-06-19,2026-06-19,19,evening,P1,closed,whatsapp,120,38,11.0,False,0,5.0
222,SR0000226,1,9,Front Desk,Key/access issue,front_office,2026-06-21,2026-06-21,15,afternoon,P1,closed,whatsapp,30,17,6.0,False,0,3.0
223,SR0000227,1,4,Maintenance,AC not cooling,maintenance,2026-07-08,2026-07-09,21,evening,P1,closed,whatsapp,120,134,38.0,True,0,3.0
224,SR0000228,1,2,Housekeeping,Extra towels/linen,housekeeping,2026-07-23,2026-07-23,22,evening,P3,closed,app,45,26,4.0,False,0,
225,SR0000229,1,1,Housekeeping,Room not cleaned,housekeeping,2025-02-09,2025-02-09,8,morning,P2,closed,app,60,36,9.0,False,0,
226,SR0000230,1,9,Front Desk,Key/access issue,front_office,2025-02-12,2025-02-12,6,morning,P1,closed,whatsapp,30,22,2.0,False,0,3.0
227,SR0000231,1,9,Front Desk,Key/access issue,front_office,2025-03-14,2025-03-14,13,afternoon,P1,closed,whatsapp,30,6,1.0,False,0,
228,SR0000232,1,3,Housekeeping,Late checkout clean,housekeeping,2025-03-18,2025-03-18,21,evening,P2,closed,whatsapp,90,69,15.0,False,0,5.0
229,SR0000233,1,4,Maintenance,AC not cooling,maintenance,2025-03-27,2025-03-27,23,evening,P1,closed,phone,120,21,2.0,False,0,
230,SR0000234,1,6,Maintenance,Wi-Fi down,maintenance,2025-03-31,2025-03-31,19,evening,P1,closed,whatsapp,60,36,4.0,False,0,5.0
231,SR0000235,1,8,Front Desk,Late check-in,front_office,2025-04-09,2025-04-09,22,evening,P2,closed,whatsapp,30,4,1.0,False,0,
232,SR0000236,1,3,Housekeeping,Late checkout clean,housekeeping,2025-04-14,2025-04-14,17,afternoon,P2,closed,front_desk,90,63,11.0,False,0,
233,SR0000237,1,2,Housekeeping,Extra towels/linen,housekeeping,2025-04-23,2025-04-23,18,evening,P3,closed,phone,45,5,1.0,False,0,5.0
234,SR0000238,1,1,Housekeeping,Room not cleaned,housekeeping,2025-05-21,2025-05-21,12,afternoon,P2,closed,whatsapp,60,27,9.0,False,0,
235,SR0000239,1,8,Front Desk,Late check-in,front_office,2025-06-04,2025-06-04,12,afternoon,P2,closed,phone,30,12,1.0,False,0,5.0
236,SR0000240,1,10,Billing,Incorrect folio,front_office,2025-06-05,2025-06-05,16,afternoon,P2,closed,phone,240,86,16.0,False,0,
237,SR0000241,1,6,Maintenance,Wi-Fi down,maintenance,2025-06-12,2025-06-12,11,morning,P1,closed,whatsapp,60,57,14.0,False,0,
238,SR0000242,1,4,Maintenance,AC not cooling,maintenance,2025-06-22,2025-06-22,19,evening,P1,closed,front_desk,120,98,18.0,False,0,
239,SR0000243,1,3,Housekeeping,Late checkout clean,housekeeping,2025-06-26,2025-06-26,19,evening,P2,closed,whatsapp,90,91,31.0,True,0,
240,SR0000244,1,5,Maintenance,Hot water,maintenance,2025-07-02,2025-07-03,23,evening,P1,closed,phone,90,57,7.0,False,0,4.0
241,SR0000245,1,7,Maintenance,Plumbing,maintenance,2025-07-04,2025-07-04,11,morning,P2,closed,front_desk,180,78,13.0,False,0,
242,SR0000246,1,9,Front Desk,Key/access issue,front_office,2025-07-13,2025-07-13,17,afternoon,P1,closed,whatsapp,30,10,1.0,False,0,5.0
243,SR0000247,1,3,Housekeeping,Late checkout clean,housekeeping,2025-08-02,2025-08-02,15,afternoon,P2,closed,whatsapp,90,44,13.0,False,0,
244,SR0000248,1,7,Maintenance,Plumbing,maintenance,2025-08-11,2025-08-11,17,afternoon,P2,closed,phone,180,80,28.0,False,0,
245,SR0000249,1,3,Housekeeping,Late checkout clean,housekeeping,2025-08-12,2025-08-12,3,overnight,P2,closed,phone,90,33,10.0,False,0,5.0
246,SR0000250,1,5,Maintenance,Hot water,maintenance,2025-08-30,2025-08-30,17,afternoon,P1,closed,phone,90,66,9.0,False,0,4.0
247,SR0000251,1,4,Maintenance,AC not cooling,maintenance,2025-09-05,2025-09-05,17,afternoon,P1,closed,front_desk,120,23,8.0,False,0,
248,SR0000252,1,4,Maintenance,AC not cooling,maintenance,2025-09-11,2025-09-11,15,afternoon,P1,closed,front_desk,120,51,10.0,False,0,
249,SR0000253,1,2,Housekeeping,Extra towels/linen,housekeeping,2025-09-25,2025-09-25,12,afternoon,P3,closed,app,45,4,1.0,False,0,5.0
250,SR0000254,1,2,Housekeeping,Extra towels/linen,housekeeping,2025-10-29,2025-10-29,14,afternoon,P3,closed,email,45,46,17.0,True,0,
251,SR0000255,1,10,Billing,Incorrect folio,front_office,2025-11-09,2025-11-09,10,morning,P2,closed,front_desk,240,83,14.0,False,0,
252,SR0000256,1,2,Housekeeping,Extra towels/linen,housekeeping,2025-11-11,2025-11-11,18,evening,P3,closed,whatsapp,45,52,6.0,True,0,4.0
253,SR0000257,1,4,Maintenance,AC not cooling,maintenance,2025-11-30,2025-11-30,9,morning,P1,closed,whatsapp,120,37,9.0,False,0,
254,SR0000258,1,6,Maintenance,Wi-Fi down,maintenance,2025-12-01,2025-12-01,15,afternoon,P1,closed,whatsapp,60,56,19.0,False,0,5.0
255,SR0000259,1,1,Housekeeping,Room not cleaned,housekeeping,2025-12-08,2025-12-08,20,evening,P2,closed,front_desk,60,7,1.0,False,0,
256,SR0000260,1,10,Billing,Incorrect folio,front_office,2025-12-12,2025-12-12,10,morning,P2,closed,phone,240,102,10.0,False,0,
257,SR0000261,1,9,Front Desk,Key/access issue,front_office,2025-12-14,2025-12-14,17,afternoon,P1,closed,app,30,36,12.0,True,0,2.0
258,SR0000262,1,3,Housekeeping,Late checkout clean,housekeeping,2025-12-15,2025-12-16,20,evening,P2,closed,phone,90,195,23.0,True,0,
259,SR0000263,1,8,Front Desk,Late check-in,front_office,2026-01-05,2026-01-05,21,evening,P2,closed,whatsapp,30,13,4.0,False,0,5.0
260,SR0000264,1,6,Maintenance,Wi-Fi down,maintenance,2026-01-20,2026-01-20,20,evening,P1,closed,phone,60,18,5.0,False,0,3.0
261,SR0000265,1,9,Front Desk,Key/access issue,front_office,2026-02-06,2026-02-07,23,evening,P1,closed,front_desk,30,49,10.0,True,0,5.0
262,SR0000266,1,4,Maintenance,AC not cooling,maintenance,2026-03-01,2026-03-01,13,afternoon,P1,closed,whatsapp,120,88,18.0,False,0,
263,SR0000267,1,9,Front Desk,Key/access issue,front_office,2026-03-18,2026-03-18,13,afternoon,P1,closed,app,30,8,1.0,False,0,5.0
264,SR0000268,1,6,Maintenance,Wi-Fi down,maintenance,2026-03-23,2026-03-23,10,morning,P1,closed,phone,60,36,3.0,False,0,5.0
265,SR0000269,1,3,Housekeeping,Late checkout clean,housekeeping,2026-04-10,2026-04-10,10,morning,P2,closed,whatsapp,90,99,27.0,True,0,4.0
266,SR0000270,1,6,Maintenance,Wi-Fi down,maintenance,2026-05-12,2026-05-12,19,evening,P1,closed,phone,60,31,2.0,False,0,5.0
267,SR0000271,1,6,Maintenance,Wi-Fi down,maintenance,2026-05-28,2026-05-28,13,afternoon,P1,closed,app,60,23,5.0,False,0,4.0
268,SR0000272,1,2,Housekeeping,Extra towels/linen,housekeeping,2026-05-29,2026-05-29,14,afternoon,P3,closed,whatsapp,45,4,1.0,False,0,
269,SR0000273,1,5,Maintenance,Hot water,maintenance,2026-06-08,2026-06-08,12,afternoon,P1,closed,front_desk,90,72,18.0,False,1,5.0
270,SR0000274,1,10,Billing,Incorrect folio,front_office,2026-06-12,2026-06-12,8,morning,P2,closed,front_desk,240,224,40.0,False,0,
271,SR0000275,1,3,Housekeeping,Late checkout clean,housekeeping,2026-06-25,2026-06-25,20,evening,P2,closed,whatsapp,90,61,16.0,False,0,
272,SR0000276,1,6,Maintenance,Wi-Fi down,maintenance,2026-07-04,2026-07-04,9,morning,P1,closed,whatsapp,60,22,4.0,False,0,4.0
273,SR0000277,1,9,Front Desk,Key/access issue,front_office,2026-07-08,2026-07-08,15,afternoon,P1,closed,app,30,6,1.0,False,0,
274,SR0000278,1,1,Housekeeping,Room not cleaned,housekeeping,2026-07-09,2026-07-09,15,afternoon,P2,closed,whatsapp,60,46,6.0,False,0,
275,SR0000279,1,1,Housekeeping,Room not cleaned,housekeeping,2026-08-06,2026-08-06,13,afternoon,P2,closed,phone,60,9,1.0,False,0,
276,SR0000280,1,3,Housekeeping,Late checkout clean,housekeeping,2025-02-07,2025-02-07,13,afternoon,P2,closed,phone,90,83,12.0,False,0,
277,SR0000281,1,2,Housekeeping,Extra towels/linen,housekeeping,2025-02-09,2025-02-09,13,afternoon,P3,closed,whatsapp,45,17,6.0,False,0,
278,SR0000282,1,8,Front Desk,Late check-in,front_office,2025-02-15,2025-02-15,9,morning,P2,closed,app,30,14,4.0,False,0,4.0
279,SR0000283,1,9,Front Desk,Key/access issue,front_office,2025-02-17,2025-02-17,17,afternoon,P1,closed,email,30,17,3.0,False,0,
280,SR0000284,1,9,Front Desk,Key/access issue,front_office,2025-02-25,2025-02-25,5,overnight,P1,closed,whatsapp,30,15,5.0,False,0,5.0
281,SR0000285,1,1,Housekeeping,Room not cleaned,housekeeping,2025-03-03,2025-03-03,20,evening,P2,closed,whatsapp,60,18,2.0,False,0,
282,SR0000286,1,2,Housekeeping,Extra towels/linen,housekeeping,2025-03-06,2025-03-06,7,morning,P3,closed,front_desk,45,19,5.0,False,0,4.0
283,SR0000287,1,2,Housekeeping,Extra towels/linen,housekeeping,2025-03-12,2025-03-12,16,afternoon,P3,closed,front_desk,45,12,2.0,False,0,3.0
284,SR0000288,1,4,Maintenance,AC not cooling,maintenance,2025-03-27,2025-03-27,18,evening,P1,closed,phone,120,107,23.0,False,0,
285,SR0000289,1,3,Housekeeping,Late checkout clean,housekeeping,2025-03-30,2025-03-31,23,evening,P2,closed,whatsapp,90,110,38.0,True,0,
286,SR0000290,1,4,Maintenance,AC not cooling,maintenance,2025-04-14,2025-04-14,13,afternoon,P1,closed,whatsapp,120,113,19.0,False,0,
287,SR0000291,1,4,Maintenance,AC not cooling,maintenance,2025-04-15,2025-04-15,14,afternoon,P1,closed,whatsapp,120,106,13.0,False,0,
288,SR0000292,1,1,Housekeeping,Room not cleaned,housekeeping,2025-05-01,2025-05-01,13,afternoon,P2,closed,phone,60,24,3.0,False,0,
289,SR0000293,1,8,Front Desk,Late check-in,front_office,2025-05-11,2025-05-11,16,afternoon,P2,closed,front_desk,30,23,8.0,False,0,5.0
290,SR0000294,1,6,Maintenance,Wi-Fi down,maintenance,2025-05-18,2025-05-18,7,morning,P1,closed,app,60,22,4.0,False,0,5.0
291,SR0000295,1,4,Maintenance,AC not cooling,maintenance,2025-07-11,2025-07-11,16,afternoon,P1,closed,front_desk,120,4,1.0,False,0,5.0
292,SR0000296,1,10,Billing,Incorrect folio,front_office,2025-07-17,2025-07-17,19,evening,P2,closed,app,240,143,52.0,False,0,5.0
293,SR0000297,1,8,Front Desk,Late check-in,front_office,2025-07-18,2025-07-18,19,evening,P2,closed,whatsapp,30,4,1.0,False,0,3.0
294,SR0000298,1,9,Front Desk,Key/access issue,front_office,2025-08-06,2025-08-06,18,evening,P1,closed,whatsapp,30,4,1.0,False,0,
295,SR0000299,1,3,Housekeeping,Late checkout clean,housekeeping,2025-08-09,2025-08-09,16,afternoon,P2,closed,whatsapp,90,55,14.0,False,0,
296,SR0000300,1,7,Maintenance,Plumbing,maintenance,2025-08-15,2025-08-15,13,afternoon,P2,closed,whatsapp,180,92,34.0,False,0,
297,SR0000301,1,9,Front Desk,Key/access issue,front_office,2025-09-01,2025-09-01,18,evening,P1,closed,email,30,4,1.0,False,1,5.0
298,SR0000302,1,5,Maintenance,Hot water,maintenance,2025-09-29,2025-09-29,15,afternoon,P1,closed,front_desk,90,74,20.0,False,0,5.0
299,SR0000303,1,1,Housekeeping,Room not cleaned,housekeeping,2025-10-03,2025-10-03,14,afternoon,P2,closed,front_desk,60,11,4.0,False,0,
300,SR0000304,1,5,Maintenance,Hot water,maintenance,2025-10-04,2025-10-04,20,evening,P1,closed,front_desk,90,21,3.0,False,0,5.0
301,SR0000305,1,3,Housekeeping,Late checkout clean,housekeeping,2025-10-07,2025-10-07,13,afternoon,P2,closed,app,90,53,12.0,False,0,
302,SR0000306,1,4,Maintenance,AC not cooling,maintenance,2025-10-15,2025-10-15,15,afternoon,P1,closed,app,120,67,10.0,False,0,5.0
303,SR0000307,1,4,Maintenance,AC not cooling,maintenance,2025-10-21,2025-10-21,17,afternoon,P1,closed,whatsapp,120,131,48.0,True,0,1.0
304,SR0000308,1,7,Maintenance,Plumbing,maintenance,2025-10-25,2025-10-25,17,afternoon,P2,closed,phone,180,128,10.0,False,0,
305,SR0000309,1,10,Billing,Incorrect folio,front_office,2025-10-29,2025-10-30,20,evening,P2,closed,app,240,265,44.0,True,0,3.0
306,SR0000310,1,10,Billing,Incorrect folio,front_office,2025-11-06,2025-11-06,17,afternoon,P2,closed,phone,240,117,34.0,False,0,4.0
307,SR0000311,1,10,Billing,Incorrect folio,front_office,2025-11-10,2025-11-10,11,morning,P2,closed,whatsapp,240,75,17.0,False,0,5.0
308,SR0000312,1,10,Billing,Incorrect folio,front_office,2025-11-14,2025-11-14,22,evening,P2,closed,front_desk,240,28,7.0,False,1,
309,SR0000313,1,10,Billing,Incorrect folio,front_office,2025-12-07,2025-12-07,20,evening,P2,closed,whatsapp,240,134,43.0,False,0,
310,SR0000314,1,10,Billing,Incorrect folio,front_office,2025-12-08,2025-12-08,17,afternoon,P2,closed,front_desk,240,240,89.0,False,0,5.0
311,SR0000315,1,8,Front Desk,Late check-in,front_office,2025-12-12,2025-12-12,13,afternoon,P2,closed,app,30,5,1.0,False,0,
312,SR0000316,1,4,Maintenance,AC not cooling,maintenance,2025-12-14,2025-12-14,10,morning,P1,closed,whatsapp,120,53,6.0,False,1,
313,SR0000317,1,5,Maintenance,Hot water,maintenance,2026-01-05,2026-01-05,18,evening,P1,closed,whatsapp,90,31,11.0,False,0,4.0
314,SR0000318,1,7,Maintenance,Plumbing,maintenance,2026-01-07,2026-01-08,23,evening,P2,closed,whatsapp,180,261,88.0,True,0,
315,SR0000319,1,5,Maintenance,Hot water,maintenance,2026-01-13,2026-01-13,13,afternoon,P1,closed,phone,90,8,2.0,False,0,
316,SR0000320,1,4,Maintenance,AC not cooling,maintenance,2026-02-04,2026-02-04,9,morning,P1,closed,whatsapp,120,17,5.0,False,0,
317,SR0000321,1,3,Housekeeping,Late checkout clean,housekeeping,2026-02-05,2026-02-05,10,morning,P2,closed,whatsapp,90,22,5.0,False,0,4.0
318,SR0000322,1,2,Housekeeping,Extra towels/linen,housekeeping,2026-02-07,2026-02-07,10,morning,P3,closed,app,45,4,1.0,False,0,
319,SR0000323,1,2,Housekeeping,Extra towels/linen,housekeeping,2026-02-17,2026-02-17,14,afternoon,P3,closed,front_desk,45,45,10.0,False,0,4.0
320,SR0000324,1,6,Maintenance,Wi-Fi down,maintenance,2026-03-25,2026-03-25,16,afternoon,P1,closed,whatsapp,60,17,3.0,False,0,5.0
321,SR0000325,1,9,Front Desk,Key/access issue,front_office,2026-03-30,2026-03-30,22,evening,P1,closed,whatsapp,30,10,1.0,False,0,
322,SR0000326,1,9,Front Desk,Key/access issue,front_office,2026-04-05,2026-04-05,7,morning,P1,closed,app,30,8,1.0,False,0,
323,SR0000327,1,10,Billing,Incorrect folio,front_office,2026-04-20,2026-04-20,17,afternoon,P2,closed,phone,240,239,72.0,False,0,
324,SR0000328,1,10,Billing,Incorrect folio,front_office,2026-04-23,2026-04-24,21,evening,P2,closed,front_desk,240,255,39.0,True,1,
325,SR0000329,1,4,Maintenance,AC not cooling,maintenance,2026-05-11,2026-05-11,7,morning,P1,closed,whatsapp,120,13,4.0,False,0,
326,SR0000330,1,3,Housekeeping,Late checkout clean,housekeeping,2026-06-17,2026-06-17,7,morning,P2,closed,app,90,33,6.0,False,0,5.0
327,SR0000331,1,3,Housekeeping,Late checkout clean,housekeeping,2026-06-29,2026-06-29,16,afternoon,P2,closed,app,90,110,42.0,True,0,
328,SR0000332,1,2,Housekeeping,Extra towels/linen,housekeeping,2026-06-30,2026-06-30,23,evening,P3,closed,whatsapp,45,8,1.0,False,0,
329,SR0000333,1,7,Maintenance,Plumbing,maintenance,2026-07-08,2026-07-09,23,evening,P2,closed,phone,180,393,74.0,True,0,
330,SR0000334,1,2,Housekeeping,Extra towels/linen,housekeeping,2026-08-10,2026-08-10,5,overnight,P3,closed,whatsapp,45,58,14.0,True,0,2.0
331,SR0000335,1,9,Front Desk,Key/access issue,front_office,2025-02-04,2025-02-04,13,afternoon,P1,closed,app,30,13,2.0,False,0,
332,SR0000336,1,6,Maintenance,Wi-Fi down,maintenance,2025-02-12,2025-02-12,14,afternoon,P1,closed,front_desk,60,40,14.0,False,0,4.0
333,SR0000337,1,6,Maintenance,Wi-Fi down,maintenance,2025-03-10,2025-03-10,12,afternoon,P1,closed,whatsapp,60,34,10.0,False,0,
334,SR0000338,1,1,Housekeeping,Room not cleaned,housekeeping,2025-03-15,2025-03-15,22,evening,P2,closed,front_desk,60,25,5.0,False,0,
335,SR0000339,1,9,Front Desk,Key/access issue,front_office,2025-04-13,2025-04-13,16,afternoon,P1,closed,phone,30,10,2.0,False,0,
336,SR0000340,1,2,Housekeeping,Extra towels/linen,housekeeping,2025-04-14,2025-04-14,17,afternoon,P3,closed,app,45,53,4.0,True,0,
337,SR0000341,1,10,Billing,Incorrect folio,front_office,2025-05-03,2025-05-03,18,evening,P2,closed,front_desk,240,90,27.0,False,0,2.0
338,SR0000342,1,4,Maintenance,AC not cooling,maintenance,2025-05-18,2025-05-18,13,afternoon,P1,closed,app,120,104,37.0,False,0,3.0
339,SR0000343,1,3,Housekeeping,Late checkout clean,housekeeping,2025-06-19,2025-06-19,21,evening,P2,closed,phone,90,4,1.0,False,0,
340,SR0000344,1,5,Maintenance,Hot water,maintenance,2025-08-03,2025-08-03,14,afternoon,P1,closed,app,90,70,6.0,False,0,
341,SR0000345,1,6,Maintenance,Wi-Fi down,maintenance,2025-08-26,2025-08-26,12,afternoon,P1,closed,whatsapp,60,33,11.0,False,0,4.0
342,SR0000346,1,8,Front Desk,Late check-in,front_office,2025-09-04,2025-09-04,9,morning,P2,closed,whatsapp,30,23,5.0,False,0,
343,SR0000347,1,7,Maintenance,Plumbing,maintenance,2025-09-08,2025-09-08,15,afternoon,P2,closed,email,180,216,61.0,True,0,
344,SR0000348,1,6,Maintenance,Wi-Fi down,maintenance,2025-09-17,2025-09-17,15,afternoon,P1,closed,whatsapp,60,15,2.0,False,0,3.0
345,SR0000349,1,5,Maintenance,Hot water,maintenance,2025-09-30,2025-09-30,8,morning,P1,closed,whatsapp,90,137,23.0,True,0,3.0
346,SR0000350,1,10,Billing,Incorrect folio,front_office,2025-10-02,2025-10-02,12,afternoon,P2,closed,phone,240,222,56.0,False,0,
347,SR0000351,1,3,Housekeeping,Late checkout clean,housekeeping,2025-10-04,2025-10-05,23,evening,P2,closed,phone,90,23,7.0,False,0,
348,SR0000352,1,6,Maintenance,Wi-Fi down,maintenance,2025-10-08,2025-10-08,2,overnight,P1,closed,whatsapp,60,5,1.0,False,0,
349,SR0000353,1,4,Maintenance,AC not cooling,maintenance,2025-10-09,2025-10-09,11,morning,P1,closed,whatsapp,120,38,14.0,False,0,4.0
350,SR0000354,1,10,Billing,Incorrect folio,front_office,2025-10-16,2025-10-16,11,morning,P2,closed,front_desk,240,175,51.0,False,0,5.0
351,SR0000355,1,5,Maintenance,Hot water,maintenance,2025-10-20,2025-10-20,11,morning,P1,closed,phone,90,84,26.0,False,0,
352,SR0000356,1,1,Housekeeping,Room not cleaned,housekeeping,2025-10-23,2025-10-23,23,evening,P2,closed,email,60,25,5.0,False,0,
353,SR0000357,1,7,Maintenance,Plumbing,maintenance,2025-11-08,2025-11-08,23,evening,P2,closed,phone,180,14,3.0,False,0,
354,SR0000358,1,5,Maintenance,Hot water,maintenance,2025-11-09,2025-11-09,17,afternoon,P1,closed,front_desk,90,71,20.0,False,0,3.0
355,SR0000359,1,6,Maintenance,Wi-Fi down,maintenance,2025-11-20,2025-11-21,23,evening,P1,closed,phone,60,30,8.0,False,0,
356,SR0000360,1,8,Front Desk,Late check-in,front_office,2025-12-04,2025-12-04,20,evening,P2,closed,app,30,26,5.0,False,0,
357,SR0000361,1,6,Maintenance,Wi-Fi down,maintenance,2025-12-08,2025-12-08,0,overnight,P1,closed,whatsapp,60,11,2.0,False,0,
358,SR0000362,1,10,Billing,Incorrect folio,front_office,2025-12-21,2025-12-21,17,afternoon,P2,closed,front_desk,240,172,50.0,False,0,5.0
359,SR0000363,1,7,Maintenance,Plumbing,maintenance,2025-12-22,2025-12-22,15,afternoon,P2,closed,front_desk,180,54,17.0,False,0,5.0
360,SR0000364,1,7,Maintenance,Plumbing,maintenance,2025-12-23,2025-12-23,17,afternoon,P2,closed,whatsapp,180,56,11.0,False,0,
361,SR0000365,1,6,Maintenance,Wi-Fi down,maintenance,2025-12-24,2025-12-24,16,afternoon,P1,closed,phone,60,22,7.0,False,0,
362,SR0000366,1,1,Housekeeping,Room not cleaned,housekeeping,2026-01-02,2026-01-02,17,afternoon,P2,closed,phone,60,65,9.0,True,0,
363,SR0000367,1,2,Housekeeping,Extra towels/linen,housekeeping,2026-01-09,2026-01-09,18,evening,P3,closed,email,45,16,5.0,False,0,5.0
364,SR0000368,1,10,Billing,Incorrect folio,front_office,2026-01-12,2026-01-13,23,evening,P2,closed,whatsapp,240,37,11.0,False,0,
365,SR0000369,1,8,Front Desk,Late check-in,front_office,2026-01-15,2026-01-15,8,morning,P2,closed,whatsapp,30,15,2.0,False,0,
366,SR0000370,1,1,Housekeeping,Room not cleaned,housekeeping,2026-01-17,2026-01-17,14,afternoon,P2,closed,app,60,61,18.0,True,0,
367,SR0000371,1,9,Front Desk,Key/access issue,front_office,2026-01-19,2026-01-19,14,afternoon,P1,closed,whatsapp,30,20,6.0,False,0,
368,SR0000372,1,3,Housekeeping,Late checkout clean,housekeeping,2026-02-06,2026-02-06,15,afternoon,P2,closed,whatsapp,90,42,7.0,False,0,
369,SR0000373,1,2,Housekeeping,Extra towels/linen,housekeeping,2026-03-17,2026-03-17,16,afternoon,P3,closed,whatsapp,45,72,9.0,True,0,4.0
370,SR0000374,1,3,Housekeeping,Late checkout clean,housekeeping,2026-04-03,2026-04-03,13,afternoon,P2,closed,app,90,115,26.0,True,0,
371,SR0000375,1,9,Front Desk,Key/access issue,front_office,2026-04-08,2026-04-08,22,evening,P1,closed,whatsapp,30,32,10.0,True,0,4.0
372,SR0000376,1,6,Maintenance,Wi-Fi down,maintenance,2026-04-18,2026-04-18,15,afternoon,P1,closed,phone,60,15,4.0,False,0,
373,SR0000377,1,1,Housekeeping,Room not cleaned,housekeeping,2026-04-23,2026-04-23,19,evening,P2,closed,phone,60,28,8.0,False,0,
374,SR0000378,1,2,Housekeeping,Extra towels/linen,housekeeping,2026-04-25,2026-04-25,8,morning,P3,closed,whatsapp,45,6,1.0,False,0,
375,SR0000379,1,1,Housekeeping,Room not cleaned,housekeeping,2026-05-05,2026-05-05,16,afternoon,P2,closed,front_desk,60,21,7.0,False,0,5.0
376,SR0000380,1,2,Housekeeping,Extra towels/linen,housekeeping,2026-05-09,2026-05-09,9,morning,P3,closed,front_desk,45,4,1.0,False,0,
377,SR0000381,1,1,Housekeeping,Room not cleaned,housekeeping,2026-05-11,2026-05-11,19,evening,P2,closed,whatsapp,60,59,23.0,False,0,
378,SR0000382,1,1,Housekeeping,Room not cleaned,housekeeping,2026-05-16,2026-05-16,19,evening,P2,closed,whatsapp,60,31,9.0,False,0,
379,SR0000383,1,4,Maintenance,AC not cooling,maintenance,2026-06-15,2026-06-15,14,afternoon,P1,closed,front_desk,120,73,28.0,False,0,
380,SR0000384,1,1,Housekeeping,Room not cleaned,housekeeping,2026-06-22,2026-06-22,19,evening,P2,closed,phone,60,114,35.0,True,0,
381,SR0000385,1,2,Housekeeping,Extra towels/linen,housekeeping,2026-06-23,2026-06-23,17,afternoon,P3,closed,whatsapp,45,32,8.0,False,0,
382,SR0000386,1,8,Front Desk,Late check-in,front_office,2026-07-03,2026-07-03,22,evening,P2,closed,front_desk,30,9,1.0,False,0,5.0
383,SR0000387,1,7,Maintenance,Plumbing,maintenance,2026-07-19,2026-07-19,4,overnight,P2,closed,whatsapp,180,178,67.0,False,1,
384,SR0000388,1,4,Maintenance,AC not cooling,maintenance,2026-07-22,2026-07-22,18,evening,P1,closed,whatsapp,120,33,9.0,False,0,
385,SR0000389,1,9,Front Desk,Key/access issue,front_office,2026-08-01,2026-08-01,7,morning,P1,closed,whatsapp,30,11,2.0,False,0,5.0
386,SR0000390,1,2,Housekeeping,Extra towels/linen,housekeeping,2025-02-11,2025-02-11,14,afternoon,P3,closed,phone,45,43,7.0,False,0,
387,SR0000391,1,2,Housekeeping,Extra towels/linen,housekeeping,2025-02-12,2025-02-12,16,afternoon,P3,closed,phone,45,12,2.0,False,0,
388,SR0000392,1,8,Front Desk,Late check-in,front_office,2025-02-15,2025-02-15,11,morning,P2,closed,email,30,5,1.0,False,0,4.0
389,SR0000393,1,5,Maintenance,Hot water,maintenance,2025-03-10,2025-03-10,19,evening,P1,closed,front_desk,90,33,10.0,False,0,
390,SR0000394,1,2,Housekeeping,Extra towels/linen,housekeeping,2025-04-03,2025-04-03,16,afternoon,P3,closed,whatsapp,45,16,3.0,False,0,5.0
391,SR0000395,1,7,Maintenance,Plumbing,maintenance,2025-04-08,2025-04-08,10,morning,P2,closed,whatsapp,180,231,28.0,True,0,
392,SR0000396,1,8,Front Desk,Late check-in,front_office,2025-04-13,2025-04-13,22,evening,P2,closed,phone,30,24,4.0,False,0,
393,SR0000397,1,5,Maintenance,Hot water,maintenance,2025-04-24,2025-04-24,15,afternoon,P1,closed,app,90,17,6.0,False,0,5.0
394,SR0000398,1,2,Housekeeping,Extra towels/linen,housekeeping,2025-05-12,2025-05-12,13,afternoon,P3,closed,whatsapp,45,10,3.0,False,1,
395,SR0000399,1,4,Maintenance,AC not cooling,maintenance,2025-05-26,2025-05-26,15,afternoon,P1,closed,whatsapp,120,93,23.0,False,1,4.0
396,SR0000400,1,9,Front Desk,Key/access issue,front_office,2025-05-28,2025-05-28,13,afternoon,P1,closed,front_desk,30,16,2.0,False,0,
397,SR0000401,1,10,Billing,Incorrect folio,front_office,2025-06-01,2025-06-01,9,morning,P2,closed,front_desk,240,32,11.0,False,0,
398,SR0000402,1,6,Maintenance,Wi-Fi down,maintenance,2025-06-22,2025-06-22,16,afternoon,P1,closed,phone,60,38,7.0,False,0,5.0
399,SR0000403,1,2,Housekeeping,Extra towels/linen,housekeeping,2025-07-06,2025-07-06,5,overnight,P3,closed,whatsapp,45,12,3.0,False,0,
400,SR0000404,1,9,Front Desk,Key/access issue,front_office,2025-07-09,2025-07-09,2,overnight,P1,closed,whatsapp,30,13,2.0,False,0,
401,SR0000405,1,7,Maintenance,Plumbing,maintenance,2025-07-17,2025-07-17,14,afternoon,P2,closed,phone,180,79,9.0,False,0,
402,SR0000406,1,3,Housekeeping,Late checkout clean,housekeeping,2025-07-18,2025-07-18,16,afternoon,P2,closed,whatsapp,90,69,8.0,False,0,5.0
403,SR0000407,1,2,Housekeeping,Extra towels/linen,housekeeping,2025-08-04,2025-08-04,19,evening,P3,closed,whatsapp,45,28,2.0,False,0,2.0
404,SR0000408,1,10,Billing,Incorrect folio,front_office,2025-08-27,2025-08-27,10,morning,P2,closed,front_desk,240,208,70.0,False,0,5.0
405,SR0000409,1,7,Maintenance,Plumbing,maintenance,2025-09-09,2025-09-09,15,afternoon,P2,closed,front_desk,180,232,22.0,True,0,
406,SR0000410,1,7,Maintenance,Plumbing,maintenance,2025-10-02,2025-10-02,19,evening,P2,closed,whatsapp,180,129,20.0,False,0,5.0
407,SR0000411,1,8,Front Desk,Late check-in,front_office,2025-10-08,2025-10-08,22,evening,P2,closed,whatsapp,30,16,3.0,False,0,
408,SR0000412,1,8,Front Desk,Late check-in,front_office,2025-10-20,2025-10-20,14,afternoon,P2,closed,phone,30,50,9.0,True,0,2.0
409,SR0000413,1,1,Housekeeping,Room not cleaned,housekeeping,2025-10-21,2025-10-21,10,morning,P2,closed,app,60,37,11.0,False,0,3.0
410,SR0000414,1,6,Maintenance,Wi-Fi down,maintenance,2025-10-27,2025-10-27,9,morning,P1,closed,app,60,130,39.0,True,0,
411,SR0000415,1,10,Billing,Incorrect folio,front_office,2025-11-02,2025-11-02,19,evening,P2,closed,whatsapp,240,17,4.0,False,0,
412,SR0000416,1,9,Front Desk,Key/access issue,front_office,2025-11-08,2025-11-08,21,evening,P1,closed,app,30,15,1.0,False,0,
413,SR0000417,1,7,Maintenance,Plumbing,maintenance,2025-11-10,2025-11-10,7,morning,P2,closed,whatsapp,180,242,19.0,True,0,
414,SR0000418,1,9,Front Desk,Key/access issue,front_office,2025-11-29,2025-11-29,5,overnight,P1,closed,whatsapp,30,12,4.0,False,0,
415,SR0000419,1,6,Maintenance,Wi-Fi down,maintenance,2025-12-04,2025-12-04,17,afternoon,P1,closed,whatsapp,60,166,38.0,True,0,
416,SR0000420,1,1,Housekeeping,Room not cleaned,housekeeping,2025-12-19,2025-12-19,9,morning,P2,closed,front_desk,60,35,13.0,False,0,4.0
417,SR0000421,1,10,Billing,Incorrect folio,front_office,2026-01-04,2026-01-04,15,afternoon,P2,closed,whatsapp,240,189,27.0,False,0,
418,SR0000422,1,9,Front Desk,Key/access issue,front_office,2026-01-14,2026-01-14,22,evening,P1,closed,whatsapp,30,10,1.0,False,0,4.0
419,SR0000423,1,7,Maintenance,Plumbing,maintenance,2026-01-20,2026-01-20,13,afternoon,P2,closed,front_desk,180,75,21.0,False,0,5.0
420,SR0000424,1,9,Front Desk,Key/access issue,front_office,2026-01-23,2026-01-23,15,afternoon,P1,closed,front_desk,30,9,2.0,False,0,4.0
421,SR0000425,1,10,Billing,Incorrect folio,front_office,2026-01-26,2026-01-26,14,afternoon,P2,closed,whatsapp,240,306,79.0,True,0,
422,SR0000426,1,7,Maintenance,Plumbing,maintenance,2026-02-02,2026-02-02,14,afternoon,P2,closed,whatsapp,180,199,28.0,True,0,
423,SR0000427,1,6,Maintenance,Wi-Fi down,maintenance,2026-02-05,2026-02-05,12,afternoon,P1,closed,whatsapp,60,13,1.0,False,0,
424,SR0000428,1,7,Maintenance,Plumbing,maintenance,2026-02-18,2026-02-18,12,afternoon,P2,closed,whatsapp,180,85,16.0,False,0,4.0
425,SR0000429,1,5,Maintenance,Hot water,maintenance,2026-02-27,2026-02-27,23,evening,P1,closed,front_desk,90,43,7.0,False,0,
426,SR0000430,1,2,Housekeeping,Extra towels/linen,housekeeping,2026-03-01,2026-03-01,15,afternoon,P3,closed,front_desk,45,26,2.0,False,0,4.0
427,SR0000431,1,10,Billing,Incorrect folio,front_office,2026-03-04,2026-03-05,21,evening,P2,closed,whatsapp,240,195,53.0,False,0,4.0
428,SR0000432,1,8,Front Desk,Late check-in,front_office,2026-03-10,2026-03-10,19,evening,P2,closed,whatsapp,30,15,2.0,False,0,
429,SR0000433,1,7,Maintenance,Plumbing,maintenance,2026-03-12,2026-03-12,8,morning,P2,closed,whatsapp,180,128,29.0,False,0,
430,SR0000434,1,8,Front Desk,Late check-in,front_office,2026-03-18,2026-03-18,14,afternoon,P2,closed,phone,30,28,7.0,False,0,4.0
431,SR0000435,1,7,Maintenance,Plumbing,maintenance,2026-03-19,2026-03-20,23,evening,P2,closed,whatsapp,180,221,70.0,True,0,4.0
432,SR0000436,1,9,Front Desk,Key/access issue,front_office,2026-04-07,2026-04-07,20,evening,P1,closed,whatsapp,30,49,15.0,True,0,3.0
433,SR0000437,1,8,Front Desk,Late check-in,front_office,2026-04-13,2026-04-13,14,afternoon,P2,closed,whatsapp,30,20,6.0,False,0,
434,SR0000438,1,3,Housekeeping,Late checkout clean,housekeeping,2026-04-17,2026-04-17,22,evening,P2,closed,whatsapp,90,59,5.0,False,0,3.0
435,SR0000439,1,7,Maintenance,Plumbing,maintenance,2026-04-20,2026-04-20,6,morning,P2,closed,phone,180,49,4.0,False,0,
436,SR0000440,1,5,Maintenance,Hot water,maintenance,2026-04-23,2026-04-23,12,afternoon,P1,closed,whatsapp,90,48,12.0,False,0,5.0
437,SR0000441,1,10,Billing,Incorrect folio,front_office,2026-04-27,2026-04-27,11,morning,P2,closed,front_desk,240,244,20.0,True,0,
438,SR0000442,1,6,Maintenance,Wi-Fi down,maintenance,2026-05-01,2026-05-02,23,evening,P1,closed,whatsapp,60,20,2.0,False,0,
439,SR0000443,1,7,Maintenance,Plumbing,maintenance,2026-05-15,2026-05-15,18,evening,P2,closed,app,180,96,21.0,False,0,
440,SR0000444,1,7,Maintenance,Plumbing,maintenance,2026-05-18,2026-05-18,5,overnight,P2,closed,whatsapp,180,76,30.0,False,0,
441,SR0000445,1,10,Billing,Incorrect folio,front_office,2026-05-19,2026-05-19,9,morning,P2,closed,front_desk,240,228,74.0,False,0,4.0
442,SR0000446,1,9,Front Desk,Key/access issue,front_office,2026-06-04,2026-06-04,16,afternoon,P1,closed,whatsapp,30,4,1.0,False,0,
443,SR0000447,1,1,Housekeeping,Room not cleaned,housekeeping,2026-06-09,2026-06-09,14,afternoon,P2,closed,phone,60,12,2.0,False,0,
444,SR0000448,1,3,Housekeeping,Late checkout clean,housekeeping,2026-06-15,2026-06-15,19,evening,P2,closed,app,90,39,10.0,False,0,3.0
445,SR0000449,1,1,Housekeeping,Room not cleaned,housekeeping,2026-06-16,2026-06-16,20,evening,P2,closed,whatsapp,60,17,5.0,False,0,
446,SR0000450,1,5,Maintenance,Hot water,maintenance,2026-06-30,2026-06-30,9,morning,P1,closed,phone,90,11,4.0,False,0,
447,SR0000451,1,7,Maintenance,Plumbing,maintenance,2026-07-07,2026-07-07,11,morning,P2,closed,whatsapp,180,35,13.0,False,0,5.0
448,SR0000452,1,4,Maintenance,AC not cooling,maintenance,2026-08-10,2026-08-10,11,morning,P1,closed,app,120,110,12.0,False,0,4.0
449,SR0000453,1,4,Maintenance,AC not cooling,maintenance,2025-02-06,2025-02-06,11,morning,P1,closed,app,120,142,35.0,True,0,
450,SR0000454,1,1,Housekeeping,Room not cleaned,housekeeping,2025-03-06,2025-03-06,10,morning,P2,closed,front_desk,60,91,31.0,True,0,
451,SR0000455,1,3,Housekeeping,Late checkout clean,housekeeping,2025-03-12,2025-03-12,9,morning,P2,closed,phone,90,146,36.0,True,0,
452,SR0000456,1,10,Billing,Incorrect folio,front_office,2025-03-24,2025-03-24,12,afternoon,P2,closed,phone,240,110,40.0,False,0,5.0
453,SR0000457,1,10,Billing,Incorrect folio,front_office,2025-03-27,2025-03-28,23,evening,P2,closed,phone,240,67,16.0,False,0,
454,SR0000458,1,10,Billing,Incorrect folio,front_office,2025-03-28,2025-03-28,13,afternoon,P2,closed,whatsapp,240,154,22.0,False,0,
455,SR0000459,1,3,Housekeeping,Late checkout clean,housekeeping,2025-04-06,2025-04-06,14,afternoon,P2,closed,whatsapp,90,110,38.0,True,0,
456,SR0000460,1,2,Housekeeping,Extra towels/linen,housekeeping,2025-04-12,2025-04-12,17,afternoon,P3,closed,front_desk,45,4,1.0,False,0,
457,SR0000461,1,3,Housekeeping,Late checkout clean,housekeeping,2025-04-21,2025-04-21,8,morning,P2,closed,whatsapp,90,16,5.0,False,0,
458,SR0000462,1,6,Maintenance,Wi-Fi down,maintenance,2025-04-23,2025-04-23,15,afternoon,P1,closed,email,60,68,8.0,True,0,
459,SR0000463,1,3,Housekeeping,Late checkout clean,housekeeping,2025-05-15,2025-05-15,15,afternoon,P2,closed,whatsapp,90,64,18.0,False,0,4.0
460,SR0000464,1,8,Front Desk,Late check-in,front_office,2025-05-19,2025-05-19,12,afternoon,P2,closed,whatsapp,30,22,1.0,False,0,
461,SR0000465,1,8,Front Desk,Late check-in,front_office,2025-05-22,2025-05-22,10,morning,P2,closed,phone,30,17,4.0,False,0,
462,SR0000466,1,7,Maintenance,Plumbing,maintenance,2025-05-28,2025-05-28,14,afternoon,P2,closed,app,180,190,61.0,True,0,3.0
463,SR0000467,1,7,Maintenance,Plumbing,maintenance,2025-06-19,2025-06-19,19,evening,P2,closed,phone,180,40,8.0,False,0,
464,SR0000468,1,4,Maintenance,AC not cooling,maintenance,2025-06-25,2025-06-25,20,evening,P1,closed,phone,120,27,6.0,False,0,5.0
465,SR0000469,1,3,Housekeeping,Late checkout clean,housekeeping,2025-06-26,2025-06-26,13,afternoon,P2,closed,whatsapp,90,22,3.0,False,0,5.0
466,SR0000470,1,9,Front Desk,Key/access issue,front_office,2025-07-03,2025-07-04,23,evening,P1,closed,whatsapp,30,41,5.0,True,0,
467,SR0000471,1,2,Housekeeping,Extra towels/linen,housekeeping,2025-07-07,2025-07-07,13,afternoon,P3,closed,phone,45,43,13.0,False,0,
468,SR0000472,1,6,Maintenance,Wi-Fi down,maintenance,2025-07-11,2025-07-11,16,afternoon,P1,closed,whatsapp,60,72,11.0,True,0,
469,SR0000473,1,9,Front Desk,Key/access issue,front_office,2025-07-24,2025-07-24,12,afternoon,P1,closed,app,30,23,5.0,False,0,5.0
470,SR0000474,1,10,Billing,Incorrect folio,front_office,2025-08-09,2025-08-09,17,afternoon,P2,closed,whatsapp,240,64,17.0,False,0,
471,SR0000475,1,10,Billing,Incorrect folio,front_office,2025-08-17,2025-08-17,11,morning,P2,closed,phone,240,248,45.0,True,0,2.0
472,SR0000476,1,5,Maintenance,Hot water,maintenance,2025-08-25,2025-08-25,16,afternoon,P1,closed,phone,90,142,50.0,True,0,
473,SR0000477,1,3,Housekeeping,Late checkout clean,housekeeping,2025-09-05,2025-09-05,17,afternoon,P2,closed,front_desk,90,94,13.0,True,0,
474,SR0000478,1,9,Front Desk,Key/access issue,front_office,2025-09-21,2025-09-21,21,evening,P1,closed,whatsapp,30,9,3.0,False,1,4.0
475,SR0000479,1,4,Maintenance,AC not cooling,maintenance,2025-09-26,2025-09-26,17,afternoon,P1,closed,whatsapp,120,107,17.0,False,0,3.0
476,SR0000480,1,9,Front Desk,Key/access issue,front_office,2025-10-06,2025-10-06,11,morning,P1,closed,phone,30,16,3.0,False,0,5.0
477,SR0000481,1,4,Maintenance,AC not cooling,maintenance,2025-10-10,2025-10-10,14,afternoon,P1,closed,email,120,56,20.0,False,0,
478,SR0000482,1,8,Front Desk,Late check-in,front_office,2025-10-15,2025-10-15,12,afternoon,P2,closed,app,30,51,10.0,True,0,2.0
479,SR0000483,1,3,Housekeeping,Late checkout clean,housekeeping,2025-10-21,2025-10-21,23,evening,P2,closed,whatsapp,90,36,8.0,False,0,
480,SR0000484,1,3,Housekeeping,Late checkout clean,housekeeping,2025-10-22,2025-10-22,16,afternoon,P2,closed,phone,90,121,14.0,True,0,3.0
481,SR0000485,1,7,Maintenance,Plumbing,maintenance,2025-11-03,2025-11-03,18,evening,P2,closed,whatsapp,180,165,26.0,False,0,
482,SR0000486,1,1,Housekeeping,Room not cleaned,housekeeping,2025-11-07,2025-11-07,15,afternoon,P2,closed,whatsapp,60,56,17.0,False,0,
483,SR0000487,1,4,Maintenance,AC not cooling,maintenance,2025-11-13,2025-11-13,12,afternoon,P1,closed,whatsapp,120,23,4.0,False,0,5.0
484,SR0000488,1,8,Front Desk,Late check-in,front_office,2025-11-15,2025-11-15,14,afternoon,P2,closed,app,30,6,1.0,False,0,
485,SR0000489,1,9,Front Desk,Key/access issue,front_office,2025-12-18,2025-12-18,12,afternoon,P1,closed,app,30,6,1.0,False,0,
486,SR0000490,1,9,Front Desk,Key/access issue,front_office,2025-12-22,2025-12-22,9,morning,P1,closed,email,30,14,4.0,False,0,4.0
487,SR0000491,1,3,Housekeeping,Late checkout clean,housekeeping,2026-01-18,2026-01-18,10,morning,P2,closed,whatsapp,90,61,20.0,False,0,
488,SR0000492,1,6,Maintenance,Wi-Fi down,maintenance,2026-01-27,2026-01-27,2,overnight,P1,closed,front_desk,60,41,14.0,False,0,
489,SR0000493,1,6,Maintenance,Wi-Fi down,maintenance,2026-02-09,2026-02-09,13,afternoon,P1,closed,phone,60,51,7.0,False,0,
490,SR0000494,1,6,Maintenance,Wi-Fi down,maintenance,2026-03-01,2026-03-01,14,afternoon,P1,closed,email,60,7,1.0,False,0,5.0
491,SR0000495,1,7,Maintenance,Plumbing,maintenance,2026-03-06,2026-03-06,11,morning,P2,closed,whatsapp,180,73,25.0,False,0,
492,SR0000496,1,5,Maintenance,Hot water,maintenance,2026-03-16,2026-03-16,16,afternoon,P1,closed,front_desk,90,75,10.0,False,0,
493,SR0000497,1,2,Housekeeping,Extra towels/linen,housekeeping,2026-03-27,2026-03-27,10,morning,P3,closed,front_desk,45,12,3.0,False,0,4.0
494,SR0000498,1,1,Housekeeping,Room not cleaned,housekeeping,2026-03-30,2026-03-30,10,morning,P2,closed,phone,60,73,25.0,True,0,
495,SR0000499,1,1,Housekeeping,Room not cleaned,housekeeping,2026-04-06,2026-04-06,18,evening,P2,closed,whatsapp,60,28,3.0,False,0,
496,SR0000500,1,6,Maintenance,Wi-Fi down,maintenance,2026-04-27,2026-04-27,14,afternoon,P1,closed,whatsapp,60,31,6.0,False,0,
497,SR0000501,1,8,Front Desk,Late check-in,front_office,2026-05-02,2026-05-02,19,evening,P2,closed,whatsapp,30,14,3.0,False,0,5.0
498,SR0000502,1,3,Housekeeping,Late checkout clean,housekeeping,2026-05-20,2026-05-20,13,afternoon,P2,closed,whatsapp,90,58,11.0,False,0,
499,SR0000503,1,5,Maintenance,Hot water,maintenance,2026-05-27,2026-05-27,13,afternoon,P1,closed,whatsapp,90,109,19.0,True,0,
500,SR0000504,1,3,Housekeeping,Late checkout clean,housekeeping,2026-06-04,2026-06-04,6,morning,P2,closed,whatsapp,90,39,9.0,False,0,
501,SR0000505,1,3,Housekeeping,Late checkout clean,housekeeping,2026-06-07,2026-06-07,21,evening,P2,closed,whatsapp,90,44,17.0,False,0,4.0
502,SR0000506,1,7,Maintenance,Plumbing,maintenance,2026-06-17,2026-06-17,19,evening,P2,closed,front_desk,180,54,8.0,False,0,
503,SR0000507,1,6,Maintenance,Wi-Fi down,maintenance,2026-06-22,2026-06-22,21,evening,P1,closed,app,60,11,2.0,False,0,
504,SR0000508,1,10,Billing,Incorrect folio,front_office,2026-06-23,2026-06-23,11,morning,P2,closed,phone,240,111,11.0,False,0,
505,SR0000509,1,4,Maintenance,AC not cooling,maintenance,2026-07-12,2026-07-12,13,afternoon,P1,closed,whatsapp,120,46,9.0,False,0,
506,SR0000510,1,8,Front Desk,Late check-in,front_office,2026-07-22,2026-07-22,18,evening,P2,closed,front_desk,30,4,1.0,False,0,
507,SR0000511,1,7,Maintenance,Plumbing,maintenance,2026-07-27,2026-07-28,23,evening,P2,closed,front_desk,180,51,5.0,False,0,3.0
508,SR0000512,1,3,Housekeeping,Late checkout clean,housekeeping,2026-08-08,2026-08-08,10,morning,P2,closed,whatsapp,90,16,1.0,False,0,
509,SR0000513,1,7,Maintenance,Plumbing,maintenance,2025-02-15,2025-02-15,9,morning,P2,closed,whatsapp,180,85,25.0,False,0,
510,SR0000514,1,4,Maintenance,AC not cooling,maintenance,2025-02-16,2025-02-16,10,morning,P1,closed,app,120,25,4.0,False,0,
511,SR0000515,1,3,Housekeeping,Late checkout clean,housekeeping,2025-02-17,2025-02-17,13,afternoon,P2,closed,phone,90,18,2.0,False,0,
512,SR0000516,1,3,Housekeeping,Late checkout clean,housekeeping,2025-02-20,2025-02-20,11,morning,P2,closed,whatsapp,90,66,6.0,False,0,4.0
513,SR0000517,1,5,Maintenance,Hot water,maintenance,2025-03-03,2025-03-03,16,afternoon,P1,closed,whatsapp,90,49,10.0,False,0,5.0
514,SR0000518,1,9,Front Desk,Key/access issue,front_office,2025-03-07,2025-03-07,16,afternoon,P1,closed,whatsapp,30,21,5.0,False,0,4.0
515,SR0000519,1,1,Housekeeping,Room not cleaned,housekeeping,2025-03-29,2025-03-29,17,afternoon,P2,closed,whatsapp,60,23,3.0,False,0,
516,SR0000520,1,8,Front Desk,Late check-in,front_office,2025-04-08,2025-04-09,23,evening,P2,closed,whatsapp,30,38,8.0,True,0,
517,SR0000521,1,7,Maintenance,Plumbing,maintenance,2025-04-16,2025-04-16,15,afternoon,P2,closed,app,180,231,69.0,True,0,2.0
518,SR0000522,1,4,Maintenance,AC not cooling,maintenance,2025-04-25,2025-04-25,12,afternoon,P1,closed,app,120,70,22.0,False,0,
519,SR0000523,1,1,Housekeeping,Room not cleaned,housekeeping,2025-05-07,2025-05-07,14,afternoon,P2,closed,front_desk,60,21,1.0,False,0,
520,SR0000524,1,1,Housekeeping,Room not cleaned,housekeeping,2025-05-30,2025-05-30,15,afternoon,P2,closed,phone,60,45,16.0,False,0,5.0
521,SR0000525,1,10,Billing,Incorrect folio,front_office,2025-05-31,2025-05-31,2,overnight,P2,closed,app,240,329,41.0,True,0,
522,SR0000526,1,8,Front Desk,Late check-in,front_office,2025-06-04,2025-06-04,23,evening,P2,closed,app,30,10,1.0,False,0,4.0
523,SR0000527,1,3,Housekeeping,Late checkout clean,housekeeping,2025-06-14,2025-06-15,23,evening,P2,closed,app,90,40,5.0,False,0,
524,SR0000528,1,1,Housekeeping,Room not cleaned,housekeeping,2025-06-27,2025-06-27,12,afternoon,P2,closed,app,60,41,11.0,False,0,
525,SR0000529,1,9,Front Desk,Key/access issue,front_office,2025-07-07,2025-07-07,15,afternoon,P1,closed,whatsapp,30,47,13.0,True,0,
526,SR0000530,1,4,Maintenance,AC not cooling,maintenance,2025-07-12,2025-07-12,13,afternoon,P1,closed,front_desk,120,6,2.0,False,0,5.0
527,SR0000531,1,9,Front Desk,Key/access issue,front_office,2025-07-18,2025-07-18,17,afternoon,P1,closed,front_desk,30,38,11.0,True,0,3.0
528,SR0000532,1,7,Maintenance,Plumbing,maintenance,2025-08-26,2025-08-26,19,evening,P2,closed,whatsapp,180,105,14.0,False,0,4.0
529,SR0000533,1,3,Housekeeping,Late checkout clean,housekeeping,2025-08-27,2025-08-27,15,afternoon,P2,closed,whatsapp,90,22,7.0,False,0,5.0
530,SR0000534,1,2,Housekeeping,Extra towels/linen,housekeeping,2025-08-29,2025-08-29,20,evening,P3,closed,whatsapp,45,19,7.0,False,0,
531,SR0000535,1,8,Front Desk,Late check-in,front_office,2025-09-01,2025-09-01,15,afternoon,P2,closed,whatsapp,30,9,2.0,False,0,4.0
532,SR0000536,1,3,Housekeeping,Late checkout clean,housekeeping,2025-09-02,2025-09-02,9,morning,P2,closed,whatsapp,90,126,28.0,True,0,4.0
533,SR0000537,1,10,Billing,Incorrect folio,front_office,2025-09-15,2025-09-15,9,morning,P2,closed,front_desk,240,455,119.0,True,0,2.0
534,SR0000538,1,2,Housekeeping,Extra towels/linen,housekeeping,2025-09-16,2025-09-16,21,evening,P3,closed,whatsapp,45,59,22.0,True,0,
535,SR0000539,1,9,Front Desk,Key/access issue,front_office,2025-09-22,2025-09-22,15,afternoon,P1,closed,whatsapp,30,22,3.0,False,0,
536,SR0000540,1,6,Maintenance,Wi-Fi down,maintenance,2025-09-24,2025-09-24,17,afternoon,P1,closed,phone,60,30,9.0,False,0,
537,SR0000541,1,1,Housekeeping,Room not cleaned,housekeeping,2025-10-01,2025-10-01,22,evening,P2,closed,whatsapp,60,53,12.0,False,0,
538,SR0000542,1,4,Maintenance,AC not cooling,maintenance,2025-10-07,2025-10-07,17,afternoon,P1,closed,app,120,62,23.0,False,1,5.0
539,SR0000543,1,10,Billing,Incorrect folio,front_office,2025-10-08,2025-10-08,19,evening,P2,closed,app,240,17,5.0,False,0,3.0
540,SR0000544,1,4,Maintenance,AC not cooling,maintenance,2025-10-12,2025-10-12,22,evening,P1,closed,front_desk,120,6,2.0,False,0,
541,SR0000545,1,6,Maintenance,Wi-Fi down,maintenance,2025-10-23,2025-10-23,21,evening,P1,closed,whatsapp,60,21,3.0,False,0,4.0
542,SR0000546,1,6,Maintenance,Wi-Fi down,maintenance,2025-10-25,2025-10-25,17,afternoon,P1,closed,whatsapp,60,18,4.0,False,0,5.0
543,SR0000547,1,4,Maintenance,AC not cooling,maintenance,2025-11-05,2025-11-05,16,afternoon,P1,closed,front_desk,120,138,15.0,True,1,4.0
544,SR0000548,1,3,Housekeeping,Late checkout clean,housekeeping,2025-11-06,2025-11-06,16,afternoon,P2,closed,whatsapp,90,47,9.0,False,0,4.0
545,SR0000549,1,9,Front Desk,Key/access issue,front_office,2025-11-24,2025-11-24,17,afternoon,P1,closed,app,30,15,1.0,False,0,4.0
546,SR0000550,1,4,Maintenance,AC not cooling,maintenance,2025-11-25,2025-11-25,4,overnight,P1,closed,front_desk,120,25,8.0,False,0,
547,SR0000551,1,3,Housekeeping,Late checkout clean,housekeeping,2025-12-09,2025-12-09,9,morning,P2,closed,front_desk,90,58,7.0,False,1,
548,SR0000552,1,2,Housekeeping,Extra towels/linen,housekeeping,2025-12-22,2025-12-22,10,morning,P3,closed,whatsapp,45,8,1.0,False,0,
549,SR0000553,1,10,Billing,Incorrect folio,front_office,2026-01-19,2026-01-19,11,morning,P2,closed,whatsapp,240,76,20.0,False,0,
550,SR0000554,1,10,Billing,Incorrect folio,front_office,2026-02-01,2026-02-01,20,evening,P2,closed,phone,240,11,3.0,False,0,
551,SR0000555,1,6,Maintenance,Wi-Fi down,maintenance,2026-03-16,2026-03-16,9,morning,P1,closed,whatsapp,60,45,6.0,False,0,
552,SR0000556,1,10,Billing,Incorrect folio,front_office,2026-03-24,2026-03-25,21,evening,P2,closed,front_desk,240,265,102.0,True,0,
553,SR0000557,1,8,Front Desk,Late check-in,front_office,2026-04-08,2026-04-08,23,evening,P2,closed,front_desk,30,13,3.0,False,0,5.0
554,SR0000558,1,3,Housekeeping,Late checkout clean,housekeeping,2026-04-16,2026-04-16,16,afternoon,P2,closed,whatsapp,90,68,13.0,False,1,
555,SR0000559,1,4,Maintenance,AC not cooling,maintenance,2026-04-20,2026-04-20,18,evening,P1,closed,whatsapp,120,63,19.0,False,0,
556,SR0000560,1,8,Front Desk,Late check-in,front_office,2026-04-21,2026-04-21,19,evening,P2,closed,app,30,45,7.0,True,0,
557,SR0000561,1,2,Housekeeping,Extra towels/linen,housekeeping,2026-04-24,2026-04-24,5,overnight,P3,closed,whatsapp,45,33,5.0,False,0,5.0
558,SR0000562,1,10,Billing,Incorrect folio,front_office,2026-05-02,2026-05-02,13,afternoon,P2,closed,whatsapp,240,165,21.0,False,0,5.0
559,SR0000563,1,3,Housekeeping,Late checkout clean,housekeeping,2026-05-06,2026-05-06,9,morning,P2,closed,phone,90,18,2.0,False,0,
560,SR0000564,1,10,Billing,Incorrect folio,front_office,2026-05-07,2026-05-07,5,overnight,P2,closed,app,240,93,15.0,False,0,
561,SR0000565,1,3,Housekeeping,Late checkout clean,housekeeping,2026-05-13,2026-05-13,14,afternoon,P2,closed,phone,90,81,16.0,False,0,
562,SR0000566,1,8,Front Desk,Late check-in,front_office,2026-05-16,2026-05-16,14,afternoon,P2,closed,whatsapp,30,23,7.0,False,0,5.0
563,SR0000567,1,9,Front Desk,Key/access issue,front_office,2026-05-19,2026-05-19,19,evening,P1,closed,whatsapp,30,13,2.0,False,0,
564,SR0000568,1,2,Housekeeping,Extra towels/linen,housekeeping,2026-05-20,2026-05-20,12,afternoon,P3,closed,whatsapp,45,32,12.0,False,0,4.0
565,SR0000569,1,7,Maintenance,Plumbing,maintenance,2026-05-21,2026-05-22,23,evening,P2,closed,front_desk,180,91,7.0,False,0,
566,SR0000570,1,4,Maintenance,AC not cooling,maintenance,2026-05-31,2026-05-31,7,morning,P1,closed,whatsapp,120,31,7.0,False,1,
567,SR0000571,1,9,Front Desk,Key/access issue,front_office,2026-06-07,2026-06-07,17,afternoon,P1,closed,app,30,24,5.0,False,0,
568,SR0000572,1,10,Billing,Incorrect folio,front_office,2026-06-18,2026-06-18,9,morning,P2,closed,whatsapp,240,28,7.0,False,0,
569,SR0000573,1,6,Maintenance,Wi-Fi down,maintenance,2026-08-06,2026-08-06,19,evening,P1,closed,whatsapp,60,19,1.0,False,0,
570,SR0000574,1,9,Front Desk,Key/access issue,front_office,2026-08-11,2026-08-11,17,afternoon,P1,closed,app,30,7,1.0,False,0,5.0
571,SR0000575,1,5,Maintenance,Hot water,maintenance,2025-03-03,2025-03-03,15,afternoon,P1,closed,whatsapp,90,78,27.0,False,0,5.0
572,SR0000576,1,8,Front Desk,Late check-in,front_office,2025-03-06,2025-03-06,11,morning,P2,closed,phone,30,33,7.0,True,0,3.0
573,SR0000577,1,6,Maintenance,Wi-Fi down,maintenance,2025-03-26,2025-03-26,14,afternoon,P1,closed,whatsapp,60,89,9.0,True,0,
574,SR0000578,1,3,Housekeeping,Late checkout clean,housekeeping,2025-03-27,2025-03-27,16,afternoon,P2,closed,front_desk,90,83,27.0,False,0,
575,SR0000579,1,2,Housekeeping,Extra towels/linen,housekeeping,2025-04-02,2025-04-02,10,morning,P3,closed,whatsapp,45,13,1.0,False,0,
576,SR0000580,1,3,Housekeeping,Late checkout clean,housekeeping,2025-04-17,2025-04-17,17,afternoon,P2,closed,whatsapp,90,12,3.0,False,0,
577,SR0000581,1,9,Front Desk,Key/access issue,front_office,2025-04-23,2025-04-23,14,afternoon,P1,closed,whatsapp,30,19,1.0,False,0,4.0
578,SR0000582,1,4,Maintenance,AC not cooling,maintenance,2025-05-02,2025-05-02,13,afternoon,P1,closed,whatsapp,120,48,5.0,False,0,4.0
579,SR0000583,1,8,Front Desk,Late check-in,front_office,2025-05-03,2025-05-03,20,evening,P2,closed,whatsapp,30,4,1.0,False,0,
580,SR0000584,1,1,Housekeeping,Room not cleaned,housekeeping,2025-05-17,2025-05-17,14,afternoon,P2,closed,whatsapp,60,23,9.0,False,0,5.0
581,SR0000585,1,1,Housekeeping,Room not cleaned,housekeeping,2025-05-22,2025-05-22,21,evening,P2,closed,front_desk,60,45,12.0,False,0,
582,SR0000586,1,5,Maintenance,Hot water,maintenance,2025-05-28,2025-05-28,11,morning,P1,closed,whatsapp,90,70,27.0,False,0,
583,SR0000587,1,10,Billing,Incorrect folio,front_office,2025-06-14,2025-06-14,10,morning,P2,closed,whatsapp,240,26,3.0,False,0,
584,SR0000588,1,7,Maintenance,Plumbing,maintenance,2025-06-18,2025-06-18,13,afternoon,P2,closed,whatsapp,180,87,22.0,False,0,
585,SR0000589,1,10,Billing,Incorrect folio,front_office,2025-06-27,2025-06-27,12,afternoon,P2,closed,app,240,152,44.0,False,0,
586,SR0000590,1,8,Front Desk,Late check-in,front_office,2025-07-07,2025-07-07,9,morning,P2,closed,front_desk,30,11,3.0,False,0,5.0
587,SR0000591,1,5,Maintenance,Hot water,maintenance,2025-07-14,2025-07-14,17,afternoon,P1,closed,front_desk,90,54,14.0,False,0,
588,SR0000592,1,3,Housekeeping,Late checkout clean,housekeeping,2025-08-07,2025-08-07,19,evening,P2,closed,whatsapp,90,68,8.0,False,0,
589,SR0000593,1,4,Maintenance,AC not cooling,maintenance,2025-08-13,2025-08-13,8,morning,P1,closed,whatsapp,120,34,3.0,False,0,
590,SR0000594,1,10,Billing,Incorrect folio,front_office,2025-09-09,2025-09-09,11,morning,P2,closed,phone,240,162,25.0,False,0,5.0
591,SR0000595,1,1,Housekeeping,Room not cleaned,housekeeping,2025-09-25,2025-09-25,15,afternoon,P2,closed,front_desk,60,36,8.0,False,0,5.0
592,SR0000596,1,6,Maintenance,Wi-Fi down,maintenance,2025-09-27,2025-09-27,17,afternoon,P1,closed,email,60,50,19.0,False,0,
593,SR0000597,1,6,Maintenance,Wi-Fi down,maintenance,2025-10-12,2025-10-12,10,morning,P1,closed,front_desk,60,13,4.0,False,0,
594,SR0000598,1,1,Housekeeping,Room not cleaned,housekeeping,2025-10-30,2025-10-30,18,evening,P2,closed,whatsapp,60,16,2.0,False,0,5.0
595,SR0000599,1,6,Maintenance,Wi-Fi down,maintenance,2025-11-04,2025-11-04,10,morning,P1,closed,whatsapp,60,28,10.0,False,0,4.0
596,SR0000601,1,6,Maintenance,Wi-Fi down,maintenance,2025-11-20,2025-11-20,9,morning,P1,closed,email,60,27,2.0,False,0,
597,SR0000603,1,8,Front Desk,Late check-in,front_office,2025-11-27,2025-11-27,17,afternoon,P2,closed,whatsapp,30,23,5.0,False,0,
598,SR0000604,1,10,Billing,Incorrect folio,front_office,2025-11-29,2025-11-29,15,afternoon,P2,closed,front_desk,240,68,21.0,False,0,
599,SR0000605,1,2,Housekeeping,Extra towels/linen,housekeeping,2026-01-03,2026-01-03,19,evening,P3,closed,whatsapp,45,4,1.0,False,0,
600,SR0000606,1,3,Housekeeping,Late checkout clean,housekeeping,2026-01-13,2026-01-13,19,evening,P2,closed,phone,90,124,45.0,True,0,4.0
601,SR0000607,1,1,Housekeeping,Room not cleaned,housekeeping,2026-01-15,2026-01-15,17,afternoon,P2,closed,whatsapp,60,12,2.0,False,0,4.0
602,SR0000608,1,6,Maintenance,Wi-Fi down,maintenance,2026-01-18,2026-01-18,19,evening,P1,closed,front_desk,60,66,14.0,True,0,
603,SR0000609,1,2,Housekeeping,Extra towels/linen,housekeeping,2026-01-20,2026-01-20,16,afternoon,P3,closed,whatsapp,45,43,3.0,False,0,5.0
604,SR0000610,1,1,Housekeeping,Room not cleaned,housekeeping,2026-01-23,2026-01-23,5,overnight,P2,closed,phone,60,55,21.0,False,0,5.0
605,SR0000611,1,6,Maintenance,Wi-Fi down,maintenance,2026-01-27,2026-01-27,11,morning,P1,closed,app,60,24,3.0,False,0,5.0
606,SR0000612,1,5,Maintenance,Hot water,maintenance,2026-01-29,2026-01-29,17,afternoon,P1,closed,phone,90,70,22.0,False,0,
607,SR0000613,1,3,Housekeeping,Late checkout clean,housekeeping,2026-02-13,2026-02-13,17,afternoon,P2,closed,whatsapp,90,6,2.0,False,0,4.0
608,SR0000614,1,5,Maintenance,Hot water,maintenance,2026-02-15,2026-02-15,11,morning,P1,closed,app,90,7,1.0,False,0,
609,SR0000615,1,2,Housekeeping,Extra towels/linen,housekeeping,2026-02-22,2026-02-22,4,overnight,P3,closed,whatsapp,45,22,5.0,False,0,
610,SR0000616,1,4,Maintenance,AC not cooling,maintenance,2026-03-09,2026-03-09,16,afternoon,P1,closed,app,120,28,3.0,False,0,
611,SR0000617,1,4,Maintenance,AC not cooling,maintenance,2026-03-18,2026-03-18,17,afternoon,P1,closed,front_desk,120,70,12.0,False,0,
612,SR0000618,1,9,Front Desk,Key/access issue,front_office,2026-04-01,2026-04-01,16,afternoon,P1,closed,whatsapp,30,13,3.0,False,0,
613,SR0000619,1,8,Front Desk,Late check-in,front_office,2026-04-04,2026-04-04,11,morning,P2,closed,phone,30,12,4.0,False,0,
614,SR0000620,1,7,Maintenance,Plumbing,maintenance,2026-04-13,2026-04-13,6,morning,P2,closed,whatsapp,180,52,4.0,False,0,4.0
615,SR0000621,1,4,Maintenance,AC not cooling,maintenance,2026-04-20,2026-04-20,15,afternoon,P1,closed,whatsapp,120,41,11.0,False,0,
616,SR0000622,1,5,Maintenance,Hot water,maintenance,2026-04-27,2026-04-27,10,morning,P1,closed,whatsapp,90,7,1.0,False,0,5.0
617,SR0000623,1,9,Front Desk,Key/access issue,front_office,2026-04-30,2026-04-30,18,evening,P1,closed,front_desk,30,24,8.0,False,0,
618,SR0000624,1,7,Maintenance,Plumbing,maintenance,2026-05-04,2026-05-04,16,afternoon,P2,closed,whatsapp,180,143,51.0,False,0,5.0
619,SR0000625,1,7,Maintenance,Plumbing,maintenance,2026-05-21,2026-05-21,16,afternoon,P2,closed,phone,180,149,37.0,False,0,
620,SR0000626,1,5,Maintenance,Hot water,maintenance,2026-05-23,2026-05-23,18,evening,P1,closed,whatsapp,90,18,4.0,False,0,4.0
621,SR0000627,1,6,Maintenance,Wi-Fi down,maintenance,2026-06-24,2026-06-24,11,morning,P1,closed,whatsapp,60,35,13.0,False,1,
622,SR0000628,1,1,Housekeeping,Room not cleaned,housekeeping,2026-07-08,2026-07-08,17,afternoon,P2,closed,front_desk,60,69,6.0,True,0,
623,SR0000629,1,2,Housekeeping,Extra towels/linen,housekeeping,2026-07-12,2026-07-12,17,afternoon,P3,closed,phone,45,21,5.0,False,0,
624,SR0000630,1,7,Maintenance,Plumbing,maintenance,2026-07-20,2026-07-20,20,evening,P2,closed,phone,180,43,4.0,False,0,
625,SR0000631,1,7,Maintenance,Plumbing,maintenance,2026-07-21,2026-07-21,11,morning,P2,closed,phone,180,81,9.0,False,0,5.0
626,SR0000632,1,2,Housekeeping,Extra towels/linen,housekeeping,2026-08-06,2026-08-06,18,evening,P3,closed,front_desk,45,12,2.0,False,0,
627,SR0000633,1,4,Maintenance,AC not cooling,maintenance,2025-02-03,2025-02-03,18,evening,P1,closed,front_desk,120,30,11.0,False,0,
628,SR0000634,1,10,Billing,Incorrect folio,front_office,2025-02-08,2025-02-08,15,afternoon,P2,closed,front_desk,240,46,7.0,False,0,
629,SR0000635,1,2,Housekeeping,Extra towels/linen,housekeeping,2025-02-11,2025-02-11,12,afternoon,P3,closed,app,45,69,10.0,True,0,
630,SR0000636,1,5,Maintenance,Hot water,maintenance,2025-03-09,2025-03-09,6,morning,P1,closed,app,90,75,23.0,False,0,
631,SR0000637,1,2,Housekeeping,Extra towels/linen,housekeeping,2025-04-05,2025-04-05,12,afternoon,P3,closed,whatsapp,45,33,2.0,False,0,
632,SR0000638,1,8,Front Desk,Late check-in,front_office,2025-04-22,2025-04-22,10,morning,P2,closed,phone,30,11,2.0,False,0,
633,SR0000639,1,9,Front Desk,Key/access issue,front_office,2025-04-28,2025-04-28,12,afternoon,P1,closed,front_desk,30,10,2.0,False,0,
634,SR0000640,1,4,Maintenance,AC not cooling,maintenance,2025-05-28,2025-05-28,11,morning,P1,closed,front_desk,120,29,5.0,False,0,4.0
635,SR0000641,1,7,Maintenance,Plumbing,maintenance,2025-06-10,2025-06-10,11,morning,P2,closed,whatsapp,180,220,40.0,True,0,
636,SR0000642,1,4,Maintenance,AC not cooling,maintenance,2025-06-12,2025-06-12,11,morning,P1,closed,whatsapp,120,75,24.0,False,0,
637,SR0000643,1,4,Maintenance,AC not cooling,maintenance,2025-07-13,2025-07-13,17,afternoon,P1,closed,email,120,165,26.0,True,0,
638,SR0000644,1,5,Maintenance,Hot water,maintenance,2025-07-26,2025-07-26,16,afternoon,P1,closed,whatsapp,90,102,24.0,True,0,
639,SR0000645,1,6,Maintenance,Wi-Fi down,maintenance,2025-07-31,2025-07-31,20,evening,P1,closed,whatsapp,60,38,3.0,False,0,
640,SR0000646,1,10,Billing,Incorrect folio,front_office,2025-08-16,2025-08-16,18,evening,P2,closed,whatsapp,240,87,11.0,False,0,
641,SR0000647,1,7,Maintenance,Plumbing,maintenance,2025-08-27,2025-08-27,13,afternoon,P2,closed,phone,180,13,4.0,False,0,
642,SR0000648,1,6,Maintenance,Wi-Fi down,maintenance,2025-08-29,2025-08-29,12,afternoon,P1,closed,phone,60,33,4.0,False,0,
643,SR0000649,1,2,Housekeeping,Extra towels/linen,housekeeping,2025-09-09,2025-09-09,20,evening,P3,closed,front_desk,45,97,24.0,True,0,3.0
644,SR0000650,1,4,Maintenance,AC not cooling,maintenance,2025-09-23,2025-09-23,3,overnight,P1,closed,whatsapp,120,25,3.0,False,0,5.0
645,SR0000651,1,8,Front Desk,Late check-in,front_office,2025-10-07,2025-10-07,20,evening,P2,closed,phone,30,9,1.0,False,0,
646,SR0000652,1,6,Maintenance,Wi-Fi down,maintenance,2025-10-16,2025-10-16,13,afternoon,P1,closed,whatsapp,60,63,11.0,True,0,
647,SR0000653,1,10,Billing,Incorrect folio,front_office,2025-11-02,2025-11-02,8,morning,P2,closed,whatsapp,240,191,40.0,False,0,5.0
648,SR0000655,1,4,Maintenance,AC not cooling,maintenance,2025-12-06,2025-12-06,11,morning,P1,closed,phone,120,68,13.0,False,0,5.0
649,SR0000656,1,2,Housekeeping,Extra towels/linen,housekeeping,2025-12-15,2025-12-15,12,afternoon,P3,closed,whatsapp,45,11,1.0,False,0,
650,SR0000657,1,2,Housekeeping,Extra towels/linen,housekeeping,2025-12-22,2025-12-22,23,evening,P3,closed,whatsapp,45,32,10.0,False,0,5.0
651,SR0000658,1,3,Housekeeping,Late checkout clean,housekeeping,2026-01-07,2026-01-07,12,afternoon,P2,closed,phone,90,13,1.0,False,0,5.0
652,SR0000659,1,9,Front Desk,Key/access issue,front_office,2026-01-25,2026-01-25,11,morning,P1,closed,whatsapp,30,28,9.0,False,0,
653,SR0000660,1,9,Front Desk,Key/access issue,front_office,2026-01-29,2026-01-29,12,afternoon,P1,closed,whatsapp,30,8,1.0,False,0,
654,SR0000661,1,9,Front Desk,Key/access issue,front_office,2026-01-30,2026-01-30,20,evening,P1,closed,whatsapp,30,7,2.0,False,0,
655,SR0000662,1,6,Maintenance,Wi-Fi down,maintenance,2026-01-31,2026-01-31,16,afternoon,P1,closed,front_desk,60,51,8.0,False,0,4.0
656,SR0000663,1,3,Housekeeping,Late checkout clean,housekeeping,2026-02-28,2026-03-01,23,evening,P2,closed,app,90,50,9.0,False,0,
657,SR0000664,1,6,Maintenance,Wi-Fi down,maintenance,2026-03-09,2026-03-09,15,afternoon,P1,closed,whatsapp,60,66,11.0,True,0,
658,SR0000665,1,6,Maintenance,Wi-Fi down,maintenance,2026-03-12,2026-03-12,18,evening,P1,closed,whatsapp,60,30,2.0,False,1,
659,SR0000666,1,7,Maintenance,Plumbing,maintenance,2026-03-14,2026-03-14,21,evening,P2,closed,phone,180,66,12.0,False,0,
660,SR0000667,1,10,Billing,Incorrect folio,front_office,2026-03-19,2026-03-19,17,afternoon,P2,closed,whatsapp,240,48,8.0,False,0,
661,SR0000668,1,7,Maintenance,Plumbing,maintenance,2026-04-01,2026-04-01,15,afternoon,P2,closed,phone,180,207,22.0,True,0,
662,SR0000669,1,10,Billing,Incorrect folio,front_office,2026-04-06,2026-04-06,11,morning,P2,closed,whatsapp,240,81,17.0,False,0,5.0
663,SR0000670,1,2,Housekeeping,Extra towels/linen,housekeeping,2026-04-07,2026-04-07,8,morning,P3,closed,front_desk,45,53,13.0,True,0,
664,SR0000671,1,9,Front Desk,Key/access issue,front_office,2026-04-17,2026-04-17,17,afternoon,P1,closed,whatsapp,30,27,6.0,False,0,5.0
665,SR0000672,1,3,Housekeeping,Late checkout clean,housekeeping,2026-04-21,2026-04-21,14,afternoon,P2,closed,phone,90,7,1.0,False,0,
666,SR0000673,1,10,Billing,Incorrect folio,front_office,2026-04-22,2026-04-22,18,evening,P2,closed,app,240,98,22.0,False,0,
667,SR0000674,1,6,Maintenance,Wi-Fi down,maintenance,2026-04-28,2026-04-28,15,afternoon,P1,closed,whatsapp,60,10,3.0,False,0,
668,SR0000675,1,1,Housekeeping,Room not cleaned,housekeeping,2026-04-29,2026-04-29,11,morning,P2,closed,whatsapp,60,33,5.0,False,0,
669,SR0000676,1,7,Maintenance,Plumbing,maintenance,2026-05-03,2026-05-03,9,morning,P2,closed,front_desk,180,101,30.0,False,0,4.0
670,SR0000677,1,3,Housekeeping,Late checkout clean,housekeeping,2026-05-06,2026-05-07,23,evening,P2,closed,whatsapp,90,18,4.0,False,0,
671,SR0000678,1,10,Billing,Incorrect folio,front_office,2026-05-22,2026-05-22,15,afternoon,P2,closed,phone,240,52,9.0,False,0,4.0
672,SR0000679,1,2,Housekeeping,Extra towels/linen,housekeeping,2026-06-13,2026-06-13,9,morning,P3,closed,email,45,10,1.0,False,0,5.0
673,SR0000680,1,5,Maintenance,Hot water,maintenance,2026-06-17,2026-06-17,13,afternoon,P1,closed,front_desk,90,70,18.0,False,0,
674,SR0000681,1,10,Billing,Incorrect folio,front_office,2026-06-18,2026-06-18,17,afternoon,P2,closed,app,240,189,55.0,False,0,5.0
675,SR0000682,1,6,Maintenance,Wi-Fi down,maintenance,2026-06-25,2026-06-25,7,morning,P1,closed,front_desk,60,19,1.0,False,0,
676,SR0000683,1,8,Front Desk,Late check-in,front_office,2026-07-02,2026-07-02,13,afternoon,P2,closed,app,30,13,4.0,False,0,5.0
677,SR0000684,1,5,Maintenance,Hot water,maintenance,2026-07-14,2026-07-14,17,afternoon,P1,closed,front_desk,90,69,18.0,False,0,5.0
678,SR0000685,1,9,Front Desk,Key/access issue,front_office,2026-07-28,2026-07-28,13,afternoon,P1,closed,front_desk,30,10,2.0,False,0,5.0
679,SR0000686,1,1,Housekeeping,Room not cleaned,housekeeping,2026-07-29,2026-07-29,22,evening,P2,closed,phone,60,23,4.0,False,0,5.0
680,SR0000687,1,10,Billing,Incorrect folio,front_office,2025-02-11,2025-02-11,12,afternoon,P2,closed,whatsapp,240,237,87.0,False,1,4.0
681,SR0000688,1,10,Billing,Incorrect folio,front_office,2025-02-26,2025-02-26,9,morning,P2,closed,app,240,254,25.0,True,0,
682,SR0000689,1,8,Front Desk,Late check-in,front_office,2025-03-24,2025-03-24,12,afternoon,P2,closed,phone,30,50,12.0,True,0,2.0
683,SR0000690,1,3,Housekeeping,Late checkout clean,housekeeping,2025-03-25,2025-03-25,12,afternoon,P2,closed,whatsapp,90,41,5.0,False,0,
684,SR0000691,1,7,Maintenance,Plumbing,maintenance,2025-04-10,2025-04-10,10,morning,P2,closed,front_desk,180,100,20.0,False,0,4.0
685,SR0000692,1,5,Maintenance,Hot water,maintenance,2025-04-15,2025-04-15,15,afternoon,P1,closed,phone,90,25,2.0,False,0,
686,SR0000693,1,1,Housekeeping,Room not cleaned,housekeeping,2025-04-20,2025-04-20,21,evening,P2,closed,whatsapp,60,33,7.0,False,0,
687,SR0000694,1,2,Housekeeping,Extra towels/linen,housekeeping,2025-04-22,2025-04-22,15,afternoon,P3,closed,front_desk,45,35,11.0,False,0,
688,SR0000695,1,6,Maintenance,Wi-Fi down,maintenance,2025-05-01,2025-05-01,4,overnight,P1,closed,whatsapp,60,13,1.0,False,0,
689,SR0000696,1,4,Maintenance,AC not cooling,maintenance,2025-05-11,2025-05-11,9,morning,P1,closed,app,120,119,32.0,False,0,4.0
690,SR0000697,1,7,Maintenance,Plumbing,maintenance,2025-05-14,2025-05-14,16,afternoon,P2,closed,whatsapp,180,109,15.0,False,0,5.0
691,SR0000698,1,9,Front Desk,Key/access issue,front_office,2025-05-27,2025-05-27,22,evening,P1,closed,whatsapp,30,18,6.0,False,0,
692,SR0000699,1,10,Billing,Incorrect folio,front_office,2025-06-30,2025-06-30,20,evening,P2,closed,app,240,113,9.0,False,0,4.0
693,SR0000700,1,10,Billing,Incorrect folio,front_office,2025-07-03,2025-07-03,20,evening,P2,closed,phone,240,27,5.0,False,0,
694,SR0000701,1,3,Housekeeping,Late checkout clean,housekeeping,2025-07-11,2025-07-11,15,afternoon,P2,closed,whatsapp,90,43,4.0,False,0,
695,SR0000702,1,8,Front Desk,Late check-in,front_office,2025-07-17,2025-07-17,9,morning,P2,closed,whatsapp,30,5,1.0,False,0,4.0
696,SR0000703,1,4,Maintenance,AC not cooling,maintenance,2025-07-29,2025-07-29,15,afternoon,P1,closed,front_desk,120,25,2.0,False,0,
697,SR0000704,1,2,Housekeeping,Extra towels/linen,housekeeping,2025-07-31,2025-07-31,5,overnight,P3,closed,app,45,58,22.0,True,0,3.0
698,SR0000705,1,10,Billing,Incorrect folio,front_office,2025-08-04,2025-08-04,14,afternoon,P2,closed,whatsapp,240,117,15.0,False,0,5.0
699,SR0000706,1,8,Front Desk,Late check-in,front_office,2025-08-07,2025-08-07,17,afternoon,P2,closed,email,30,4,1.0,False,0,
700,SR0000707,1,10,Billing,Incorrect folio,front_office,2025-08-08,2025-08-08,11,morning,P2,closed,whatsapp,240,192,34.0,False,0,4.0
701,SR0000708,1,8,Front Desk,Late check-in,front_office,2025-08-15,2025-08-15,11,morning,P2,closed,whatsapp,30,4,1.0,False,0,
702,SR0000709,1,7,Maintenance,Plumbing,maintenance,2025-08-31,2025-08-31,14,afternoon,P2,closed,whatsapp,180,49,4.0,False,0,
703,SR0000710,1,7,Maintenance,Plumbing,maintenance,2025-09-09,2025-09-09,19,evening,P2,closed,phone,180,60,19.0,False,0,4.0
704,SR0000711,1,4,Maintenance,AC not cooling,maintenance,2025-09-27,2025-09-27,15,afternoon,P1,closed,front_desk,120,35,9.0,False,0,5.0
705,SR0000712,1,4,Maintenance,AC not cooling,maintenance,2025-10-01,2025-10-01,15,afternoon,P1,closed,app,120,90,12.0,False,0,
706,SR0000713,1,5,Maintenance,Hot water,maintenance,2025-10-06,2025-10-06,9,morning,P1,closed,email,90,13,1.0,False,1,
707,SR0000714,1,6,Maintenance,Wi-Fi down,maintenance,2025-10-10,2025-10-10,13,afternoon,P1,closed,phone,60,39,7.0,False,0,
708,SR0000715,1,5,Maintenance,Hot water,maintenance,2025-10-30,2025-10-30,17,afternoon,P1,closed,phone,90,55,21.0,False,0,4.0
709,SR0000716,1,10,Billing,Incorrect folio,front_office,2025-11-14,2025-11-14,15,afternoon,P2,closed,front_desk,240,126,32.0,False,0,
710,SR0000717,1,2,Housekeeping,Extra towels/linen,housekeeping,2025-12-04,2025-12-04,19,evening,P3,closed,whatsapp,45,102,18.0,True,0,
711,SR0000718,1,9,Front Desk,Key/access issue,front_office,2025-12-18,2025-12-18,21,evening,P1,closed,whatsapp,30,4,1.0,False,0,
712,SR0000719,1,9,Front Desk,Key/access issue,front_office,2025-12-30,2025-12-30,12,afternoon,P1,closed,whatsapp,30,7,1.0,False,0,
713,SR0000720,1,7,Maintenance,Plumbing,maintenance,2026-01-12,2026-01-12,17,afternoon,P2,closed,whatsapp,180,84,24.0,False,0,
714,SR0000721,1,6,Maintenance,Wi-Fi down,maintenance,2026-01-20,2026-01-20,16,afternoon,P1,closed,front_desk,60,35,3.0,False,0,3.0
715,SR0000722,1,7,Maintenance,Plumbing,maintenance,2026-01-26,2026-01-26,5,overnight,P2,closed,email,180,86,33.0,False,0,4.0
716,SR0000723,1,9,Front Desk,Key/access issue,front_office,2026-01-28,2026-01-28,23,evening,P1,closed,whatsapp,30,15,3.0,False,0,5.0
717,SR0000724,1,5,Maintenance,Hot water,maintenance,2026-02-04,2026-02-04,19,evening,P1,closed,phone,90,37,5.0,False,0,
718,SR0000725,1,8,Front Desk,Late check-in,front_office,2026-02-07,2026-02-07,16,afternoon,P2,closed,whatsapp,30,24,5.0,False,0,
719,SR0000726,1,9,Front Desk,Key/access issue,front_office,2026-02-13,2026-02-13,11,morning,P1,closed,app,30,34,11.0,True,0,
720,SR0000727,1,10,Billing,Incorrect folio,front_office,2026-02-19,2026-02-19,17,afternoon,P2,closed,app,240,59,5.0,False,0,
721,SR0000728,1,4,Maintenance,AC not cooling,maintenance,2026-02-20,2026-02-20,12,afternoon,P1,closed,whatsapp,120,20,6.0,False,0,
722,SR0000729,1,10,Billing,Incorrect folio,front_office,2026-02-24,2026-02-24,20,evening,P2,closed,front_desk,240,60,21.0,False,0,
723,SR0000730,1,3,Housekeeping,Late checkout clean,housekeeping,2026-03-10,2026-03-10,11,morning,P2,closed,front_desk,90,40,11.0,False,0,
724,SR0000731,1,6,Maintenance,Wi-Fi down,maintenance,2026-03-14,2026-03-14,14,afternoon,P1,closed,app,60,20,3.0,False,0,
725,SR0000732,1,5,Maintenance,Hot water,maintenance,2026-03-19,2026-03-19,17,afternoon,P1,closed,whatsapp,90,49,15.0,False,0,
726,SR0000733,1,5,Maintenance,Hot water,maintenance,2026-03-26,2026-03-26,17,afternoon,P1,closed,front_desk,90,132,15.0,True,0,
727,SR0000734,1,6,Maintenance,Wi-Fi down,maintenance,2026-03-30,2026-03-30,21,evening,P1,closed,front_desk,60,24,8.0,False,0,
728,SR0000735,1,10,Billing,Incorrect folio,front_office,2026-04-08,2026-04-08,17,afternoon,P2,closed,whatsapp,240,76,24.0,False,0,5.0
729,SR0000736,1,5,Maintenance,Hot water,maintenance,2026-04-10,2026-04-10,11,morning,P1,closed,front_desk,90,12,4.0,False,0,
730,SR0000737,1,7,Maintenance,Plumbing,maintenance,2026-05-05,2026-05-05,20,evening,P2,closed,front_desk,180,186,46.0,True,0,
731,SR0000738,1,5,Maintenance,Hot water,maintenance,2026-05-21,2026-05-21,12,afternoon,P1,closed,front_desk,90,51,14.0,False,0,2.0
732,SR0000739,1,9,Front Desk,Key/access issue,front_office,2026-05-24,2026-05-24,14,afternoon,P1,closed,whatsapp,30,32,5.0,True,0,
733,SR0000740,1,8,Front Desk,Late check-in,front_office,2026-06-11,2026-06-11,15,afternoon,P2,closed,front_desk,30,19,4.0,False,0,5.0
734,SR0000741,1,5,Maintenance,Hot water,maintenance,2026-07-06,2026-07-06,18,evening,P1,closed,phone,90,137,32.0,True,0,
735,SR0000742,1,3,Housekeeping,Late checkout clean,housekeeping,2026-07-15,2026-07-15,8,morning,P2,closed,whatsapp,90,32,8.0,False,0,4.0
736,SR0000743,1,3,Housekeeping,Late checkout clean,housekeeping,2026-07-16,2026-07-16,15,afternoon,P2,closed,whatsapp,90,82,12.0,False,0,5.0
737,SR0000744,1,4,Maintenance,AC not cooling,maintenance,2026-07-22,2026-07-22,8,morning,P1,closed,front_desk,120,94,15.0,False,0,
738,SR0000745,1,8,Front Desk,Late check-in,front_office,2026-07-24,2026-07-24,17,afternoon,P2,closed,phone,30,17,6.0,False,0,5.0
739,SR0000746,1,3,Housekeeping,Late checkout clean,housekeeping,2026-08-03,2026-08-03,7,morning,P2,closed,front_desk,90,40,12.0,False,0,5.0
740,SR0000747,1,6,Maintenance,Wi-Fi down,maintenance,2026-08-06,2026-08-06,9,morning,P1,closed,front_desk,60,18,2.0,False,0,
741,SR0000748,1,2,Housekeeping,Extra towels/linen,housekeeping,2025-02-02,2025-02-02,16,afternoon,P3,closed,whatsapp,45,84,29.0,True,0,
742,SR0000749,1,1,Housekeeping,Room not cleaned,housekeeping,2025-02-04,2025-02-04,14,afternoon,P2,closed,whatsapp,60,30,7.0,False,0,4.0
743,SR0000750,1,2,Housekeeping,Extra towels/linen,housekeeping,2025-02-11,2025-02-11,11,morning,P3,closed,whatsapp,45,4,1.0,False,0,
744,SR0000751,1,10,Billing,Incorrect folio,front_office,2025-02-15,2025-02-15,19,evening,P2,closed,phone,240,55,8.0,False,0,
745,SR0000752,1,10,Billing,Incorrect folio,front_office,2025-03-13,2025-03-13,20,evening,P2,closed,app,240,63,11.0,False,0,5.0
746,SR0000753,1,3,Housekeeping,Late checkout clean,housekeeping,2025-03-24,2025-03-24,9,morning,P2,closed,app,90,16,5.0,False,0,
747,SR0000754,1,6,Maintenance,Wi-Fi down,maintenance,2025-04-07,2025-04-07,19,evening,P1,closed,front_desk,60,16,1.0,False,0,4.0
748,SR0000755,1,7,Maintenance,Plumbing,maintenance,2025-05-06,2025-05-06,10,morning,P2,closed,whatsapp,180,98,16.0,False,0,
749,SR0000756,1,1,Housekeeping,Room not cleaned,housekeeping,2025-05-17,2025-05-17,18,evening,P2,closed,whatsapp,60,43,9.0,False,0,5.0
750,SR0000757,1,4,Maintenance,AC not cooling,maintenance,2025-05-26,2025-05-26,15,afternoon,P1,closed,whatsapp,120,9,1.0,False,0,
751,SR0000758,1,10,Billing,Incorrect folio,front_office,2025-05-28,2025-05-28,14,afternoon,P2,closed,front_desk,240,118,26.0,False,1,
752,SR0000759,1,5,Maintenance,Hot water,maintenance,2025-06-04,2025-06-04,14,afternoon,P1,closed,whatsapp,90,123,30.0,True,0,2.0
753,SR0000760,1,6,Maintenance,Wi-Fi down,maintenance,2025-06-26,2025-06-26,18,evening,P1,closed,app,60,90,29.0,True,0,
754,SR0000761,1,6,Maintenance,Wi-Fi down,maintenance,2025-07-29,2025-07-29,5,overnight,P1,closed,front_desk,60,47,12.0,False,0,
755,SR0000762,1,1,Housekeeping,Room not cleaned,housekeeping,2025-08-14,2025-08-14,15,afternoon,P2,closed,front_desk,60,7,1.0,False,0,
756,SR0000763,1,9,Front Desk,Key/access issue,front_office,2025-08-15,2025-08-15,12,afternoon,P1,closed,front_desk,30,4,1.0,False,0,
757,SR0000764,1,7,Maintenance,Plumbing,maintenance,2025-08-16,2025-08-16,15,afternoon,P2,closed,phone,180,72,15.0,False,0,
758,SR0000765,1,7,Maintenance,Plumbing,maintenance,2025-09-05,2025-09-05,18,evening,P2,closed,whatsapp,180,124,45.0,False,0,
759,SR0000766,1,5,Maintenance,Hot water,maintenance,2025-09-18,2025-09-18,13,afternoon,P1,closed,whatsapp,90,23,6.0,False,0,
760,SR0000767,1,2,Housekeeping,Extra towels/linen,housekeeping,2025-10-04,2025-10-04,12,afternoon,P3,closed,front_desk,45,6,1.0,False,0,
761,SR0000768,1,10,Billing,Incorrect folio,front_office,2025-10-26,2025-10-26,13,afternoon,P2,closed,whatsapp,240,127,21.0,False,0,
762,SR0000769,1,3,Housekeeping,Late checkout clean,housekeeping,2025-11-08,2025-11-08,10,morning,P2,closed,whatsapp,90,78,14.0,False,0,
763,SR0000770,1,8,Front Desk,Late check-in,front_office,2025-11-13,2025-11-13,11,morning,P2,closed,app,30,12,3.0,False,0,4.0
764,SR0000771,1,7,Maintenance,Plumbing,maintenance,2025-11-14,2025-11-14,19,evening,P2,closed,front_desk,180,15,4.0,False,0,
765,SR0000772,1,3,Housekeeping,Late checkout clean,housekeeping,2025-12-12,2025-12-12,16,afternoon,P2,closed,whatsapp,90,59,11.0,False,0,
766,SR0000773,1,5,Maintenance,Hot water,maintenance,2025-12-13,2025-12-13,12,afternoon,P1,closed,whatsapp,90,19,3.0,False,0,
767,SR0000774,1,8,Front Desk,Late check-in,front_office,2025-12-14,2025-12-14,9,morning,P2,closed,front_desk,30,18,2.0,False,0,
768,SR0000775,1,3,Housekeeping,Late checkout clean,housekeeping,2025-12-19,2025-12-19,17,afternoon,P2,closed,email,90,185,57.0,True,0,
769,SR0000776,1,2,Housekeeping,Extra towels/linen,housekeeping,2025-12-31,2025-12-31,17,afternoon,P3,closed,app,45,36,9.0,False,0,5.0
770,SR0000777,1,3,Housekeeping,Late checkout clean,housekeeping,2026-01-19,2026-01-19,18,evening,P2,closed,whatsapp,90,32,2.0,False,0,
771,SR0000778,1,8,Front Desk,Late check-in,front_office,2026-01-24,2026-01-24,12,afternoon,P2,closed,whatsapp,30,26,6.0,False,1,5.0
772,SR0000779,1,10,Billing,Incorrect folio,front_office,2026-01-27,2026-01-27,14,afternoon,P2,closed,whatsapp,240,181,15.0,False,0,
773,SR0000780,1,5,Maintenance,Hot water,maintenance,2026-01-30,2026-01-30,17,afternoon,P1,closed,whatsapp,90,40,9.0,False,0,
774,SR0000781,1,2,Housekeeping,Extra towels/linen,housekeeping,2026-02-06,2026-02-06,9,morning,P3,closed,whatsapp,45,19,7.0,False,0,
775,SR0000782,1,10,Billing,Incorrect folio,front_office,2026-02-21,2026-02-21,12,afternoon,P2,closed,whatsapp,240,86,24.0,False,0,5.0
776,SR0000783,1,5,Maintenance,Hot water,maintenance,2026-02-28,2026-02-28,15,afternoon,P1,closed,whatsapp,90,85,10.0,False,0,
777,SR0000784,1,4,Maintenance,AC not cooling,maintenance,2026-03-10,2026-03-10,21,evening,P1,closed,whatsapp,120,22,7.0,False,0,
778,SR0000785,1,2,Housekeeping,Extra towels/linen,housekeeping,2026-04-04,2026-04-04,20,evening,P3,closed,front_desk,45,9,2.0,False,0,
779,SR0000786,1,4,Maintenance,AC not cooling,maintenance,2026-04-13,2026-04-13,7,morning,P1,closed,phone,120,79,29.0,False,0,5.0
780,SR0000787,1,7,Maintenance,Plumbing,maintenance,2026-04-16,2026-04-16,11,morning,P2,closed,email,180,74,26.0,False,0,5.0
781,SR0000788,1,5,Maintenance,Hot water,maintenance,2026-04-18,2026-04-18,21,evening,P1,closed,app,90,67,24.0,False,0,5.0
782,SR0000789,1,4,Maintenance,AC not cooling,maintenance,2026-04-21,2026-04-22,23,evening,P1,closed,whatsapp,120,26,3.0,False,0,
783,SR0000790,1,2,Housekeeping,Extra towels/linen,housekeeping,2026-05-01,2026-05-01,10,morning,P3,closed,phone,45,77,21.0,True,0,
784,SR0000791,1,10,Billing,Incorrect folio,front_office,2026-05-06,2026-05-06,15,afternoon,P2,closed,front_desk,240,313,73.0,True,0,
785,SR0000792,1,5,Maintenance,Hot water,maintenance,2026-05-09,2026-05-09,21,evening,P1,closed,whatsapp,90,137,11.0,True,0,
786,SR0000793,1,8,Front Desk,Late check-in,front_office,2026-05-26,2026-05-26,9,morning,P2,closed,app,30,21,5.0,False,0,3.0
787,SR0000794,1,9,Front Desk,Key/access issue,front_office,2026-06-01,2026-06-01,5,overnight,P1,closed,whatsapp,30,11,1.0,False,0,4.0
788,SR0000795,1,1,Housekeeping,Room not cleaned,housekeeping,2026-06-02,2026-06-02,11,morning,P2,closed,phone,60,30,9.0,False,0,
789,SR0000796,1,8,Front Desk,Late check-in,front_office,2026-06-06,2026-06-06,10,morning,P2,closed,front_desk,30,10,2.0,False,0,4.0
790,SR0000797,1,3,Housekeeping,Late checkout clean,housekeeping,2026-06-08,2026-06-09,22,evening,P2,closed,whatsapp,90,110,23.0,True,0,3.0
791,SR0000798,1,5,Maintenance,Hot water,maintenance,2026-06-10,2026-06-10,12,afternoon,P1,closed,front_desk,90,57,21.0,False,0,
792,SR0000799,1,2,Housekeeping,Extra towels/linen,housekeeping,2026-06-11,2026-06-11,7,morning,P3,closed,app,45,50,9.0,True,0,4.0
793,SR0000800,1,4,Maintenance,AC not cooling,maintenance,2026-06-16,2026-06-16,19,evening,P1,closed,whatsapp,120,8,1.0,False,0,5.0
794,SR0000801,1,2,Housekeeping,Extra towels/linen,housekeeping,2026-06-18,2026-06-18,1,overnight,P3,closed,front_desk,45,30,8.0,False,0,4.0
795,SR0000802,1,1,Housekeeping,Room not cleaned,housekeeping,2026-06-24,2026-06-24,15,afternoon,P2,closed,whatsapp,60,138,29.0,True,0,3.0
796,SR0000803,1,2,Housekeeping,Extra towels/linen,housekeeping,2026-06-26,2026-06-26,19,evening,P3,closed,whatsapp,45,23,4.0,False,0,
797,SR0000804,1,6,Maintenance,Wi-Fi down,maintenance,2026-06-27,2026-06-27,15,afternoon,P1,closed,whatsapp,60,27,8.0,False,0,5.0
798,SR0000805,1,5,Maintenance,Hot water,maintenance,2026-07-27,2026-07-27,8,morning,P1,closed,front_desk,90,20,6.0,False,0,
799,SR0000806,1,5,Maintenance,Hot water,maintenance,2026-08-11,2026-08-11,11,morning,P1,closed,front_desk,90,38,10.0,False,0,4.0
800,SR0000807,1,10,Billing,Incorrect folio,front_office,2025-02-01,2025-02-02,20,evening,P2,closed,whatsapp,240,298,31.0,True,0,3.0
801,SR0000808,1,4,Maintenance,AC not cooling,maintenance,2025-02-02,2025-02-02,7,morning,P1,closed,phone,120,124,16.0,True,0,
802,SR0000809,1,6,Maintenance,Wi-Fi down,maintenance,2025-02-06,2025-02-06,23,evening,P1,closed,front_desk,60,30,9.0,False,0,4.0
803,SR0000810,1,6,Maintenance,Wi-Fi down,maintenance,2025-02-10,2025-02-10,20,evening,P1,closed,phone,60,39,11.0,False,0,
804,SR0000811,1,9,Front Desk,Key/access issue,front_office,2025-02-21,2025-02-21,22,evening,P1,closed,whatsapp,30,4,1.0,False,0,
805,SR0000812,1,10,Billing,Incorrect folio,front_office,2025-02-27,2025-02-27,16,afternoon,P2,closed,whatsapp,240,123,36.0,False,0,5.0
806,SR0000813,1,1,Housekeeping,Room not cleaned,housekeeping,2025-03-03,2025-03-03,15,afternoon,P2,closed,whatsapp,60,86,7.0,True,0,3.0
807,SR0000814,1,3,Housekeeping,Late checkout clean,housekeeping,2025-03-04,2025-03-04,8,morning,P2,closed,front_desk,90,181,57.0,True,0,3.0
808,SR0000815,1,6,Maintenance,Wi-Fi down,maintenance,2025-03-15,2025-03-16,23,evening,P1,closed,front_desk,60,38,11.0,False,0,
809,SR0000816,1,5,Maintenance,Hot water,maintenance,2025-03-21,2025-03-21,10,morning,P1,closed,phone,90,9,2.0,False,0,
810,SR0000817,1,5,Maintenance,Hot water,maintenance,2025-04-05,2025-04-05,9,morning,P1,closed,whatsapp,90,89,18.0,False,0,
811,SR0000818,1,7,Maintenance,Plumbing,maintenance,2025-04-12,2025-04-12,13,afternoon,P2,closed,front_desk,180,247,38.0,True,0,
812,SR0000819,1,1,Housekeeping,Room not cleaned,housekeeping,2025-04-25,2025-04-25,9,morning,P2,closed,phone,60,64,23.0,True,0,
813,SR0000820,1,4,Maintenance,AC not cooling,maintenance,2025-05-08,2025-05-08,20,evening,P1,closed,phone,120,44,13.0,False,0,
814,SR0000821,1,5,Maintenance,Hot water,maintenance,2025-05-16,2025-05-16,12,afternoon,P1,closed,app,90,74,23.0,False,0,
815,SR0000822,1,3,Housekeeping,Late checkout clean,housekeeping,2025-05-21,2025-05-21,22,evening,P2,closed,whatsapp,90,31,6.0,False,0,5.0
816,SR0000823,1,4,Maintenance,AC not cooling,maintenance,2025-05-24,2025-05-24,20,evening,P1,closed,phone,120,39,13.0,False,0,4.0
817,SR0000824,1,6,Maintenance,Wi-Fi down,maintenance,2025-05-31,2025-05-31,9,morning,P1,closed,front_desk,60,37,6.0,False,0,
818,SR0000825,1,8,Front Desk,Late check-in,front_office,2025-06-11,2025-06-11,11,morning,P2,closed,phone,30,19,7.0,False,0,4.0
819,SR0000826,1,5,Maintenance,Hot water,maintenance,2025-06-24,2025-06-24,16,afternoon,P1,closed,whatsapp,90,100,35.0,True,0,
820,SR0000827,1,1,Housekeeping,Room not cleaned,housekeeping,2025-07-01,2025-07-01,20,evening,P2,closed,phone,60,7,1.0,False,0,5.0
821,SR0000828,1,8,Front Desk,Late check-in,front_office,2025-07-11,2025-07-11,4,overnight,P2,closed,phone,30,16,1.0,False,0,4.0
822,SR0000829,1,10,Billing,Incorrect folio,front_office,2025-08-21,2025-08-21,13,afternoon,P2,closed,whatsapp,240,182,54.0,False,0,
823,SR0000830,1,8,Front Desk,Late check-in,front_office,2025-08-26,2025-08-26,7,morning,P2,closed,front_desk,30,17,3.0,False,0,
824,SR0000831,1,3,Housekeeping,Late checkout clean,housekeeping,2025-08-30,2025-08-30,10,morning,P2,closed,phone,90,91,18.0,True,0,
825,SR0000832,1,3,Housekeeping,Late checkout clean,housekeeping,2025-09-03,2025-09-03,18,evening,P2,closed,whatsapp,90,97,23.0,True,1,4.0
826,SR0000833,1,3,Housekeeping,Late checkout clean,housekeeping,2025-09-12,2025-09-12,13,afternoon,P2,closed,whatsapp,90,49,8.0,False,0,
827,SR0000834,1,5,Maintenance,Hot water,maintenance,2025-09-23,2025-09-23,14,afternoon,P1,closed,whatsapp,90,68,10.0,False,0,
828,SR0000835,1,3,Housekeeping,Late checkout clean,housekeeping,2025-09-25,2025-09-25,18,evening,P2,closed,whatsapp,90,16,3.0,False,0,
829,SR0000836,1,6,Maintenance,Wi-Fi down,maintenance,2025-10-01,2025-10-01,11,morning,P1,closed,app,60,63,10.0,True,0,
830,SR0000837,1,3,Housekeeping,Late checkout clean,housekeeping,2025-10-06,2025-10-06,10,morning,P2,closed,app,90,163,61.0,True,0,
831,SR0000838,1,9,Front Desk,Key/access issue,front_office,2025-10-11,2025-10-11,14,afternoon,P1,closed,whatsapp,30,17,1.0,False,0,
832,SR0000839,1,8,Front Desk,Late check-in,front_office,2025-10-12,2025-10-12,20,evening,P2,closed,front_desk,30,7,1.0,False,0,
833,SR0000840,1,10,Billing,Incorrect folio,front_office,2025-10-18,2025-10-18,21,evening,P2,closed,whatsapp,240,29,5.0,False,0,
834,SR0000841,1,5,Maintenance,Hot water,maintenance,2025-10-19,2025-10-20,23,evening,P1,closed,whatsapp,90,90,16.0,False,0,5.0
835,SR0000842,1,4,Maintenance,AC not cooling,maintenance,2025-10-21,2025-10-21,17,afternoon,P1,closed,app,120,23,2.0,False,0,
836,SR0000844,1,5,Maintenance,Hot water,maintenance,2025-12-02,2025-12-02,19,evening,P1,closed,whatsapp,90,32,12.0,False,0,5.0
837,SR0000845,1,1,Housekeeping,Room not cleaned,housekeeping,2025-12-05,2025-12-05,8,morning,P2,closed,app,60,39,9.0,False,0,
838,SR0000846,1,6,Maintenance,Wi-Fi down,maintenance,2025-12-08,2025-12-08,10,morning,P1,closed,whatsapp,60,72,18.0,True,0,4.0
839,SR0000847,1,8,Front Desk,Late check-in,front_office,2025-12-11,2025-12-11,11,morning,P2,closed,whatsapp,30,35,3.0,True,0,3.0
840,SR0000848,1,9,Front Desk,Key/access issue,front_office,2026-01-02,2026-01-02,11,morning,P1,closed,front_desk,30,23,7.0,False,0,
841,SR0000849,1,8,Front Desk,Late check-in,front_office,2026-01-16,2026-01-16,13,afternoon,P2,closed,whatsapp,30,15,3.0,False,0,5.0
842,SR0000850,1,3,Housekeeping,Late checkout clean,housekeeping,2026-01-23,2026-01-23,10,morning,P2,closed,front_desk,90,38,13.0,False,0,
843,SR0000851,1,2,Housekeeping,Extra towels/linen,housekeeping,2026-01-28,2026-01-28,6,morning,P3,closed,whatsapp,45,29,3.0,False,0,4.0
844,SR0000852,1,7,Maintenance,Plumbing,maintenance,2026-02-12,2026-02-12,21,evening,P2,closed,whatsapp,180,82,20.0,False,0,
845,SR0000853,1,5,Maintenance,Hot water,maintenance,2026-03-06,2026-03-06,11,morning,P1,closed,app,90,12,4.0,False,0,
846,SR0000854,1,5,Maintenance,Hot water,maintenance,2026-03-30,2026-03-30,13,afternoon,P1,closed,front_desk,90,62,21.0,False,0,4.0
847,SR0000855,1,8,Front Desk,Late check-in,front_office,2026-03-31,2026-03-31,15,afternoon,P2,closed,email,30,4,1.0,False,0,
848,SR0000856,1,3,Housekeeping,Late checkout clean,housekeeping,2026-04-11,2026-04-12,23,evening,P2,closed,front_desk,90,60,11.0,False,0,4.0
849,SR0000857,1,8,Front Desk,Late check-in,front_office,2026-04-12,2026-04-12,18,evening,P2,closed,phone,30,11,1.0,False,0,
850,SR0000858,1,4,Maintenance,AC not cooling,maintenance,2026-04-27,2026-04-27,19,evening,P1,closed,phone,120,50,10.0,False,0,4.0
851,SR0000859,1,1,Housekeeping,Room not cleaned,housekeeping,2026-04-28,2026-04-28,17,afternoon,P2,closed,phone,60,22,6.0,False,0,4.0
852,SR0000860,1,9,Front Desk,Key/access issue,front_office,2026-05-11,2026-05-11,17,afternoon,P1,closed,whatsapp,30,12,2.0,False,0,
853,SR0000861,1,10,Billing,Incorrect folio,front_office,2026-05-15,2026-05-15,9,morning,P2,closed,whatsapp,240,320,47.0,True,0,2.0
854,SR0000862,1,5,Maintenance,Hot water,maintenance,2026-05-27,2026-05-27,4,overnight,P1,closed,phone,90,56,11.0,False,0,
855,SR0000863,1,9,Front Desk,Key/access issue,front_office,2026-06-05,2026-06-05,4,overnight,P1,closed,phone,30,44,4.0,True,0,2.0
856,SR0000864,1,1,Housekeeping,Room not cleaned,housekeeping,2026-06-14,2026-06-14,8,morning,P2,closed,whatsapp,60,14,4.0,False,0,
857,SR0000865,1,1,Housekeeping,Room not cleaned,housekeeping,2026-06-15,2026-06-15,11,morning,P2,closed,whatsapp,60,27,3.0,False,0,
858,SR0000866,1,2,Housekeeping,Extra towels/linen,housekeeping,2026-06-18,2026-06-18,11,morning,P3,closed,front_desk,45,13,2.0,False,1,
859,SR0000867,1,8,Front Desk,Late check-in,front_office,2026-07-02,2026-07-02,18,evening,P2,closed,whatsapp,30,30,8.0,False,0,
860,SR0000868,1,2,Housekeeping,Extra towels/linen,housekeeping,2026-07-15,2026-07-15,13,afternoon,P3,closed,whatsapp,45,4,1.0,False,0,5.0
861,SR0000869,1,9,Front Desk,Key/access issue,front_office,2026-08-03,2026-08-03,18,evening,P1,closed,whatsapp,30,15,5.0,False,1,4.0
862,SR0000870,1,1,Housekeeping,Room not cleaned,housekeeping,2025-03-13,2025-03-13,16,afternoon,P2,closed,whatsapp,60,22,3.0,False,1,
863,SR0000871,1,5,Maintenance,Hot water,maintenance,2025-03-19,2025-03-19,14,afternoon,P1,closed,front_desk,90,122,35.0,True,0,3.0
864,SR0000872,1,2,Housekeeping,Extra towels/linen,housekeeping,2025-03-20,2025-03-20,11,morning,P3,closed,whatsapp,45,27,9.0,False,0,
865,SR0000873,1,9,Front Desk,Key/access issue,front_office,2025-04-02,2025-04-02,12,afternoon,P1,closed,whatsapp,30,20,3.0,False,0,4.0
866,SR0000874,1,9,Front Desk,Key/access issue,front_office,2025-04-06,2025-04-06,23,evening,P1,closed,app,30,33,8.0,True,0,4.0
867,SR0000875,1,3,Housekeeping,Late checkout clean,housekeeping,2025-04-15,2025-04-15,11,morning,P2,closed,whatsapp,90,116,19.0,True,0,5.0
868,SR0000876,1,3,Housekeeping,Late checkout clean,housekeeping,2025-04-25,2025-04-25,18,evening,P2,closed,phone,90,16,1.0,False,0,
869,SR0000877,1,10,Billing,Incorrect folio,front_office,2025-05-16,2025-05-16,12,afternoon,P2,closed,email,240,157,56.0,False,0,
870,SR0000878,1,9,Front Desk,Key/access issue,front_office,2025-05-23,2025-05-23,12,afternoon,P1,closed,whatsapp,30,16,5.0,False,0,
871,SR0000879,1,1,Housekeeping,Room not cleaned,housekeeping,2025-05-27,2025-05-27,10,morning,P2,closed,whatsapp,60,42,15.0,False,0,
872,SR0000880,1,10,Billing,Incorrect folio,front_office,2025-06-19,2025-06-19,12,afternoon,P2,closed,app,240,141,12.0,False,1,
873,SR0000881,1,7,Maintenance,Plumbing,maintenance,2025-06-21,2025-06-21,19,evening,P2,closed,front_desk,180,231,28.0,True,0,
874,SR0000882,1,8,Front Desk,Late check-in,front_office,2025-07-15,2025-07-15,10,morning,P2,closed,phone,30,31,10.0,True,0,
875,SR0000883,1,1,Housekeeping,Room not cleaned,housekeeping,2025-07-20,2025-07-20,12,afternoon,P2,closed,whatsapp,60,21,4.0,False,0,4.0
876,SR0000884,1,5,Maintenance,Hot water,maintenance,2025-07-29,2025-07-29,12,afternoon,P1,closed,whatsapp,90,89,31.0,False,0,4.0
877,SR0000885,1,8,Front Desk,Late check-in,front_office,2025-08-04,2025-08-04,16,afternoon,P2,closed,phone,30,38,3.0,True,0,
878,SR0000886,1,10,Billing,Incorrect folio,front_office,2025-08-08,2025-08-08,17,afternoon,P2,closed,front_desk,240,24,6.0,False,0,
879,SR0000887,1,6,Maintenance,Wi-Fi down,maintenance,2025-08-10,2025-08-10,16,afternoon,P1,closed,whatsapp,60,59,18.0,False,0,3.0
880,SR0000888,1,10,Billing,Incorrect folio,front_office,2025-08-19,2025-08-19,15,afternoon,P2,closed,phone,240,180,39.0,False,0,
881,SR0000889,1,1,Housekeeping,Room not cleaned,housekeeping,2025-09-09,2025-09-09,15,afternoon,P2,closed,whatsapp,60,37,10.0,False,0,
882,SR0000890,1,8,Front Desk,Late check-in,front_office,2025-09-10,2025-09-10,20,evening,P2,closed,whatsapp,30,30,5.0,False,0,
883,SR0000891,1,8,Front Desk,Late check-in,front_office,2025-09-15,2025-09-15,12,afternoon,P2,closed,phone,30,7,1.0,False,0,4.0
884,SR0000892,1,1,Housekeeping,Room not cleaned,housekeeping,2025-09-28,2025-09-28,22,evening,P2,closed,whatsapp,60,77,27.0,True,0,3.0
885,SR0000893,1,6,Maintenance,Wi-Fi down,maintenance,2025-10-08,2025-10-08,12,afternoon,P1,closed,whatsapp,60,17,5.0,False,0,
886,SR0000894,1,1,Housekeeping,Room not cleaned,housekeeping,2025-10-16,2025-10-16,18,evening,P2,closed,whatsapp,60,14,1.0,False,1,
887,SR0000895,1,5,Maintenance,Hot water,maintenance,2025-10-22,2025-10-22,13,afternoon,P1,closed,app,90,33,4.0,False,0,
888,SR0000896,1,6,Maintenance,Wi-Fi down,maintenance,2025-10-28,2025-10-28,19,evening,P1,closed,front_desk,60,49,11.0,False,0,5.0
889,SR0000897,1,2,Housekeeping,Extra towels/linen,housekeeping,2025-11-29,2025-11-29,10,morning,P3,closed,app,45,13,3.0,False,0,
890,SR0000898,1,2,Housekeeping,Extra towels/linen,housekeeping,2025-12-04,2025-12-04,9,morning,P3,closed,whatsapp,45,31,6.0,False,0,4.0
891,SR0000899,1,9,Front Desk,Key/access issue,front_office,2025-12-07,2025-12-07,16,afternoon,P1,closed,front_desk,30,4,1.0,False,0,
892,SR0000900,1,9,Front Desk,Key/access issue,front_office,2026-01-05,2026-01-05,20,evening,P1,closed,phone,30,13,4.0,False,0,
893,SR0000901,1,2,Housekeeping,Extra towels/linen,housekeeping,2026-01-15,2026-01-15,21,evening,P3,closed,front_desk,45,16,4.0,False,0,4.0
894,SR0000902,1,2,Housekeeping,Extra towels/linen,housekeeping,2026-01-25,2026-01-25,16,afternoon,P3,closed,app,45,30,3.0,False,0,
895,SR0000903,1,8,Front Desk,Late check-in,front_office,2026-02-17,2026-02-17,12,afternoon,P2,closed,phone,30,21,8.0,False,0,
896,SR0000904,1,9,Front Desk,Key/access issue,front_office,2026-02-22,2026-02-22,22,evening,P1,closed,whatsapp,30,36,6.0,True,0,
897,SR0000905,1,7,Maintenance,Plumbing,maintenance,2026-02-28,2026-02-28,17,afternoon,P2,closed,phone,180,180,42.0,False,0,4.0
898,SR0000906,1,5,Maintenance,Hot water,maintenance,2026-03-19,2026-03-19,8,morning,P1,closed,whatsapp,90,11,2.0,False,0,
899,SR0000907,1,5,Maintenance,Hot water,maintenance,2026-04-08,2026-04-08,19,evening,P1,closed,whatsapp,90,33,7.0,False,0,4.0
900,SR0000908,1,6,Maintenance,Wi-Fi down,maintenance,2026-04-09,2026-04-09,22,evening,P1,closed,phone,60,33,2.0,False,0,5.0
901,SR0000909,1,7,Maintenance,Plumbing,maintenance,2026-04-19,2026-04-19,14,afternoon,P2,closed,whatsapp,180,39,7.0,False,0,
902,SR0000910,1,4,Maintenance,AC not cooling,maintenance,2026-05-08,2026-05-09,23,evening,P1,closed,phone,120,57,6.0,False,0,4.0
903,SR0000911,1,5,Maintenance,Hot water,maintenance,2026-05-11,2026-05-12,23,evening,P1,closed,phone,90,42,15.0,False,0,
904,SR0000912,1,3,Housekeeping,Late checkout clean,housekeeping,2026-05-23,2026-05-23,15,afternoon,P2,closed,front_desk,90,29,5.0,False,0,
905,SR0000913,1,6,Maintenance,Wi-Fi down,maintenance,2026-06-05,2026-06-05,7,morning,P1,closed,app,60,17,3.0,False,0,
906,SR0000914,1,10,Billing,Incorrect folio,front_office,2026-06-13,2026-06-14,23,evening,P2,closed,whatsapp,240,333,129.0,True,0,
907,SR0000915,1,6,Maintenance,Wi-Fi down,maintenance,2026-06-16,2026-06-16,17,afternoon,P1,closed,whatsapp,60,52,9.0,False,0,
908,SR0000916,1,5,Maintenance,Hot water,maintenance,2026-06-18,2026-06-18,3,overnight,P1,closed,phone,90,35,5.0,False,0,
909,SR0000917,1,7,Maintenance,Plumbing,maintenance,2026-06-19,2026-06-19,8,morning,P2,closed,whatsapp,180,159,48.0,False,0,
910,SR0000918,1,10,Billing,Incorrect folio,front_office,2026-06-30,2026-06-30,12,afternoon,P2,closed,whatsapp,240,32,9.0,False,1,
911,SR0000919,1,4,Maintenance,AC not cooling,maintenance,2026-07-17,2026-07-17,21,evening,P1,closed,front_desk,120,7,1.0,False,0,
912,SR0000920,1,3,Housekeeping,Late checkout clean,housekeeping,2026-07-27,2026-07-27,18,evening,P2,closed,whatsapp,90,63,9.0,False,0,
913,SR0000921,1,3,Housekeeping,Late checkout clean,housekeeping,2026-08-08,2026-08-08,15,afternoon,P2,closed,whatsapp,90,62,11.0,False,0,
914,SR0000922,2,3,Housekeeping,Late checkout clean,housekeeping,2025-02-04,2025-02-04,11,morning,P2,closed,whatsapp,90,45,13.0,False,0,4.0
915,SR0000923,2,3,Housekeeping,Late checkout clean,housekeeping,2025-02-08,2025-02-08,22,evening,P2,closed,app,90,49,18.0,False,0,
916,SR0000924,2,2,Housekeeping,Extra towels/linen,housekeeping,2025-02-12,2025-02-12,16,afternoon,P3,closed,front_desk,45,43,8.0,False,0,
917,SR0000925,2,9,Front Desk,Key/access issue,front_office,2025-02-19,2025-02-19,16,afternoon,P1,closed,email,30,30,8.0,False,0,
918,SR0000926,2,10,Billing,Incorrect folio,front_office,2025-02-20,2025-02-21,18,evening,P2,closed,phone,240,352,74.0,True,0,4.0
919,SR0000927,2,10,Billing,Incorrect folio,front_office,2025-03-02,2025-03-02,5,overnight,P2,closed,phone,240,192,19.0,False,0,
920,SR0000928,2,5,Maintenance,Hot water,maintenance,2025-03-03,2025-03-03,8,morning,P1,closed,whatsapp,90,24,8.0,False,0,4.0
921,SR0000929,2,6,Maintenance,Wi-Fi down,maintenance,2025-03-11,2025-03-11,9,morning,P1,closed,app,60,14,4.0,False,0,
922,SR0000930,2,8,Front Desk,Late check-in,front_office,2025-03-14,2025-03-14,12,afternoon,P2,closed,whatsapp,30,28,4.0,False,0,5.0
923,SR0000931,2,5,Maintenance,Hot water,maintenance,2025-03-30,2025-03-31,23,evening,P1,closed,whatsapp,90,96,16.0,True,0,
924,SR0000932,2,1,Housekeeping,Room not cleaned,housekeeping,2025-04-03,2025-04-03,10,morning,P2,closed,front_desk,60,13,4.0,False,0,
925,SR0000933,2,1,Housekeeping,Room not cleaned,housekeeping,2025-04-05,2025-04-05,15,afternoon,P2,closed,email,60,12,2.0,False,0,
926,SR0000934,2,9,Front Desk,Key/access issue,front_office,2025-05-03,2025-05-03,12,afternoon,P1,closed,front_desk,30,12,3.0,False,0,4.0
927,SR0000935,2,8,Front Desk,Late check-in,front_office,2025-05-06,2025-05-06,20,evening,P2,closed,phone,30,4,1.0,False,0,
928,SR0000936,2,10,Billing,Incorrect folio,front_office,2025-05-11,2025-05-11,15,afternoon,P2,closed,front_desk,240,19,4.0,False,0,
929,SR0000937,2,2,Housekeeping,Extra towels/linen,housekeeping,2025-05-20,2025-05-20,9,morning,P3,closed,whatsapp,45,24,2.0,False,0,
930,SR0000938,2,1,Housekeeping,Room not cleaned,housekeeping,2025-05-24,2025-05-24,10,morning,P2,closed,whatsapp,60,62,12.0,True,0,
931,SR0000939,2,7,Maintenance,Plumbing,maintenance,2025-06-14,2025-06-14,8,morning,P2,closed,front_desk,180,70,20.0,False,1,4.0
932,SR0000940,2,9,Front Desk,Key/access issue,front_office,2025-06-15,2025-06-15,7,morning,P1,closed,app,30,24,5.0,False,0,
933,SR0000941,2,10,Billing,Incorrect folio,front_office,2025-06-28,2025-06-29,22,evening,P2,closed,phone,240,264,77.0,True,0,
934,SR0000942,2,3,Housekeeping,Late checkout clean,housekeeping,2025-07-22,2025-07-22,4,overnight,P2,closed,whatsapp,90,32,10.0,False,0,5.0
935,SR0000943,2,10,Billing,Incorrect folio,front_office,2025-08-07,2025-08-07,7,morning,P2,closed,whatsapp,240,84,22.0,False,0,
936,SR0000944,2,5,Maintenance,Hot water,maintenance,2025-08-25,2025-08-25,12,afternoon,P1,closed,app,90,89,19.0,False,0,
937,SR0000945,2,1,Housekeeping,Room not cleaned,housekeeping,2025-09-27,2025-09-27,8,morning,P2,closed,phone,60,66,11.0,True,0,
938,SR0000946,2,8,Front Desk,Late check-in,front_office,2025-10-09,2025-10-09,18,evening,P2,closed,phone,30,5,1.0,False,0,4.0
939,SR0000947,2,7,Maintenance,Plumbing,maintenance,2025-10-13,2025-10-13,12,afternoon,P2,closed,app,180,235,28.0,True,0,
940,SR0000948,2,6,Maintenance,Wi-Fi down,maintenance,2025-10-14,2025-10-14,9,morning,P1,closed,whatsapp,60,68,24.0,True,1,
941,SR0000949,2,10,Billing,Incorrect folio,front_office,2025-10-27,2025-10-27,4,overnight,P2,closed,front_desk,240,39,15.0,False,0,
942,SR0000950,2,10,Billing,Incorrect folio,front_office,2025-10-29,2025-10-29,8,morning,P2,closed,phone,240,130,39.0,False,0,
943,SR0000951,2,4,Maintenance,AC not cooling,maintenance,2025-11-03,2025-11-03,11,morning,P1,closed,whatsapp,120,144,36.0,True,0,
944,SR0000952,2,5,Maintenance,Hot water,maintenance,2025-12-01,2025-12-01,20,evening,P1,closed,whatsapp,90,32,10.0,False,0,
945,SR0000953,2,2,Housekeeping,Extra towels/linen,housekeeping,2025-12-03,2025-12-03,9,morning,P3,closed,front_desk,45,27,8.0,False,0,
946,SR0000954,2,7,Maintenance,Plumbing,maintenance,2025-12-04,2025-12-04,15,afternoon,P2,closed,phone,180,122,20.0,False,0,4.0
947,SR0000955,2,10,Billing,Incorrect folio,front_office,2025-12-06,2025-12-06,16,afternoon,P2,closed,app,240,208,45.0,False,0,
948,SR0000956,2,6,Maintenance,Wi-Fi down,maintenance,2025-12-16,2025-12-16,15,afternoon,P1,closed,whatsapp,60,29,8.0,False,0,4.0
949,SR0000957,2,6,Maintenance,Wi-Fi down,maintenance,2025-12-30,2025-12-30,23,evening,P1,closed,front_desk,60,10,2.0,False,0,5.0
950,SR0000958,2,3,Housekeeping,Late checkout clean,housekeeping,2026-01-09,2026-01-09,15,afternoon,P2,closed,front_desk,90,57,19.0,False,1,
951,SR0000959,2,7,Maintenance,Plumbing,maintenance,2026-01-10,2026-01-10,13,afternoon,P2,closed,app,180,130,34.0,False,0,4.0
952,SR0000960,2,8,Front Desk,Late check-in,front_office,2026-01-31,2026-01-31,7,morning,P2,closed,phone,30,32,5.0,True,0,
953,SR0000961,2,5,Maintenance,Hot water,maintenance,2026-02-03,2026-02-03,14,afternoon,P1,closed,whatsapp,90,46,7.0,False,0,5.0
954,SR0000962,2,4,Maintenance,AC not cooling,maintenance,2026-02-08,2026-02-08,16,afternoon,P1,closed,front_desk,120,79,25.0,False,1,
955,SR0000963,2,10,Billing,Incorrect folio,front_office,2026-02-25,2026-02-25,13,afternoon,P2,closed,front_desk,240,53,5.0,False,0,5.0
956,SR0000964,2,4,Maintenance,AC not cooling,maintenance,2026-02-27,2026-02-27,15,afternoon,P1,closed,front_desk,120,58,15.0,False,0,
957,SR0000965,2,8,Front Desk,Late check-in,front_office,2026-03-02,2026-03-02,11,morning,P2,closed,front_desk,30,4,1.0,False,0,
958,SR0000966,2,6,Maintenance,Wi-Fi down,maintenance,2026-03-10,2026-03-10,23,evening,P1,closed,phone,60,28,3.0,False,0,
959,SR0000967,2,8,Front Desk,Late check-in,front_office,2026-03-14,2026-03-14,22,evening,P2,closed,front_desk,30,29,8.0,False,0,
960,SR0000968,2,10,Billing,Incorrect folio,front_office,2026-03-18,2026-03-18,11,morning,P2,closed,front_desk,240,252,72.0,True,0,
961,SR0000969,2,2,Housekeeping,Extra towels/linen,housekeeping,2026-04-05,2026-04-05,23,evening,P3,closed,phone,45,4,1.0,False,0,
962,SR0000970,2,6,Maintenance,Wi-Fi down,maintenance,2026-04-13,2026-04-13,4,overnight,P1,closed,whatsapp,60,18,1.0,False,0,
963,SR0000971,2,6,Maintenance,Wi-Fi down,maintenance,2026-04-14,2026-04-14,6,morning,P1,closed,front_desk,60,96,13.0,True,0,
964,SR0000972,2,4,Maintenance,AC not cooling,maintenance,2026-04-30,2026-04-30,3,overnight,P1,closed,front_desk,120,119,9.0,False,0,
965,SR0000973,2,5,Maintenance,Hot water,maintenance,2026-05-03,2026-05-03,13,afternoon,P1,closed,phone,90,138,22.0,True,0,
966,SR0000974,2,5,Maintenance,Hot water,maintenance,2026-05-12,2026-05-12,12,afternoon,P1,closed,whatsapp,90,11,1.0,False,0,
967,SR0000975,2,2,Housekeeping,Extra towels/linen,housekeeping,2026-05-13,2026-05-13,11,morning,P3,closed,whatsapp,45,35,7.0,False,0,4.0
968,SR0000976,2,8,Front Desk,Late check-in,front_office,2026-05-28,2026-05-28,14,afternoon,P2,closed,whatsapp,30,30,6.0,False,0,3.0
969,SR0000977,2,5,Maintenance,Hot water,maintenance,2026-06-30,2026-06-30,14,afternoon,P1,closed,app,90,47,15.0,False,0,
970,SR0000978,2,6,Maintenance,Wi-Fi down,maintenance,2026-07-15,2026-07-15,17,afternoon,P1,closed,front_desk,60,29,6.0,False,0,5.0
971,SR0000979,2,7,Maintenance,Plumbing,maintenance,2026-07-18,2026-07-19,23,evening,P2,closed,whatsapp,180,59,6.0,False,0,3.0
972,SR0000980,2,2,Housekeeping,Extra towels/linen,housekeeping,2026-08-02,2026-08-02,15,afternoon,P3,closed,phone,45,24,3.0,False,0,
973,SR0000981,2,3,Housekeeping,Late checkout clean,housekeeping,2026-08-08,2026-08-08,13,afternoon,P2,closed,phone,90,61,23.0,False,0,5.0
974,SR0000982,2,1,Housekeeping,Room not cleaned,housekeeping,2025-02-01,2025-02-01,4,overnight,P2,closed,whatsapp,60,16,1.0,False,0,4.0
975,SR0000983,2,2,Housekeeping,Extra towels/linen,housekeeping,2025-02-13,2025-02-13,15,afternoon,P3,closed,phone,45,36,3.0,False,0,
976,SR0000984,2,4,Maintenance,AC not cooling,maintenance,2025-02-24,2025-02-25,23,evening,P1,closed,whatsapp,120,97,8.0,False,0,4.0
977,SR0000985,2,10,Billing,Incorrect folio,front_office,2025-03-12,2025-03-12,11,morning,P2,closed,phone,240,192,74.0,False,0,
978,SR0000986,2,5,Maintenance,Hot water,maintenance,2025-03-13,2025-03-13,13,afternoon,P1,closed,whatsapp,90,71,8.0,False,0,
979,SR0000987,2,6,Maintenance,Wi-Fi down,maintenance,2025-03-29,2025-03-29,11,morning,P1,closed,phone,60,33,10.0,False,0,
980,SR0000988,2,10,Billing,Incorrect folio,front_office,2025-03-31,2025-03-31,15,afternoon,P2,closed,whatsapp,240,106,15.0,False,0,
981,SR0000989,2,8,Front Desk,Late check-in,front_office,2025-04-06,2025-04-06,21,evening,P2,closed,front_desk,30,24,8.0,False,1,5.0
982,SR0000990,2,4,Maintenance,AC not cooling,maintenance,2025-04-16,2025-04-16,19,evening,P1,closed,front_desk,120,57,9.0,False,0,
983,SR0000991,2,6,Maintenance,Wi-Fi down,maintenance,2025-04-17,2025-04-17,18,evening,P1,closed,whatsapp,60,43,7.0,False,0,
984,SR0000992,2,1,Housekeeping,Room not cleaned,housekeeping,2025-04-26,2025-04-26,6,morning,P2,closed,front_desk,60,6,1.0,False,0,
985,SR0000993,2,4,Maintenance,AC not cooling,maintenance,2025-05-03,2025-05-03,15,afternoon,P1,closed,app,120,34,10.0,False,0,
986,SR0000994,2,1,Housekeeping,Room not cleaned,housekeeping,2025-05-13,2025-05-13,22,evening,P2,closed,whatsapp,60,13,3.0,False,0,
987,SR0000995,2,7,Maintenance,Plumbing,maintenance,2025-05-25,2025-05-25,11,morning,P2,closed,whatsapp,180,245,29.0,True,0,4.0
988,SR0000996,2,4,Maintenance,AC not cooling,maintenance,2025-06-18,2025-06-18,6,morning,P1,closed,whatsapp,120,91,27.0,False,0,
989,SR0000997,2,6,Maintenance,Wi-Fi down,maintenance,2025-06-21,2025-06-21,17,afternoon,P1,closed,phone,60,4,1.0,False,0,
990,SR0000998,2,8,Front Desk,Late check-in,front_office,2025-06-29,2025-06-29,14,afternoon,P2,closed,front_desk,30,6,1.0,False,0,
991,SR0000999,2,9,Front Desk,Key/access issue,front_office,2025-07-14,2025-07-14,9,morning,P1,closed,phone,30,4,1.0,False,0,
992,SR0001000,2,3,Housekeeping,Late checkout clean,housekeeping,2025-07-16,2025-07-16,19,evening,P2,closed,phone,90,45,10.0,False,0,
993,SR0001001,2,7,Maintenance,Plumbing,maintenance,2025-07-22,2025-07-22,9,morning,P2,closed,whatsapp,180,111,31.0,False,0,4.0
994,SR0001002,2,5,Maintenance,Hot water,maintenance,2025-07-24,2025-07-24,13,afternoon,P1,closed,front_desk,90,130,47.0,True,0,
995,SR0001003,2,4,Maintenance,AC not cooling,maintenance,2025-08-07,2025-08-07,13,afternoon,P1,closed,whatsapp,120,17,2.0,False,0,5.0
996,SR0001004,2,9,Front Desk,Key/access issue,front_office,2025-08-09,2025-08-09,16,afternoon,P1,closed,whatsapp,30,17,1.0,False,0,
997,SR0001005,2,4,Maintenance,AC not cooling,maintenance,2025-08-20,2025-08-20,3,overnight,P1,closed,phone,120,75,16.0,False,0,
998,SR0001006,2,1,Housekeeping,Room not cleaned,housekeeping,2025-08-22,2025-08-22,17,afternoon,P2,closed,phone,60,35,9.0,False,0,
999,SR0001007,2,10,Billing,Incorrect folio,front_office,2025-08-31,2025-09-01,22,evening,P2,closed,whatsapp,240,264,90.0,True,0,3.0
1000,SR0001008,2,6,Maintenance,Wi-Fi down,maintenance,2025-10-03,2025-10-03,17,afternoon,P1,closed,whatsapp,60,12,4.0,False,0,4.0
1001,SR0001009,2,10,Billing,Incorrect folio,front_office,2025-10-11,2025-10-12,22,evening,P2,closed,whatsapp,240,115,10.0,False,0,
1002,SR0001010,2,3,Housekeeping,Late checkout clean,housekeeping,2025-10-28,2025-10-28,14,afternoon,P2,closed,front_desk,90,54,10.0,False,0,4.0
1003,SR0001011,2,1,Housekeeping,Room not cleaned,housekeeping,2025-11-05,2025-11-05,8,morning,P2,closed,whatsapp,60,33,2.0,False,0,
1004,SR0001012,2,4,Maintenance,AC not cooling,maintenance,2025-11-06,2025-11-06,15,afternoon,P1,closed,whatsapp,120,95,14.0,False,0,
1005,SR0001013,2,7,Maintenance,Plumbing,maintenance,2025-11-11,2025-11-11,17,afternoon,P2,closed,front_desk,180,79,21.0,False,0,
1006,SR0001014,2,8,Front Desk,Late check-in,front_office,2025-11-17,2025-11-17,20,evening,P2,closed,front_desk,30,14,3.0,False,0,
1007,SR0001015,2,4,Maintenance,AC not cooling,maintenance,2025-11-24,2025-11-24,14,afternoon,P1,closed,front_desk,120,41,13.0,False,0,
1008,SR0001016,2,5,Maintenance,Hot water,maintenance,2025-12-04,2025-12-04,12,afternoon,P1,closed,whatsapp,90,42,8.0,False,0,
1009,SR0001017,2,5,Maintenance,Hot water,maintenance,2025-12-11,2025-12-11,20,evening,P1,closed,phone,90,8,1.0,False,1,5.0
1010,SR0001018,2,3,Housekeeping,Late checkout clean,housekeeping,2025-12-12,2025-12-12,14,afternoon,P2,closed,whatsapp,90,96,21.0,True,0,
1011,SR0001019,2,7,Maintenance,Plumbing,maintenance,2025-12-13,2025-12-13,6,morning,P2,closed,whatsapp,180,159,24.0,False,0,
1012,SR0001020,2,10,Billing,Incorrect folio,front_office,2025-12-15,2025-12-15,19,evening,P2,closed,phone,240,155,12.0,False,0,
1013,SR0001021,2,1,Housekeeping,Room not cleaned,housekeeping,2025-12-18,2025-12-18,15,afternoon,P2,closed,phone,60,42,11.0,False,0,
1014,SR0001022,2,9,Front Desk,Key/access issue,front_office,2025-12-21,2025-12-21,19,evening,P1,closed,whatsapp,30,52,19.0,True,0,3.0
1015,SR0001023,2,9,Front Desk,Key/access issue,front_office,2025-12-22,2025-12-23,23,evening,P1,closed,app,30,25,2.0,False,0,4.0
1016,SR0001024,2,1,Housekeeping,Room not cleaned,housekeeping,2026-01-06,2026-01-06,22,evening,P2,closed,whatsapp,60,40,11.0,False,0,
1017,SR0001025,2,2,Housekeeping,Extra towels/linen,housekeeping,2026-01-09,2026-01-09,13,afternoon,P3,closed,front_desk,45,6,1.0,False,0,
1018,SR0001026,2,2,Housekeeping,Extra towels/linen,housekeeping,2026-01-22,2026-01-22,16,afternoon,P3,closed,whatsapp,45,4,1.0,False,0,
1019,SR0001027,2,3,Housekeeping,Late checkout clean,housekeeping,2026-01-26,2026-01-26,17,afternoon,P2,closed,whatsapp,90,63,14.0,False,0,4.0
1020,SR0001028,2,5,Maintenance,Hot water,maintenance,2026-01-27,2026-01-27,6,morning,P1,closed,phone,90,77,17.0,False,0,
1021,SR0001029,2,7,Maintenance,Plumbing,maintenance,2026-02-08,2026-02-08,15,afternoon,P2,closed,front_desk,180,89,11.0,False,0,
1022,SR0001030,2,1,Housekeeping,Room not cleaned,housekeeping,2026-02-13,2026-02-13,16,afternoon,P2,closed,whatsapp,60,34,2.0,False,0,
1023,SR0001031,2,1,Housekeeping,Room not cleaned,housekeeping,2026-03-24,2026-03-24,18,evening,P2,closed,phone,60,30,4.0,False,1,
1024,SR0001032,2,2,Housekeeping,Extra towels/linen,housekeeping,2026-04-14,2026-04-14,16,afternoon,P3,closed,whatsapp,45,36,5.0,False,0,
1025,SR0001033,2,8,Front Desk,Late check-in,front_office,2026-04-20,2026-04-20,8,morning,P2,closed,whatsapp,30,4,1.0,False,1,4.0
1026,SR0001034,2,1,Housekeeping,Room not cleaned,housekeeping,2026-04-25,2026-04-25,21,evening,P2,closed,whatsapp,60,100,34.0,True,0,3.0
1027,SR0001035,2,2,Housekeeping,Extra towels/linen,housekeeping,2026-04-28,2026-04-28,4,overnight,P3,closed,app,45,35,11.0,False,0,
1028,SR0001036,2,4,Maintenance,AC not cooling,maintenance,2026-05-11,2026-05-11,9,morning,P1,closed,app,120,195,59.0,True,0,2.0
1029,SR0001037,2,8,Front Desk,Late check-in,front_office,2026-05-25,2026-05-25,20,evening,P2,closed,whatsapp,30,7,2.0,False,0,4.0
1030,SR0001038,2,10,Billing,Incorrect folio,front_office,2026-06-06,2026-06-06,13,afternoon,P2,closed,whatsapp,240,200,61.0,False,0,
1031,SR0001039,2,4,Maintenance,AC not cooling,maintenance,2026-06-11,2026-06-11,13,afternoon,P1,closed,whatsapp,120,4,1.0,False,0,
1032,SR0001040,2,3,Housekeeping,Late checkout clean,housekeeping,2026-06-14,2026-06-14,10,morning,P2,closed,whatsapp,90,26,4.0,False,0,
1033,SR0001041,2,5,Maintenance,Hot water,maintenance,2026-06-15,2026-06-15,21,evening,P1,closed,whatsapp,90,54,15.0,False,0,
1034,SR0001042,2,8,Front Desk,Late check-in,front_office,2026-06-16,2026-06-16,15,afternoon,P2,closed,whatsapp,30,21,6.0,False,0,
1035,SR0001043,2,8,Front Desk,Late check-in,front_office,2026-06-19,2026-06-19,9,morning,P2,closed,front_desk,30,11,1.0,False,0,
1036,SR0001044,2,7,Maintenance,Plumbing,maintenance,2026-07-02,2026-07-02,13,afternoon,P2,closed,app,180,97,38.0,False,0,4.0
1037,SR0001045,2,8,Front Desk,Late check-in,front_office,2026-07-17,2026-07-17,15,afternoon,P2,closed,front_desk,30,39,4.0,True,0,4.0
1038,SR0001046,2,2,Housekeeping,Extra towels/linen,housekeeping,2026-07-25,2026-07-25,19,evening,P3,closed,whatsapp,45,85,31.0,True,0,3.0
1039,SR0001047,2,5,Maintenance,Hot water,maintenance,2026-08-08,2026-08-08,17,afternoon,P1,closed,whatsapp,90,79,19.0,False,0,
1040,SR0001048,2,9,Front Desk,Key/access issue,front_office,2025-02-06,2025-02-06,2,overnight,P1,closed,whatsapp,30,20,6.0,False,0,4.0
1041,SR0001049,2,8,Front Desk,Late check-in,front_office,2025-02-07,2025-02-07,13,afternoon,P2,closed,front_desk,30,65,7.0,True,0,3.0
1042,SR0001050,2,6,Maintenance,Wi-Fi down,maintenance,2025-03-13,2025-03-13,11,morning,P1,closed,app,60,15,5.0,False,0,
1043,SR0001051,2,2,Housekeeping,Extra towels/linen,housekeeping,2025-03-18,2025-03-18,14,afternoon,P3,closed,whatsapp,45,16,3.0,False,0,
1044,SR0001052,2,7,Maintenance,Plumbing,maintenance,2025-03-22,2025-03-22,15,afternoon,P2,closed,phone,180,109,25.0,False,0,
1045,SR0001053,2,8,Front Desk,Late check-in,front_office,2025-05-03,2025-05-03,8,morning,P2,closed,phone,30,22,5.0,False,0,5.0
1046,SR0001054,2,7,Maintenance,Plumbing,maintenance,2025-05-22,2025-05-22,19,evening,P2,closed,email,180,133,43.0,False,0,
1047,SR0001055,2,3,Housekeeping,Late checkout clean,housekeeping,2025-06-08,2025-06-08,8,morning,P2,closed,phone,90,12,2.0,False,0,
1048,SR0001056,2,1,Housekeeping,Room not cleaned,housekeeping,2025-06-10,2025-06-10,14,afternoon,P2,closed,phone,60,9,2.0,False,0,3.0
1049,SR0001057,2,10,Billing,Incorrect folio,front_office,2025-06-16,2025-06-16,8,morning,P2,closed,whatsapp,240,18,2.0,False,0,
1050,SR0001058,2,2,Housekeeping,Extra towels/linen,housekeeping,2025-06-22,2025-06-22,13,afternoon,P3,closed,whatsapp,45,30,11.0,False,0,5.0
1051,SR0001059,2,7,Maintenance,Plumbing,maintenance,2025-07-02,2025-07-02,12,afternoon,P2,closed,phone,180,150,19.0,False,1,
1052,SR0001060,2,10,Billing,Incorrect folio,front_office,2025-07-18,2025-07-18,19,evening,P2,closed,app,240,103,31.0,False,0,
1053,SR0001061,2,9,Front Desk,Key/access issue,front_office,2025-07-22,2025-07-22,13,afternoon,P1,closed,app,30,9,1.0,False,0,
1054,SR0001062,2,1,Housekeeping,Room not cleaned,housekeeping,2025-07-24,2025-07-24,18,evening,P2,closed,phone,60,34,12.0,False,0,5.0
1055,SR0001063,2,7,Maintenance,Plumbing,maintenance,2025-08-20,2025-08-20,16,afternoon,P2,closed,email,180,77,15.0,False,0,5.0
1056,SR0001064,2,1,Housekeeping,Room not cleaned,housekeeping,2025-08-26,2025-08-26,14,afternoon,P2,closed,app,60,18,6.0,False,0,
1057,SR0001065,2,7,Maintenance,Plumbing,maintenance,2025-09-09,2025-09-09,21,evening,P2,closed,whatsapp,180,66,16.0,False,0,5.0
1058,SR0001066,2,2,Housekeeping,Extra towels/linen,housekeeping,2025-09-10,2025-09-10,12,afternoon,P3,closed,whatsapp,45,50,10.0,True,0,
1059,SR0001067,2,7,Maintenance,Plumbing,maintenance,2025-09-20,2025-09-20,9,morning,P2,closed,front_desk,180,12,4.0,False,0,
1060,SR0001068,2,3,Housekeeping,Late checkout clean,housekeeping,2025-09-23,2025-09-23,11,morning,P2,closed,whatsapp,90,50,11.0,False,0,5.0
1061,SR0001069,2,7,Maintenance,Plumbing,maintenance,2025-10-02,2025-10-02,17,afternoon,P2,closed,whatsapp,180,6,2.0,False,0,
1062,SR0001070,2,3,Housekeeping,Late checkout clean,housekeeping,2025-10-07,2025-10-07,11,morning,P2,closed,phone,90,4,1.0,False,0,
1063,SR0001071,2,9,Front Desk,Key/access issue,front_office,2025-10-29,2025-10-29,17,afternoon,P1,closed,whatsapp,30,6,2.0,False,1,
1064,SR0001072,2,8,Front Desk,Late check-in,front_office,2025-10-30,2025-10-30,18,evening,P2,closed,phone,30,4,1.0,False,0,
1065,SR0001073,2,10,Billing,Incorrect folio,front_office,2025-10-31,2025-10-31,17,afternoon,P2,closed,whatsapp,240,212,24.0,False,0,4.0
1066,SR0001074,2,5,Maintenance,Hot water,maintenance,2025-11-02,2025-11-03,22,evening,P1,closed,app,90,138,34.0,True,0,
1067,SR0001075,2,2,Housekeeping,Extra towels/linen,housekeeping,2025-11-08,2025-11-08,16,afternoon,P3,closed,phone,45,6,1.0,False,0,
1068,SR0001076,2,10,Billing,Incorrect folio,front_office,2025-11-12,2025-11-12,15,afternoon,P2,closed,phone,240,241,47.0,True,0,1.0
1069,SR0001077,2,4,Maintenance,AC not cooling,maintenance,2025-11-24,2025-11-24,10,morning,P1,closed,whatsapp,120,184,48.0,True,0,
1070,SR0001078,2,9,Front Desk,Key/access issue,front_office,2025-11-25,2025-11-25,10,morning,P1,closed,whatsapp,30,13,1.0,False,0,
1071,SR0001079,2,10,Billing,Incorrect folio,front_office,2025-11-28,2025-11-28,8,morning,P2,closed,email,240,210,48.0,False,0,
1072,SR0001080,2,6,Maintenance,Wi-Fi down,maintenance,2025-12-08,2025-12-08,9,morning,P1,closed,app,60,28,3.0,False,0,
1073,SR0001081,2,2,Housekeeping,Extra towels/linen,housekeeping,2025-12-24,2025-12-24,21,evening,P3,closed,phone,45,4,1.0,False,0,
1074,SR0001082,2,2,Housekeeping,Extra towels/linen,housekeeping,2026-01-02,2026-01-02,22,evening,P3,closed,phone,45,7,1.0,False,0,4.0
1075,SR0001083,2,6,Maintenance,Wi-Fi down,maintenance,2026-01-09,2026-01-10,23,evening,P1,closed,whatsapp,60,33,12.0,False,0,
1076,SR0001084,2,5,Maintenance,Hot water,maintenance,2026-01-11,2026-01-11,14,afternoon,P1,closed,front_desk,90,17,1.0,False,0,5.0
1077,SR0001085,2,1,Housekeeping,Room not cleaned,housekeeping,2026-01-17,2026-01-17,16,afternoon,P2,closed,front_desk,60,48,15.0,False,0,5.0
1078,SR0001086,2,9,Front Desk,Key/access issue,front_office,2026-02-12,2026-02-12,9,morning,P1,closed,app,30,6,1.0,False,0,
1079,SR0001087,2,9,Front Desk,Key/access issue,front_office,2026-02-26,2026-02-26,3,overnight,P1,closed,phone,30,28,2.0,False,0,
1080,SR0001088,2,5,Maintenance,Hot water,maintenance,2026-03-04,2026-03-04,14,afternoon,P1,closed,front_desk,90,12,3.0,False,0,5.0
1081,SR0001089,2,3,Housekeeping,Late checkout clean,housekeeping,2026-03-06,2026-03-06,18,evening,P2,closed,whatsapp,90,42,9.0,False,0,
1082,SR0001090,2,7,Maintenance,Plumbing,maintenance,2026-03-09,2026-03-09,15,afternoon,P2,closed,app,180,315,118.0,True,0,
1083,SR0001091,2,9,Front Desk,Key/access issue,front_office,2026-03-10,2026-03-10,14,afternoon,P1,closed,whatsapp,30,28,5.0,False,0,5.0
1084,SR0001092,2,6,Maintenance,Wi-Fi down,maintenance,2026-03-18,2026-03-18,8,morning,P1,closed,whatsapp,60,31,8.0,False,0,5.0
1085,SR0001093,2,3,Housekeeping,Late checkout clean,housekeeping,2026-03-30,2026-03-30,18,evening,P2,closed,phone,90,320,29.0,True,0,
1086,SR0001094,2,6,Maintenance,Wi-Fi down,maintenance,2026-04-09,2026-04-09,22,evening,P1,closed,front_desk,60,23,4.0,False,0,
1087,SR0001095,2,4,Maintenance,AC not cooling,maintenance,2026-04-15,2026-04-15,12,afternoon,P1,closed,front_desk,120,33,4.0,False,0,5.0
1088,SR0001096,2,9,Front Desk,Key/access issue,front_office,2026-04-22,2026-04-22,9,morning,P1,closed,phone,30,9,3.0,False,0,3.0
1089,SR0001097,2,2,Housekeeping,Extra towels/linen,housekeeping,2026-04-28,2026-04-28,19,evening,P3,closed,whatsapp,45,127,22.0,True,0,
1090,SR0001098,2,10,Billing,Incorrect folio,front_office,2026-05-04,2026-05-04,19,evening,P2,closed,whatsapp,240,86,31.0,False,0,5.0
1091,SR0001099,2,10,Billing,Incorrect folio,front_office,2026-05-07,2026-05-08,20,evening,P2,closed,whatsapp,240,274,85.0,True,0,
1092,SR0001100,2,10,Billing,Incorrect folio,front_office,2026-05-14,2026-05-14,12,afternoon,P2,closed,front_desk,240,210,39.0,False,0,
1093,SR0001101,2,10,Billing,Incorrect folio,front_office,2026-05-24,2026-05-25,20,evening,P2,closed,whatsapp,240,279,26.0,True,0,
1094,SR0001102,2,4,Maintenance,AC not cooling,maintenance,2026-05-27,2026-05-27,22,evening,P1,closed,phone,120,30,7.0,False,0,
1095,SR0001103,2,5,Maintenance,Hot water,maintenance,2026-06-01,2026-06-02,22,evening,P1,closed,whatsapp,90,116,31.0,True,0,2.0
1096,SR0001104,2,9,Front Desk,Key/access issue,front_office,2026-06-02,2026-06-02,12,afternoon,P1,closed,front_desk,30,7,1.0,False,0,3.0
1097,SR0001105,2,1,Housekeeping,Room not cleaned,housekeeping,2026-06-04,2026-06-04,15,afternoon,P2,closed,email,60,12,2.0,False,0,
1098,SR0001106,2,9,Front Desk,Key/access issue,front_office,2026-06-10,2026-06-10,11,morning,P1,closed,whatsapp,30,19,4.0,False,0,5.0
1099,SR0001107,2,8,Front Desk,Late check-in,front_office,2026-06-11,2026-06-11,15,afternoon,P2,closed,front_desk,30,11,3.0,False,0,5.0
1100,SR0001108,2,10,Billing,Incorrect folio,front_office,2026-06-13,2026-06-13,16,afternoon,P2,closed,phone,240,187,21.0,False,0,4.0
1101,SR0001109,2,2,Housekeeping,Extra towels/linen,housekeeping,2026-06-16,2026-06-16,16,afternoon,P3,closed,phone,45,92,35.0,True,0,
1102,SR0001110,2,3,Housekeeping,Late checkout clean,housekeeping,2026-06-24,2026-06-24,13,afternoon,P2,closed,whatsapp,90,8,2.0,False,0,
1103,SR0001111,2,8,Front Desk,Late check-in,front_office,2026-07-05,2026-07-05,13,afternoon,P2,closed,app,30,31,12.0,True,0,
1104,SR0001112,2,4,Maintenance,AC not cooling,maintenance,2026-07-21,2026-07-21,17,afternoon,P1,closed,email,120,200,67.0,True,0,
1105,SR0001113,2,5,Maintenance,Hot water,maintenance,2026-07-28,2026-07-28,10,morning,P1,closed,whatsapp,90,6,1.0,False,0,4.0
1106,SR0001114,2,2,Housekeeping,Extra towels/linen,housekeeping,2026-07-30,2026-07-30,15,afternoon,P3,closed,phone,45,9,1.0,False,0,5.0
1107,SR0001115,2,9,Front Desk,Key/access issue,front_office,2026-08-02,2026-08-02,7,morning,P1,closed,phone,30,16,2.0,False,0,
1108,SR0001116,2,6,Maintenance,Wi-Fi down,maintenance,2026-08-07,2026-08-07,16,afternoon,P1,closed,whatsapp,60,43,12.0,False,0,
1109,SR0001117,2,4,Maintenance,AC not cooling,maintenance,2026-08-08,2026-08-08,17,afternoon,P1,closed,phone,120,50,13.0,False,0,5.0
1110,SR0001118,2,7,Maintenance,Plumbing,maintenance,2026-08-09,2026-08-09,9,morning,P2,closed,phone,180,105,14.0,False,0,
1111,SR0001119,2,7,Maintenance,Plumbing,maintenance,2025-02-17,2025-02-17,20,evening,P2,closed,front_desk,180,150,38.0,False,0,5.0
1112,SR0001120,2,5,Maintenance,Hot water,maintenance,2025-02-20,2025-02-20,5,overnight,P1,closed,whatsapp,90,32,5.0,False,0,
1113,SR0001121,2,9,Front Desk,Key/access issue,front_office,2025-02-22,2025-02-22,16,afternoon,P1,closed,whatsapp,30,37,9.0,True,0,
1114,SR0001122,2,2,Housekeeping,Extra towels/linen,housekeeping,2025-03-01,2025-03-01,15,afternoon,P3,closed,whatsapp,45,45,10.0,False,0,5.0
1115,SR0001123,2,3,Housekeeping,Late checkout clean,housekeeping,2025-03-30,2025-03-30,8,morning,P2,closed,whatsapp,90,30,8.0,False,0,5.0
1116,SR0001124,2,8,Front Desk,Late check-in,front_office,2025-04-02,2025-04-02,13,afternoon,P2,closed,phone,30,38,11.0,True,0,
1117,SR0001125,2,1,Housekeeping,Room not cleaned,housekeeping,2025-04-03,2025-04-03,8,morning,P2,closed,front_desk,60,28,3.0,False,0,5.0
1118,SR0001126,2,10,Billing,Incorrect folio,front_office,2025-04-11,2025-04-11,17,afternoon,P2,closed,whatsapp,240,83,13.0,False,0,
1119,SR0001127,2,9,Front Desk,Key/access issue,front_office,2025-04-15,2025-04-15,8,morning,P1,closed,phone,30,24,7.0,False,0,
1120,SR0001128,2,10,Billing,Incorrect folio,front_office,2025-05-10,2025-05-10,15,afternoon,P2,closed,phone,240,72,12.0,False,0,5.0
1121,SR0001129,2,3,Housekeeping,Late checkout clean,housekeeping,2025-05-25,2025-05-25,17,afternoon,P2,closed,phone,90,53,9.0,False,0,
1122,SR0001130,2,10,Billing,Incorrect folio,front_office,2025-06-05,2025-06-06,23,evening,P2,closed,whatsapp,240,29,7.0,False,0,
1123,SR0001131,2,2,Housekeeping,Extra towels/linen,housekeeping,2025-06-06,2025-06-06,13,afternoon,P3,closed,whatsapp,45,18,5.0,False,0,
1124,SR0001132,2,2,Housekeeping,Extra towels/linen,housekeeping,2025-06-21,2025-06-21,12,afternoon,P3,closed,phone,45,4,1.0,False,0,
1125,SR0001133,2,8,Front Desk,Late check-in,front_office,2025-06-24,2025-06-24,15,afternoon,P2,closed,whatsapp,30,11,4.0,False,0,
1126,SR0001134,2,2,Housekeeping,Extra towels/linen,housekeeping,2025-07-06,2025-07-06,21,evening,P3,closed,front_desk,45,40,6.0,False,0,
1127,SR0001135,2,3,Housekeeping,Late checkout clean,housekeeping,2025-07-07,2025-07-07,9,morning,P2,closed,whatsapp,90,35,3.0,False,0,
1128,SR0001136,2,10,Billing,Incorrect folio,front_office,2025-07-08,2025-07-08,11,morning,P2,closed,front_desk,240,114,37.0,False,0,
1129,SR0001137,2,2,Housekeeping,Extra towels/linen,housekeeping,2025-07-09,2025-07-09,17,afternoon,P3,closed,whatsapp,45,5,1.0,False,0,
1130,SR0001138,2,5,Maintenance,Hot water,maintenance,2025-07-30,2025-07-30,6,morning,P1,closed,phone,90,52,7.0,False,0,
1131,SR0001139,2,10,Billing,Incorrect folio,front_office,2025-07-31,2025-08-01,23,evening,P2,closed,email,240,195,46.0,False,0,5.0
1132,SR0001140,2,1,Housekeeping,Room not cleaned,housekeeping,2025-08-01,2025-08-01,6,morning,P2,closed,whatsapp,60,34,9.0,False,0,
1133,SR0001141,2,5,Maintenance,Hot water,maintenance,2025-08-04,2025-08-04,9,morning,P1,closed,front_desk,90,98,28.0,True,0,3.0
1134,SR0001142,2,2,Housekeeping,Extra towels/linen,housekeeping,2025-08-22,2025-08-22,4,overnight,P3,closed,whatsapp,45,4,1.0,False,0,
1135,SR0001143,2,3,Housekeeping,Late checkout clean,housekeeping,2025-08-28,2025-08-28,8,morning,P2,closed,whatsapp,90,58,12.0,False,0,
1136,SR0001144,2,8,Front Desk,Late check-in,front_office,2025-10-23,2025-10-23,11,morning,P2,closed,whatsapp,30,20,3.0,False,0,4.0
1137,SR0001145,2,1,Housekeeping,Room not cleaned,housekeeping,2025-10-30,2025-10-30,8,morning,P2,closed,whatsapp,60,17,3.0,False,0,4.0
1138,SR0001146,2,8,Front Desk,Late check-in,front_office,2025-11-25,2025-11-25,20,evening,P2,closed,whatsapp,30,22,3.0,False,0,
1139,SR0001147,2,3,Housekeeping,Late checkout clean,housekeeping,2025-11-26,2025-11-26,17,afternoon,P2,closed,whatsapp,90,5,1.0,False,0,5.0
1140,SR0001148,2,10,Billing,Incorrect folio,front_office,2025-11-28,2025-11-28,16,afternoon,P2,closed,whatsapp,240,112,34.0,False,1,
1141,SR0001149,2,5,Maintenance,Hot water,maintenance,2025-11-30,2025-11-30,19,evening,P1,closed,whatsapp,90,69,8.0,False,0,4.0
1142,SR0001150,2,10,Billing,Incorrect folio,front_office,2025-12-21,2025-12-21,12,afternoon,P2,closed,phone,240,205,61.0,False,0,5.0
1143,SR0001151,2,3,Housekeeping,Late checkout clean,housekeeping,2025-12-26,2025-12-26,12,afternoon,P2,closed,app,90,126,21.0,True,0,
1144,SR0001152,2,3,Housekeeping,Late checkout clean,housekeeping,2026-01-05,2026-01-05,7,morning,P2,closed,whatsapp,90,77,8.0,False,0,
1145,SR0001153,2,3,Housekeeping,Late checkout clean,housekeeping,2026-02-04,2026-02-05,23,evening,P2,closed,whatsapp,90,71,18.0,False,0,5.0
1146,SR0001154,2,9,Front Desk,Key/access issue,front_office,2026-03-02,2026-03-02,17,afternoon,P1,closed,front_desk,30,20,6.0,False,0,
1147,SR0001155,2,6,Maintenance,Wi-Fi down,maintenance,2026-03-13,2026-03-13,10,morning,P1,closed,phone,60,14,2.0,False,0,5.0
1148,SR0001156,2,8,Front Desk,Late check-in,front_office,2026-03-15,2026-03-15,13,afternoon,P2,closed,app,30,24,9.0,False,0,5.0
1149,SR0001157,2,3,Housekeeping,Late checkout clean,housekeeping,2026-03-23,2026-03-23,19,evening,P2,closed,phone,90,155,50.0,True,0,1.0
1150,SR0001158,2,5,Maintenance,Hot water,maintenance,2026-03-24,2026-03-24,16,afternoon,P1,closed,whatsapp,90,36,12.0,False,0,
1151,SR0001159,2,9,Front Desk,Key/access issue,front_office,2026-03-30,2026-03-30,14,afternoon,P1,closed,whatsapp,30,23,4.0,False,0,3.0
1152,SR0001160,2,10,Billing,Incorrect folio,front_office,2026-04-29,2026-04-30,19,evening,P2,closed,phone,240,307,63.0,True,0,
1153,SR0001161,2,6,Maintenance,Wi-Fi down,maintenance,2026-05-01,2026-05-01,20,evening,P1,closed,front_desk,60,34,12.0,False,0,
1154,SR0001162,2,1,Housekeeping,Room not cleaned,housekeeping,2026-05-03,2026-05-03,18,evening,P2,closed,app,60,67,23.0,True,0,
1155,SR0001163,2,5,Maintenance,Hot water,maintenance,2026-05-08,2026-05-08,19,evening,P1,closed,app,90,12,4.0,False,0,4.0
1156,SR0001164,2,7,Maintenance,Plumbing,maintenance,2026-05-24,2026-05-24,20,evening,P2,closed,whatsapp,180,69,21.0,False,0,
1157,SR0001165,2,7,Maintenance,Plumbing,maintenance,2026-05-27,2026-05-27,18,evening,P2,closed,whatsapp,180,32,11.0,False,0,4.0
1158,SR0001166,2,6,Maintenance,Wi-Fi down,maintenance,2026-05-28,2026-05-28,22,evening,P1,closed,whatsapp,60,38,11.0,False,0,
1159,SR0001167,2,7,Maintenance,Plumbing,maintenance,2026-05-29,2026-05-29,14,afternoon,P2,closed,phone,180,83,18.0,False,0,
1160,SR0001168,2,7,Maintenance,Plumbing,maintenance,2026-06-23,2026-06-23,11,morning,P2,closed,phone,180,167,54.0,False,0,
1161,SR0001169,2,2,Housekeeping,Extra towels/linen,housekeeping,2026-07-04,2026-07-04,15,afternoon,P3,closed,whatsapp,45,30,6.0,False,0,5.0
1162,SR0001170,2,5,Maintenance,Hot water,maintenance,2026-07-05,2026-07-05,7,morning,P1,closed,app,90,18,5.0,False,0,
1163,SR0001171,2,8,Front Desk,Late check-in,front_office,2026-07-13,2026-07-13,16,afternoon,P2,closed,whatsapp,30,4,1.0,False,0,
1164,SR0001172,2,7,Maintenance,Plumbing,maintenance,2026-07-18,2026-07-18,14,afternoon,P2,closed,phone,180,75,17.0,False,0,
1165,SR0001173,2,6,Maintenance,Wi-Fi down,maintenance,2026-07-26,2026-07-26,11,morning,P1,closed,front_desk,60,31,12.0,False,0,5.0
1166,SR0001174,2,5,Maintenance,Hot water,maintenance,2026-07-28,2026-07-28,13,afternoon,P1,closed,phone,90,79,30.0,False,0,
1167,SR0001175,2,10,Billing,Incorrect folio,front_office,2026-07-29,2026-07-30,22,evening,P2,closed,whatsapp,240,159,31.0,False,0,
1168,SR0001176,2,4,Maintenance,AC not cooling,maintenance,2026-08-09,2026-08-09,10,morning,P1,closed,whatsapp,120,107,38.0,False,0,
1169,SR0001177,2,10,Billing,Incorrect folio,front_office,2025-02-06,2025-02-06,7,morning,P2,closed,whatsapp,240,40,14.0,False,0,
1170,SR0001178,2,7,Maintenance,Plumbing,maintenance,2025-02-12,2025-02-12,10,morning,P2,closed,app,180,77,14.0,False,0,
1171,SR0001179,2,3,Housekeeping,Late checkout clean,housekeeping,2025-02-14,2025-02-14,15,afternoon,P2,closed,whatsapp,90,34,5.0,False,0,5.0
1172,SR0001180,2,8,Front Desk,Late check-in,front_office,2025-02-25,2025-02-25,16,afternoon,P2,closed,front_desk,30,23,6.0,False,0,
1173,SR0001181,2,6,Maintenance,Wi-Fi down,maintenance,2025-03-11,2025-03-11,14,afternoon,P1,closed,whatsapp,60,15,4.0,False,0,
1174,SR0001182,2,8,Front Desk,Late check-in,front_office,2025-03-18,2025-03-18,9,morning,P2,closed,app,30,4,1.0,False,0,
1175,SR0001183,2,9,Front Desk,Key/access issue,front_office,2025-03-20,2025-03-20,12,afternoon,P1,closed,whatsapp,30,12,1.0,False,0,
1176,SR0001184,2,6,Maintenance,Wi-Fi down,maintenance,2025-03-22,2025-03-22,13,afternoon,P1,closed,whatsapp,60,80,30.0,True,0,3.0
1177,SR0001185,2,9,Front Desk,Key/access issue,front_office,2025-03-29,2025-03-30,23,evening,P1,closed,front_desk,30,21,7.0,False,0,
1178,SR0001186,2,10,Billing,Incorrect folio,front_office,2025-04-20,2025-04-20,17,afternoon,P2,closed,front_desk,240,8,2.0,False,0,
1179,SR0001187,2,1,Housekeeping,Room not cleaned,housekeeping,2025-04-24,2025-04-24,14,afternoon,P2,closed,whatsapp,60,5,1.0,False,0,4.0
1180,SR0001188,2,8,Front Desk,Late check-in,front_office,2025-05-01,2025-05-01,18,evening,P2,closed,phone,30,7,1.0,False,0,
1181,SR0001189,2,3,Housekeeping,Late checkout clean,housekeeping,2025-05-12,2025-05-12,16,afternoon,P2,closed,whatsapp,90,76,15.0,False,0,
1182,SR0001190,2,3,Housekeeping,Late checkout clean,housekeeping,2025-05-22,2025-05-22,6,morning,P2,closed,app,90,31,7.0,False,0,
1183,SR0001191,2,8,Front Desk,Late check-in,front_office,2025-05-29,2025-05-29,4,overnight,P2,closed,app,30,31,5.0,True,0,
1184,SR0001192,2,7,Maintenance,Plumbing,maintenance,2025-05-31,2025-05-31,17,afternoon,P2,closed,whatsapp,180,50,14.0,False,0,
1185,SR0001193,2,1,Housekeeping,Room not cleaned,housekeeping,2025-06-09,2025-06-09,15,afternoon,P2,closed,phone,60,48,19.0,False,0,
1186,SR0001194,2,1,Housekeeping,Room not cleaned,housekeeping,2025-06-10,2025-06-10,9,morning,P2,closed,whatsapp,60,27,8.0,False,0,4.0
1187,SR0001195,2,2,Housekeeping,Extra towels/linen,housekeeping,2025-06-16,2025-06-16,15,afternoon,P3,closed,whatsapp,45,23,5.0,False,0,
1188,SR0001196,2,9,Front Desk,Key/access issue,front_office,2025-07-07,2025-07-07,18,evening,P1,closed,whatsapp,30,12,2.0,False,0,4.0
1189,SR0001197,2,6,Maintenance,Wi-Fi down,maintenance,2025-07-21,2025-07-21,23,evening,P1,closed,whatsapp,60,19,5.0,False,0,
1190,SR0001198,2,1,Housekeeping,Room not cleaned,housekeeping,2025-08-13,2025-08-13,13,afternoon,P2,closed,phone,60,26,3.0,False,0,5.0
1191,SR0001199,2,1,Housekeeping,Room not cleaned,housekeeping,2025-08-26,2025-08-26,5,overnight,P2,closed,whatsapp,60,75,14.0,True,0,3.0
1192,SR0001200,2,8,Front Desk,Late check-in,front_office,2025-09-12,2025-09-12,11,morning,P2,closed,whatsapp,30,17,3.0,False,0,
1193,SR0001201,2,1,Housekeeping,Room not cleaned,housekeeping,2025-09-20,2025-09-20,17,afternoon,P2,closed,whatsapp,60,85,14.0,True,0,
1194,SR0001202,2,9,Front Desk,Key/access issue,front_office,2025-09-22,2025-09-22,20,evening,P1,closed,app,30,4,1.0,False,0,
1195,SR0001203,2,10,Billing,Incorrect folio,front_office,2025-09-26,2025-09-27,20,evening,P2,closed,whatsapp,240,330,42.0,True,0,
1196,SR0001204,2,9,Front Desk,Key/access issue,front_office,2025-09-27,2025-09-27,22,evening,P1,closed,app,30,9,2.0,False,0,4.0
1197,SR0001205,2,8,Front Desk,Late check-in,front_office,2025-10-08,2025-10-08,12,afternoon,P2,closed,front_desk,30,23,2.0,False,0,
1198,SR0001206,2,10,Billing,Incorrect folio,front_office,2025-10-11,2025-10-12,23,evening,P2,closed,whatsapp,240,105,22.0,False,1,
1199,SR0001207,2,4,Maintenance,AC not cooling,maintenance,2025-10-24,2025-10-24,10,morning,P1,closed,whatsapp,120,10,1.0,False,0,
1200,SR0001208,2,8,Front Desk,Late check-in,front_office,2025-10-27,2025-10-27,14,afternoon,P2,closed,whatsapp,30,4,1.0,False,0,
1201,SR0001209,2,6,Maintenance,Wi-Fi down,maintenance,2025-11-05,2025-11-05,12,afternoon,P1,closed,front_desk,60,13,3.0,False,0,5.0
1202,SR0001210,2,5,Maintenance,Hot water,maintenance,2025-12-07,2025-12-07,11,morning,P1,closed,whatsapp,90,94,35.0,True,0,3.0
1203,SR0001211,2,9,Front Desk,Key/access issue,front_office,2025-12-10,2025-12-10,10,morning,P1,closed,app,30,6,1.0,False,0,3.0
1204,SR0001212,2,7,Maintenance,Plumbing,maintenance,2025-12-19,2025-12-19,19,evening,P2,closed,app,180,140,34.0,False,0,5.0
1205,SR0001213,2,10,Billing,Incorrect folio,front_office,2025-12-21,2025-12-21,18,evening,P2,closed,front_desk,240,94,36.0,False,0,5.0
1206,SR0001214,2,7,Maintenance,Plumbing,maintenance,2026-02-13,2026-02-13,8,morning,P2,closed,whatsapp,180,111,21.0,False,0,
1207,SR0001215,2,2,Housekeeping,Extra towels/linen,housekeeping,2026-02-15,2026-02-15,9,morning,P3,closed,whatsapp,45,67,16.0,True,0,
1208,SR0001216,2,3,Housekeeping,Late checkout clean,housekeeping,2026-02-17,2026-02-17,12,afternoon,P2,closed,whatsapp,90,33,8.0,False,0,5.0
1209,SR0001217,2,8,Front Desk,Late check-in,front_office,2026-02-18,2026-02-18,10,morning,P2,closed,phone,30,16,1.0,False,0,
1210,SR0001218,2,4,Maintenance,AC not cooling,maintenance,2026-02-19,2026-02-19,10,morning,P1,closed,whatsapp,120,40,13.0,False,0,
1211,SR0001219,2,9,Front Desk,Key/access issue,front_office,2026-02-20,2026-02-20,8,morning,P1,closed,whatsapp,30,27,6.0,False,0,
1212,SR0001220,2,8,Front Desk,Late check-in,front_office,2026-02-24,2026-02-24,13,afternoon,P2,closed,phone,30,60,9.0,True,0,2.0
1213,SR0001221,2,8,Front Desk,Late check-in,front_office,2026-03-01,2026-03-01,9,morning,P2,closed,app,30,4,1.0,False,0,2.0
1214,SR0001222,2,7,Maintenance,Plumbing,maintenance,2026-03-02,2026-03-02,8,morning,P2,closed,whatsapp,180,105,36.0,False,0,4.0
1215,SR0001223,2,9,Front Desk,Key/access issue,front_office,2026-03-03,2026-03-03,17,afternoon,P1,closed,front_desk,30,10,2.0,False,0,
1216,SR0001224,2,3,Housekeeping,Late checkout clean,housekeeping,2026-03-18,2026-03-18,13,afternoon,P2,closed,app,90,60,13.0,False,0,
1217,SR0001225,2,9,Front Desk,Key/access issue,front_office,2026-04-01,2026-04-02,23,evening,P1,closed,phone,30,32,10.0,True,0,
1218,SR0001226,2,8,Front Desk,Late check-in,front_office,2026-04-22,2026-04-22,15,afternoon,P2,closed,whatsapp,30,10,2.0,False,0,4.0
1219,SR0001227,2,2,Housekeeping,Extra towels/linen,housekeeping,2026-04-25,2026-04-25,18,evening,P3,closed,phone,45,74,28.0,True,0,3.0
1220,SR0001228,2,7,Maintenance,Plumbing,maintenance,2026-04-27,2026-04-27,15,afternoon,P2,closed,whatsapp,180,246,24.0,True,0,
1221,SR0001229,2,6,Maintenance,Wi-Fi down,maintenance,2026-04-30,2026-04-30,19,evening,P1,closed,whatsapp,60,6,1.0,False,0,
1222,SR0001230,2,9,Front Desk,Key/access issue,front_office,2026-05-12,2026-05-12,20,evening,P1,closed,app,30,10,3.0,False,0,
1223,SR0001231,2,3,Housekeeping,Late checkout clean,housekeeping,2026-05-13,2026-05-13,15,afternoon,P2,closed,whatsapp,90,56,10.0,False,0,4.0
1224,SR0001232,2,4,Maintenance,AC not cooling,maintenance,2026-05-17,2026-05-17,8,morning,P1,closed,whatsapp,120,66,22.0,False,0,
1225,SR0001233,2,3,Housekeeping,Late checkout clean,housekeeping,2026-05-22,2026-05-22,16,afternoon,P2,closed,app,90,30,11.0,False,0,
1226,SR0001234,2,4,Maintenance,AC not cooling,maintenance,2026-06-07,2026-06-07,21,evening,P1,closed,phone,120,79,6.0,False,0,
1227,SR0001235,2,8,Front Desk,Late check-in,front_office,2026-06-08,2026-06-08,15,afternoon,P2,closed,app,30,8,3.0,False,0,
1228,SR0001236,2,9,Front Desk,Key/access issue,front_office,2026-06-11,2026-06-11,11,morning,P1,closed,phone,30,25,5.0,False,0,
1229,SR0001237,2,5,Maintenance,Hot water,maintenance,2026-07-04,2026-07-04,9,morning,P1,closed,whatsapp,90,24,2.0,False,0,4.0
1230,SR0001238,2,1,Housekeeping,Room not cleaned,housekeeping,2026-07-10,2026-07-10,11,morning,P2,closed,whatsapp,60,7,1.0,False,0,
1231,SR0001239,2,10,Billing,Incorrect folio,front_office,2026-07-15,2026-07-15,13,afternoon,P2,closed,phone,240,86,12.0,False,0,4.0
1232,SR0001240,2,3,Housekeeping,Late checkout clean,housekeeping,2026-07-27,2026-07-27,17,afternoon,P2,closed,whatsapp,90,27,4.0,False,0,
1233,SR0001241,2,10,Billing,Incorrect folio,front_office,2026-08-10,2026-08-11,21,evening,P2,closed,whatsapp,240,260,38.0,True,0,
1234,SR0001242,2,5,Maintenance,Hot water,maintenance,2025-02-09,2025-02-09,20,evening,P1,closed,app,90,21,6.0,False,0,
1235,SR0001243,2,1,Housekeeping,Room not cleaned,housekeeping,2025-03-08,2025-03-08,16,afternoon,P2,closed,front_desk,60,23,9.0,False,0,
1236,SR0001244,2,6,Maintenance,Wi-Fi down,maintenance,2025-03-09,2025-03-09,9,morning,P1,closed,whatsapp,60,25,6.0,False,0,
1237,SR0001245,2,10,Billing,Incorrect folio,front_office,2025-03-14,2025-03-14,11,morning,P2,closed,whatsapp,240,94,36.0,False,0,
1238,SR0001246,2,3,Housekeeping,Late checkout clean,housekeeping,2025-04-09,2025-04-09,16,afternoon,P2,closed,whatsapp,90,74,16.0,False,0,5.0
1239,SR0001247,2,3,Housekeeping,Late checkout clean,housekeeping,2025-04-10,2025-04-10,8,morning,P2,closed,email,90,26,8.0,False,0,
1240,SR0001248,2,5,Maintenance,Hot water,maintenance,2025-04-14,2025-04-14,18,evening,P1,closed,whatsapp,90,117,45.0,True,0,
1241,SR0001249,2,10,Billing,Incorrect folio,front_office,2025-04-20,2025-04-20,14,afternoon,P2,closed,phone,240,33,4.0,False,0,5.0
1242,SR0001250,2,4,Maintenance,AC not cooling,maintenance,2025-04-22,2025-04-22,12,afternoon,P1,closed,front_desk,120,25,7.0,False,0,
1243,SR0001251,2,4,Maintenance,AC not cooling,maintenance,2025-05-20,2025-05-20,0,overnight,P1,closed,whatsapp,120,10,3.0,False,0,4.0
1244,SR0001252,2,2,Housekeeping,Extra towels/linen,housekeeping,2025-05-25,2025-05-25,14,afternoon,P3,closed,whatsapp,45,29,8.0,False,0,
1245,SR0001253,2,9,Front Desk,Key/access issue,front_office,2025-06-19,2025-06-19,22,evening,P1,closed,phone,30,20,3.0,False,0,
1246,SR0001254,2,1,Housekeeping,Room not cleaned,housekeeping,2025-07-04,2025-07-04,2,overnight,P2,closed,front_desk,60,34,4.0,False,0,
1247,SR0001255,2,8,Front Desk,Late check-in,front_office,2025-07-13,2025-07-13,14,afternoon,P2,closed,whatsapp,30,48,18.0,True,0,3.0
1248,SR0001256,2,5,Maintenance,Hot water,maintenance,2025-07-14,2025-07-14,15,afternoon,P1,closed,whatsapp,90,101,10.0,True,0,
1249,SR0001257,2,8,Front Desk,Late check-in,front_office,2025-07-15,2025-07-15,16,afternoon,P2,closed,whatsapp,30,5,1.0,False,1,
1250,SR0001258,2,4,Maintenance,AC not cooling,maintenance,2025-07-18,2025-07-18,10,morning,P1,closed,front_desk,120,36,5.0,False,0,5.0
1251,SR0001259,2,7,Maintenance,Plumbing,maintenance,2025-07-25,2025-07-25,12,afternoon,P2,closed,front_desk,180,99,21.0,False,1,5.0
1252,SR0001260,2,3,Housekeeping,Late checkout clean,housekeeping,2025-07-30,2025-07-30,17,afternoon,P2,closed,whatsapp,90,13,4.0,False,0,
1253,SR0001261,2,5,Maintenance,Hot water,maintenance,2025-08-13,2025-08-13,13,afternoon,P1,closed,front_desk,90,154,25.0,True,0,3.0
1254,SR0001262,2,5,Maintenance,Hot water,maintenance,2025-09-08,2025-09-08,13,afternoon,P1,closed,app,90,24,9.0,False,0,
1255,SR0001263,2,9,Front Desk,Key/access issue,front_office,2025-09-09,2025-09-09,20,evening,P1,closed,whatsapp,30,23,7.0,False,0,
1256,SR0001264,2,5,Maintenance,Hot water,maintenance,2025-09-11,2025-09-11,15,afternoon,P1,closed,front_desk,90,60,21.0,False,0,
1257,SR0001265,2,8,Front Desk,Late check-in,front_office,2025-09-22,2025-09-22,14,afternoon,P2,closed,whatsapp,30,17,6.0,False,0,5.0
1258,SR0001266,2,2,Housekeeping,Extra towels/linen,housekeeping,2025-10-17,2025-10-17,16,afternoon,P3,closed,front_desk,45,9,1.0,False,0,4.0
1259,SR0001267,2,9,Front Desk,Key/access issue,front_office,2025-10-19,2025-10-19,17,afternoon,P1,closed,phone,30,34,3.0,True,0,
1260,SR0001268,2,5,Maintenance,Hot water,maintenance,2025-10-20,2025-10-20,4,overnight,P1,closed,front_desk,90,39,10.0,False,0,
1261,SR0001269,2,4,Maintenance,AC not cooling,maintenance,2025-10-29,2025-10-29,8,morning,P1,closed,whatsapp,120,95,27.0,False,0,
1262,SR0001270,2,8,Front Desk,Late check-in,front_office,2025-11-11,2025-11-11,11,morning,P2,closed,app,30,46,15.0,True,0,4.0
1263,SR0001271,2,7,Maintenance,Plumbing,maintenance,2025-11-16,2025-11-16,14,afternoon,P2,closed,phone,180,117,45.0,False,0,
1264,SR0001272,2,1,Housekeeping,Room not cleaned,housekeeping,2025-12-03,2025-12-03,12,afternoon,P2,closed,phone,60,33,9.0,False,0,5.0
1265,SR0001273,2,7,Maintenance,Plumbing,maintenance,2025-12-04,2025-12-04,22,evening,P2,closed,phone,180,87,14.0,False,1,4.0
1266,SR0001274,2,3,Housekeeping,Late checkout clean,housekeeping,2025-12-26,2025-12-26,23,evening,P2,closed,phone,90,15,5.0,False,0,
1267,SR0001275,2,10,Billing,Incorrect folio,front_office,2026-01-19,2026-01-19,19,evening,P2,closed,front_desk,240,228,46.0,False,0,5.0
1268,SR0001276,2,10,Billing,Incorrect folio,front_office,2026-01-21,2026-01-21,11,morning,P2,closed,phone,240,92,27.0,False,0,5.0
1269,SR0001277,2,4,Maintenance,AC not cooling,maintenance,2026-01-29,2026-01-29,21,evening,P1,closed,whatsapp,120,109,33.0,False,0,
1270,SR0001278,2,10,Billing,Incorrect folio,front_office,2026-02-11,2026-02-12,22,evening,P2,closed,front_desk,240,200,47.0,False,0,
1271,SR0001279,2,5,Maintenance,Hot water,maintenance,2026-02-14,2026-02-14,18,evening,P1,closed,front_desk,90,133,41.0,True,0,
1272,SR0001280,2,9,Front Desk,Key/access issue,front_office,2026-02-17,2026-02-17,20,evening,P1,closed,app,30,5,1.0,False,0,4.0
1273,SR0001281,2,10,Billing,Incorrect folio,front_office,2026-03-02,2026-03-03,23,evening,P2,closed,phone,240,269,65.0,True,0,
1274,SR0001282,2,1,Housekeeping,Room not cleaned,housekeeping,2026-03-07,2026-03-07,7,morning,P2,closed,app,60,29,8.0,False,0,
1275,SR0001283,2,3,Housekeeping,Late checkout clean,housekeeping,2026-03-24,2026-03-24,22,evening,P2,closed,whatsapp,90,72,24.0,False,1,
1276,SR0001284,2,4,Maintenance,AC not cooling,maintenance,2026-03-27,2026-03-27,19,evening,P1,closed,front_desk,120,108,18.0,False,0,
1277,SR0001285,2,8,Front Desk,Late check-in,front_office,2026-03-31,2026-03-31,11,morning,P2,closed,app,30,32,10.0,True,0,
1278,SR0001286,2,9,Front Desk,Key/access issue,front_office,2026-04-08,2026-04-08,12,afternoon,P1,closed,app,30,43,9.0,True,0,
1279,SR0001287,2,3,Housekeeping,Late checkout clean,housekeeping,2026-04-11,2026-04-11,16,afternoon,P2,closed,front_desk,90,33,9.0,False,0,
1280,SR0001288,2,6,Maintenance,Wi-Fi down,maintenance,2026-04-15,2026-04-15,10,morning,P1,closed,whatsapp,60,28,2.0,False,0,
1281,SR0001289,2,7,Maintenance,Plumbing,maintenance,2026-04-20,2026-04-20,9,morning,P2,closed,phone,180,46,14.0,False,0,
1282,SR0001290,2,10,Billing,Incorrect folio,front_office,2026-04-24,2026-04-24,13,afternoon,P2,closed,email,240,159,30.0,False,0,
1283,SR0001291,2,7,Maintenance,Plumbing,maintenance,2026-05-03,2026-05-03,13,afternoon,P2,closed,phone,180,194,63.0,True,0,2.0
1284,SR0001292,2,1,Housekeeping,Room not cleaned,housekeeping,2026-05-14,2026-05-14,5,overnight,P2,closed,app,60,13,1.0,False,0,
1285,SR0001293,2,9,Front Desk,Key/access issue,front_office,2026-06-02,2026-06-02,14,afternoon,P1,closed,front_desk,30,7,2.0,False,0,
1286,SR0001294,2,9,Front Desk,Key/access issue,front_office,2026-06-07,2026-06-07,18,evening,P1,closed,front_desk,30,34,7.0,True,0,
1287,SR0001295,2,3,Housekeeping,Late checkout clean,housekeeping,2026-06-10,2026-06-10,11,morning,P2,closed,whatsapp,90,54,17.0,False,0,4.0
1288,SR0001296,2,3,Housekeeping,Late checkout clean,housekeeping,2026-06-12,2026-06-12,20,evening,P2,closed,front_desk,90,62,9.0,False,0,
1289,SR0001297,2,10,Billing,Incorrect folio,front_office,2026-06-13,2026-06-13,8,morning,P2,closed,front_desk,240,355,46.0,True,0,
1290,SR0001298,2,10,Billing,Incorrect folio,front_office,2026-06-15,2026-06-15,7,morning,P2,closed,whatsapp,240,218,55.0,False,0,
1291,SR0001299,2,9,Front Desk,Key/access issue,front_office,2026-06-23,2026-06-23,9,morning,P1,closed,email,30,14,2.0,False,0,4.0
1292,SR0001300,2,7,Maintenance,Plumbing,maintenance,2026-06-24,2026-06-24,10,morning,P2,closed,phone,180,31,11.0,False,0,
1293,SR0001301,2,10,Billing,Incorrect folio,front_office,2026-06-25,2026-06-25,12,afternoon,P2,closed,app,240,130,37.0,False,0,
1294,SR0001302,2,9,Front Desk,Key/access issue,front_office,2026-06-30,2026-06-30,23,evening,P1,closed,whatsapp,30,12,4.0,False,0,5.0
1295,SR0001303,2,3,Housekeeping,Late checkout clean,housekeeping,2026-07-03,2026-07-03,20,evening,P2,closed,whatsapp,90,97,30.0,True,0,3.0
1296,SR0001304,2,2,Housekeeping,Extra towels/linen,housekeeping,2026-07-07,2026-07-07,11,morning,P3,closed,whatsapp,45,6,2.0,False,0,
1297,SR0001305,2,2,Housekeeping,Extra towels/linen,housekeeping,2026-07-08,2026-07-08,12,afternoon,P3,closed,whatsapp,45,41,11.0,False,0,
1298,SR0001306,2,7,Maintenance,Plumbing,maintenance,2026-07-10,2026-07-10,12,afternoon,P2,closed,whatsapp,180,170,61.0,False,0,4.0
1299,SR0001307,2,9,Front Desk,Key/access issue,front_office,2026-07-15,2026-07-15,18,evening,P1,closed,front_desk,30,30,6.0,False,0,
1300,SR0001308,2,8,Front Desk,Late check-in,front_office,2026-07-19,2026-07-19,15,afternoon,P2,closed,whatsapp,30,5,1.0,False,0,
1301,SR0001309,2,9,Front Desk,Key/access issue,front_office,2026-07-22,2026-07-22,14,afternoon,P1,closed,whatsapp,30,33,8.0,True,0,5.0
1302,SR0001310,2,3,Housekeeping,Late checkout clean,housekeeping,2026-07-23,2026-07-24,22,evening,P2,closed,whatsapp,90,96,11.0,True,0,
1303,SR0001311,2,4,Maintenance,AC not cooling,maintenance,2026-08-08,2026-08-08,19,evening,P1,closed,whatsapp,120,59,21.0,False,0,
1304,SR0001312,2,8,Front Desk,Late check-in,front_office,2025-02-15,2025-02-15,23,evening,P2,closed,whatsapp,30,20,5.0,False,0,
1305,SR0001313,2,2,Housekeeping,Extra towels/linen,housekeeping,2025-03-20,2025-03-20,18,evening,P3,closed,whatsapp,45,4,1.0,False,0,
1306,SR0001314,2,5,Maintenance,Hot water,maintenance,2025-03-24,2025-03-24,13,afternoon,P1,closed,whatsapp,90,98,25.0,True,0,
1307,SR0001315,2,4,Maintenance,AC not cooling,maintenance,2025-03-28,2025-03-28,13,afternoon,P1,closed,whatsapp,120,178,64.0,True,0,
1308,SR0001316,2,5,Maintenance,Hot water,maintenance,2025-04-09,2025-04-09,12,afternoon,P1,closed,whatsapp,90,42,4.0,False,0,
1309,SR0001317,2,4,Maintenance,AC not cooling,maintenance,2025-04-11,2025-04-11,17,afternoon,P1,closed,front_desk,120,15,2.0,False,0,
1310,SR0001318,2,2,Housekeeping,Extra towels/linen,housekeeping,2025-04-16,2025-04-16,19,evening,P3,closed,app,45,111,30.0,True,0,4.0
1311,SR0001319,2,2,Housekeeping,Extra towels/linen,housekeeping,2025-04-23,2025-04-23,23,evening,P3,closed,app,45,21,3.0,False,0,
1312,SR0001320,2,10,Billing,Incorrect folio,front_office,2025-04-29,2025-04-29,12,afternoon,P2,closed,whatsapp,240,98,22.0,False,0,
1313,SR0001321,2,4,Maintenance,AC not cooling,maintenance,2025-05-09,2025-05-09,7,morning,P1,closed,whatsapp,120,5,1.0,False,0,
1314,SR0001322,2,4,Maintenance,AC not cooling,maintenance,2025-05-18,2025-05-18,14,afternoon,P1,closed,app,120,25,3.0,False,0,
1315,SR0001323,2,10,Billing,Incorrect folio,front_office,2025-05-23,2025-05-23,14,afternoon,P2,closed,front_desk,240,317,75.0,True,0,
1316,SR0001324,2,7,Maintenance,Plumbing,maintenance,2025-06-08,2025-06-08,9,morning,P2,closed,app,180,158,26.0,False,0,
1317,SR0001325,2,7,Maintenance,Plumbing,maintenance,2025-06-17,2025-06-17,6,morning,P2,closed,phone,180,259,85.0,True,0,3.0
1318,SR0001326,2,9,Front Desk,Key/access issue,front_office,2025-06-23,2025-06-23,17,afternoon,P1,closed,whatsapp,30,9,3.0,False,0,
1319,SR0001327,2,2,Housekeeping,Extra towels/linen,housekeeping,2025-06-24,2025-06-24,13,afternoon,P3,closed,whatsapp,45,5,1.0,False,0,
1320,SR0001328,2,10,Billing,Incorrect folio,front_office,2025-07-07,2025-07-07,12,afternoon,P2,closed,phone,240,164,28.0,False,0,
1321,SR0001329,2,8,Front Desk,Late check-in,front_office,2025-08-04,2025-08-04,19,evening,P2,closed,phone,30,12,1.0,False,0,
1322,SR0001330,2,7,Maintenance,Plumbing,maintenance,2025-08-13,2025-08-14,23,evening,P2,closed,app,180,58,18.0,False,0,
1323,SR0001331,2,9,Front Desk,Key/access issue,front_office,2025-08-14,2025-08-14,22,evening,P1,closed,app,30,18,1.0,False,0,4.0
1324,SR0001332,2,5,Maintenance,Hot water,maintenance,2025-08-18,2025-08-19,23,evening,P1,closed,front_desk,90,27,2.0,False,0,
1325,SR0001333,2,1,Housekeeping,Room not cleaned,housekeeping,2025-09-09,2025-09-09,13,afternoon,P2,closed,front_desk,60,31,11.0,False,0,
1326,SR0001334,2,8,Front Desk,Late check-in,front_office,2025-09-12,2025-09-12,13,afternoon,P2,closed,whatsapp,30,21,6.0,False,0,4.0
1327,SR0001335,2,6,Maintenance,Wi-Fi down,maintenance,2025-09-16,2025-09-16,11,morning,P1,closed,whatsapp,60,47,9.0,False,0,
1328,SR0001336,2,8,Front Desk,Late check-in,front_office,2025-09-22,2025-09-22,15,afternoon,P2,closed,whatsapp,30,9,1.0,False,0,5.0
1329,SR0001337,2,5,Maintenance,Hot water,maintenance,2025-10-08,2025-10-08,13,afternoon,P1,closed,front_desk,90,90,25.0,False,0,
1330,SR0001338,2,4,Maintenance,AC not cooling,maintenance,2025-10-10,2025-10-10,15,afternoon,P1,closed,whatsapp,120,15,4.0,False,0,4.0
1331,SR0001339,2,5,Maintenance,Hot water,maintenance,2025-10-17,2025-10-17,15,afternoon,P1,closed,front_desk,90,90,22.0,False,0,
1332,SR0001340,2,2,Housekeeping,Extra towels/linen,housekeeping,2025-10-20,2025-10-20,6,morning,P3,closed,whatsapp,45,38,14.0,False,0,
1333,SR0001341,2,5,Maintenance,Hot water,maintenance,2025-11-05,2025-11-05,11,morning,P1,closed,app,90,67,12.0,False,0,4.0
1334,SR0001342,2,6,Maintenance,Wi-Fi down,maintenance,2025-11-09,2025-11-09,12,afternoon,P1,closed,app,60,8,2.0,False,1,
1335,SR0001344,2,8,Front Desk,Late check-in,front_office,2025-12-24,2025-12-24,17,afternoon,P2,closed,whatsapp,30,17,4.0,False,0,
1336,SR0001345,2,9,Front Desk,Key/access issue,front_office,2025-12-27,2025-12-27,11,morning,P1,closed,email,30,15,4.0,False,0,
1337,SR0001346,2,1,Housekeeping,Room not cleaned,housekeeping,2025-12-30,2025-12-30,6,morning,P2,closed,phone,60,117,45.0,True,0,
1338,SR0001347,2,1,Housekeeping,Room not cleaned,housekeeping,2026-01-04,2026-01-04,6,morning,P2,closed,email,60,13,2.0,False,0,4.0
1339,SR0001348,2,4,Maintenance,AC not cooling,maintenance,2026-01-10,2026-01-10,6,morning,P1,closed,front_desk,120,100,16.0,False,0,
1340,SR0001349,2,10,Billing,Incorrect folio,front_office,2026-01-25,2026-01-25,7,morning,P2,closed,whatsapp,240,71,22.0,False,0,
1341,SR0001350,2,9,Front Desk,Key/access issue,front_office,2026-01-26,2026-01-26,12,afternoon,P1,closed,whatsapp,30,33,4.0,True,0,
1342,SR0001351,2,7,Maintenance,Plumbing,maintenance,2026-02-02,2026-02-02,10,morning,P2,closed,whatsapp,180,78,16.0,False,0,4.0
1343,SR0001352,2,9,Front Desk,Key/access issue,front_office,2026-02-19,2026-02-19,11,morning,P1,closed,phone,30,12,1.0,False,0,
1344,SR0001353,2,3,Housekeeping,Late checkout clean,housekeeping,2026-03-12,2026-03-12,9,morning,P2,closed,whatsapp,90,62,10.0,False,0,5.0
1345,SR0001354,2,8,Front Desk,Late check-in,front_office,2026-03-14,2026-03-14,10,morning,P2,closed,app,30,7,1.0,False,0,3.0
1346,SR0001355,2,9,Front Desk,Key/access issue,front_office,2026-03-21,2026-03-21,18,evening,P1,closed,whatsapp,30,22,3.0,False,0,
1347,SR0001356,2,8,Front Desk,Late check-in,front_office,2026-03-31,2026-03-31,16,afternoon,P2,closed,front_desk,30,11,3.0,False,0,
1348,SR0001357,2,7,Maintenance,Plumbing,maintenance,2026-04-06,2026-04-06,20,evening,P2,closed,phone,180,135,20.0,False,0,
1349,SR0001358,2,2,Housekeeping,Extra towels/linen,housekeeping,2026-04-22,2026-04-22,11,morning,P3,closed,whatsapp,45,39,12.0,False,0,
1350,SR0001359,2,5,Maintenance,Hot water,maintenance,2026-05-10,2026-05-10,15,afternoon,P1,closed,whatsapp,90,63,8.0,False,1,
1351,SR0001360,2,3,Housekeeping,Late checkout clean,housekeeping,2026-05-12,2026-05-12,16,afternoon,P2,closed,whatsapp,90,42,11.0,False,0,
1352,SR0001361,2,8,Front Desk,Late check-in,front_office,2026-05-14,2026-05-14,19,evening,P2,closed,phone,30,40,6.0,True,0,2.0
1353,SR0001362,2,9,Front Desk,Key/access issue,front_office,2026-05-24,2026-05-24,10,morning,P1,closed,app,30,16,5.0,False,0,
1354,SR0001363,2,10,Billing,Incorrect folio,front_office,2026-05-26,2026-05-26,15,afternoon,P2,closed,whatsapp,240,88,30.0,False,0,
1355,SR0001364,2,10,Billing,Incorrect folio,front_office,2026-05-27,2026-05-27,8,morning,P2,closed,app,240,29,5.0,False,0,
1356,SR0001365,2,6,Maintenance,Wi-Fi down,maintenance,2026-05-30,2026-05-30,15,afternoon,P1,closed,whatsapp,60,29,3.0,False,0,
1357,SR0001366,2,6,Maintenance,Wi-Fi down,maintenance,2026-06-03,2026-06-03,5,overnight,P1,closed,front_desk,60,25,3.0,False,0,
1358,SR0001367,2,1,Housekeeping,Room not cleaned,housekeeping,2026-06-07,2026-06-07,16,afternoon,P2,closed,phone,60,11,3.0,False,0,4.0
1359,SR0001368,2,1,Housekeeping,Room not cleaned,housekeeping,2026-06-14,2026-06-14,12,afternoon,P2,closed,whatsapp,60,8,1.0,False,1,
1360,SR0001369,2,2,Housekeeping,Extra towels/linen,housekeeping,2026-07-17,2026-07-17,14,afternoon,P3,closed,phone,45,5,1.0,False,0,
1361,SR0001370,2,10,Billing,Incorrect folio,front_office,2026-08-11,2026-08-11,16,afternoon,P2,closed,whatsapp,240,65,21.0,False,0,
1362,SR0001371,2,7,Maintenance,Plumbing,maintenance,2025-02-17,2025-02-17,10,morning,P2,closed,phone,180,49,16.0,False,0,5.0
1363,SR0001372,2,9,Front Desk,Key/access issue,front_office,2025-02-19,2025-02-19,13,afternoon,P1,closed,whatsapp,30,43,3.0,True,0,3.0
1364,SR0001373,2,7,Maintenance,Plumbing,maintenance,2025-02-20,2025-02-21,23,evening,P2,closed,front_desk,180,39,11.0,False,0,5.0
1365,SR0001374,2,8,Front Desk,Late check-in,front_office,2025-03-19,2025-03-19,15,afternoon,P2,closed,phone,30,14,3.0,False,0,5.0
1366,SR0001375,2,9,Front Desk,Key/access issue,front_office,2025-04-07,2025-04-07,19,evening,P1,closed,app,30,7,2.0,False,0,5.0
1367,SR0001376,2,7,Maintenance,Plumbing,maintenance,2025-04-08,2025-04-08,15,afternoon,P2,closed,app,180,90,25.0,False,0,5.0
1368,SR0001377,2,10,Billing,Incorrect folio,front_office,2025-04-10,2025-04-10,16,afternoon,P2,closed,whatsapp,240,110,20.0,False,0,
1369,SR0001378,2,8,Front Desk,Late check-in,front_office,2025-04-20,2025-04-20,15,afternoon,P2,closed,app,30,5,1.0,False,0,4.0
1370,SR0001379,2,8,Front Desk,Late check-in,front_office,2025-04-25,2025-04-25,10,morning,P2,closed,app,30,10,1.0,False,0,
1371,SR0001380,2,7,Maintenance,Plumbing,maintenance,2025-05-14,2025-05-14,20,evening,P2,closed,whatsapp,180,86,12.0,False,0,5.0
1372,SR0001381,2,6,Maintenance,Wi-Fi down,maintenance,2025-05-19,2025-05-19,20,evening,P1,closed,phone,60,8,2.0,False,0,
1373,SR0001382,2,5,Maintenance,Hot water,maintenance,2025-05-25,2025-05-25,14,afternoon,P1,closed,phone,90,56,19.0,False,0,
1374,SR0001383,2,3,Housekeeping,Late checkout clean,housekeeping,2025-06-06,2025-06-06,21,evening,P2,closed,front_desk,90,43,6.0,False,0,5.0
1375,SR0001384,2,2,Housekeeping,Extra towels/linen,housekeeping,2025-06-09,2025-06-09,21,evening,P3,closed,whatsapp,45,49,13.0,True,0,4.0
1376,SR0001385,2,4,Maintenance,AC not cooling,maintenance,2025-07-07,2025-07-07,6,morning,P1,closed,front_desk,120,97,8.0,False,0,5.0
1377,SR0001386,2,9,Front Desk,Key/access issue,front_office,2025-07-19,2025-07-19,10,morning,P1,closed,whatsapp,30,8,3.0,False,0,
1378,SR0001387,2,1,Housekeeping,Room not cleaned,housekeeping,2025-07-20,2025-07-20,15,afternoon,P2,closed,app,60,50,6.0,False,0,5.0
1379,SR0001388,2,8,Front Desk,Late check-in,front_office,2025-08-06,2025-08-06,17,afternoon,P2,closed,whatsapp,30,25,3.0,False,0,
1380,SR0001389,2,1,Housekeeping,Room not cleaned,housekeeping,2025-08-09,2025-08-09,11,morning,P2,closed,whatsapp,60,55,5.0,False,0,4.0
1381,SR0001390,2,2,Housekeeping,Extra towels/linen,housekeeping,2025-08-22,2025-08-22,17,afternoon,P3,closed,front_desk,45,4,1.0,False,0,5.0
1382,SR0001391,2,8,Front Desk,Late check-in,front_office,2025-08-28,2025-08-28,17,afternoon,P2,closed,phone,30,43,10.0,True,0,2.0
1383,SR0001392,2,5,Maintenance,Hot water,maintenance,2025-09-02,2025-09-03,23,evening,P1,closed,phone,90,120,31.0,True,0,
1384,SR0001393,2,9,Front Desk,Key/access issue,front_office,2025-09-03,2025-09-03,19,evening,P1,closed,phone,30,8,1.0,False,0,3.0
1385,SR0001394,2,6,Maintenance,Wi-Fi down,maintenance,2025-09-05,2025-09-05,10,morning,P1,closed,whatsapp,60,27,4.0,False,0,
1386,SR0001395,2,5,Maintenance,Hot water,maintenance,2025-09-12,2025-09-12,17,afternoon,P1,closed,whatsapp,90,25,4.0,False,0,
1387,SR0001396,2,5,Maintenance,Hot water,maintenance,2025-09-22,2025-09-22,16,afternoon,P1,closed,phone,90,153,13.0,True,0,
1388,SR0001397,2,6,Maintenance,Wi-Fi down,maintenance,2025-09-30,2025-09-30,11,morning,P1,closed,whatsapp,60,9,2.0,False,0,
1389,SR0001398,2,2,Housekeeping,Extra towels/linen,housekeeping,2025-10-02,2025-10-02,10,morning,P3,closed,phone,45,24,5.0,False,0,5.0
1390,SR0001399,2,1,Housekeeping,Room not cleaned,housekeeping,2025-11-22,2025-11-22,14,afternoon,P2,closed,phone,60,36,10.0,False,0,
1391,SR0001400,2,10,Billing,Incorrect folio,front_office,2025-11-29,2025-11-29,15,afternoon,P2,closed,phone,240,220,26.0,False,0,
1392,SR0001401,2,3,Housekeeping,Late checkout clean,housekeeping,2025-12-04,2025-12-04,4,overnight,P2,closed,whatsapp,90,20,4.0,False,0,
1393,SR0001402,2,3,Housekeeping,Late checkout clean,housekeeping,2025-12-05,2025-12-05,12,afternoon,P2,closed,phone,90,51,9.0,False,0,5.0
1394,SR0001403,2,8,Front Desk,Late check-in,front_office,2025-12-11,2025-12-11,22,evening,P2,closed,email,30,27,9.0,False,0,
1395,SR0001404,2,5,Maintenance,Hot water,maintenance,2025-12-19,2025-12-19,20,evening,P1,closed,front_desk,90,86,22.0,False,0,5.0
1396,SR0001405,2,9,Front Desk,Key/access issue,front_office,2025-12-23,2025-12-23,21,evening,P1,closed,phone,30,9,1.0,False,1,
1397,SR0001406,2,10,Billing,Incorrect folio,front_office,2026-01-01,2026-01-01,19,evening,P2,closed,front_desk,240,57,17.0,False,0,
1398,SR0001407,2,1,Housekeeping,Room not cleaned,housekeeping,2026-01-02,2026-01-02,17,afternoon,P2,closed,app,60,46,10.0,False,0,
1399,SR0001408,2,5,Maintenance,Hot water,maintenance,2026-01-04,2026-01-04,19,evening,P1,closed,front_desk,90,79,25.0,False,0,
1400,SR0001409,2,4,Maintenance,AC not cooling,maintenance,2026-01-19,2026-01-19,14,afternoon,P1,closed,front_desk,120,15,3.0,False,0,4.0
1401,SR0001410,2,3,Housekeeping,Late checkout clean,housekeeping,2026-01-20,2026-01-20,12,afternoon,P2,closed,whatsapp,90,46,8.0,False,0,
1402,SR0001411,2,5,Maintenance,Hot water,maintenance,2026-01-31,2026-01-31,10,morning,P1,closed,whatsapp,90,9,3.0,False,0,3.0
1403,SR0001412,2,3,Housekeeping,Late checkout clean,housekeeping,2026-02-11,2026-02-11,11,morning,P2,closed,front_desk,90,49,11.0,False,0,
1404,SR0001413,2,6,Maintenance,Wi-Fi down,maintenance,2026-02-13,2026-02-13,15,afternoon,P1,closed,app,60,26,7.0,False,0,5.0
1405,SR0001414,2,7,Maintenance,Plumbing,maintenance,2026-02-14,2026-02-14,10,morning,P2,closed,app,180,423,77.0,True,0,
1406,SR0001415,2,5,Maintenance,Hot water,maintenance,2026-02-16,2026-02-16,10,morning,P1,closed,app,90,65,24.0,False,1,
1407,SR0001416,2,2,Housekeeping,Extra towels/linen,housekeeping,2026-02-20,2026-02-20,23,evening,P3,closed,front_desk,45,9,2.0,False,0,
1408,SR0001417,2,1,Housekeeping,Room not cleaned,housekeeping,2026-02-21,2026-02-21,15,afternoon,P2,closed,whatsapp,60,40,4.0,False,0,
1409,SR0001418,2,5,Maintenance,Hot water,maintenance,2026-02-26,2026-02-26,4,overnight,P1,closed,front_desk,90,28,3.0,False,0,
1410,SR0001419,2,2,Housekeeping,Extra towels/linen,housekeeping,2026-03-03,2026-03-03,15,afternoon,P3,closed,whatsapp,45,11,2.0,False,0,
1411,SR0001420,2,3,Housekeeping,Late checkout clean,housekeeping,2026-03-28,2026-03-28,3,overnight,P2,closed,phone,90,34,12.0,False,1,3.0
1412,SR0001421,2,10,Billing,Incorrect folio,front_office,2026-04-04,2026-04-04,14,afternoon,P2,closed,whatsapp,240,285,104.0,True,0,
1413,SR0001422,2,1,Housekeeping,Room not cleaned,housekeeping,2026-04-08,2026-04-08,16,afternoon,P2,closed,app,60,38,10.0,False,0,
1414,SR0001423,2,2,Housekeeping,Extra towels/linen,housekeeping,2026-04-10,2026-04-10,17,afternoon,P3,closed,app,45,23,6.0,False,0,
1415,SR0001424,2,10,Billing,Incorrect folio,front_office,2026-04-13,2026-04-13,9,morning,P2,closed,whatsapp,240,132,17.0,False,0,
1416,SR0001425,2,10,Billing,Incorrect folio,front_office,2026-05-05,2026-05-05,17,afternoon,P2,closed,whatsapp,240,305,86.0,True,0,4.0
1417,SR0001426,2,10,Billing,Incorrect folio,front_office,2026-05-21,2026-05-21,22,evening,P2,closed,whatsapp,240,55,10.0,False,0,4.0
1418,SR0001427,2,9,Front Desk,Key/access issue,front_office,2026-05-29,2026-05-29,21,evening,P1,closed,app,30,4,1.0,False,0,
1419,SR0001428,2,10,Billing,Incorrect folio,front_office,2026-05-31,2026-05-31,11,morning,P2,closed,whatsapp,240,208,65.0,False,0,3.0
1420,SR0001429,2,8,Front Desk,Late check-in,front_office,2026-06-05,2026-06-05,20,evening,P2,closed,phone,30,33,6.0,True,0,
1421,SR0001430,2,8,Front Desk,Late check-in,front_office,2026-06-10,2026-06-10,23,evening,P2,closed,whatsapp,30,13,1.0,False,0,
1422,SR0001431,2,1,Housekeeping,Room not cleaned,housekeeping,2026-06-11,2026-06-11,11,morning,P2,closed,phone,60,166,33.0,True,0,3.0
1423,SR0001432,2,4,Maintenance,AC not cooling,maintenance,2026-06-13,2026-06-13,17,afternoon,P1,closed,phone,120,87,25.0,False,0,4.0
1424,SR0001433,2,2,Housekeeping,Extra towels/linen,housekeeping,2026-06-18,2026-06-18,8,morning,P3,closed,app,45,30,5.0,False,0,
1425,SR0001434,2,9,Front Desk,Key/access issue,front_office,2026-06-24,2026-06-24,19,evening,P1,closed,whatsapp,30,16,4.0,False,0,
1426,SR0001435,2,5,Maintenance,Hot water,maintenance,2026-07-02,2026-07-02,18,evening,P1,closed,whatsapp,90,123,24.0,True,0,
1427,SR0001436,2,1,Housekeeping,Room not cleaned,housekeeping,2026-07-06,2026-07-06,14,afternoon,P2,closed,front_desk,60,91,19.0,True,0,5.0
1428,SR0001437,2,10,Billing,Incorrect folio,front_office,2026-07-07,2026-07-07,16,afternoon,P2,closed,whatsapp,240,27,2.0,False,0,
1429,SR0001438,2,9,Front Desk,Key/access issue,front_office,2026-07-16,2026-07-16,14,afternoon,P1,closed,front_desk,30,32,4.0,True,0,
1430,SR0001439,2,5,Maintenance,Hot water,maintenance,2026-07-28,2026-07-28,10,morning,P1,closed,phone,90,17,2.0,False,0,
1431,SR0001440,2,8,Front Desk,Late check-in,front_office,2026-08-01,2026-08-01,13,afternoon,P2,closed,whatsapp,30,18,6.0,False,0,4.0
1432,SR0001441,2,3,Housekeeping,Late checkout clean,housekeeping,2026-08-06,2026-08-06,13,afternoon,P2,closed,whatsapp,90,113,20.0,True,0,3.0
1433,SR0001442,2,8,Front Desk,Late check-in,front_office,2025-02-15,2025-02-15,16,afternoon,P2,closed,phone,30,29,7.0,False,0,4.0
1434,SR0001443,2,2,Housekeeping,Extra towels/linen,housekeeping,2025-02-16,2025-02-16,9,morning,P3,closed,app,45,55,19.0,True,0,
1435,SR0001444,2,8,Front Desk,Late check-in,front_office,2025-02-17,2025-02-17,15,afternoon,P2,closed,whatsapp,30,23,8.0,False,0,
1436,SR0001445,2,1,Housekeeping,Room not cleaned,housekeeping,2025-02-22,2025-02-22,6,morning,P2,closed,whatsapp,60,13,4.0,False,1,
1437,SR0001446,2,1,Housekeeping,Room not cleaned,housekeeping,2025-03-22,2025-03-22,9,morning,P2,closed,phone,60,4,1.0,False,0,
1438,SR0001447,2,8,Front Desk,Late check-in,front_office,2025-03-27,2025-03-27,13,afternoon,P2,closed,front_desk,30,9,1.0,False,0,
1439,SR0001448,2,5,Maintenance,Hot water,maintenance,2025-04-13,2025-04-13,14,afternoon,P1,closed,phone,90,20,5.0,False,0,
1440,SR0001449,2,6,Maintenance,Wi-Fi down,maintenance,2025-05-01,2025-05-01,6,morning,P1,closed,whatsapp,60,27,9.0,False,0,
1441,SR0001450,2,4,Maintenance,AC not cooling,maintenance,2025-05-05,2025-05-05,15,afternoon,P1,closed,whatsapp,120,60,12.0,False,0,5.0
1442,SR0001451,2,2,Housekeeping,Extra towels/linen,housekeeping,2025-05-11,2025-05-11,22,evening,P3,closed,whatsapp,45,20,2.0,False,1,
1443,SR0001452,2,10,Billing,Incorrect folio,front_office,2025-05-16,2025-05-16,15,afternoon,P2,closed,whatsapp,240,122,18.0,False,0,
1444,SR0001453,2,3,Housekeeping,Late checkout clean,housekeeping,2025-05-22,2025-05-22,13,afternoon,P2,closed,whatsapp,90,18,4.0,False,0,
1445,SR0001454,2,3,Housekeeping,Late checkout clean,housekeeping,2025-06-15,2025-06-15,15,afternoon,P2,closed,whatsapp,90,6,1.0,False,0,4.0
1446,SR0001455,2,9,Front Desk,Key/access issue,front_office,2025-06-23,2025-06-23,11,morning,P1,closed,phone,30,48,15.0,True,0,
1447,SR0001456,2,9,Front Desk,Key/access issue,front_office,2025-06-24,2025-06-24,11,morning,P1,closed,phone,30,4,1.0,False,0,
1448,SR0001457,2,10,Billing,Incorrect folio,front_office,2025-06-25,2025-06-26,22,evening,P2,closed,whatsapp,240,122,33.0,False,0,3.0
1449,SR0001458,2,9,Front Desk,Key/access issue,front_office,2025-06-26,2025-06-26,14,afternoon,P1,closed,whatsapp,30,7,1.0,False,0,
1450,SR0001459,2,8,Front Desk,Late check-in,front_office,2025-07-01,2025-07-01,6,morning,P2,closed,front_desk,30,13,4.0,False,0,4.0
1451,SR0001460,2,7,Maintenance,Plumbing,maintenance,2025-07-27,2025-07-27,11,morning,P2,closed,front_desk,180,81,15.0,False,0,
1452,SR0001461,2,5,Maintenance,Hot water,maintenance,2025-07-28,2025-07-28,12,afternoon,P1,closed,app,90,16,6.0,False,0,
1453,SR0001462,2,3,Housekeeping,Late checkout clean,housekeeping,2025-08-18,2025-08-18,10,morning,P2,closed,front_desk,90,45,17.0,False,0,
1454,SR0001463,2,8,Front Desk,Late check-in,front_office,2025-08-23,2025-08-23,7,morning,P2,closed,whatsapp,30,8,1.0,False,0,
1455,SR0001464,2,6,Maintenance,Wi-Fi down,maintenance,2025-09-08,2025-09-08,17,afternoon,P1,closed,whatsapp,60,99,25.0,True,0,
1456,SR0001465,2,9,Front Desk,Key/access issue,front_office,2025-09-14,2025-09-14,15,afternoon,P1,closed,front_desk,30,7,1.0,False,0,5.0
1457,SR0001466,2,3,Housekeeping,Late checkout clean,housekeeping,2025-10-01,2025-10-01,18,evening,P2,closed,whatsapp,90,34,9.0,False,0,5.0
1458,SR0001467,2,3,Housekeeping,Late checkout clean,housekeeping,2025-10-06,2025-10-06,13,afternoon,P2,closed,whatsapp,90,69,10.0,False,0,
1459,SR0001468,2,9,Front Desk,Key/access issue,front_office,2025-10-08,2025-10-08,15,afternoon,P1,closed,app,30,4,1.0,False,0,
1460,SR0001469,2,2,Housekeeping,Extra towels/linen,housekeeping,2025-10-17,2025-10-17,12,afternoon,P3,closed,phone,45,34,6.0,False,0,5.0
1461,SR0001470,2,8,Front Desk,Late check-in,front_office,2025-10-29,2025-10-29,15,afternoon,P2,closed,whatsapp,30,14,3.0,False,0,
1462,SR0001471,2,7,Maintenance,Plumbing,maintenance,2025-11-02,2025-11-02,15,afternoon,P2,closed,phone,180,92,12.0,False,1,5.0
1463,SR0001472,2,2,Housekeeping,Extra towels/linen,housekeeping,2025-11-10,2025-11-10,11,morning,P3,closed,app,45,23,7.0,False,0,
1464,SR0001473,2,1,Housekeeping,Room not cleaned,housekeeping,2025-11-14,2025-11-14,20,evening,P2,closed,email,60,41,4.0,False,0,
1465,SR0001474,2,9,Front Desk,Key/access issue,front_office,2025-12-15,2025-12-15,21,evening,P1,closed,front_desk,30,37,14.0,True,0,
1466,SR0001475,2,5,Maintenance,Hot water,maintenance,2026-01-19,2026-01-19,16,afternoon,P1,closed,phone,90,85,32.0,False,0,
1467,SR0001476,2,9,Front Desk,Key/access issue,front_office,2026-01-25,2026-01-25,20,evening,P1,closed,front_desk,30,4,1.0,False,0,5.0
1468,SR0001477,2,3,Housekeeping,Late checkout clean,housekeeping,2026-01-27,2026-01-27,12,afternoon,P2,closed,whatsapp,90,25,9.0,False,0,
1469,SR0001478,2,6,Maintenance,Wi-Fi down,maintenance,2026-01-28,2026-01-28,19,evening,P1,closed,whatsapp,60,97,16.0,True,0,
1470,SR0001479,2,1,Housekeeping,Room not cleaned,housekeeping,2026-02-04,2026-02-04,15,afternoon,P2,closed,app,60,61,11.0,True,0,2.0
1471,SR0001480,2,7,Maintenance,Plumbing,maintenance,2026-02-10,2026-02-10,18,evening,P2,closed,app,180,106,13.0,False,0,5.0
1472,SR0001481,2,1,Housekeeping,Room not cleaned,housekeeping,2026-02-11,2026-02-11,15,afternoon,P2,closed,whatsapp,60,52,10.0,False,0,
1473,SR0001482,2,3,Housekeeping,Late checkout clean,housekeeping,2026-02-14,2026-02-14,7,morning,P2,closed,app,90,40,7.0,False,0,
1474,SR0001483,2,1,Housekeeping,Room not cleaned,housekeeping,2026-02-26,2026-02-26,15,afternoon,P2,closed,phone,60,4,1.0,False,0,
1475,SR0001484,2,2,Housekeeping,Extra towels/linen,housekeeping,2026-03-01,2026-03-01,5,overnight,P3,closed,whatsapp,45,52,11.0,True,0,
1476,SR0001485,2,3,Housekeeping,Late checkout clean,housekeeping,2026-03-06,2026-03-06,8,morning,P2,closed,front_desk,90,72,25.0,False,0,
1477,SR0001486,2,9,Front Desk,Key/access issue,front_office,2026-03-07,2026-03-07,14,afternoon,P1,closed,whatsapp,30,9,1.0,False,0,
1478,SR0001487,2,4,Maintenance,AC not cooling,maintenance,2026-03-10,2026-03-10,17,afternoon,P1,closed,front_desk,120,124,26.0,True,0,
1479,SR0001488,2,8,Front Desk,Late check-in,front_office,2026-03-13,2026-03-13,16,afternoon,P2,closed,whatsapp,30,27,8.0,False,0,
1480,SR0001489,2,1,Housekeeping,Room not cleaned,housekeeping,2026-03-26,2026-03-26,12,afternoon,P2,closed,front_desk,60,11,1.0,False,0,4.0
1481,SR0001490,2,5,Maintenance,Hot water,maintenance,2026-04-03,2026-04-03,13,afternoon,P1,closed,whatsapp,90,24,8.0,False,0,4.0
1482,SR0001491,2,1,Housekeeping,Room not cleaned,housekeeping,2026-04-10,2026-04-10,18,evening,P2,closed,phone,60,115,34.0,True,0,
1483,SR0001492,2,2,Housekeeping,Extra towels/linen,housekeeping,2026-04-27,2026-04-27,15,afternoon,P3,closed,whatsapp,45,17,2.0,False,0,
1484,SR0001493,2,9,Front Desk,Key/access issue,front_office,2026-05-06,2026-05-06,20,evening,P1,closed,app,30,11,4.0,False,0,
1485,SR0001494,2,6,Maintenance,Wi-Fi down,maintenance,2026-05-24,2026-05-24,18,evening,P1,closed,front_desk,60,25,3.0,False,0,
1486,SR0001495,2,6,Maintenance,Wi-Fi down,maintenance,2026-06-05,2026-06-05,18,evening,P1,closed,phone,60,21,5.0,False,0,
1487,SR0001496,2,10,Billing,Incorrect folio,front_office,2026-06-08,2026-06-08,4,overnight,P2,closed,phone,240,243,33.0,True,0,
1488,SR0001497,2,2,Housekeeping,Extra towels/linen,housekeeping,2026-06-19,2026-06-19,16,afternoon,P3,closed,whatsapp,45,38,11.0,False,0,
1489,SR0001498,2,8,Front Desk,Late check-in,front_office,2026-06-20,2026-06-20,11,morning,P2,closed,app,30,16,3.0,False,1,
1490,SR0001499,2,3,Housekeeping,Late checkout clean,housekeeping,2026-06-27,2026-06-27,13,afternoon,P2,closed,phone,90,158,43.0,True,0,2.0
1491,SR0001500,2,5,Maintenance,Hot water,maintenance,2026-06-28,2026-06-28,11,morning,P1,closed,whatsapp,90,73,14.0,False,0,5.0
1492,SR0001501,2,1,Housekeeping,Room not cleaned,housekeeping,2026-07-11,2026-07-11,8,morning,P2,closed,whatsapp,60,61,21.0,True,0,
1493,SR0001502,2,2,Housekeeping,Extra towels/linen,housekeeping,2026-07-16,2026-07-16,17,afternoon,P3,closed,whatsapp,45,16,4.0,False,0,5.0
1494,SR0001503,2,5,Maintenance,Hot water,maintenance,2026-07-27,2026-07-27,18,evening,P1,closed,app,90,43,5.0,False,0,
1495,SR0001504,2,10,Billing,Incorrect folio,front_office,2026-08-11,2026-08-11,14,afternoon,P2,closed,front_desk,240,50,4.0,False,0,5.0
1496,SR0001505,2,9,Front Desk,Key/access issue,front_office,2025-02-24,2025-02-24,21,evening,P1,closed,whatsapp,30,29,6.0,False,0,
1497,SR0001506,2,5,Maintenance,Hot water,maintenance,2025-03-15,2025-03-15,12,afternoon,P1,closed,app,90,58,20.0,False,0,
1498,SR0001507,2,9,Front Desk,Key/access issue,front_office,2025-03-16,2025-03-16,20,evening,P1,closed,whatsapp,30,18,1.0,False,0,
1499,SR0001508,2,5,Maintenance,Hot water,maintenance,2025-03-27,2025-03-27,8,morning,P1,closed,whatsapp,90,21,5.0,False,0,
1500,SR0001509,2,5,Maintenance,Hot water,maintenance,2025-04-09,2025-04-09,8,morning,P1,closed,front_desk,90,28,8.0,False,0,4.0
1501,SR0001510,2,8,Front Desk,Late check-in,front_office,2025-04-16,2025-04-17,23,evening,P2,closed,front_desk,30,29,3.0,False,0,5.0
1502,SR0001511,2,4,Maintenance,AC not cooling,maintenance,2025-06-15,2025-06-15,11,morning,P1,closed,email,120,48,11.0,False,0,4.0
1503,SR0001512,2,7,Maintenance,Plumbing,maintenance,2025-06-30,2025-06-30,18,evening,P2,closed,phone,180,170,62.0,False,0,
1504,SR0001513,2,7,Maintenance,Plumbing,maintenance,2025-07-21,2025-07-21,13,afternoon,P2,closed,app,180,162,36.0,False,0,
1505,SR0001514,2,2,Housekeeping,Extra towels/linen,housekeeping,2025-08-24,2025-08-24,19,evening,P3,closed,app,45,25,5.0,False,0,
1506,SR0001515,2,7,Maintenance,Plumbing,maintenance,2025-08-31,2025-08-31,12,afternoon,P2,closed,app,180,81,14.0,False,0,5.0
1507,SR0001516,2,3,Housekeeping,Late checkout clean,housekeeping,2025-09-03,2025-09-03,12,afternoon,P2,closed,front_desk,90,48,14.0,False,0,5.0
1508,SR0001517,2,2,Housekeeping,Extra towels/linen,housekeeping,2025-10-09,2025-10-09,16,afternoon,P3,closed,email,45,7,2.0,False,0,5.0
1509,SR0001518,2,6,Maintenance,Wi-Fi down,maintenance,2025-11-10,2025-11-10,15,afternoon,P1,closed,whatsapp,60,36,6.0,False,0,
1510,SR0001519,2,6,Maintenance,Wi-Fi down,maintenance,2025-11-13,2025-11-13,17,afternoon,P1,closed,front_desk,60,40,12.0,False,0,
1511,SR0001520,2,5,Maintenance,Hot water,maintenance,2025-12-04,2025-12-04,19,evening,P1,closed,whatsapp,90,53,13.0,False,0,
1512,SR0001521,2,1,Housekeeping,Room not cleaned,housekeeping,2025-12-11,2025-12-11,18,evening,P2,closed,whatsapp,60,27,5.0,False,0,
1513,SR0001522,2,9,Front Desk,Key/access issue,front_office,2026-01-17,2026-01-17,22,evening,P1,closed,phone,30,32,11.0,True,0,
1514,SR0001523,2,3,Housekeeping,Late checkout clean,housekeeping,2026-01-18,2026-01-18,17,afternoon,P2,closed,whatsapp,90,54,15.0,False,0,
1515,SR0001524,2,8,Front Desk,Late check-in,front_office,2026-02-01,2026-02-01,11,morning,P2,closed,front_desk,30,10,1.0,False,0,
1516,SR0001525,2,3,Housekeeping,Late checkout clean,housekeeping,2026-02-03,2026-02-03,16,afternoon,P2,closed,whatsapp,90,69,13.0,False,0,
1517,SR0001526,2,6,Maintenance,Wi-Fi down,maintenance,2026-02-09,2026-02-09,14,afternoon,P1,closed,phone,60,28,6.0,False,0,4.0
1518,SR0001527,2,4,Maintenance,AC not cooling,maintenance,2026-02-15,2026-02-15,11,morning,P1,closed,whatsapp,120,15,1.0,False,0,4.0
1519,SR0001528,2,10,Billing,Incorrect folio,front_office,2026-02-19,2026-02-19,13,afternoon,P2,closed,phone,240,89,8.0,False,0,
1520,SR0001529,2,4,Maintenance,AC not cooling,maintenance,2026-02-23,2026-02-23,17,afternoon,P1,closed,app,120,52,10.0,False,0,5.0
1521,SR0001530,2,7,Maintenance,Plumbing,maintenance,2026-02-24,2026-02-24,13,afternoon,P2,closed,whatsapp,180,94,27.0,False,0,4.0
1522,SR0001531,2,3,Housekeeping,Late checkout clean,housekeeping,2026-02-27,2026-02-27,8,morning,P2,closed,phone,90,65,7.0,False,0,
1523,SR0001532,2,10,Billing,Incorrect folio,front_office,2026-03-05,2026-03-05,11,morning,P2,closed,front_desk,240,67,16.0,False,1,4.0
1524,SR0001533,2,10,Billing,Incorrect folio,front_office,2026-03-19,2026-03-19,9,morning,P2,closed,whatsapp,240,358,40.0,True,0,2.0
1525,SR0001534,2,10,Billing,Incorrect folio,front_office,2026-05-05,2026-05-05,15,afternoon,P2,closed,whatsapp,240,269,26.0,True,0,3.0
1526,SR0001535,2,3,Housekeeping,Late checkout clean,housekeeping,2026-05-08,2026-05-08,21,evening,P2,closed,whatsapp,90,114,42.0,True,0,
1527,SR0001536,2,6,Maintenance,Wi-Fi down,maintenance,2026-05-13,2026-05-13,12,afternoon,P1,closed,whatsapp,60,34,10.0,False,1,
1528,SR0001537,2,5,Maintenance,Hot water,maintenance,2026-05-18,2026-05-19,23,evening,P1,closed,phone,90,103,32.0,True,0,
1529,SR0001538,2,9,Front Desk,Key/access issue,front_office,2026-06-06,2026-06-06,19,evening,P1,closed,whatsapp,30,12,4.0,False,0,
1530,SR0001539,2,1,Housekeeping,Room not cleaned,housekeeping,2026-06-13,2026-06-13,19,evening,P2,closed,front_desk,60,17,2.0,False,0,
1531,SR0001540,2,2,Housekeeping,Extra towels/linen,housekeeping,2026-06-15,2026-06-15,15,afternoon,P3,closed,front_desk,45,8,1.0,False,0,3.0
1532,SR0001541,2,9,Front Desk,Key/access issue,front_office,2026-07-08,2026-07-08,8,morning,P1,closed,whatsapp,30,14,3.0,False,0,
1533,SR0001542,2,2,Housekeeping,Extra towels/linen,housekeeping,2026-07-10,2026-07-10,3,overnight,P3,closed,whatsapp,45,19,2.0,False,0,4.0
1534,SR0001543,2,2,Housekeeping,Extra towels/linen,housekeeping,2026-07-17,2026-07-17,15,afternoon,P3,closed,front_desk,45,21,8.0,False,0,5.0
1535,SR0001544,2,7,Maintenance,Plumbing,maintenance,2026-07-20,2026-07-20,11,morning,P2,closed,phone,180,169,54.0,False,0,5.0
1536,SR0001545,2,7,Maintenance,Plumbing,maintenance,2026-07-24,2026-07-24,15,afternoon,P2,closed,app,180,417,97.0,True,0,3.0
1537,SR0001546,2,2,Housekeeping,Extra towels/linen,housekeeping,2026-08-10,2026-08-10,12,afternoon,P3,closed,phone,45,42,4.0,False,0,4.0
1538,SR0001547,2,6,Maintenance,Wi-Fi down,maintenance,2025-02-05,2025-02-05,21,evening,P1,closed,front_desk,60,32,11.0,False,0,4.0
1539,SR0001548,2,3,Housekeeping,Late checkout clean,housekeeping,2025-02-06,2025-02-06,9,morning,P2,closed,whatsapp,90,32,9.0,False,0,
1540,SR0001549,2,7,Maintenance,Plumbing,maintenance,2025-02-11,2025-02-11,20,evening,P2,closed,whatsapp,180,70,20.0,False,0,3.0
1541,SR0001550,2,9,Front Desk,Key/access issue,front_office,2025-02-27,2025-02-27,7,morning,P1,closed,whatsapp,30,5,1.0,False,0,2.0
1542,SR0001551,2,6,Maintenance,Wi-Fi down,maintenance,2025-03-15,2025-03-15,9,morning,P1,closed,front_desk,60,26,5.0,False,0,4.0
1543,SR0001552,2,8,Front Desk,Late check-in,front_office,2025-03-29,2025-03-29,13,afternoon,P2,closed,whatsapp,30,18,3.0,False,0,
1544,SR0001553,2,1,Housekeeping,Room not cleaned,housekeeping,2025-04-07,2025-04-07,19,evening,P2,closed,whatsapp,60,67,22.0,True,0,
1545,SR0001554,2,5,Maintenance,Hot water,maintenance,2025-04-14,2025-04-14,18,evening,P1,closed,front_desk,90,80,22.0,False,0,
1546,SR0001555,2,5,Maintenance,Hot water,maintenance,2025-04-17,2025-04-17,9,morning,P1,closed,whatsapp,90,134,50.0,True,0,
1547,SR0001556,2,9,Front Desk,Key/access issue,front_office,2025-04-18,2025-04-18,23,evening,P1,closed,whatsapp,30,21,8.0,False,0,5.0
1548,SR0001557,2,2,Housekeeping,Extra towels/linen,housekeeping,2025-04-20,2025-04-20,13,afternoon,P3,closed,whatsapp,45,7,1.0,False,0,5.0
1549,SR0001558,2,1,Housekeeping,Room not cleaned,housekeeping,2025-04-23,2025-04-23,20,evening,P2,closed,app,60,117,45.0,True,0,2.0
1550,SR0001559,2,6,Maintenance,Wi-Fi down,maintenance,2025-05-03,2025-05-03,6,morning,P1,closed,whatsapp,60,54,14.0,False,0,
1551,SR0001560,2,4,Maintenance,AC not cooling,maintenance,2025-05-10,2025-05-10,9,morning,P1,closed,phone,120,127,24.0,True,0,
1552,SR0001561,2,9,Front Desk,Key/access issue,front_office,2025-05-26,2025-05-26,17,afternoon,P1,closed,app,30,6,1.0,False,0,
1553,SR0001562,2,8,Front Desk,Late check-in,front_office,2025-06-11,2025-06-11,16,afternoon,P2,closed,whatsapp,30,35,4.0,True,0,2.0
1554,SR0001563,2,2,Housekeeping,Extra towels/linen,housekeeping,2025-06-15,2025-06-15,5,overnight,P3,closed,email,45,9,2.0,False,0,
1555,SR0001564,2,10,Billing,Incorrect folio,front_office,2025-06-24,2025-06-24,13,afternoon,P2,closed,email,240,36,8.0,False,0,4.0
1556,SR0001565,2,10,Billing,Incorrect folio,front_office,2025-07-02,2025-07-03,15,afternoon,P2,closed,whatsapp,240,605,96.0,True,0,
1557,SR0001566,2,4,Maintenance,AC not cooling,maintenance,2025-08-07,2025-08-07,16,afternoon,P1,closed,app,120,119,20.0,False,0,
1558,SR0001567,2,4,Maintenance,AC not cooling,maintenance,2025-08-09,2025-08-09,13,afternoon,P1,closed,whatsapp,120,150,12.0,True,0,
1559,SR0001568,2,4,Maintenance,AC not cooling,maintenance,2025-08-14,2025-08-14,12,afternoon,P1,closed,app,120,25,7.0,False,0,5.0
1560,SR0001569,2,5,Maintenance,Hot water,maintenance,2025-08-27,2025-08-27,18,evening,P1,closed,whatsapp,90,35,9.0,False,0,
1561,SR0001570,2,3,Housekeeping,Late checkout clean,housekeeping,2025-09-01,2025-09-01,11,morning,P2,closed,front_desk,90,59,8.0,False,0,5.0
1562,SR0001571,2,2,Housekeeping,Extra towels/linen,housekeeping,2025-09-20,2025-09-20,14,afternoon,P3,closed,whatsapp,45,11,3.0,False,0,
1563,SR0001572,2,2,Housekeeping,Extra towels/linen,housekeeping,2025-10-28,2025-10-28,9,morning,P3,closed,phone,45,11,4.0,False,0,
1564,SR0001573,2,8,Front Desk,Late check-in,front_office,2025-10-29,2025-10-29,18,evening,P2,closed,phone,30,13,4.0,False,0,
1565,SR0001574,2,7,Maintenance,Plumbing,maintenance,2025-11-01,2025-11-01,15,afternoon,P2,closed,whatsapp,180,27,7.0,False,0,5.0
1566,SR0001575,2,9,Front Desk,Key/access issue,front_office,2025-11-06,2025-11-06,14,afternoon,P1,closed,whatsapp,30,4,1.0,False,1,
1567,SR0001576,2,8,Front Desk,Late check-in,front_office,2025-11-08,2025-11-08,15,afternoon,P2,closed,phone,30,12,1.0,False,0,
1568,SR0001577,2,7,Maintenance,Plumbing,maintenance,2025-11-11,2025-11-11,16,afternoon,P2,closed,phone,180,169,62.0,False,0,
1569,SR0001578,2,10,Billing,Incorrect folio,front_office,2025-11-12,2025-11-12,16,afternoon,P2,closed,phone,240,56,17.0,False,0,3.0
1570,SR0001580,2,1,Housekeeping,Room not cleaned,housekeeping,2025-11-30,2025-11-30,23,evening,P2,closed,phone,60,4,1.0,False,0,5.0
1571,SR0001581,2,10,Billing,Incorrect folio,front_office,2025-12-21,2025-12-22,20,evening,P2,closed,front_desk,240,223,56.0,False,0,3.0
1572,SR0001582,2,5,Maintenance,Hot water,maintenance,2025-12-26,2025-12-26,13,afternoon,P1,closed,phone,90,57,16.0,False,0,
1573,SR0001583,2,2,Housekeeping,Extra towels/linen,housekeeping,2025-12-28,2025-12-28,9,morning,P3,closed,whatsapp,45,26,4.0,False,0,
1574,SR0001584,2,6,Maintenance,Wi-Fi down,maintenance,2026-01-06,2026-01-06,11,morning,P1,closed,app,60,13,5.0,False,0,5.0
1575,SR0001585,2,3,Housekeeping,Late checkout clean,housekeeping,2026-01-07,2026-01-07,9,morning,P2,closed,phone,90,16,5.0,False,0,5.0
1576,SR0001586,2,10,Billing,Incorrect folio,front_office,2026-01-15,2026-01-15,17,afternoon,P2,closed,phone,240,97,31.0,False,0,
1577,SR0001587,2,2,Housekeeping,Extra towels/linen,housekeeping,2026-02-07,2026-02-07,11,morning,P3,closed,front_desk,45,85,26.0,True,1,1.0
1578,SR0001588,2,7,Maintenance,Plumbing,maintenance,2026-02-12,2026-02-12,18,evening,P2,closed,front_desk,180,39,3.0,False,0,
1579,SR0001589,2,3,Housekeeping,Late checkout clean,housekeeping,2026-03-09,2026-03-09,18,evening,P2,closed,email,90,121,14.0,True,0,
1580,SR0001590,2,8,Front Desk,Late check-in,front_office,2026-03-26,2026-03-26,15,afternoon,P2,closed,front_desk,30,21,6.0,False,0,
1581,SR0001591,2,2,Housekeeping,Extra towels/linen,housekeeping,2026-05-21,2026-05-21,17,afternoon,P3,closed,phone,45,45,3.0,False,0,
1582,SR0001592,2,1,Housekeeping,Room not cleaned,housekeeping,2026-05-22,2026-05-22,11,morning,P2,closed,front_desk,60,45,7.0,False,0,
1583,SR0001593,2,4,Maintenance,AC not cooling,maintenance,2026-05-31,2026-06-01,23,evening,P1,closed,whatsapp,120,64,20.0,False,0,
1584,SR0001594,2,5,Maintenance,Hot water,maintenance,2026-06-03,2026-06-03,9,morning,P1,closed,app,90,108,24.0,True,0,
1585,SR0001595,2,5,Maintenance,Hot water,maintenance,2026-06-07,2026-06-07,9,morning,P1,closed,whatsapp,90,17,4.0,False,0,3.0
1586,SR0001596,2,4,Maintenance,AC not cooling,maintenance,2026-06-20,2026-06-20,14,afternoon,P1,closed,front_desk,120,119,44.0,False,0,
1587,SR0001597,2,7,Maintenance,Plumbing,maintenance,2026-06-24,2026-06-24,16,afternoon,P2,closed,front_desk,180,11,3.0,False,0,
1588,SR0001598,2,1,Housekeeping,Room not cleaned,housekeeping,2026-07-11,2026-07-11,14,afternoon,P2,closed,whatsapp,60,38,6.0,False,0,5.0
1589,SR0001599,2,1,Housekeeping,Room not cleaned,housekeeping,2026-07-14,2026-07-14,17,afternoon,P2,closed,whatsapp,60,35,7.0,False,1,
1590,SR0001600,2,8,Front Desk,Late check-in,front_office,2026-07-23,2026-07-23,5,overnight,P2,closed,phone,30,7,1.0,False,0,4.0
1591,SR0001601,2,3,Housekeeping,Late checkout clean,housekeeping,2026-07-26,2026-07-26,18,evening,P2,closed,phone,90,186,42.0,True,0,3.0
1592,SR0001602,2,9,Front Desk,Key/access issue,front_office,2026-07-27,2026-07-27,16,afternoon,P1,closed,front_desk,30,8,2.0,False,0,
1593,SR0001603,2,10,Billing,Incorrect folio,front_office,2026-08-01,2026-08-01,14,afternoon,P2,closed,whatsapp,240,219,38.0,False,0,4.0
1594,SR0001604,2,9,Front Desk,Key/access issue,front_office,2025-02-10,2025-02-10,15,afternoon,P1,closed,phone,30,12,3.0,False,0,
1595,SR0001605,2,5,Maintenance,Hot water,maintenance,2025-02-13,2025-02-13,9,morning,P1,closed,phone,90,163,26.0,True,0,
1596,SR0001606,2,9,Front Desk,Key/access issue,front_office,2025-02-18,2025-02-18,20,evening,P1,closed,whatsapp,30,37,12.0,True,0,
1597,SR0001607,2,4,Maintenance,AC not cooling,maintenance,2025-03-13,2025-03-13,10,morning,P1,closed,front_desk,120,61,18.0,False,0,5.0
1598,SR0001608,2,6,Maintenance,Wi-Fi down,maintenance,2025-03-16,2025-03-16,14,afternoon,P1,closed,whatsapp,60,14,4.0,False,0,3.0
1599,SR0001609,2,6,Maintenance,Wi-Fi down,maintenance,2025-03-23,2025-03-23,20,evening,P1,closed,whatsapp,60,56,19.0,False,0,
1600,SR0001610,2,6,Maintenance,Wi-Fi down,maintenance,2025-03-30,2025-03-30,16,afternoon,P1,closed,phone,60,56,12.0,False,0,
1601,SR0001611,2,5,Maintenance,Hot water,maintenance,2025-03-31,2025-03-31,7,morning,P1,closed,whatsapp,90,20,6.0,False,0,
1602,SR0001612,2,6,Maintenance,Wi-Fi down,maintenance,2025-04-03,2025-04-03,7,morning,P1,closed,phone,60,4,1.0,False,0,
1603,SR0001613,2,7,Maintenance,Plumbing,maintenance,2025-05-01,2025-05-01,11,morning,P2,closed,front_desk,180,348,35.0,True,0,4.0
1604,SR0001614,2,10,Billing,Incorrect folio,front_office,2025-05-05,2025-05-05,16,afternoon,P2,closed,whatsapp,240,210,37.0,False,0,
1605,SR0001615,2,4,Maintenance,AC not cooling,maintenance,2025-05-07,2025-05-07,15,afternoon,P1,closed,phone,120,4,1.0,False,0,
1606,SR0001616,2,9,Front Desk,Key/access issue,front_office,2025-05-17,2025-05-17,13,afternoon,P1,closed,whatsapp,30,63,19.0,True,0,4.0
1607,SR0001617,2,9,Front Desk,Key/access issue,front_office,2025-06-05,2025-06-05,19,evening,P1,closed,whatsapp,30,17,3.0,False,0,4.0
1608,SR0001618,2,5,Maintenance,Hot water,maintenance,2025-06-06,2025-06-06,6,morning,P1,closed,whatsapp,90,21,7.0,False,0,
1609,SR0001619,2,10,Billing,Incorrect folio,front_office,2025-06-13,2025-06-13,17,afternoon,P2,closed,whatsapp,240,239,59.0,False,0,5.0
1610,SR0001620,2,1,Housekeeping,Room not cleaned,housekeeping,2025-07-13,2025-07-13,17,afternoon,P2,closed,phone,60,34,6.0,False,0,
1611,SR0001621,2,8,Front Desk,Late check-in,front_office,2025-07-20,2025-07-20,20,evening,P2,closed,email,30,5,1.0,False,0,5.0
1612,SR0001622,2,3,Housekeeping,Late checkout clean,housekeeping,2025-07-26,2025-07-26,10,morning,P2,closed,whatsapp,90,24,5.0,False,0,
1613,SR0001623,2,3,Housekeeping,Late checkout clean,housekeeping,2025-07-30,2025-07-30,5,overnight,P2,closed,whatsapp,90,80,24.0,False,0,
1614,SR0001624,2,7,Maintenance,Plumbing,maintenance,2025-08-05,2025-08-05,20,evening,P2,closed,front_desk,180,26,7.0,False,1,
1615,SR0001625,2,7,Maintenance,Plumbing,maintenance,2025-08-07,2025-08-07,15,afternoon,P2,closed,front_desk,180,16,4.0,False,0,3.0
1616,SR0001626,2,5,Maintenance,Hot water,maintenance,2025-08-09,2025-08-09,18,evening,P1,closed,front_desk,90,64,5.0,False,0,
1617,SR0001627,2,7,Maintenance,Plumbing,maintenance,2025-08-16,2025-08-16,6,morning,P2,closed,front_desk,180,236,88.0,True,0,
1618,SR0001628,2,4,Maintenance,AC not cooling,maintenance,2025-09-06,2025-09-06,12,afternoon,P1,closed,app,120,85,28.0,False,0,
1619,SR0001629,2,5,Maintenance,Hot water,maintenance,2025-09-11,2025-09-11,12,afternoon,P1,closed,whatsapp,90,34,11.0,False,0,5.0
1620,SR0001630,2,1,Housekeeping,Room not cleaned,housekeeping,2025-09-22,2025-09-22,15,afternoon,P2,closed,front_desk,60,65,17.0,True,0,2.0
1621,SR0001631,2,5,Maintenance,Hot water,maintenance,2025-09-30,2025-09-30,9,morning,P1,closed,whatsapp,90,62,17.0,False,0,5.0
1622,SR0001632,2,4,Maintenance,AC not cooling,maintenance,2025-10-01,2025-10-01,16,afternoon,P1,closed,phone,120,39,8.0,False,0,
1623,SR0001633,2,10,Billing,Incorrect folio,front_office,2025-10-11,2025-10-11,15,afternoon,P2,closed,phone,240,62,15.0,False,0,5.0
1624,SR0001634,2,4,Maintenance,AC not cooling,maintenance,2025-10-22,2025-10-22,11,morning,P1,closed,whatsapp,120,10,2.0,False,0,4.0
1625,SR0001635,2,6,Maintenance,Wi-Fi down,maintenance,2025-10-24,2025-10-24,10,morning,P1,closed,app,60,47,13.0,False,1,
1626,SR0001636,2,2,Housekeeping,Extra towels/linen,housekeeping,2025-10-30,2025-10-30,13,afternoon,P3,closed,whatsapp,45,7,1.0,False,0,5.0
1627,SR0001637,2,8,Front Desk,Late check-in,front_office,2025-11-05,2025-11-06,23,evening,P2,closed,whatsapp,30,23,4.0,False,0,
1628,SR0001638,2,8,Front Desk,Late check-in,front_office,2025-11-06,2025-11-06,23,evening,P2,closed,front_desk,30,29,6.0,False,0,
1629,SR0001639,2,1,Housekeeping,Room not cleaned,housekeeping,2025-11-10,2025-11-10,16,afternoon,P2,closed,front_desk,60,74,11.0,True,0,2.0
1630,SR0001640,2,8,Front Desk,Late check-in,front_office,2025-11-13,2025-11-13,17,afternoon,P2,closed,whatsapp,30,46,8.0,True,0,
1631,SR0001641,2,9,Front Desk,Key/access issue,front_office,2025-11-24,2025-11-24,10,morning,P1,closed,app,30,4,1.0,False,0,3.0
1632,SR0001642,2,10,Billing,Incorrect folio,front_office,2025-11-26,2025-11-26,18,evening,P2,closed,whatsapp,240,53,16.0,False,0,
1633,SR0001643,2,7,Maintenance,Plumbing,maintenance,2025-12-05,2025-12-05,17,afternoon,P2,closed,app,180,86,10.0,False,0,5.0
1634,SR0001644,2,5,Maintenance,Hot water,maintenance,2025-12-07,2025-12-07,18,evening,P1,closed,whatsapp,90,175,54.0,True,0,
1635,SR0001645,2,3,Housekeeping,Late checkout clean,housekeeping,2025-12-12,2025-12-13,23,evening,P2,closed,phone,90,54,17.0,False,0,
1636,SR0001646,2,10,Billing,Incorrect folio,front_office,2025-12-24,2025-12-24,13,afternoon,P2,closed,whatsapp,240,307,112.0,True,1,
1637,SR0001647,2,6,Maintenance,Wi-Fi down,maintenance,2026-01-08,2026-01-08,14,afternoon,P1,closed,phone,60,94,22.0,True,0,
1638,SR0001648,2,9,Front Desk,Key/access issue,front_office,2026-01-09,2026-01-09,20,evening,P1,closed,front_desk,30,4,1.0,False,0,
1639,SR0001649,2,7,Maintenance,Plumbing,maintenance,2026-01-31,2026-01-31,20,evening,P2,closed,phone,180,25,3.0,False,0,5.0
1640,SR0001650,2,8,Front Desk,Late check-in,front_office,2026-02-09,2026-02-09,15,afternoon,P2,closed,whatsapp,30,24,5.0,False,0,
1641,SR0001651,2,6,Maintenance,Wi-Fi down,maintenance,2026-02-25,2026-02-25,10,morning,P1,closed,app,60,116,16.0,True,0,
1642,SR0001652,2,7,Maintenance,Plumbing,maintenance,2026-03-08,2026-03-08,6,morning,P2,closed,front_desk,180,59,22.0,False,0,
1643,SR0001653,2,10,Billing,Incorrect folio,front_office,2026-03-19,2026-03-19,14,afternoon,P2,closed,phone,240,149,20.0,False,0,5.0
1644,SR0001654,2,4,Maintenance,AC not cooling,maintenance,2026-03-30,2026-03-30,19,evening,P1,closed,whatsapp,120,50,16.0,False,0,
1645,SR0001655,2,6,Maintenance,Wi-Fi down,maintenance,2026-04-01,2026-04-01,13,afternoon,P1,closed,phone,60,67,12.0,True,0,
1646,SR0001656,2,6,Maintenance,Wi-Fi down,maintenance,2026-04-04,2026-04-04,12,afternoon,P1,closed,whatsapp,60,33,6.0,False,1,
1647,SR0001657,2,7,Maintenance,Plumbing,maintenance,2026-04-10,2026-04-10,19,evening,P2,closed,phone,180,20,5.0,False,0,
1648,SR0001658,2,5,Maintenance,Hot water,maintenance,2026-05-04,2026-05-04,20,evening,P1,closed,app,90,45,11.0,False,0,
1649,SR0001659,2,7,Maintenance,Plumbing,maintenance,2026-05-10,2026-05-10,14,afternoon,P2,closed,whatsapp,180,252,71.0,True,0,
1650,SR0001660,2,5,Maintenance,Hot water,maintenance,2026-05-28,2026-05-28,16,afternoon,P1,closed,whatsapp,90,101,15.0,True,0,1.0
1651,SR0001661,2,6,Maintenance,Wi-Fi down,maintenance,2026-06-08,2026-06-08,10,morning,P1,closed,front_desk,60,42,11.0,False,1,
1652,SR0001662,2,7,Maintenance,Plumbing,maintenance,2026-06-10,2026-06-10,12,afternoon,P2,closed,phone,180,60,18.0,False,0,
1653,SR0001663,2,5,Maintenance,Hot water,maintenance,2026-06-20,2026-06-20,12,afternoon,P1,closed,whatsapp,90,120,26.0,True,0,3.0
1654,SR0001664,2,1,Housekeeping,Room not cleaned,housekeeping,2026-06-23,2026-06-23,18,evening,P2,closed,whatsapp,60,82,31.0,True,0,
1655,SR0001665,2,7,Maintenance,Plumbing,maintenance,2026-07-18,2026-07-18,9,morning,P2,closed,phone,180,39,8.0,False,0,5.0
1656,SR0001666,2,3,Housekeeping,Late checkout clean,housekeeping,2026-07-24,2026-07-24,8,morning,P2,closed,phone,90,40,14.0,False,1,
1657,SR0001667,2,9,Front Desk,Key/access issue,front_office,2026-07-26,2026-07-26,12,afternoon,P1,closed,phone,30,19,3.0,False,0,
1658,SR0001668,2,8,Front Desk,Late check-in,front_office,2026-08-05,2026-08-05,15,afternoon,P2,closed,phone,30,58,5.0,True,0,3.0
1659,SR0001669,2,5,Maintenance,Hot water,maintenance,2025-02-11,2025-02-11,19,evening,P1,closed,phone,90,34,5.0,False,0,
1660,SR0001670,2,10,Billing,Incorrect folio,front_office,2025-02-23,2025-02-23,10,morning,P2,closed,phone,240,230,23.0,False,0,
1661,SR0001671,2,7,Maintenance,Plumbing,maintenance,2025-02-28,2025-02-28,13,afternoon,P2,closed,whatsapp,180,43,10.0,False,0,5.0
1662,SR0001672,2,3,Housekeeping,Late checkout clean,housekeeping,2025-03-03,2025-03-03,15,afternoon,P2,closed,front_desk,90,51,4.0,False,0,
1663,SR0001673,2,7,Maintenance,Plumbing,maintenance,2025-03-21,2025-03-21,7,morning,P2,closed,whatsapp,180,132,37.0,False,0,4.0
1664,SR0001674,2,9,Front Desk,Key/access issue,front_office,2025-03-28,2025-03-28,8,morning,P1,closed,app,30,25,9.0,False,0,5.0
1665,SR0001675,2,10,Billing,Incorrect folio,front_office,2025-04-10,2025-04-10,11,morning,P2,closed,whatsapp,240,194,55.0,False,0,
1666,SR0001676,2,3,Housekeeping,Late checkout clean,housekeeping,2025-05-13,2025-05-14,23,evening,P2,closed,whatsapp,90,39,10.0,False,0,
1667,SR0001677,2,3,Housekeeping,Late checkout clean,housekeeping,2025-05-14,2025-05-14,19,evening,P2,closed,phone,90,55,11.0,False,0,
1668,SR0001678,2,10,Billing,Incorrect folio,front_office,2025-05-17,2025-05-17,11,morning,P2,closed,front_desk,240,132,21.0,False,0,
1669,SR0001679,2,2,Housekeeping,Extra towels/linen,housekeeping,2025-05-20,2025-05-20,18,evening,P3,closed,whatsapp,45,32,7.0,False,0,
1670,SR0001680,2,10,Billing,Incorrect folio,front_office,2025-05-25,2025-05-25,3,overnight,P2,closed,whatsapp,240,144,50.0,False,0,
1671,SR0001681,2,2,Housekeeping,Extra towels/linen,housekeeping,2025-05-27,2025-05-27,8,morning,P3,closed,whatsapp,45,107,21.0,True,0,
1672,SR0001682,2,8,Front Desk,Late check-in,front_office,2025-05-29,2025-05-29,10,morning,P2,closed,phone,30,4,1.0,False,0,
1673,SR0001683,2,8,Front Desk,Late check-in,front_office,2025-06-04,2025-06-04,19,evening,P2,closed,whatsapp,30,10,1.0,False,0,
1674,SR0001684,2,7,Maintenance,Plumbing,maintenance,2025-06-16,2025-06-16,14,afternoon,P2,closed,front_desk,180,218,64.0,True,0,3.0
1675,SR0001685,2,4,Maintenance,AC not cooling,maintenance,2025-07-09,2025-07-09,20,evening,P1,closed,whatsapp,120,96,33.0,False,0,5.0
1676,SR0001686,2,3,Housekeeping,Late checkout clean,housekeeping,2025-07-13,2025-07-13,12,afternoon,P2,closed,app,90,141,15.0,True,0,
1677,SR0001687,2,8,Front Desk,Late check-in,front_office,2025-07-15,2025-07-15,5,overnight,P2,closed,app,30,4,1.0,False,0,
1678,SR0001688,2,10,Billing,Incorrect folio,front_office,2025-07-18,2025-07-18,18,evening,P2,closed,front_desk,240,273,83.0,True,0,
1679,SR0001689,2,1,Housekeeping,Room not cleaned,housekeeping,2025-07-21,2025-07-21,23,evening,P2,closed,app,60,6,2.0,False,0,4.0
1680,SR0001690,2,3,Housekeeping,Late checkout clean,housekeeping,2025-07-24,2025-07-24,14,afternoon,P2,closed,whatsapp,90,21,1.0,False,0,
1681,SR0001691,2,4,Maintenance,AC not cooling,maintenance,2025-08-01,2025-08-01,10,morning,P1,closed,app,120,99,30.0,False,0,4.0
1682,SR0001692,2,5,Maintenance,Hot water,maintenance,2025-08-04,2025-08-04,6,morning,P1,closed,whatsapp,90,42,3.0,False,0,5.0
1683,SR0001693,2,4,Maintenance,AC not cooling,maintenance,2025-08-11,2025-08-11,21,evening,P1,closed,whatsapp,120,141,13.0,True,0,
1684,SR0001694,2,5,Maintenance,Hot water,maintenance,2025-09-02,2025-09-02,6,morning,P1,closed,whatsapp,90,46,14.0,False,0,5.0
1685,SR0001695,2,2,Housekeeping,Extra towels/linen,housekeeping,2025-09-03,2025-09-03,19,evening,P3,closed,whatsapp,45,63,24.0,True,0,
1686,SR0001696,2,6,Maintenance,Wi-Fi down,maintenance,2025-09-08,2025-09-08,10,morning,P1,closed,front_desk,60,51,12.0,False,0,
1687,SR0001697,2,10,Billing,Incorrect folio,front_office,2025-09-09,2025-09-09,16,afternoon,P2,closed,front_desk,240,60,13.0,False,0,
1688,SR0001698,2,5,Maintenance,Hot water,maintenance,2025-09-20,2025-09-20,13,afternoon,P1,closed,phone,90,25,6.0,False,0,5.0
1689,SR0001699,2,4,Maintenance,AC not cooling,maintenance,2025-09-21,2025-09-21,9,morning,P1,closed,whatsapp,120,147,15.0,True,0,
1690,SR0001700,2,8,Front Desk,Late check-in,front_office,2025-10-09,2025-10-09,19,evening,P2,closed,app,30,9,3.0,False,0,
1691,SR0001701,2,1,Housekeeping,Room not cleaned,housekeeping,2025-10-14,2025-10-14,21,evening,P2,closed,front_desk,60,59,12.0,False,0,
1692,SR0001702,2,3,Housekeeping,Late checkout clean,housekeeping,2025-10-16,2025-10-16,0,overnight,P2,closed,front_desk,90,21,3.0,False,0,
1693,SR0001703,2,4,Maintenance,AC not cooling,maintenance,2025-10-17,2025-10-17,14,afternoon,P1,closed,whatsapp,120,116,24.0,False,0,
1694,SR0001704,2,9,Front Desk,Key/access issue,front_office,2025-10-18,2025-10-18,19,evening,P1,closed,front_desk,30,24,3.0,False,0,5.0
1695,SR0001705,2,6,Maintenance,Wi-Fi down,maintenance,2025-10-28,2025-10-28,21,evening,P1,closed,whatsapp,60,21,6.0,False,0,
1696,SR0001706,2,10,Billing,Incorrect folio,front_office,2025-11-04,2025-11-04,8,morning,P2,closed,phone,240,224,19.0,False,0,
1697,SR0001707,2,10,Billing,Incorrect folio,front_office,2025-11-06,2025-11-06,11,morning,P2,closed,whatsapp,240,91,28.0,False,0,
1698,SR0001708,2,2,Housekeeping,Extra towels/linen,housekeeping,2025-11-29,2025-11-29,19,evening,P3,closed,app,45,27,7.0,False,0,5.0
1699,SR0001709,2,3,Housekeeping,Late checkout clean,housekeeping,2025-12-05,2025-12-05,8,morning,P2,closed,whatsapp,90,29,9.0,False,0,
1700,SR0001710,2,4,Maintenance,AC not cooling,maintenance,2025-12-09,2025-12-09,6,morning,P1,closed,front_desk,120,34,8.0,False,0,
1701,SR0001711,2,2,Housekeeping,Extra towels/linen,housekeeping,2025-12-16,2025-12-16,11,morning,P3,closed,front_desk,45,5,1.0,False,0,
1702,SR0001712,2,2,Housekeeping,Extra towels/linen,housekeeping,2025-12-19,2025-12-19,10,morning,P3,closed,front_desk,45,80,24.0,True,0,2.0
1703,SR0001713,2,10,Billing,Incorrect folio,front_office,2026-01-10,2026-01-11,21,evening,P2,closed,phone,240,196,71.0,False,0,
1704,SR0001714,2,1,Housekeeping,Room not cleaned,housekeeping,2026-01-25,2026-01-25,9,morning,P2,closed,phone,60,11,2.0,False,0,
1705,SR0001715,2,4,Maintenance,AC not cooling,maintenance,2026-02-10,2026-02-10,14,afternoon,P1,closed,whatsapp,120,77,18.0,False,0,
1706,SR0001716,2,4,Maintenance,AC not cooling,maintenance,2026-03-01,2026-03-01,2,overnight,P1,closed,email,120,157,23.0,True,0,
1707,SR0001717,2,10,Billing,Incorrect folio,front_office,2026-04-03,2026-04-03,18,evening,P2,closed,whatsapp,240,100,34.0,False,0,
1708,SR0001718,2,9,Front Desk,Key/access issue,front_office,2026-04-10,2026-04-10,5,overnight,P1,closed,whatsapp,30,10,1.0,False,0,
1709,SR0001719,2,10,Billing,Incorrect folio,front_office,2026-04-11,2026-04-11,10,morning,P2,closed,phone,240,269,35.0,True,0,
1710,SR0001720,2,9,Front Desk,Key/access issue,front_office,2026-04-17,2026-04-17,13,afternoon,P1,closed,whatsapp,30,39,10.0,True,0,
1711,SR0001721,2,6,Maintenance,Wi-Fi down,maintenance,2026-05-02,2026-05-02,15,afternoon,P1,closed,whatsapp,60,65,18.0,True,0,
1712,SR0001722,2,8,Front Desk,Late check-in,front_office,2026-05-04,2026-05-04,15,afternoon,P2,closed,whatsapp,30,12,4.0,False,0,
1713,SR0001723,2,9,Front Desk,Key/access issue,front_office,2026-05-15,2026-05-15,11,morning,P1,closed,whatsapp,30,20,4.0,False,0,5.0
1714,SR0001724,2,4,Maintenance,AC not cooling,maintenance,2026-05-26,2026-05-26,10,morning,P1,closed,front_desk,120,41,12.0,False,0,
1715,SR0001725,2,6,Maintenance,Wi-Fi down,maintenance,2026-06-09,2026-06-09,14,afternoon,P1,closed,whatsapp,60,37,3.0,False,1,
1716,SR0001726,2,9,Front Desk,Key/access issue,front_office,2026-06-29,2026-06-29,11,morning,P1,closed,whatsapp,30,8,2.0,False,0,
1717,SR0001727,2,9,Front Desk,Key/access issue,front_office,2026-07-06,2026-07-06,15,afternoon,P1,closed,whatsapp,30,35,9.0,True,0,3.0
1718,SR0001728,2,4,Maintenance,AC not cooling,maintenance,2026-07-07,2026-07-07,10,morning,P1,closed,phone,120,68,20.0,False,0,
1719,SR0001729,2,6,Maintenance,Wi-Fi down,maintenance,2026-07-14,2026-07-14,8,morning,P1,closed,phone,60,18,3.0,False,0,
1720,SR0001730,2,10,Billing,Incorrect folio,front_office,2026-07-21,2026-07-21,15,afternoon,P2,closed,whatsapp,240,94,32.0,False,0,
1721,SR0001731,2,4,Maintenance,AC not cooling,maintenance,2026-07-22,2026-07-22,8,morning,P1,closed,phone,120,48,5.0,False,0,
1722,SR0001732,2,10,Billing,Incorrect folio,front_office,2025-02-10,2025-02-10,11,morning,P2,closed,front_desk,240,94,23.0,False,1,4.0
1723,SR0001733,2,10,Billing,Incorrect folio,front_office,2025-03-18,2025-03-18,9,morning,P2,closed,front_desk,240,59,10.0,False,0,5.0
1724,SR0001734,2,1,Housekeeping,Room not cleaned,housekeeping,2025-03-24,2025-03-24,10,morning,P2,closed,whatsapp,60,32,11.0,False,0,
1725,SR0001735,2,10,Billing,Incorrect folio,front_office,2025-04-15,2025-04-15,14,afternoon,P2,closed,whatsapp,240,69,9.0,False,0,
1726,SR0001736,2,3,Housekeeping,Late checkout clean,housekeeping,2025-04-25,2025-04-25,18,evening,P2,closed,whatsapp,90,86,14.0,False,0,5.0
1727,SR0001737,2,3,Housekeeping,Late checkout clean,housekeeping,2025-04-29,2025-04-29,6,morning,P2,closed,app,90,19,2.0,False,0,5.0
1728,SR0001738,2,8,Front Desk,Late check-in,front_office,2025-06-05,2025-06-05,20,evening,P2,closed,whatsapp,30,18,5.0,False,0,4.0
1729,SR0001739,2,8,Front Desk,Late check-in,front_office,2025-06-08,2025-06-08,15,afternoon,P2,closed,whatsapp,30,8,2.0,False,0,4.0
1730,SR0001740,2,1,Housekeeping,Room not cleaned,housekeeping,2025-06-10,2025-06-10,17,afternoon,P2,closed,front_desk,60,19,6.0,False,0,3.0
1731,SR0001741,2,7,Maintenance,Plumbing,maintenance,2025-06-19,2025-06-19,11,morning,P2,closed,front_desk,180,37,12.0,False,0,
1732,SR0001742,2,7,Maintenance,Plumbing,maintenance,2025-06-24,2025-06-24,11,morning,P2,closed,whatsapp,180,141,13.0,False,0,
1733,SR0001743,2,1,Housekeeping,Room not cleaned,housekeeping,2025-07-01,2025-07-01,20,evening,P2,closed,front_desk,60,40,11.0,False,0,5.0
1734,SR0001744,2,8,Front Desk,Late check-in,front_office,2025-07-07,2025-07-07,14,afternoon,P2,closed,whatsapp,30,6,1.0,False,0,
1735,SR0001745,2,10,Billing,Incorrect folio,front_office,2025-07-13,2025-07-13,15,afternoon,P2,closed,phone,240,53,20.0,False,0,
1736,SR0001746,2,8,Front Desk,Late check-in,front_office,2025-07-14,2025-07-14,17,afternoon,P2,closed,whatsapp,30,10,1.0,False,1,
1737,SR0001747,2,7,Maintenance,Plumbing,maintenance,2025-07-16,2025-07-16,15,afternoon,P2,closed,phone,180,218,26.0,True,0,
1738,SR0001748,2,8,Front Desk,Late check-in,front_office,2025-07-22,2025-07-22,23,evening,P2,closed,front_desk,30,4,1.0,False,0,
1739,SR0001749,2,5,Maintenance,Hot water,maintenance,2025-07-27,2025-07-27,16,afternoon,P1,closed,whatsapp,90,39,9.0,False,1,4.0
1740,SR0001750,2,10,Billing,Incorrect folio,front_office,2025-08-15,2025-08-15,13,afternoon,P2,closed,whatsapp,240,93,26.0,False,0,4.0
1741,SR0001751,2,7,Maintenance,Plumbing,maintenance,2025-09-14,2025-09-14,12,afternoon,P2,closed,whatsapp,180,83,20.0,False,0,5.0
1742,SR0001752,2,1,Housekeeping,Room not cleaned,housekeeping,2025-10-10,2025-10-10,19,evening,P2,closed,app,60,53,11.0,False,0,
1743,SR0001753,2,6,Maintenance,Wi-Fi down,maintenance,2025-10-12,2025-10-12,13,afternoon,P1,closed,whatsapp,60,38,8.0,False,0,4.0
1744,SR0001754,2,5,Maintenance,Hot water,maintenance,2025-10-19,2025-10-19,10,morning,P1,closed,whatsapp,90,39,11.0,False,0,
1745,SR0001755,2,7,Maintenance,Plumbing,maintenance,2025-11-05,2025-11-05,13,afternoon,P2,closed,whatsapp,180,99,30.0,False,1,5.0
1746,SR0001756,2,2,Housekeeping,Extra towels/linen,housekeeping,2025-11-10,2025-11-10,15,afternoon,P3,closed,phone,45,12,1.0,False,0,5.0
1747,SR0001757,2,9,Front Desk,Key/access issue,front_office,2025-11-15,2025-11-15,6,morning,P1,closed,phone,30,47,17.0,True,0,4.0
1748,SR0001758,2,5,Maintenance,Hot water,maintenance,2025-11-24,2025-11-24,16,afternoon,P1,closed,whatsapp,90,138,38.0,True,0,
1749,SR0001759,2,2,Housekeeping,Extra towels/linen,housekeeping,2025-12-09,2025-12-09,11,morning,P3,closed,whatsapp,45,11,3.0,False,0,
1750,SR0001760,2,6,Maintenance,Wi-Fi down,maintenance,2025-12-10,2025-12-10,10,morning,P1,closed,whatsapp,60,29,10.0,False,0,
1751,SR0001761,2,8,Front Desk,Late check-in,front_office,2025-12-11,2025-12-11,16,afternoon,P2,closed,whatsapp,30,48,13.0,True,0,
1752,SR0001762,2,9,Front Desk,Key/access issue,front_office,2025-12-13,2025-12-13,19,evening,P1,closed,whatsapp,30,6,1.0,False,0,
1753,SR0001763,2,1,Housekeeping,Room not cleaned,housekeeping,2025-12-15,2025-12-15,17,afternoon,P2,closed,whatsapp,60,8,2.0,False,0,5.0
1754,SR0001764,2,4,Maintenance,AC not cooling,maintenance,2026-01-06,2026-01-06,11,morning,P1,closed,whatsapp,120,88,11.0,False,0,
1755,SR0001765,2,6,Maintenance,Wi-Fi down,maintenance,2026-01-07,2026-01-07,13,afternoon,P1,closed,whatsapp,60,21,2.0,False,0,5.0
1756,SR0001766,2,3,Housekeeping,Late checkout clean,housekeeping,2026-01-11,2026-01-11,14,afternoon,P2,closed,whatsapp,90,77,22.0,False,0,
1757,SR0001767,2,9,Front Desk,Key/access issue,front_office,2026-01-14,2026-01-14,11,morning,P1,closed,front_desk,30,27,6.0,False,0,
1758,SR0001768,2,4,Maintenance,AC not cooling,maintenance,2026-01-23,2026-01-23,15,afternoon,P1,closed,phone,120,55,18.0,False,0,4.0
1759,SR0001769,2,8,Front Desk,Late check-in,front_office,2026-02-06,2026-02-06,10,morning,P2,closed,phone,30,13,5.0,False,0,4.0
1760,SR0001770,2,7,Maintenance,Plumbing,maintenance,2026-02-12,2026-02-12,15,afternoon,P2,closed,phone,180,209,61.0,True,0,
1761,SR0001771,2,9,Front Desk,Key/access issue,front_office,2026-02-18,2026-02-18,10,morning,P1,closed,whatsapp,30,23,3.0,False,0,
1762,SR0001772,2,2,Housekeeping,Extra towels/linen,housekeeping,2026-04-05,2026-04-05,1,overnight,P3,closed,phone,45,40,4.0,False,0,5.0
1763,SR0001773,2,1,Housekeeping,Room not cleaned,housekeeping,2026-04-11,2026-04-11,15,afternoon,P2,closed,front_desk,60,20,7.0,False,0,
1764,SR0001774,2,3,Housekeeping,Late checkout clean,housekeeping,2026-05-22,2026-05-22,10,morning,P2,closed,phone,90,42,5.0,False,0,4.0
1765,SR0001775,2,3,Housekeeping,Late checkout clean,housekeeping,2026-06-02,2026-06-02,14,afternoon,P2,closed,phone,90,68,24.0,False,0,4.0
1766,SR0001776,2,5,Maintenance,Hot water,maintenance,2026-06-18,2026-06-18,7,morning,P1,closed,phone,90,60,22.0,False,0,
1767,SR0001777,2,6,Maintenance,Wi-Fi down,maintenance,2026-06-19,2026-06-19,3,overnight,P1,closed,phone,60,67,13.0,True,1,
1768,SR0001778,2,7,Maintenance,Plumbing,maintenance,2026-07-22,2026-07-22,21,evening,P2,closed,phone,180,105,30.0,False,0,
1769,SR0001779,2,6,Maintenance,Wi-Fi down,maintenance,2026-07-26,2026-07-26,8,morning,P1,closed,whatsapp,60,14,4.0,False,0,5.0
1770,SR0001780,3,9,Front Desk,Key/access issue,front_office,2026-04-19,2026-04-19,11,morning,P1,closed,whatsapp,30,9,2.0,False,0,
1771,SR0001781,3,1,Housekeeping,Room not cleaned,housekeeping,2026-04-20,2026-04-20,15,afternoon,P2,closed,app,60,25,5.0,False,0,
1772,SR0001782,3,10,Billing,Incorrect folio,front_office,2026-04-21,2026-04-21,13,afternoon,P2,closed,whatsapp,240,73,18.0,False,0,
1773,SR0001783,3,1,Housekeeping,Room not cleaned,housekeeping,2026-04-23,2026-04-23,17,afternoon,P2,closed,whatsapp,60,14,2.0,False,0,
1774,SR0001784,3,4,Maintenance,AC not cooling,maintenance,2026-04-30,2026-04-30,13,afternoon,P1,closed,front_desk,120,29,7.0,False,0,
1775,SR0001785,3,6,Maintenance,Wi-Fi down,maintenance,2026-05-05,2026-05-05,11,morning,P1,closed,whatsapp,60,45,10.0,False,0,5.0
1776,SR0001786,3,7,Maintenance,Plumbing,maintenance,2026-05-08,2026-05-08,10,morning,P2,closed,phone,180,314,60.0,True,0,
1777,SR0001787,3,5,Maintenance,Hot water,maintenance,2026-06-06,2026-06-06,9,morning,P1,closed,whatsapp,90,34,7.0,False,0,
1778,SR0001788,3,4,Maintenance,AC not cooling,maintenance,2026-06-20,2026-06-20,23,evening,P1,closed,whatsapp,120,13,4.0,False,0,
1779,SR0001789,3,8,Front Desk,Late check-in,front_office,2026-07-12,2026-07-12,10,morning,P2,closed,phone,30,24,1.0,False,1,
1780,SR0001790,3,7,Maintenance,Plumbing,maintenance,2026-07-16,2026-07-16,15,afternoon,P2,closed,app,180,8,1.0,False,0,4.0
1781,SR0001791,3,6,Maintenance,Wi-Fi down,maintenance,2026-07-31,2026-07-31,6,morning,P1,closed,whatsapp,60,31,2.0,False,0,
1782,SR0001792,3,2,Housekeeping,Extra towels/linen,housekeeping,2026-08-06,2026-08-06,17,afternoon,P3,closed,whatsapp,45,20,5.0,False,0,
1783,SR0001793,3,3,Housekeeping,Late checkout clean,housekeeping,2026-08-10,2026-08-10,23,evening,P2,closed,whatsapp,90,21,1.0,False,0,
1784,SR0001794,3,9,Front Desk,Key/access issue,front_office,2026-03-31,2026-03-31,6,morning,P1,closed,whatsapp,30,17,2.0,False,0,
1785,SR0001795,3,10,Billing,Incorrect folio,front_office,2026-04-02,2026-04-02,12,afternoon,P2,closed,phone,240,322,27.0,True,0,
1786,SR0001796,3,1,Housekeeping,Room not cleaned,housekeeping,2026-04-21,2026-04-21,8,morning,P2,closed,front_desk,60,40,10.0,False,0,
1787,SR0001797,3,10,Billing,Incorrect folio,front_office,2026-05-08,2026-05-08,17,afternoon,P2,closed,whatsapp,240,85,24.0,False,0,
1788,SR0001798,3,1,Housekeeping,Room not cleaned,housekeeping,2026-05-24,2026-05-24,14,afternoon,P2,closed,whatsapp,60,7,1.0,False,0,
1789,SR0001799,3,3,Housekeeping,Late checkout clean,housekeeping,2026-06-07,2026-06-07,13,afternoon,P2,closed,whatsapp,90,25,7.0,False,0,
1790,SR0001800,3,1,Housekeeping,Room not cleaned,housekeeping,2026-06-08,2026-06-08,10,morning,P2,closed,phone,60,8,3.0,False,0,
1791,SR0001801,3,1,Housekeeping,Room not cleaned,housekeeping,2026-06-10,2026-06-10,22,evening,P2,closed,front_desk,60,37,9.0,False,0,5.0
1792,SR0001802,3,3,Housekeeping,Late checkout clean,housekeeping,2026-07-01,2026-07-01,16,afternoon,P2,closed,phone,90,102,21.0,True,0,
1793,SR0001803,3,7,Maintenance,Plumbing,maintenance,2026-07-06,2026-07-06,14,afternoon,P2,closed,whatsapp,180,64,24.0,False,1,
1794,SR0001804,3,2,Housekeeping,Extra towels/linen,housekeeping,2026-07-12,2026-07-12,15,afternoon,P3,closed,phone,45,6,2.0,False,0,
1795,SR0001805,3,6,Maintenance,Wi-Fi down,maintenance,2026-07-26,2026-07-26,13,afternoon,P1,closed,whatsapp,60,4,1.0,False,1,4.0
1796,SR0001806,3,6,Maintenance,Wi-Fi down,maintenance,2026-08-10,2026-08-10,16,afternoon,P1,closed,whatsapp,60,19,3.0,False,0,
1797,SR0001807,3,6,Maintenance,Wi-Fi down,maintenance,2026-03-18,2026-03-18,22,evening,P1,closed,whatsapp,60,24,5.0,False,0,
1798,SR0001808,3,10,Billing,Incorrect folio,front_office,2026-03-19,2026-03-19,19,evening,P2,closed,phone,240,166,14.0,False,1,5.0
1799,SR0001809,3,6,Maintenance,Wi-Fi down,maintenance,2026-03-22,2026-03-22,11,morning,P1,closed,phone,60,15,2.0,False,0,
1800,SR0001810,3,5,Maintenance,Hot water,maintenance,2026-04-20,2026-04-20,14,afternoon,P1,closed,whatsapp,90,99,24.0,True,0,
1801,SR0001811,3,3,Housekeeping,Late checkout clean,housekeeping,2026-04-25,2026-04-25,20,evening,P2,closed,whatsapp,90,61,10.0,False,0,5.0
1802,SR0001812,3,2,Housekeeping,Extra towels/linen,housekeeping,2026-05-03,2026-05-03,16,afternoon,P3,closed,whatsapp,45,13,2.0,False,0,
1803,SR0001813,3,6,Maintenance,Wi-Fi down,maintenance,2026-05-05,2026-05-05,13,afternoon,P1,closed,front_desk,60,23,2.0,False,0,5.0
1804,SR0001814,3,4,Maintenance,AC not cooling,maintenance,2026-05-16,2026-05-16,21,evening,P1,closed,front_desk,120,44,5.0,False,0,
1805,SR0001815,3,8,Front Desk,Late check-in,front_office,2026-05-19,2026-05-19,12,afternoon,P2,closed,whatsapp,30,37,7.0,True,0,
1806,SR0001816,3,2,Housekeeping,Extra towels/linen,housekeeping,2026-05-25,2026-05-25,16,afternoon,P3,closed,whatsapp,45,23,4.0,False,0,4.0
1807,SR0001817,3,5,Maintenance,Hot water,maintenance,2026-06-06,2026-06-06,17,afternoon,P1,closed,whatsapp,90,7,1.0,False,0,
1808,SR0001818,3,1,Housekeeping,Room not cleaned,housekeeping,2026-06-26,2026-06-26,19,evening,P2,closed,whatsapp,60,26,7.0,False,0,
1809,SR0001819,3,5,Maintenance,Hot water,maintenance,2026-07-10,2026-07-10,17,afternoon,P1,closed,whatsapp,90,51,4.0,False,0,4.0
1810,SR0001820,3,2,Housekeeping,Extra towels/linen,housekeeping,2026-07-12,2026-07-12,20,evening,P3,closed,app,45,45,9.0,False,0,
1811,SR0001821,3,7,Maintenance,Plumbing,maintenance,2026-07-16,2026-07-16,11,morning,P2,closed,whatsapp,180,82,17.0,False,0,
1812,SR0001822,3,7,Maintenance,Plumbing,maintenance,2026-08-07,2026-08-07,7,morning,P2,closed,whatsapp,180,95,27.0,False,0,4.0
1813,SR0001823,3,3,Housekeeping,Late checkout clean,housekeeping,2026-04-11,2026-04-11,12,afternoon,P2,closed,phone,90,99,38.0,True,0,
1814,SR0001824,3,9,Front Desk,Key/access issue,front_office,2026-04-14,2026-04-14,21,evening,P1,closed,whatsapp,30,22,7.0,False,0,
1815,SR0001825,3,2,Housekeeping,Extra towels/linen,housekeeping,2026-05-08,2026-05-08,15,afternoon,P3,closed,phone,45,12,4.0,False,0,
1816,SR0001826,3,6,Maintenance,Wi-Fi down,maintenance,2026-05-24,2026-05-24,13,afternoon,P1,closed,phone,60,22,7.0,False,0,
1817,SR0001827,3,8,Front Desk,Late check-in,front_office,2026-05-29,2026-05-29,16,afternoon,P2,closed,whatsapp,30,16,2.0,False,0,
1818,SR0001828,3,5,Maintenance,Hot water,maintenance,2026-06-06,2026-06-06,13,afternoon,P1,closed,phone,90,17,1.0,False,0,
1819,SR0001829,3,6,Maintenance,Wi-Fi down,maintenance,2026-06-08,2026-06-08,14,afternoon,P1,closed,front_desk,60,13,2.0,False,0,
1820,SR0001830,3,3,Housekeeping,Late checkout clean,housekeeping,2026-06-09,2026-06-09,15,afternoon,P2,closed,whatsapp,90,109,38.0,True,0,
1821,SR0001831,3,2,Housekeeping,Extra towels/linen,housekeeping,2026-06-18,2026-06-18,14,afternoon,P3,closed,phone,45,19,2.0,False,0,
1822,SR0001832,3,7,Maintenance,Plumbing,maintenance,2026-07-06,2026-07-06,10,morning,P2,closed,app,180,71,7.0,False,0,
1823,SR0001833,3,7,Maintenance,Plumbing,maintenance,2026-07-11,2026-07-11,12,afternoon,P2,closed,front_desk,180,50,11.0,False,0,
1824,SR0001834,3,9,Front Desk,Key/access issue,front_office,2026-08-03,2026-08-03,17,afternoon,P1,closed,whatsapp,30,4,1.0,False,0,
1825,SR0001835,3,9,Front Desk,Key/access issue,front_office,2026-08-06,2026-08-06,11,morning,P1,closed,whatsapp,30,14,3.0,False,0,
1826,SR0001836,3,4,Maintenance,AC not cooling,maintenance,2026-08-10,2026-08-10,5,overnight,P1,closed,whatsapp,120,59,18.0,False,0,
1827,SR0001837,3,7,Maintenance,Plumbing,maintenance,2026-08-11,2026-08-12,23,evening,P2,closed,whatsapp,180,42,6.0,False,0,
1828,SR0001838,3,4,Maintenance,AC not cooling,maintenance,2026-04-17,2026-04-17,21,evening,P1,closed,phone,120,67,7.0,False,0,
1829,SR0001839,3,4,Maintenance,AC not cooling,maintenance,2026-04-26,2026-04-26,19,evening,P1,closed,front_desk,120,58,11.0,False,0,3.0
1830,SR0001840,3,8,Front Desk,Late check-in,front_office,2026-05-09,2026-05-09,1,overnight,P2,closed,phone,30,28,4.0,False,0,
1831,SR0001841,3,4,Maintenance,AC not cooling,maintenance,2026-05-16,2026-05-16,16,afternoon,P1,closed,app,120,59,20.0,False,0,4.0
1832,SR0001842,3,6,Maintenance,Wi-Fi down,maintenance,2026-05-21,2026-05-21,18,evening,P1,closed,front_desk,60,28,7.0,False,0,
1833,SR0001843,3,7,Maintenance,Plumbing,maintenance,2026-06-23,2026-06-23,20,evening,P2,closed,whatsapp,180,49,10.0,False,0,
1834,SR0001844,3,4,Maintenance,AC not cooling,maintenance,2026-07-02,2026-07-02,15,afternoon,P1,closed,whatsapp,120,27,10.0,False,0,
1835,SR0001845,3,6,Maintenance,Wi-Fi down,maintenance,2026-07-13,2026-07-13,19,evening,P1,closed,whatsapp,60,28,8.0,False,0,
1836,SR0001846,3,3,Housekeeping,Late checkout clean,housekeeping,2026-07-14,2026-07-14,6,morning,P2,closed,whatsapp,90,48,6.0,False,0,
1837,SR0001847,3,4,Maintenance,AC not cooling,maintenance,2026-07-17,2026-07-17,18,evening,P1,closed,whatsapp,120,30,9.0,False,0,5.0
1838,SR0001848,3,9,Front Desk,Key/access issue,front_office,2026-07-18,2026-07-18,18,evening,P1,closed,phone,30,22,8.0,False,0,5.0
1839,SR0001849,3,9,Front Desk,Key/access issue,front_office,2026-07-19,2026-07-19,16,afternoon,P1,closed,whatsapp,30,22,5.0,False,0,
1840,SR0001850,3,4,Maintenance,AC not cooling,maintenance,2026-07-21,2026-07-21,13,afternoon,P1,closed,whatsapp,120,105,25.0,False,0,5.0
1841,SR0001851,3,8,Front Desk,Late check-in,front_office,2026-07-26,2026-07-26,8,morning,P2,closed,app,30,4,1.0,False,0,4.0
1842,SR0001852,3,8,Front Desk,Late check-in,front_office,2026-03-11,2026-03-11,15,afternoon,P2,closed,whatsapp,30,13,4.0,False,0,
1843,SR0001853,3,9,Front Desk,Key/access issue,front_office,2026-03-14,2026-03-14,13,afternoon,P1,closed,front_desk,30,29,9.0,False,0,
1844,SR0001854,3,4,Maintenance,AC not cooling,maintenance,2026-03-16,2026-03-16,6,morning,P1,closed,whatsapp,120,47,8.0,False,0,
1845,SR0001855,3,8,Front Desk,Late check-in,front_office,2026-04-05,2026-04-05,17,afternoon,P2,closed,whatsapp,30,21,4.0,False,0,
1846,SR0001856,3,2,Housekeeping,Extra towels/linen,housekeeping,2026-04-06,2026-04-06,17,afternoon,P3,closed,front_desk,45,7,1.0,False,0,4.0
1847,SR0001857,3,2,Housekeeping,Extra towels/linen,housekeeping,2026-04-26,2026-04-26,11,morning,P3,closed,whatsapp,45,25,2.0,False,0,5.0
1848,SR0001858,3,7,Maintenance,Plumbing,maintenance,2026-05-02,2026-05-02,18,evening,P2,closed,whatsapp,180,273,56.0,True,0,
1849,SR0001859,3,4,Maintenance,AC not cooling,maintenance,2026-05-22,2026-05-22,8,morning,P1,closed,whatsapp,120,68,8.0,False,0,4.0
1850,SR0001860,3,10,Billing,Incorrect folio,front_office,2026-06-05,2026-06-05,14,afternoon,P2,closed,whatsapp,240,90,27.0,False,0,
1851,SR0001861,3,7,Maintenance,Plumbing,maintenance,2026-06-17,2026-06-17,16,afternoon,P2,closed,front_desk,180,120,37.0,False,0,
1852,SR0001862,3,10,Billing,Incorrect folio,front_office,2026-06-18,2026-06-18,15,afternoon,P2,closed,whatsapp,240,159,16.0,False,1,
1853,SR0001863,3,2,Housekeeping,Extra towels/linen,housekeeping,2026-06-29,2026-06-29,15,afternoon,P3,closed,whatsapp,45,10,2.0,False,0,
1854,SR0001864,3,1,Housekeeping,Room not cleaned,housekeeping,2026-07-17,2026-07-17,8,morning,P2,closed,email,60,19,1.0,False,0,5.0
1855,SR0001865,3,5,Maintenance,Hot water,maintenance,2026-07-19,2026-07-19,19,evening,P1,closed,front_desk,90,41,12.0,False,0,
1856,SR0001866,3,3,Housekeeping,Late checkout clean,housekeeping,2026-07-31,2026-07-31,13,afternoon,P2,closed,phone,90,94,18.0,True,0,4.0
1857,SR0001867,3,3,Housekeeping,Late checkout clean,housekeeping,2026-04-29,2026-04-29,15,afternoon,P2,closed,front_desk,90,17,1.0,False,0,
1858,SR0001868,3,4,Maintenance,AC not cooling,maintenance,2026-05-17,2026-05-17,22,evening,P1,closed,phone,120,4,1.0,False,1,
1859,SR0001869,3,8,Front Desk,Late check-in,front_office,2026-06-05,2026-06-05,21,evening,P2,closed,front_desk,30,11,1.0,False,0,4.0
1860,SR0001870,3,1,Housekeeping,Room not cleaned,housekeeping,2026-06-07,2026-06-07,18,evening,P2,closed,app,60,30,3.0,False,0,5.0
1861,SR0001871,3,4,Maintenance,AC not cooling,maintenance,2026-07-04,2026-07-04,19,evening,P1,closed,front_desk,120,31,2.0,False,0,
1862,SR0001872,3,1,Housekeeping,Room not cleaned,housekeeping,2026-07-14,2026-07-14,9,morning,P2,closed,phone,60,58,20.0,False,0,
1863,SR0001873,3,6,Maintenance,Wi-Fi down,maintenance,2026-07-15,2026-07-15,21,evening,P1,closed,whatsapp,60,32,7.0,False,1,
1864,SR0001874,3,1,Housekeeping,Room not cleaned,housekeeping,2026-07-16,2026-07-16,13,afternoon,P2,closed,whatsapp,60,31,3.0,False,0,
1865,SR0001875,3,9,Front Desk,Key/access issue,front_office,2026-07-23,2026-07-23,14,afternoon,P1,closed,app,30,19,6.0,False,0,
1866,SR0001876,3,4,Maintenance,AC not cooling,maintenance,2026-07-25,2026-07-25,6,morning,P1,closed,phone,120,52,19.0,False,0,
1867,SR0001877,3,4,Maintenance,AC not cooling,maintenance,2026-08-01,2026-08-01,15,afternoon,P1,closed,whatsapp,120,98,26.0,False,0,
1868,SR0001878,3,1,Housekeeping,Room not cleaned,housekeeping,2026-08-08,2026-08-08,19,evening,P2,closed,whatsapp,60,18,3.0,False,0,
1869,SR0001879,3,10,Billing,Incorrect folio,front_office,2026-03-27,2026-03-27,7,morning,P2,closed,whatsapp,240,104,29.0,False,0,
1870,SR0001880,3,5,Maintenance,Hot water,maintenance,2026-04-02,2026-04-02,20,evening,P1,closed,phone,90,4,1.0,False,0,
1871,SR0001881,3,4,Maintenance,AC not cooling,maintenance,2026-04-22,2026-04-22,18,evening,P1,closed,whatsapp,120,39,9.0,False,0,5.0
1872,SR0001882,3,4,Maintenance,AC not cooling,maintenance,2026-05-31,2026-05-31,12,afternoon,P1,closed,phone,120,158,37.0,True,0,
1873,SR0001883,3,5,Maintenance,Hot water,maintenance,2026-06-11,2026-06-11,19,evening,P1,closed,phone,90,81,19.0,False,0,
1874,SR0001884,3,7,Maintenance,Plumbing,maintenance,2026-06-18,2026-06-18,16,afternoon,P2,closed,front_desk,180,143,50.0,False,0,5.0
1875,SR0001885,3,9,Front Desk,Key/access issue,front_office,2026-06-23,2026-06-23,12,afternoon,P1,closed,app,30,4,1.0,False,0,4.0
1876,SR0001886,3,6,Maintenance,Wi-Fi down,maintenance,2026-06-26,2026-06-26,5,overnight,P1,closed,front_desk,60,10,2.0,False,1,4.0
1877,SR0001887,3,2,Housekeeping,Extra towels/linen,housekeeping,2026-03-19,2026-03-19,7,morning,P3,closed,app,45,18,2.0,False,0,
1878,SR0001888,3,6,Maintenance,Wi-Fi down,maintenance,2026-03-23,2026-03-23,16,afternoon,P1,closed,whatsapp,60,10,2.0,False,0,
1879,SR0001889,3,7,Maintenance,Plumbing,maintenance,2026-03-24,2026-03-24,10,morning,P2,closed,whatsapp,180,117,25.0,False,0,3.0
1880,SR0001890,3,5,Maintenance,Hot water,maintenance,2026-03-26,2026-03-26,18,evening,P1,closed,app,90,94,35.0,True,0,
1881,SR0001891,3,4,Maintenance,AC not cooling,maintenance,2026-04-10,2026-04-10,21,evening,P1,closed,phone,120,76,21.0,False,0,5.0
1882,SR0001892,3,2,Housekeeping,Extra towels/linen,housekeeping,2026-04-12,2026-04-12,20,evening,P3,closed,phone,45,51,15.0,True,0,2.0
1883,SR0001893,3,9,Front Desk,Key/access issue,front_office,2026-04-14,2026-04-14,18,evening,P1,closed,front_desk,30,13,2.0,False,0,3.0
1884,SR0001894,3,3,Housekeeping,Late checkout clean,housekeeping,2026-04-24,2026-04-24,15,afternoon,P2,closed,app,90,103,40.0,True,0,4.0
1885,SR0001895,3,6,Maintenance,Wi-Fi down,maintenance,2026-05-26,2026-05-26,11,morning,P1,closed,app,60,11,2.0,False,0,
1886,SR0001896,3,1,Housekeeping,Room not cleaned,housekeeping,2026-06-02,2026-06-02,7,morning,P2,closed,front_desk,60,55,20.0,False,0,
1887,SR0001897,3,8,Front Desk,Late check-in,front_office,2026-07-07,2026-07-07,11,morning,P2,closed,whatsapp,30,23,8.0,False,1,
1888,SR0001898,3,6,Maintenance,Wi-Fi down,maintenance,2026-07-23,2026-07-23,19,evening,P1,closed,whatsapp,60,22,6.0,False,0,
1889,SR0001899,3,5,Maintenance,Hot water,maintenance,2026-08-07,2026-08-07,14,afternoon,P1,closed,app,90,77,14.0,False,0,4.0
1890,SR0001900,3,8,Front Desk,Late check-in,front_office,2026-04-08,2026-04-08,4,overnight,P2,closed,front_desk,30,17,2.0,False,0,
1891,SR0001901,3,10,Billing,Incorrect folio,front_office,2026-04-22,2026-04-22,13,afternoon,P2,closed,app,240,63,13.0,False,0,4.0
1892,SR0001902,3,7,Maintenance,Plumbing,maintenance,2026-04-26,2026-04-27,23,evening,P2,closed,phone,180,60,9.0,False,0,
1893,SR0001903,3,9,Front Desk,Key/access issue,front_office,2026-05-21,2026-05-21,8,morning,P1,closed,whatsapp,30,4,1.0,False,0,
1894,SR0001904,3,8,Front Desk,Late check-in,front_office,2026-06-18,2026-06-18,12,afternoon,P2,closed,whatsapp,30,5,1.0,False,0,
1895,SR0001905,3,5,Maintenance,Hot water,maintenance,2026-07-01,2026-07-01,11,morning,P1,closed,app,90,101,11.0,True,0,
1896,SR0001906,3,6,Maintenance,Wi-Fi down,maintenance,2026-07-05,2026-07-05,15,afternoon,P1,closed,whatsapp,60,23,3.0,False,0,4.0
1897,SR0001907,3,3,Housekeeping,Late checkout clean,housekeeping,2026-07-06,2026-07-06,7,morning,P2,closed,app,90,81,18.0,False,0,
1898,SR0001908,3,2,Housekeeping,Extra towels/linen,housekeeping,2026-07-19,2026-07-19,15,afternoon,P3,closed,whatsapp,45,54,8.0,True,0,
1899,SR0001909,3,3,Housekeeping,Late checkout clean,housekeeping,2026-07-31,2026-07-31,17,afternoon,P2,closed,whatsapp,90,40,12.0,False,0,
1900,SR0001910,3,2,Housekeeping,Extra towels/linen,housekeeping,2026-08-01,2026-08-01,22,evening,P3,closed,phone,45,13,1.0,False,0,
