payment_key,payment_id,booking_key,payment_date,settlement_date,method,gross_amount_inr,gateway_fee_inr,gst_on_fee_inr,net_credited_inr,status,is_orphan_reference
1,PAY0000001,1.0,2025-02-01,2025-02-08,netbanking,1722.69,34.45,6.20,1682.04,settled,False
2,PAY0000002,2.0,2025-01-26,2025-01-28,card,28475.30,569.51,102.51,27803.28,settled,False
3,PAY0000003,4.0,2025-01-28,2025-02-12,ota_collect,9925.42,198.51,35.73,9691.18,settled,False
4,PAY0000004,5.0,2025-01-15,2025-02-14,cash,6468.28,0.00,0.00,6468.28,settled,False
5,PAY0000005,6.0,2025-01-27,2025-02-26,ota_collect,16815.85,336.32,60.54,16418.99,settled,False
6,PAY0000006,7.0,2025-02-01,2025-02-08,ota_collect,1286.38,25.73,4.63,1256.02,settled,False
7,PAY0000007,8.0,2025-01-26,2025-02-25,upi,22622.10,452.44,81.44,22088.22,settled,False
8,PAY0000008,9.0,2025-01-29,2025-02-28,card,5877.16,117.54,21.16,5738.46,settled,False
9,PAY0000009,11.0,2025-01-28,2025-02-27,card,19770.92,395.42,71.18,19304.32,settled,False
10,PAY0000010,13.0,2025-01-19,2025-02-03,upi,3329.19,66.58,11.98,3250.63,settled,False
11,PAY0000011,14.0,2025-01-31,2025-02-15,upi,8663.34,173.27,31.19,8458.88,settled,False
12,PAY0000012,15.0,2025-01-20,2025-02-04,ota_collect,7797.50,155.95,28.07,7613.48,settled,False
13,PAY0000013,16.0,2025-01-27,2025-02-11,ota_collect,8723.55,174.47,31.40,8517.68,settled,False
14,PAY0000014,17.0,2025-01-23,2025-01-25,card,19580.13,391.60,70.49,19118.04,settled,False
15,PAY0000015,18.0,2025-01-20,2025-01-29,ota_collect,4110.48,82.21,14.80,4013.47,settled,False
16,PAY0000016,19.0,2025-01-31,2025-02-09,card,5034.52,100.69,18.12,4915.71,settled,False
17,PAY0000017,20.0,2025-01-31,2025-02-15,card,5306.16,106.12,19.10,5180.94,settled,False
18,PAY0000018,21.0,2025-01-30,2025-02-01,upi,8531.02,170.62,30.71,8329.69,settled,False
19,PAY0000019,22.0,2025-02-01,2025-03-03,upi,66909.56,1338.19,240.87,65330.50,settled,False
20,PAY0000020,23.0,2025-01-21,2025-02-20,upi,31033.20,620.66,111.72,30300.82,settled,False
21,PAY0000021,25.0,2025-01-19,2025-01-21,ota_collect,4475.02,89.50,16.11,4369.41,settled,False
22,PAY0000022,26.0,2025-01-26,2025-02-10,upi,9117.68,182.35,32.82,8902.51,settled,False
23,PAY0000023,27.0,2025-01-16,2025-01-31,upi,19869.63,397.39,71.53,19400.71,settled,False
24,PAY0000024,28.0,2025-02-01,2025-03-03,upi,7262.32,145.25,26.14,7090.93,settled,False
25,PAY0000025,29.0,2025-02-02,2025-02-09,ota_collect,1009.94,20.20,3.64,986.10,settled,False
26,PAY0000026,30.0,2025-01-25,2025-01-26,upi,29868.30,597.37,107.53,29163.40,settled,False
27,PAY0000027,31.0,2025-01-27,2025-02-11,upi,4449.05,88.98,16.02,4344.05,settled,False
28,PAY0000028,32.0,2025-02-02,2025-02-17,upi,8709.54,174.19,31.35,8504.00,settled,False
29,PAY0000029,34.0,2025-02-03,2025-02-03,ota_collect,18186.72,363.73,65.47,17757.52,settled,False
30,PAY0000030,35.0,2025-01-26,2025-02-25,upi,71376.80,1427.54,256.96,69692.30,settled,False
31,PAY0000031,36.0,2025-01-20,2025-01-21,ota_collect,17549.80,351.00,63.18,17135.62,settled,False
32,PAY0000032,38.0,2025-01-31,2025-02-15,upi,13683.50,273.67,49.26,13360.57,settled,False
33,PAY0000033,40.0,2025-02-03,2025-02-10,upi,2145.78,42.92,7.73,2095.13,settled,False
34,PAY0000034,41.0,2025-01-31,2025-02-02,upi,4178.72,83.57,15.04,4080.11,settled,False
35,PAY0000035,42.0,2025-01-28,2025-02-27,ota_collect,85336.79,1706.74,307.21,83322.84,settled,False
36,PAY0000036,43.0,2025-02-02,2025-02-17,card,12458.41,249.17,44.85,12164.39,settled,False
37,PAY0000037,44.0,2025-02-01,2025-02-03,cash,12552.57,0.00,0.00,12552.57,settled,False
38,PAY0000038,45.0,2025-02-02,2025-02-11,ota_collect,4461.84,89.24,16.06,4356.54,settled,False
39,PAY0000039,46.0,2025-01-08,2025-01-09,ota_collect,10931.28,218.63,39.35,10673.30,settled,False
40,PAY0000040,47.0,2025-01-25,2025-02-09,ota_collect,12149.64,242.99,43.74,11862.91,settled,False
41,PAY0000041,48.0,2025-02-02,2025-03-04,wallet,66086.17,1321.72,237.91,64526.54,settled,False
42,PAY0000042,49.0,2025-01-21,2025-02-05,ota_collect,5031.68,100.63,18.11,4912.94,settled,False
43,PAY0000043,50.0,2025-02-01,2025-02-03,upi,4312.69,86.25,15.52,4210.92,settled,False
44,PAY0000044,51.0,2025-01-30,2025-02-14,upi,28153.44,563.07,101.35,27489.02,settled,False
45,PAY0000045,52.0,2025-02-03,2025-03-05,netbanking,13662.32,273.25,49.18,13339.89,settled,False
46,PAY0000046,53.0,2025-01-26,2025-01-28,upi,9085.62,181.71,32.71,8871.20,settled,False
47,PAY0000047,54.0,2025-01-27,2025-02-05,netbanking,4381.98,87.64,15.78,4278.56,settled,False
48,PAY0000048,55.0,2025-01-27,2025-02-11,upi,7142.60,142.85,25.71,6974.04,settled,False
49,PAY0000049,56.0,2025-01-12,2025-01-13,netbanking,7804.16,156.08,28.09,7619.99,settled,False
50,PAY0000050,57.0,2025-01-26,2025-02-10,upi,19475.08,389.50,70.11,19015.47,settled,False
51,PAY0000051,58.0,2025-01-14,2025-01-29,card,25308.65,506.17,91.11,24711.37,settled,False
52,PAY0000052,59.0,2025-02-01,2025-02-03,upi,15238.59,304.77,54.86,14878.96,settled,False
53,PAY0000053,60.0,2025-01-30,2025-02-08,cash,30582.40,0.00,0.00,30582.40,settled,False
54,PAY0000054,61.0,2025-02-03,2025-03-05,upi,4272.82,85.46,15.38,4171.98,settled,False
55,PAY0000055,62.0,2025-02-05,2025-02-07,upi,9326.99,186.54,33.58,9106.87,settled,False
56,PAY0000056,63.0,2025-01-31,2025-02-15,upi,9625.08,192.50,34.65,9397.93,settled,False
57,PAY0000057,64.0,2025-02-05,2025-02-12,upi,1152.16,23.04,4.15,1124.97,settled,False
58,PAY0000058,65.0,2025-02-04,2025-03-06,cash,7079.83,0.00,0.00,7079.83,settled,False
59,PAY0000059,66.0,2025-01-13,2025-01-22,upi,9486.68,189.73,34.15,9262.80,settled,False
60,PAY0000060,67.0,2025-01-30,2025-03-01,card,22789.02,455.78,82.04,22251.20,settled,False
61,PAY0000061,68.0,2025-01-13,2025-01-22,netbanking,4159.12,83.18,14.97,4060.97,settled,False
62,PAY0000062,70.0,2025-02-04,2025-03-06,upi,30968.56,619.37,111.49,30237.70,settled,False
63,PAY0000063,71.0,2025-01-20,2025-01-29,upi,23169.06,463.38,83.41,22622.27,settled,False
64,PAY0000064,72.0,2025-01-26,2025-02-04,card,7833.76,156.68,28.20,7648.88,settled,False
65,PAY0000065,73.0,2025-01-30,2025-02-01,card,24367.88,487.36,87.72,23792.80,settled,False
66,PAY0000066,74.0,2025-02-02,2025-03-04,upi,12627.43,252.55,45.46,12329.42,settled,False
67,PAY0000067,76.0,2025-01-27,2025-01-29,cash,3628.18,0.00,0.00,3628.18,settled,False
68,PAY0000068,77.0,2025-02-04,2025-02-13,upi,2989.05,59.78,10.76,2918.51,settled,False
69,PAY0000069,78.0,2025-01-09,2025-01-11,wallet,24821.30,496.43,89.36,24235.51,settled,False
70,PAY0000070,79.0,2025-02-08,2025-03-10,upi,30059.36,601.19,108.21,29349.96,settled,False
71,PAY0000071,80.0,2025-02-08,2025-02-10,upi,6105.17,122.10,21.98,5961.09,settled,False
72,PAY0000072,83.0,2024-11-30,2024-12-01,card,18279.75,365.60,65.81,17848.34,settled,False
73,PAY0000073,84.0,2025-02-07,2025-03-09,wallet,67015.09,1340.30,241.25,65433.54,settled,False
74,PAY0000074,85.0,2025-02-06,2025-03-08,card,67508.19,1350.16,243.03,65915.00,settled,False
75,PAY0000075,86.0,2025-02-04,2025-02-06,cash,4771.03,0.00,0.00,4771.03,settled,False
76,PAY0000076,87.0,2025-02-05,2025-03-07,upi,81307.80,1626.16,292.71,79388.93,settled,False
77,PAY0000077,88.0,2025-02-06,2025-02-08,card,30829.46,616.59,110.99,30101.88,settled,False
78,PAY0000078,90.0,2025-02-01,2025-03-03,ota_collect,9496.49,189.93,34.19,9272.37,settled,False
79,PAY0000079,91.0,2025-02-07,2025-03-09,card,11234.46,224.69,40.44,10969.33,settled,False
80,PAY0000080,92.0,2025-02-07,2025-03-09,upi,20974.04,419.48,75.51,20479.05,settled,False
81,PAY0000081,93.0,2025-02-10,2025-03-12,upi,15255.72,305.11,54.92,14895.69,settled,False
82,PAY0000082,94.0,2025-02-09,2025-02-09,upi,4767.79,95.36,17.16,4655.27,settled,False
83,PAY0000083,96.0,2025-01-31,2025-02-02,cash,5057.44,0.00,0.00,5057.44,settled,False
84,PAY0000084,97.0,2025-02-11,2025-02-18,card,1952.06,39.04,7.03,1905.99,settled,False
85,PAY0000085,98.0,2025-02-09,2025-02-11,card,3765.20,75.30,13.55,3676.35,settled,False
86,PAY0000086,99.0,2025-02-04,2025-03-06,upi,13799.08,275.98,49.68,13473.42,settled,False
87,PAY0000087,100.0,2025-02-04,2025-02-19,card,3462.26,69.25,12.46,3380.55,settled,False
88,PAY0000088,101.0,2025-01-27,2025-02-26,upi,4851.42,97.03,17.47,4736.92,settled,False
89,PAY0000089,102.0,2025-01-29,2025-02-28,netbanking,111968.85,2239.38,403.09,109326.38,settled,False
90,PAY0000090,103.0,2025-01-30,2025-01-31,ota_collect,4251.06,85.02,15.30,4150.74,settled,False
91,PAY0000091,104.0,2025-02-08,2025-02-10,wallet,3759.98,75.20,13.54,3671.24,settled,False
92,PAY0000092,105.0,2025-01-29,2025-02-28,card,73913.49,1478.27,266.09,72169.13,settled,False
93,PAY0000093,106.0,2025-02-12,2025-02-19,ota_collect,2003.06,40.06,7.21,1955.79,settled,False
94,PAY0000094,107.0,2025-02-07,2025-02-08,card,11283.06,225.66,40.62,11016.78,settled,False
95,PAY0000095,109.0,2024-12-18,2025-01-02,upi,8264.44,165.29,29.75,8069.40,settled,False
96,PAY0000096,110.0,2025-01-01,2025-01-16,ota_collect,4436.20,88.72,15.97,4331.51,settled,False
97,PAY0000097,,2025-01-31,2025-03-02,card,4361.37,87.23,15.70,4258.44,settled,True
98,PAY0000098,112.0,2025-02-02,2025-02-04,card,33783.45,675.67,121.62,32986.16,settled,False
99,PAY0000099,114.0,2025-01-27,2025-02-11,card,27391.20,547.82,98.61,26744.77,settled,False
100,PAY0000100,115.0,2025-02-08,2025-03-10,upi,82763.52,1655.27,297.95,80810.30,settled,False
101,PAY0000101,116.0,2025-01-25,2025-01-27,ota_collect,3984.52,79.69,14.34,3890.49,settled,False
102,PAY0000102,117.0,2025-02-10,2025-02-25,ota_collect,4256.93,85.14,15.33,4156.46,settled,False
103,PAY0000103,118.0,2025-01-28,2025-02-27,upi,49352.50,987.05,177.67,48187.78,settled,False
104,PAY0000104,119.0,2025-02-07,2025-02-16,wallet,4837.07,96.74,17.41,4722.92,settled,False
105,PAY0000105,121.0,2025-02-07,2025-02-16,netbanking,15614.08,312.28,56.21,15245.59,settled,False
106,PAY0000106,122.0,2025-02-13,2025-03-15,upi,13108.17,262.16,47.19,12798.82,settled,False
107,PAY0000107,123.0,2025-01-26,2025-02-04,upi,6636.52,132.73,23.89,6479.90,settled,False
108,PAY0000108,124.0,2025-02-14,2025-02-21,upi,1094.43,21.89,3.94,1068.60,settled,False
109,PAY0000109,,2025-02-06,2025-02-15,ota_collect,4425.91,88.52,15.93,4321.46,settled,True
110,PAY0000110,126.0,2024-12-10,2024-12-19,cash,3531.73,0.00,0.00,3531.73,settled,False
111,PAY0000111,127.0,2025-02-10,2025-02-12,card,12365.64,247.31,44.52,12073.81,settled,False
112,PAY0000112,128.0,2025-02-15,2025-02-15,netbanking,4466.51,89.33,16.08,4361.10,settled,False
113,PAY0000113,129.0,2025-02-15,2025-02-17,ota_collect,11559.03,231.18,41.61,11286.24,settled,False
114,PAY0000114,130.0,2024-12-14,2024-12-15,upi,3849.15,76.98,13.86,3758.31,settled,False
115,PAY0000115,131.0,2025-02-12,2025-02-14,upi,6545.54,130.91,23.56,6391.07,settled,False
116,PAY0000116,132.0,2025-01-27,2025-02-05,ota_collect,12347.21,246.94,44.45,12055.82,settled,False
117,PAY0000117,133.0,2025-02-08,2025-02-10,cash,20732.70,0.00,0.00,20732.70,settled,False
118,PAY0000118,134.0,2025-02-13,2025-03-15,card,12349.50,246.99,44.46,12058.05,settled,False
119,PAY0000119,135.0,2025-02-11,2025-03-13,card,64475.56,1289.51,232.11,62953.94,settled,False
120,PAY0000120,136.0,2025-02-06,2025-02-15,card,4871.78,97.44,17.54,4756.80,settled,False
121,PAY0000121,138.0,2025-02-07,2025-02-09,card,5186.57,103.73,18.67,5064.17,settled,False
122,PAY0000122,141.0,2025-02-12,2025-02-14,upi,6877.97,137.56,24.76,6715.65,settled,False
123,PAY0000123,143.0,2025-01-02,2025-01-11,ota_collect,30494.22,609.88,109.78,29774.56,settled,False
124,PAY0000124,144.0,2025-02-12,2025-02-27,wallet,21407.16,428.14,77.07,20901.95,settled,False
125,PAY0000125,145.0,2025-02-17,2025-02-24,card,1435.55,28.71,5.17,1401.67,settled,False
126,PAY0000126,146.0,2025-01-23,2025-02-07,upi,4218.67,84.37,15.19,4119.11,settled,False
127,PAY0000127,147.0,2025-02-11,2025-03-13,ota_collect,23826.75,476.54,85.78,23264.43,settled,False
128,PAY0000128,148.0,2025-02-17,2025-02-24,upi,2361.81,47.24,8.50,2306.07,settled,False
129,PAY0000129,149.0,2025-02-13,2025-02-14,card,30069.04,601.38,108.25,29359.41,settled,False
130,PAY0000130,151.0,2025-02-08,2025-03-10,card,4741.62,94.83,17.07,4629.72,settled,False
131,PAY0000131,152.0,2025-02-18,2025-03-05,upi,14609.60,292.19,52.59,14264.82,settled,False
132,PAY0000132,153.0,2025-01-30,2025-02-14,upi,16463.00,329.26,59.27,16074.47,settled,False
133,PAY0000133,154.0,2025-02-18,2025-02-25,ota_collect,1555.78,31.12,5.60,1519.06,settled,False
134,PAY0000134,155.0,2025-02-18,2025-02-27,upi,8764.32,175.29,31.55,8557.48,settled,False
135,PAY0000135,156.0,2025-02-20,2025-02-20,upi,3655.99,73.12,13.16,3569.71,settled,False
136,PAY0000136,160.0,2025-01-01,2025-01-10,upi,3757.63,75.15,13.53,3668.95,settled,False
137,PAY0000137,161.0,2025-02-20,2025-02-27,upi,1216.15,24.32,4.38,1187.45,settled,False
138,PAY0000138,163.0,2025-01-16,2025-01-25,wallet,14453.77,289.08,52.03,14112.66,settled,False
139,PAY0000139,164.0,2025-02-18,2025-02-27,netbanking,4405.81,88.12,15.86,4301.83,settled,False
140,PAY0000140,165.0,2025-01-28,2025-02-12,card,6441.93,128.84,23.19,6289.90,settled,False
141,PAY0000141,166.0,2025-02-10,2025-02-25,ota_collect,6635.23,132.70,23.89,6478.64,settled,False
142,PAY0000142,167.0,2025-02-17,2025-02-26,ota_collect,12611.40,252.23,45.40,12313.77,settled,False
143,PAY0000143,168.0,2025-02-16,2025-03-18,upi,8093.68,161.87,29.14,7902.67,settled,False
144,PAY0000144,169.0,2025-02-02,2025-02-11,wallet,4587.48,91.75,16.52,4479.21,settled,False
145,PAY0000145,171.0,2025-02-16,2025-02-18,ota_collect,3915.79,78.32,14.10,3823.37,settled,False
146,PAY0000146,172.0,2025-02-17,2025-03-19,upi,3534.23,70.68,12.72,3450.83,settled,False
147,PAY0000147,173.0,2025-02-22,2025-03-01,ota_collect,886.78,17.74,3.19,865.85,settled,False
148,PAY0000148,174.0,2025-02-19,2025-02-21,upi,28850.50,577.01,103.86,28169.63,settled,False
149,PAY0000149,175.0,2025-02-15,2025-02-24,netbanking,6102.19,122.04,21.97,5958.18,settled,False
150,PAY0000150,176.0,2025-02-23,2025-03-02,upi,1363.14,27.26,4.91,1330.97,settled,False
151,PAY0000151,177.0,2025-01-26,2025-02-04,card,7168.20,143.36,25.80,6999.04,settled,False
152,PAY0000152,,2025-02-08,2025-02-23,upi,4464.91,89.30,16.07,4359.54,settled,True
153,PAY0000153,179.0,2025-01-27,2025-02-05,upi,18630.63,372.61,67.07,18190.95,settled,False
154,PAY0000154,180.0,2025-02-12,2025-02-27,card,9561.14,191.22,34.42,9335.50,settled,False
155,PAY0000155,181.0,2025-01-27,2025-01-28,upi,22256.52,445.13,80.12,21731.27,settled,False
156,PAY0000156,182.0,2025-02-12,2025-02-13,card,6770.59,135.41,24.37,6610.81,settled,False
157,PAY0000157,183.0,2025-02-20,2025-03-07,ota_collect,4219.76,84.40,15.19,4120.17,settled,False
158,PAY0000158,184.0,2025-02-15,2025-02-24,card,8911.98,178.24,32.08,8701.66,settled,False
159,PAY0000159,186.0,2025-02-06,2025-02-08,wallet,3805.65,76.11,13.70,3715.84,settled,False
160,PAY0000160,188.0,2025-02-21,2025-03-23,upi,14713.07,294.26,52.97,14365.84,settled,False
161,PAY0000161,189.0,2025-02-20,2025-03-22,card,27629.28,552.59,99.47,26977.22,settled,False
162,PAY0000162,190.0,2025-02-13,2025-02-15,upi,4658.54,93.17,16.77,4548.60,settled,False
163,PAY0000163,192.0,2025-01-27,2025-01-29,ota_collect,8471.04,169.42,30.50,8271.12,settled,False
164,PAY0000164,193.0,2025-02-21,2025-03-23,wallet,5368.51,107.37,19.33,5241.81,settled,False
165,PAY0000165,194.0,2025-02-23,2025-03-02,upi,1033.50,20.67,3.72,1009.11,settled,False
166,PAY0000166,196.0,2025-02-17,2025-03-19,upi,4779.08,95.58,17.20,4666.30,settled,False
167,PAY0000167,197.0,2025-02-25,2025-03-04,upi,1160.81,23.22,4.18,1133.41,settled,False
168,PAY0000168,198.0,2025-02-21,2025-03-08,ota_collect,20815.50,416.31,74.94,20324.25,settled,False
169,PAY0000169,199.0,2025-02-09,2025-02-11,upi,20338.89,406.78,73.22,19858.89,settled,False
170,PAY0000170,200.0,2025-01-20,2025-02-19,card,115234.35,2304.69,414.84,112514.82,settled,False
171,PAY0000171,201.0,2025-02-18,2025-03-05,ota_collect,8991.46,179.83,32.37,8779.26,settled,False
172,PAY0000172,202.0,2025-01-21,2025-01-30,upi,14568.36,291.37,52.45,14224.54,settled,False
173,PAY0000173,203.0,2025-02-24,2025-03-03,upi,1125.34,22.51,4.05,1098.78,settled,False
174,PAY0000174,204.0,2025-02-06,2025-03-08,upi,5259.57,105.19,18.93,5135.45,settled,False
175,PAY0000175,205.0,2025-02-07,2025-02-08,upi,10835.01,216.70,39.01,10579.30,settled,False
176,PAY0000176,206.0,2025-02-25,2025-03-04,upi,2052.86,41.06,7.39,2004.41,settled,False
177,PAY0000177,209.0,2025-02-04,2025-03-06,upi,5055.67,101.11,18.20,4936.36,settled,False
178,PAY0000178,210.0,2025-02-14,2025-03-16,card,32593.68,651.87,117.34,31824.47,settled,False
179,PAY0000179,213.0,2025-02-18,2025-02-20,wallet,3892.95,77.86,14.01,3801.08,settled,False
180,PAY0000180,214.0,2025-02-27,2025-03-06,ota_collect,1893.01,37.86,6.81,1848.34,settled,False
181,PAY0000181,215.0,2025-02-27,2025-03-06,card,1215.58,24.31,4.38,1186.89,settled,False
182,PAY0000182,216.0,2025-02-14,2025-02-15,upi,8337.16,166.74,30.01,8140.41,settled,False
183,PAY0000183,217.0,2025-01-30,2025-02-08,upi,3297.54,65.95,11.87,3219.72,settled,False
184,PAY0000184,218.0,2025-02-18,2025-02-27,upi,13354.00,267.08,48.07,13038.85,settled,False
185,PAY0000185,219.0,2025-01-13,2025-01-15,ota_collect,19517.71,390.35,70.26,19057.10,settled,False
186,PAY0000186,220.0,2025-01-22,2025-02-21,card,6374.73,127.49,22.95,6224.29,settled,False
187,PAY0000187,221.0,2025-02-18,2025-02-27,ota_collect,4094.61,81.89,14.74,3997.98,settled,False
188,PAY0000188,223.0,2025-02-24,2025-02-25,upi,5298.50,105.97,19.07,5173.46,settled,False
189,PAY0000189,224.0,2025-02-22,2025-03-09,ota_collect,9740.47,194.81,35.07,9510.59,settled,False
190,PAY0000190,225.0,2025-01-28,2025-02-06,card,14116.90,282.34,50.82,13783.74,settled,False
191,PAY0000191,226.0,2025-02-20,2025-03-07,wallet,28534.38,570.69,102.72,27860.97,settled,False
192,PAY0000192,227.0,2025-02-25,2025-02-27,ota_collect,4081.28,81.63,14.69,3984.96,settled,False
193,PAY0000193,228.0,2025-02-19,2025-03-21,cash,8065.35,0.00,0.00,8065.35,settled,False
194,PAY0000194,229.0,2025-02-28,2025-03-30,card,6341.42,126.83,22.83,6191.76,settled,False
195,PAY0000195,230.0,2025-02-26,2025-03-28,card,28565.65,571.31,102.84,27891.50,settled,False
196,PAY0000196,231.0,2025-02-25,2025-03-06,netbanking,3278.42,65.57,11.80,3201.05,settled,False
197,PAY0000197,232.0,2025-02-15,2025-03-02,ota_collect,4091.42,81.83,14.73,3994.86,settled,False
198,PAY0000198,233.0,2025-02-16,2025-02-18,upi,7870.01,157.40,28.33,7684.28,settled,False
199,PAY0000199,234.0,2025-03-02,2025-03-09,ota_collect,1128.00,22.56,4.06,1101.38,settled,False
200,PAY0000200,235.0,2025-02-15,2025-03-17,upi,3965.14,79.30,14.27,3871.57,settled,False
201,PAY0000201,236.0,2025-02-28,2025-03-30,card,45117.96,902.36,162.42,44053.18,settled,False
202,PAY0000202,237.0,2025-02-25,2025-03-06,wallet,19434.48,388.69,69.96,18975.83,settled,False
203,PAY0000203,238.0,2025-02-22,2025-03-24,netbanking,14156.91,283.14,50.97,13822.80,settled,False
204,PAY0000204,239.0,2025-02-24,2025-02-26,card,14702.64,294.05,52.93,14355.66,settled,False
205,PAY0000205,,2025-02-27,2025-03-08,upi,17973.60,359.47,64.70,17549.43,settled,True
206,PAY0000206,241.0,2025-02-17,2025-03-04,card,7928.76,158.58,28.54,7741.64,settled,False
207,PAY0000207,242.0,2025-02-05,2025-02-20,ota_collect,7416.12,148.32,26.70,7241.10,settled,False
208,PAY0000208,243.0,2025-02-27,2025-03-14,ota_collect,25628.22,512.56,92.26,25023.40,settled,False
209,PAY0000209,244.0,2025-03-01,2025-03-31,ota_collect,46363.35,927.27,166.91,45269.17,settled,False
210,PAY0000210,245.0,2025-02-27,2025-03-29,card,7671.86,153.44,27.62,7490.80,settled,False
211,PAY0000211,246.0,2025-02-21,2025-03-23,ota_collect,6209.66,124.19,22.35,6063.12,settled,False
212,PAY0000212,247.0,2025-02-14,2025-03-01,ota_collect,21831.33,436.63,78.59,21316.11,settled,False
213,PAY0000213,248.0,2025-02-21,2025-03-23,upi,5461.67,109.23,19.66,5332.78,settled,False
214,PAY0000214,249.0,2025-02-28,2025-03-02,card,33448.40,668.97,120.41,32659.02,settled,False
215,PAY0000215,250.0,2025-02-26,2025-02-28,card,3578.60,71.57,12.88,3494.15,settled,False
216,PAY0000216,251.0,2025-03-03,2025-04-02,upi,3508.43,70.17,12.63,3425.63,settled,False
217,PAY0000217,252.0,2025-02-26,2025-03-28,upi,29029.38,580.59,104.51,28344.28,settled,False
218,PAY0000218,253.0,2025-03-02,2025-04-01,upi,63554.09,1271.08,228.79,62054.22,settled,False
219,PAY0000219,254.0,2025-03-04,2025-03-11,ota_collect,1487.82,29.76,5.36,1452.70,settled,False
220,PAY0000220,255.0,2025-03-03,2025-03-10,netbanking,2063.67,41.27,7.43,2014.97,settled,False
221,PAY0000221,257.0,2025-02-21,2025-03-02,netbanking,3509.37,70.19,12.63,3426.55,settled,False
222,PAY0000222,258.0,2025-03-04,2025-03-11,card,1461.89,29.24,5.26,1427.39,settled,False
223,PAY0000223,259.0,2025-02-28,2025-03-02,wallet,7458.91,149.18,26.85,7282.88,settled,False
224,PAY0000224,261.0,2025-03-01,2025-03-16,upi,3561.68,71.23,12.82,3477.63,settled,False
225,PAY0000225,262.0,2025-03-05,2025-03-12,upi,1681.39,33.63,6.05,1641.71,settled,False
226,PAY0000226,263.0,2025-02-27,2025-03-29,card,92906.75,1858.13,334.46,90714.16,settled,False
227,PAY0000227,265.0,2025-02-27,2025-03-29,upi,31012.49,620.25,111.64,30280.60,settled,False
228,PAY0000228,266.0,2025-02-21,2025-02-23,cash,4359.73,0.00,0.00,4359.73,settled,False
229,PAY0000229,267.0,2025-02-28,2025-03-02,netbanking,4020.68,80.41,14.47,3925.80,settled,False
230,PAY0000230,270.0,2025-02-21,2025-03-08,ota_collect,4462.76,89.26,16.07,4357.43,settled,False
231,PAY0000231,271.0,2025-03-03,2025-03-18,card,11052.64,221.05,39.79,10791.80,settled,False
232,PAY0000232,272.0,2025-03-06,2025-03-13,wallet,1838.57,36.77,6.62,1795.18,settled,False
233,PAY0000233,273.0,2025-03-01,2025-03-03,netbanking,35705.85,714.12,128.54,34863.19,settled,False
234,PAY0000234,275.0,2025-03-04,2025-04-03,ota_collect,15573.68,311.47,56.06,15206.15,settled,False
235,PAY0000235,276.0,2025-02-07,2025-02-16,ota_collect,8149.73,162.99,29.34,7957.40,settled,False
236,PAY0000236,277.0,2025-02-22,2025-03-24,ota_collect,7699.63,153.99,27.72,7517.92,settled,False
237,PAY0000237,279.0,2025-03-06,2025-03-08,ota_collect,3461.88,69.24,12.46,3380.18,settled,False
238,PAY0000238,280.0,2025-03-02,2025-04-01,ota_collect,12581.46,251.63,45.29,12284.54,settled,False
239,PAY0000239,281.0,2025-03-02,2025-03-11,upi,5701.06,114.02,20.52,5566.52,settled,False
240,PAY0000240,282.0,2025-03-05,2025-04-04,upi,8620.14,172.40,31.03,8416.71,settled,False
241,PAY0000241,283.0,2025-03-02,2025-03-17,ota_collect,4981.60,99.63,17.93,4864.04,settled,False
242,PAY0000242,284.0,2025-02-18,2025-03-20,ota_collect,7448.42,148.97,26.81,7272.64,settled,False
243,PAY0000243,285.0,2025-02-27,2025-03-08,upi,9738.88,194.78,35.06,9509.04,settled,False
244,PAY0000244,287.0,2025-02-11,2025-02-20,upi,3161.06,63.22,11.38,3086.46,settled,False
245,PAY0000245,288.0,2025-02-28,2025-03-02,card,4388.52,87.77,15.80,4284.95,settled,False
246,PAY0000246,289.0,2025-02-22,2025-03-09,ota_collect,4565.65,91.31,16.44,4457.90,settled,False
247,PAY0000247,290.0,2025-03-02,2025-03-04,wallet,6392.05,127.84,23.01,6241.20,settled,False
248,PAY0000248,291.0,2025-03-06,2025-03-07,card,42345.54,846.91,152.44,41346.19,settled,False
249,PAY0000249,292.0,2025-03-08,2025-03-15,card,1268.48,25.37,4.57,1238.54,settled,False
250,PAY0000250,293.0,2025-02-13,2025-03-15,netbanking,7289.01,145.78,26.24,7116.99,settled,False
251,PAY0000251,294.0,2025-02-27,2025-03-01,upi,23858.48,477.17,85.89,23295.42,settled,False
252,PAY0000252,296.0,2025-03-08,2025-04-07,netbanking,92440.53,1848.81,332.79,90258.93,settled,False
253,PAY0000253,297.0,2025-03-07,2025-04-06,netbanking,9938.63,198.77,35.78,9704.08,settled,False
254,PAY0000254,298.0,2025-03-07,2025-03-14,ota_collect,1154.96,23.10,4.16,1127.70,settled,False
255,PAY0000255,299.0,2025-03-06,2025-03-21,card,3686.59,73.73,13.27,3599.59,settled,False
256,PAY0000256,303.0,2025-03-07,2025-04-06,ota_collect,51528.54,1030.57,185.50,50312.47,settled,False
257,PAY0000257,304.0,2025-03-09,2025-04-08,ota_collect,22831.14,456.62,82.19,22292.33,settled,False
258,PAY0000258,305.0,2025-02-16,2025-02-18,card,6522.85,130.46,23.48,6368.91,settled,False
259,PAY0000259,306.0,2025-03-09,2025-03-16,ota_collect,1048.17,20.96,3.77,1023.44,settled,False
260,PAY0000260,307.0,2025-03-02,2025-04-01,upi,8780.26,175.61,31.61,8573.04,settled,False
261,PAY0000261,308.0,2025-03-08,2025-03-10,card,3451.34,69.03,12.43,3369.88,settled,False
262,PAY0000262,309.0,2025-03-07,2025-04-06,upi,14309.24,286.18,51.51,13971.55,settled,False
263,PAY0000263,310.0,2025-03-06,2025-03-21,upi,21125.88,422.52,76.05,20627.31,settled,False
264,PAY0000264,311.0,2025-03-03,2025-03-12,upi,46829.17,936.58,168.58,45724.01,settled,False
265,PAY0000265,312.0,2025-03-09,2025-03-18,card,8379.60,167.59,30.17,8181.84,settled,False
266,PAY0000266,313.0,2025-03-07,2025-03-09,cash,27277.13,0.00,0.00,27277.13,settled,False
267,PAY0000267,314.0,2025-03-06,2025-03-15,ota_collect,10420.26,208.41,37.51,10174.34,settled,False
268,PAY0000268,315.0,2025-03-10,2025-03-17,upi,1095.25,21.91,3.94,1069.40,settled,False
269,PAY0000269,316.0,2025-03-06,2025-03-21,upi,3545.51,70.91,12.76,3461.84,settled,False
270,PAY0000270,318.0,2025-03-08,2025-03-17,ota_collect,4107.48,82.15,14.79,4010.54,settled,False
271,PAY0000271,319.0,2025-03-06,2025-03-21,card,4292.09,85.84,15.45,4190.80,settled,False
272,PAY0000272,320.0,2025-03-12,2025-03-19,netbanking,2280.63,45.61,8.21,2226.81,settled,False
273,PAY0000273,321.0,2025-03-02,2025-03-11,card,15695.15,313.90,56.50,15324.75,settled,False
274,PAY0000274,322.0,2025-03-02,2025-03-04,ota_collect,4093.04,81.86,14.73,3996.45,settled,False
275,PAY0000275,323.0,2025-02-25,2025-03-12,upi,4693.19,93.86,16.89,4582.44,settled,False
276,PAY0000276,324.0,2025-03-09,2025-04-08,upi,24685.45,493.71,88.87,24102.87,settled,False
277,PAY0000277,325.0,2025-03-03,2025-04-02,card,78220.31,1564.41,281.59,76374.31,settled,False
278,PAY0000278,326.0,2025-03-12,2025-03-27,ota_collect,6966.74,139.33,25.08,6802.33,settled,False
279,PAY0000279,327.0,2025-02-04,2025-02-13,card,3866.29,77.33,13.92,3775.04,settled,False
280,PAY0000280,328.0,2025-01-24,2025-02-23,upi,3390.60,67.81,12.21,3310.58,settled,False
281,PAY0000281,329.0,2025-02-16,2025-02-25,cash,11122.32,0.00,0.00,11122.32,settled,False
282,PAY0000282,330.0,2025-02-07,2025-02-08,wallet,24696.54,493.93,88.91,24113.70,settled,False
283,PAY0000283,331.0,2025-03-11,2025-03-13,card,10659.44,213.19,38.37,10407.88,settled,False
284,PAY0000284,332.0,2025-03-03,2025-03-12,cash,13003.23,0.00,0.00,13003.23,settled,False
285,PAY0000285,334.0,2025-03-11,2025-04-10,ota_collect,8745.40,174.91,31.48,8539.01,settled,False
286,PAY0000286,336.0,2025-03-04,2025-03-05,ota_collect,51324.00,1026.48,184.77,50112.75,settled,False
287,PAY0000287,337.0,2025-03-12,2025-03-27,ota_collect,6156.82,123.14,22.17,6011.51,settled,False
288,PAY0000288,339.0,2025-03-12,2025-04-11,upi,63238.80,1264.78,227.66,61746.36,settled,False
289,PAY0000289,341.0,2025-03-07,2025-03-09,netbanking,16898.05,337.96,60.83,16499.26,settled,False
290,PAY0000290,342.0,2025-02-27,2025-03-29,upi,12958.98,259.18,46.65,12653.15,settled,False
291,PAY0000291,344.0,2025-03-05,2025-03-14,netbanking,8765.36,175.31,31.56,8558.49,settled,False
292,PAY0000292,345.0,2025-03-10,2025-03-25,ota_collect,3434.30,68.69,12.36,3353.25,settled,False
293,PAY0000293,347.0,2025-03-12,2025-03-14,ota_collect,17318.45,346.37,62.35,16909.73,settled,False
294,PAY0000294,348.0,2025-03-11,2025-03-13,upi,12184.74,243.69,43.86,11897.19,settled,False
295,PAY0000295,351.0,2025-03-15,2025-03-15,upi,10158.48,203.17,36.57,9918.74,settled,False
296,PAY0000296,352.0,2025-03-13,2025-03-22,upi,9368.30,187.37,33.73,9147.20,settled,False
297,PAY0000297,353.0,2025-03-15,2025-03-22,ota_collect,1097.52,21.95,3.95,1071.62,settled,False
298,PAY0000298,354.0,2025-03-15,2025-03-22,upi,1188.54,23.77,4.28,1160.49,settled,False
299,PAY0000299,355.0,2025-03-16,2025-03-23,upi,1192.20,23.84,4.29,1164.07,settled,False
300,PAY0000300,356.0,2025-03-14,2025-04-13,wallet,34953.20,699.06,125.83,34128.31,settled,False
301,PAY0000301,357.0,2025-03-17,2025-03-24,upi,985.49,19.71,3.55,962.23,settled,False
302,PAY0000302,358.0,2025-03-11,2025-04-10,upi,12386.67,247.73,44.59,12094.35,settled,False
303,PAY0000303,359.0,2025-03-13,2025-03-28,upi,14691.00,293.82,52.89,14344.29,settled,False
304,PAY0000304,360.0,2025-03-16,2025-03-16,upi,8441.79,168.84,30.39,8242.56,settled,False
305,PAY0000305,362.0,2025-03-09,2025-03-18,ota_collect,4096.22,81.92,14.75,3999.55,settled,False
306,PAY0000306,363.0,2024-12-29,2024-12-30,ota_collect,45505.44,910.11,163.82,44431.51,settled,False
307,PAY0000307,364.0,2025-03-11,2025-03-12,ota_collect,5259.08,105.18,18.93,5134.97,settled,False
308,PAY0000308,365.0,2025-03-16,2025-03-16,upi,8240.36,164.81,29.67,8045.88,settled,False
309,PAY0000309,366.0,2025-02-27,2025-03-29,ota_collect,3373.01,67.46,12.14,3293.41,settled,False
310,PAY0000310,367.0,2025-03-17,2025-03-24,cash,1521.37,0.00,0.00,1521.37,settled,False
311,PAY0000311,369.0,2025-03-09,2025-03-18,upi,3335.04,66.70,12.01,3256.33,settled,False
312,PAY0000312,370.0,2025-03-10,2025-03-19,upi,7298.05,145.96,26.27,7125.82,settled,False
313,PAY0000313,371.0,2025-03-15,2025-04-14,upi,6225.21,124.50,22.41,6078.30,settled,False
314,PAY0000314,373.0,2025-03-10,2025-03-11,upi,7002.68,140.05,25.21,6837.42,settled,False
315,PAY0000315,374.0,2025-03-11,2025-03-12,upi,16233.90,324.68,58.44,15850.78,settled,False
316,PAY0000316,375.0,2025-02-25,2025-02-26,ota_collect,6365.29,127.31,22.92,6215.06,settled,False
317,PAY0000317,376.0,2025-03-16,2025-03-18,upi,4275.77,85.52,15.39,4174.86,settled,False
318,PAY0000318,377.0,2025-03-10,2025-04-09,card,15025.00,300.50,54.09,14670.41,settled,False
319,PAY0000319,378.0,2025-02-24,2025-02-25,upi,12708.36,254.17,45.75,12408.44,settled,False
320,PAY0000320,379.0,2025-03-16,2025-04-15,ota_collect,13631.78,272.64,49.08,13310.06,settled,False
321,PAY0000321,380.0,2025-03-16,2025-03-23,wallet,1507.04,30.14,5.43,1471.47,settled,False
322,PAY0000322,381.0,2025-03-18,2025-03-25,ota_collect,2242.39,44.85,8.07,2189.47,settled,False
323,PAY0000323,382.0,2025-03-04,2025-03-19,ota_collect,3422.69,68.45,12.32,3341.92,settled,False
324,PAY0000324,383.0,2025-03-07,2025-03-22,upi,3860.94,77.22,13.90,3769.82,settled,False
325,PAY0000325,384.0,2025-01-14,2025-01-15,upi,17539.96,350.80,63.14,17126.02,settled,False
326,PAY0000326,386.0,2025-03-15,2025-03-30,netbanking,13163.51,263.27,47.39,12852.85,settled,False
327,PAY0000327,387.0,2025-03-15,2025-03-30,card,10083.02,201.66,36.30,9845.06,settled,False
328,PAY0000328,388.0,2025-03-02,2025-03-04,wallet,16351.80,327.04,58.87,15965.89,settled,False
329,PAY0000329,389.0,2025-02-12,2025-02-14,ota_collect,46821.94,936.44,168.56,45716.94,settled,False
330,PAY0000330,390.0,2025-03-16,2025-04-15,ota_collect,5612.94,112.26,20.21,5480.47,settled,False
331,PAY0000331,391.0,2025-03-14,2025-04-13,cash,7068.06,0.00,0.00,7068.06,settled,False
332,PAY0000332,392.0,2025-03-18,2025-03-20,upi,13455.03,269.10,48.44,13137.49,settled,False
333,PAY0000333,393.0,2025-03-13,2025-03-22,wallet,12697.66,253.95,45.71,12398.00,settled,False
334,PAY0000334,394.0,2025-01-13,2025-02-12,card,9084.34,181.69,32.70,8869.95,settled,False
335,PAY0000335,395.0,2025-03-02,2025-03-11,ota_collect,6873.30,137.47,24.74,6711.09,settled,False
336,PAY0000336,396.0,2025-03-20,2025-04-04,ota_collect,4679.72,93.59,16.85,4569.28,settled,False
337,PAY0000337,398.0,2025-03-18,2025-03-25,upi,905.01,18.10,3.26,883.65,settled,False
338,PAY0000338,400.0,2025-03-15,2025-04-14,ota_collect,6554.62,131.09,23.60,6399.93,settled,False
339,PAY0000339,401.0,2025-03-08,2025-03-23,upi,10919.10,218.38,39.31,10661.41,settled,False
340,PAY0000340,402.0,2025-03-17,2025-04-01,ota_collect,6919.08,138.38,24.91,6755.79,settled,False
341,PAY0000341,403.0,2025-03-08,2025-04-07,ota_collect,4939.95,98.80,17.78,4823.37,settled,False
342,PAY0000342,404.0,2025-03-14,2025-04-13,upi,7689.04,153.78,27.68,7507.58,settled,False
343,PAY0000343,407.0,2025-03-21,2025-03-28,card,1262.15,25.24,4.54,1232.37,settled,False
344,PAY0000344,408.0,2025-02-26,2025-03-13,upi,21169.93,423.40,76.21,20670.32,settled,False
345,PAY0000345,409.0,2025-03-05,2025-03-07,upi,6589.98,131.80,23.72,6434.46,settled,False
346,PAY0000346,410.0,2025-03-21,2025-03-28,ota_collect,1289.15,25.78,4.64,1258.73,settled,False
347,PAY0000347,411.0,2025-03-15,2025-03-16,card,50464.67,1009.29,181.67,49273.71,settled,False
348,PAY0000348,412.0,2025-03-21,2025-03-28,ota_collect,1805.66,36.11,6.50,1763.05,settled,False
349,PAY0000349,413.0,2025-03-13,2025-03-28,netbanking,4132.65,82.65,14.88,4035.12,settled,False
350,PAY0000350,414.0,2025-03-16,2025-03-18,ota_collect,10629.10,212.58,38.26,10378.26,settled,False
351,PAY0000351,416.0,2025-03-16,2025-03-25,card,13931.03,278.62,50.15,13602.26,settled,False
352,PAY0000352,417.0,2025-03-17,2025-04-16,upi,26500.12,530.00,95.40,25874.72,settled,False
353,PAY0000353,418.0,2025-03-15,2025-03-17,ota_collect,10237.31,204.75,36.85,9995.71,settled,False
354,PAY0000354,419.0,2025-03-09,2025-03-24,ota_collect,19469.25,389.38,70.09,19009.78,settled,False
355,PAY0000355,420.0,2025-03-21,2025-03-21,netbanking,4100.38,82.01,14.76,4003.61,settled,False
356,PAY0000356,421.0,2025-02-24,2025-03-26,ota_collect,4425.66,88.51,15.93,4321.22,settled,False
357,PAY0000357,422.0,2025-03-06,2025-04-05,upi,8507.38,170.15,30.63,8306.60,settled,False
358,PAY0000358,423.0,2025-03-21,2025-04-20,upi,81357.72,1627.15,292.89,79437.68,settled,False
359,PAY0000359,424.0,2025-03-15,2025-03-24,card,3929.62,78.59,14.15,3836.88,settled,False
360,PAY0000360,427.0,2025-03-20,2025-03-29,card,4202.48,84.05,15.13,4103.30,settled,False
361,PAY0000361,429.0,2025-03-15,2025-03-17,ota_collect,26224.55,524.49,94.41,25605.65,settled,False
362,PAY0000362,430.0,2025-03-24,2025-03-31,upi,1986.91,39.74,7.15,1940.02,settled,False
363,PAY0000363,431.0,2025-03-18,2025-04-17,ota_collect,12875.07,257.50,46.35,12571.22,settled,False
364,PAY0000364,432.0,2025-03-17,2025-04-16,upi,7394.56,147.89,26.62,7220.05,settled,False
365,PAY0000365,433.0,2025-03-22,2025-04-21,card,19544.85,390.90,70.36,19083.59,settled,False
366,PAY0000366,434.0,2025-03-17,2025-03-26,upi,6456.74,129.13,23.24,6304.37,settled,False
367,PAY0000367,435.0,2025-03-19,2025-03-21,card,3159.19,63.18,11.37,3084.64,settled,False
368,PAY0000368,436.0,2025-03-20,2025-04-04,upi,23772.00,475.44,85.58,23210.98,settled,False
369,PAY0000369,437.0,2025-03-22,2025-03-31,upi,4366.07,87.32,15.72,4263.03,settled,False
370,PAY0000370,438.0,2025-03-25,2025-04-24,ota_collect,20203.80,404.08,72.73,19726.99,settled,False
371,PAY0000371,439.0,2025-02-19,2025-03-21,upi,14182.76,283.66,51.06,13848.04,settled,False
372,PAY0000372,440.0,2025-03-23,2025-03-30,ota_collect,1494.22,29.88,5.38,1458.96,settled,False
373,PAY0000373,441.0,2025-01-12,2025-01-27,upi,4634.51,92.69,16.68,4525.14,settled,False
374,PAY0000374,443.0,2025-03-21,2025-04-20,card,84795.66,1695.91,305.26,82794.49,settled,False
375,PAY0000375,444.0,2025-03-24,2025-03-31,upi,2152.69,43.05,7.75,2101.89,settled,False
376,PAY0000376,445.0,2025-03-24,2025-03-26,upi,6961.50,139.23,25.06,6797.21,settled,False
377,PAY0000377,447.0,2025-03-24,2025-03-31,card,1042.46,20.85,3.75,1017.86,settled,False
378,PAY0000378,448.0,2025-03-05,2025-03-06,ota_collect,15558.24,311.16,56.01,15191.07,settled,False
379,PAY0000379,449.0,2025-03-08,2025-03-17,ota_collect,4449.61,88.99,16.02,4344.60,settled,False
380,PAY0000380,450.0,2025-02-13,2025-02-22,wallet,8617.61,172.35,31.02,8414.24,settled,False
381,PAY0000381,451.0,2025-03-20,2025-03-22,cash,8547.26,0.00,0.00,8547.26,settled,False
382,PAY0000382,453.0,2025-03-20,2025-04-19,netbanking,51992.41,1039.85,187.17,50765.39,settled,False
383,PAY0000383,455.0,2025-03-24,2025-04-23,card,76219.29,1524.39,274.39,74420.51,settled,False
384,PAY0000384,456.0,2025-03-19,2025-04-18,ota_collect,15975.70,319.51,57.51,15598.68,settled,False
385,PAY0000385,457.0,2025-02-25,2025-02-26,upi,31074.78,621.50,111.87,30341.41,settled,False
386,PAY0000386,458.0,2025-02-15,2025-03-02,ota_collect,3597.82,71.96,12.95,3512.91,settled,False
387,PAY0000387,459.0,2025-03-25,2025-04-24,upi,4115.55,82.31,14.82,4018.42,settled,False
388,PAY0000388,460.0,2025-02-14,2025-02-15,ota_collect,14087.52,281.75,50.71,13755.06,settled,False
389,PAY0000389,461.0,2025-03-22,2025-03-24,upi,5060.30,101.21,18.22,4940.87,settled,False
390,PAY0000390,462.0,2025-03-24,2025-03-26,upi,3485.32,69.71,12.55,3403.06,settled,False
391,PAY0000391,463.0,2025-03-16,2025-03-25,ota_collect,6991.52,139.83,25.17,6826.52,settled,False
392,PAY0000392,465.0,2025-03-06,2025-03-07,ota_collect,18511.30,370.23,66.64,18074.43,settled,False
393,PAY0000393,466.0,2025-03-27,2025-04-03,wallet,1294.24,25.88,4.66,1263.70,settled,False
394,PAY0000394,467.0,2024-12-22,2024-12-31,upi,14228.12,284.56,51.22,13892.34,settled,False
395,PAY0000395,468.0,2025-03-26,2025-04-02,ota_collect,1962.94,39.26,7.07,1916.61,settled,False
396,PAY0000396,469.0,2025-03-26,2025-04-02,ota_collect,996.71,19.93,3.59,973.19,settled,False
397,PAY0000397,470.0,2025-03-16,2025-03-31,ota_collect,3891.74,77.83,14.01,3799.90,settled,False
398,PAY0000398,471.0,2025-03-22,2025-04-06,ota_collect,4437.87,88.76,15.98,4333.13,settled,False
399,PAY0000399,472.0,2025-03-19,2025-03-20,wallet,33174.96,663.50,119.43,32392.03,settled,False
400,PAY0000400,,2025-03-27,2025-04-03,upi,908.59,18.17,3.27,887.15,settled,True
401,PAY0000401,474.0,2025-03-10,2025-03-11,ota_collect,8199.88,164.00,29.52,8006.36,settled,False
402,PAY0000402,475.0,2025-02-21,2025-02-22,upi,14079.38,281.59,50.69,13747.10,settled,False
403,PAY0000403,,2025-03-18,2025-03-27,upi,7530.26,150.61,27.11,7352.54,settled,True
404,PAY0000404,478.0,2025-03-19,2025-03-21,upi,16211.08,324.22,58.36,15828.50,settled,False
405,PAY0000405,479.0,2025-02-20,2025-03-01,card,7028.43,140.57,25.30,6862.56,settled,False
406,PAY0000406,481.0,2025-03-24,2025-04-23,upi,19771.50,395.43,71.18,19304.89,settled,False
407,PAY0000407,482.0,2025-03-21,2025-03-22,ota_collect,11715.70,234.31,42.18,11439.21,settled,False
408,PAY0000408,483.0,2025-02-27,2025-03-14,card,3241.52,64.83,11.67,3165.02,settled,False
409,PAY0000409,484.0,2025-03-28,2025-04-27,card,13273.04,265.46,47.78,12959.80,settled,False
410,PAY0000410,485.0,2025-03-28,2025-03-28,upi,4749.56,94.99,17.10,4637.47,settled,False
411,PAY0000411,486.0,2025-03-23,2025-04-07,card,18853.32,377.07,67.87,18408.38,settled,False
412,PAY0000412,488.0,2025-03-26,2025-04-04,card,3843.74,76.87,13.84,3753.03,settled,False
413,PAY0000413,489.0,2025-03-17,2025-03-19,netbanking,7477.88,149.56,26.92,7301.40,settled,False
414,PAY0000414,490.0,2025-03-07,2025-03-08,card,4491.68,89.83,16.17,4385.68,settled,False
415,PAY0000415,492.0,2025-03-29,2025-03-29,card,12094.47,241.89,43.54,11809.04,settled,False
416,PAY0000416,493.0,2025-03-18,2025-04-17,netbanking,12793.58,255.87,46.06,12491.65,settled,False
417,PAY0000417,494.0,2025-03-26,2025-04-10,card,12836.25,256.73,46.21,12533.31,settled,False
418,PAY0000418,495.0,2025-02-20,2025-03-01,ota_collect,7410.90,148.22,26.68,7236.00,settled,False
419,PAY0000419,496.0,2025-03-14,2025-03-29,upi,3840.20,76.80,13.82,3749.58,settled,False
420,PAY0000420,497.0,2025-03-19,2025-03-28,upi,7745.34,154.91,27.88,7562.55,settled,False
421,PAY0000421,498.0,2025-03-27,2025-04-26,upi,5000.88,100.02,18.00,4882.86,settled,False
422,PAY0000422,499.0,2025-03-23,2025-04-07,ota_collect,4312.21,86.24,15.52,4210.45,settled,False
423,PAY0000423,500.0,2025-03-21,2025-04-20,card,8474.69,169.49,30.51,8274.69,settled,False
424,PAY0000424,501.0,2025-03-24,2025-04-23,upi,3903.45,78.07,14.05,3811.33,settled,False
425,PAY0000425,502.0,2025-02-12,2025-02-21,ota_collect,3312.26,66.25,11.92,3234.09,settled,False
426,PAY0000426,503.0,2025-03-17,2025-04-01,upi,21404.79,428.10,77.06,20899.63,settled,False
427,PAY0000427,505.0,2025-03-25,2025-04-03,ota_collect,11819.23,236.38,42.55,11540.30,settled,False
428,PAY0000428,506.0,2025-03-29,2025-04-28,wallet,73245.26,1464.91,263.68,71516.67,settled,False
429,PAY0000429,508.0,2025-03-30,2025-04-29,upi,34751.20,695.02,125.10,33931.08,settled,False
430,PAY0000430,509.0,2025-03-17,2025-03-18,card,4187.92,83.76,15.08,4089.08,settled,False
431,PAY0000431,510.0,2025-03-18,2025-03-19,upi,5151.17,103.02,18.54,5029.61,settled,False
432,PAY0000432,511.0,2025-03-09,2025-03-24,card,13584.16,271.68,48.90,13263.58,settled,False
433,PAY0000433,512.0,2025-03-24,2025-03-25,upi,19190.70,383.81,69.09,18737.80,settled,False
434,PAY0000434,513.0,2025-03-30,2025-04-06,wallet,1137.88,22.76,4.10,1111.02,settled,False
435,PAY0000435,514.0,2025-02-07,2025-02-22,ota_collect,3336.00,66.72,12.01,3257.27,settled,False
436,PAY0000436,516.0,2025-03-29,2025-04-28,upi,70010.93,1400.22,252.04,68358.67,settled,False
437,PAY0000437,517.0,2025-03-29,2025-04-07,upi,5508.76,110.18,19.83,5378.75,settled,False
438,PAY0000438,518.0,2025-03-21,2025-04-20,ota_collect,7148.87,142.98,25.74,6980.15,settled,False
439,PAY0000439,519.0,2025-03-22,2025-03-23,card,9468.08,189.36,34.08,9244.64,settled,False
440,PAY0000440,521.0,2025-03-21,2025-04-05,upi,22613.95,452.28,81.41,22080.26,settled,False
441,PAY0000441,522.0,2025-03-30,2025-04-29,ota_collect,30333.33,606.67,109.20,29617.46,settled,False
442,PAY0000442,523.0,2025-03-30,2025-04-29,upi,10958.25,219.16,39.45,10699.64,settled,False
443,PAY0000443,524.0,2025-03-21,2025-03-30,ota_collect,44321.85,886.44,159.56,43275.85,settled,False
444,PAY0000444,525.0,2025-03-24,2025-04-08,card,23916.66,478.33,86.10,23352.23,settled,False
445,PAY0000445,526.0,2025-03-22,2025-03-31,card,4890.69,97.81,17.61,4775.27,settled,False
446,PAY0000446,528.0,2025-03-01,2025-03-10,wallet,3303.24,66.06,11.89,3225.29,settled,False
447,PAY0000447,529.0,2025-03-29,2025-04-28,wallet,44269.74,885.39,159.37,43224.98,settled,False
448,PAY0000448,530.0,2025-03-28,2025-04-27,upi,80166.60,1603.33,288.60,78274.67,settled,False
449,PAY0000449,531.0,2025-04-02,2025-05-02,upi,51396.19,1027.92,185.03,50183.24,settled,False
450,PAY0000450,532.0,2025-04-01,2025-04-16,card,19482.90,389.66,70.14,19023.10,settled,False
451,PAY0000451,533.0,2025-04-01,2025-04-10,card,18431.36,368.63,66.35,17996.38,settled,False
452,PAY0000452,534.0,2025-03-31,2025-04-02,upi,4390.31,87.81,15.81,4286.69,settled,False
453,PAY0000453,538.0,2025-03-27,2025-04-11,netbanking,5429.22,108.58,19.54,5301.10,settled,False
454,PAY0000454,539.0,2025-03-31,2025-04-02,upi,13668.02,273.36,49.20,13345.46,settled,False
455,PAY0000455,540.0,2025-04-03,2025-04-10,ota_collect,1274.32,25.49,4.59,1244.24,settled,False
456,PAY0000456,541.0,2025-03-30,2025-04-29,wallet,3758.45,75.17,13.53,3669.75,settled,False
457,PAY0000457,542.0,2025-03-13,2025-03-22,card,6323.42,126.47,22.76,6174.19,settled,False
458,PAY0000458,543.0,2025-04-03,2025-04-03,netbanking,8358.46,167.17,30.09,8161.20,settled,False
459,PAY0000459,544.0,2025-03-18,2025-03-19,ota_collect,21241.29,424.83,76.47,20739.99,settled,False
460,PAY0000460,545.0,2025-03-19,2025-04-18,ota_collect,6154.35,123.09,22.16,6009.10,settled,False
461,PAY0000461,546.0,2025-04-05,2025-04-12,card,1054.34,21.09,3.80,1029.45,settled,False
462,PAY0000462,547.0,2025-03-30,2025-04-29,ota_collect,31206.49,624.13,112.34,30470.02,settled,False
463,PAY0000463,548.0,2025-03-14,2025-03-29,upi,6259.11,125.18,22.53,6111.40,settled,False
464,PAY0000464,549.0,2025-03-12,2025-03-21,card,7435.36,148.71,26.77,7259.88,settled,False
465,PAY0000465,550.0,2025-03-29,2025-03-31,ota_collect,8590.22,171.80,30.92,8387.50,settled,False
466,PAY0000466,551.0,2025-04-02,2025-05-02,ota_collect,10694.73,213.89,38.50,10442.34,settled,False
467,PAY0000467,552.0,2025-04-06,2025-04-13,upi,1679.13,33.58,6.04,1639.51,settled,False
468,PAY0000468,553.0,2025-02-11,2025-02-12,netbanking,3227.12,64.54,11.62,3150.96,settled,False
469,PAY0000469,554.0,2025-03-28,2025-04-12,netbanking,10931.58,218.63,39.35,10673.60,settled,False
470,PAY0000470,556.0,2025-03-28,2025-04-27,upi,8162.20,163.24,29.38,7969.58,settled,False
471,PAY0000471,557.0,2025-04-03,2025-04-12,upi,21863.06,437.26,78.71,21347.09,settled,False
472,PAY0000472,558.0,2025-04-06,2025-05-06,netbanking,21775.50,435.51,78.39,21261.60,settled,False
473,PAY0000473,559.0,2025-04-04,2025-04-06,ota_collect,9692.19,193.84,34.89,9463.46,settled,False
474,PAY0000474,560.0,2025-04-07,2025-04-14,card,1724.77,34.50,6.21,1684.06,settled,False
475,PAY0000475,561.0,2025-03-29,2025-04-28,ota_collect,7877.49,157.55,28.36,7691.58,settled,False
476,PAY0000476,563.0,2025-04-06,2025-04-13,ota_collect,1073.56,21.47,3.86,1048.23,settled,False
477,PAY0000477,564.0,2025-04-05,2025-05-05,card,53280.60,1065.61,191.81,52023.18,settled,False
478,PAY0000478,565.0,2025-04-02,2025-04-17,card,8199.36,163.99,29.52,8005.85,settled,False
479,PAY0000479,566.0,2025-03-31,2025-04-09,card,11913.77,238.28,42.89,11632.60,settled,False
480,PAY0000480,569.0,2025-04-04,2025-04-05,wallet,9080.65,181.61,32.69,8866.35,settled,False
481,PAY0000481,570.0,2025-04-04,2025-05-04,ota_collect,36553.05,731.06,131.59,35690.40,settled,False
482,PAY0000482,571.0,2025-03-31,2025-04-15,cash,11907.18,0.00,0.00,11907.18,settled,False
483,PAY0000483,572.0,2025-04-07,2025-04-22,upi,17163.00,343.26,61.79,16757.95,settled,False
484,PAY0000484,573.0,2025-03-18,2025-03-20,netbanking,16453.52,329.07,59.23,16065.22,settled,False
485,PAY0000485,574.0,2025-04-02,2025-04-03,ota_collect,25638.18,512.76,92.30,25033.12,settled,False
486,PAY0000486,576.0,2025-04-07,2025-04-16,upi,10050.66,201.01,36.18,9813.47,settled,False
487,PAY0000487,578.0,2025-03-20,2025-04-04,card,14161.70,283.23,50.98,13827.49,settled,False
488,PAY0000488,580.0,2025-02-19,2025-02-21,upi,7693.45,153.87,27.70,7511.88,settled,False
489,PAY0000489,581.0,2025-04-05,2025-05-05,ota_collect,29093.00,581.86,104.73,28406.41,settled,False
490,PAY0000490,582.0,2025-01-29,2025-02-28,upi,2989.92,59.80,10.76,2919.36,settled,False
491,PAY0000491,583.0,2025-04-02,2025-04-11,ota_collect,3629.92,72.60,13.07,3544.25,settled,False
492,PAY0000492,584.0,2025-04-05,2025-04-07,card,19576.90,391.54,70.48,19114.88,settled,False
493,PAY0000493,585.0,2025-04-07,2025-04-16,ota_collect,11952.90,239.06,43.03,11670.81,settled,False
494,PAY0000494,586.0,2025-04-07,2025-04-22,upi,9935.65,198.71,35.77,9701.17,settled,False
495,PAY0000495,587.0,2025-04-03,2025-04-18,netbanking,3754.47,75.09,13.52,3665.86,settled,False
496,PAY0000496,588.0,2025-04-02,2025-04-04,ota_collect,3904.75,78.09,14.06,3812.60,settled,False
497,PAY0000497,589.0,2025-04-04,2025-04-13,upi,61316.19,1226.32,220.74,59869.13,settled,False
498,PAY0000498,590.0,2025-03-27,2025-04-11,ota_collect,9433.29,188.67,33.96,9210.66,settled,False
499,PAY0000499,591.0,2025-03-12,2025-03-27,upi,4155.26,83.11,14.96,4057.19,settled,False
500,PAY0000500,592.0,2025-04-03,2025-04-04,ota_collect,19170.32,383.41,69.01,18717.90,settled,False
501,PAY0000501,593.0,2025-03-30,2025-04-29,netbanking,46919.28,938.39,168.91,45811.98,settled,False
502,PAY0000502,594.0,2025-03-31,2025-04-15,upi,7611.10,152.22,27.40,7431.48,settled,False
503,PAY0000503,595.0,2025-03-21,2025-03-22,card,74819.03,1496.38,269.35,73053.30,settled,False
504,PAY0000504,596.0,2025-04-09,2025-04-11,card,8225.97,164.52,29.61,8031.84,settled,False
505,PAY0000505,597.0,2025-04-10,2025-04-25,ota_collect,4203.83,84.08,15.13,4104.62,settled,False
506,PAY0000506,598.0,2025-03-18,2025-04-17,upi,7569.71,151.39,27.25,7391.07,settled,False
507,PAY0000507,599.0,2025-04-02,2025-04-04,upi,3231.68,64.63,11.63,3155.42,settled,False
508,PAY0000508,600.0,2025-03-25,2025-04-24,ota_collect,11629.14,232.58,41.86,11354.70,settled,False
509,PAY0000509,602.0,2025-03-25,2025-04-03,netbanking,4092.31,81.85,14.73,3995.73,settled,False
510,PAY0000510,603.0,2025-04-03,2025-04-05,upi,9129.22,182.58,32.86,8913.78,settled,False
511,PAY0000511,604.0,2025-04-13,2025-04-20,cash,886.65,0.00,0.00,886.65,settled,False
512,PAY0000512,605.0,2025-03-29,2025-04-28,netbanking,5761.49,115.23,20.74,5625.52,settled,False
513,PAY0000513,606.0,2024-12-14,2024-12-15,cash,14894.28,0.00,0.00,14894.28,settled,False
514,PAY0000514,607.0,2025-04-05,2025-04-14,netbanking,2991.33,59.83,10.77,2920.73,settled,False
515,PAY0000515,608.0,2025-04-08,2025-04-23,ota_collect,11554.29,231.09,41.60,11281.60,settled,False
516,PAY0000516,610.0,2025-04-10,2025-05-10,ota_collect,49307.10,986.14,177.51,48143.45,settled,False
517,PAY0000517,611.0,2025-03-04,2025-03-13,ota_collect,25528.52,510.57,91.90,24926.05,settled,False
518,PAY0000518,612.0,2025-04-12,2025-05-12,card,26396.51,527.93,95.03,25773.55,settled,False
519,PAY0000519,613.0,2025-03-29,2025-04-13,netbanking,6745.24,134.90,24.28,6586.06,settled,False
520,PAY0000520,614.0,2025-04-12,2025-05-12,ota_collect,23773.14,475.46,85.58,23212.10,settled,False
521,PAY0000521,615.0,2025-04-15,2025-04-22,upi,1839.55,36.79,6.62,1796.14,settled,False
522,PAY0000522,616.0,2025-04-12,2025-05-12,netbanking,14562.12,291.24,52.42,14218.46,settled,False
523,PAY0000523,617.0,2025-04-14,2025-04-21,card,1778.56,35.57,6.40,1736.59,settled,False
524,PAY0000524,618.0,2025-03-29,2025-04-07,ota_collect,18589.15,371.78,66.92,18150.45,settled,False
525,PAY0000525,619.0,2025-04-07,2025-04-09,ota_collect,4223.99,84.48,15.21,4124.30,settled,False
526,PAY0000526,620.0,2025-04-08,2025-05-08,card,40500.32,810.01,145.80,39544.51,settled,False
527,PAY0000527,621.0,2025-04-09,2025-05-09,upi,63703.79,1274.08,229.33,62200.38,settled,False
528,PAY0000528,622.0,2025-04-12,2025-04-14,cash,7145.77,0.00,0.00,7145.77,settled,False
529,PAY0000529,623.0,2025-04-12,2025-04-27,upi,11740.53,234.81,42.27,11463.45,settled,False
530,PAY0000530,624.0,2025-04-05,2025-04-07,upi,13145.10,262.90,47.32,12834.88,settled,False
531,PAY0000531,625.0,2025-03-30,2025-04-29,ota_collect,52588.80,1051.78,189.32,51347.70,settled,False
532,PAY0000532,626.0,2025-03-29,2025-04-28,upi,19982.60,399.65,71.94,19511.01,settled,False
533,PAY0000533,627.0,2025-04-12,2025-04-21,upi,13565.47,271.31,48.84,13245.32,settled,False
534,PAY0000534,628.0,2025-04-04,2025-04-06,upi,15701.79,314.04,56.53,15331.22,settled,False
535,PAY0000535,629.0,2025-04-06,2025-04-08,ota_collect,5050.20,101.00,18.18,4931.02,settled,False
536,PAY0000536,630.0,2025-03-30,2025-04-08,card,18146.70,362.93,65.33,17718.44,settled,False
537,PAY0000537,632.0,2025-04-13,2025-04-15,ota_collect,12447.18,248.94,44.81,12153.43,settled,False
538,PAY0000538,634.0,2025-04-12,2025-04-21,ota_collect,8271.22,165.42,29.78,8076.02,settled,False
539,PAY0000539,635.0,2025-04-16,2025-04-23,upi,1379.89,27.60,4.97,1347.32,settled,False
540,PAY0000540,637.0,2025-04-13,2025-04-15,upi,29144.32,582.89,104.92,28456.51,settled,False
541,PAY0000541,639.0,2025-04-13,2025-04-28,upi,5067.10,101.34,18.24,4947.52,settled,False
542,PAY0000542,640.0,2025-04-09,2025-04-11,ota_collect,4652.56,93.05,16.75,4542.76,settled,False
543,PAY0000543,642.0,2025-03-22,2025-03-31,ota_collect,14148.40,282.97,50.93,13814.50,settled,False
544,PAY0000544,645.0,2025-04-17,2025-04-17,ota_collect,4063.98,81.28,14.63,3968.07,settled,False
545,PAY0000545,646.0,2025-04-13,2025-05-13,cash,62380.05,0.00,0.00,62380.05,settled,False
546,PAY0000546,647.0,2025-04-05,2025-05-05,card,34735.40,694.71,125.05,33915.64,settled,False
547,PAY0000547,648.0,2025-04-09,2025-04-24,card,3087.62,61.75,11.12,3014.75,settled,False
548,PAY0000548,649.0,2025-04-05,2025-04-20,upi,4121.39,82.43,14.84,4024.12,settled,False
549,PAY0000549,650.0,2025-04-16,2025-04-25,card,6180.18,123.60,22.25,6034.33,settled,False
550,PAY0000550,652.0,2025-04-12,2025-04-14,upi,18893.72,377.87,68.02,18447.83,settled,False
551,PAY0000551,653.0,2025-04-17,2025-04-26,upi,12076.25,241.53,43.48,11791.24,settled,False
552,PAY0000552,654.0,2025-04-07,2025-04-22,card,10642.31,212.85,38.31,10391.15,settled,False
553,PAY0000553,655.0,2025-03-17,2025-03-18,ota_collect,20619.74,412.39,74.23,20133.12,settled,False
554,PAY0000554,656.0,2025-04-12,2025-04-21,ota_collect,9770.28,195.41,35.17,9539.70,settled,False
555,PAY0000555,658.0,2025-03-23,2025-04-01,ota_collect,5886.52,117.73,21.19,5747.60,settled,False
556,PAY0000556,659.0,2025-04-10,2025-04-19,card,3579.83,71.60,12.89,3495.34,settled,False
557,PAY0000557,661.0,2025-04-18,2025-04-20,upi,13793.82,275.88,49.66,13468.28,settled,False
558,PAY0000558,662.0,2025-04-17,2025-04-19,ota_collect,3845.47,76.91,13.84,3754.72,settled,False
559,PAY0000559,663.0,2025-03-20,2025-03-29,upi,12969.67,259.39,46.69,12663.59,settled,False
560,PAY0000560,664.0,2025-04-07,2025-04-09,ota_collect,11675.67,233.51,42.03,11400.13,settled,False
561,PAY0000561,666.0,2025-04-16,2025-05-01,upi,7682.00,153.64,27.66,7500.70,settled,False
562,PAY0000562,667.0,2025-04-18,2025-04-19,netbanking,21893.64,437.87,78.82,21376.95,settled,False
563,PAY0000563,668.0,2025-04-10,2025-04-19,cash,16951.65,0.00,0.00,16951.65,settled,False
564,PAY0000564,669.0,2025-04-17,2025-04-19,upi,6750.19,135.00,24.30,6590.89,settled,False
565,PAY0000565,671.0,2025-04-12,2025-04-14,card,4469.67,89.39,16.09,4364.19,settled,False
566,PAY0000566,672.0,2025-04-15,2025-04-17,card,3376.66,67.53,12.16,3296.97,settled,False
567,PAY0000567,673.0,2025-04-16,2025-04-25,card,3638.14,72.76,13.10,3552.28,settled,False
568,PAY0000568,674.0,2025-04-14,2025-04-29,ota_collect,6233.99,124.68,22.44,6086.87,settled,False
569,PAY0000569,675.0,2025-04-16,2025-04-18,netbanking,4383.16,87.66,15.78,4279.72,settled,False
570,PAY0000570,676.0,2025-04-14,2025-04-29,ota_collect,13755.75,275.12,49.52,13431.11,settled,False
571,PAY0000571,677.0,2025-04-10,2025-04-25,card,4733.02,94.66,17.04,4621.32,settled,False
572,PAY0000572,679.0,2025-04-06,2025-04-21,wallet,17013.01,340.26,61.25,16611.50,settled,False
573,PAY0000573,680.0,2025-04-21,2025-04-21,upi,6912.73,138.25,24.88,6749.60,settled,False
574,PAY0000574,681.0,2025-04-16,2025-05-01,netbanking,8637.90,172.76,31.10,8434.04,settled,False
575,PAY0000575,682.0,2025-04-19,2025-04-21,card,6739.20,134.78,24.26,6580.16,settled,False
576,PAY0000576,683.0,2025-04-21,2025-05-06,ota_collect,25612.85,512.26,92.21,25008.38,settled,False
577,PAY0000577,684.0,2025-01-30,2025-01-31,netbanking,46215.06,924.30,166.37,45124.39,settled,False
578,PAY0000578,685.0,2025-04-16,2025-05-01,card,26819.06,536.38,96.55,26186.13,settled,False
579,PAY0000579,686.0,2025-04-21,2025-05-21,card,3719.33,74.39,13.39,3631.55,settled,False
580,PAY0000580,687.0,2025-04-22,2025-04-22,upi,4572.85,91.46,16.46,4464.93,settled,False
581,PAY0000581,688.0,2025-04-10,2025-04-19,ota_collect,5176.05,103.52,18.63,5053.90,settled,False
582,PAY0000582,689.0,2025-04-22,2025-04-24,ota_collect,22035.52,440.71,79.33,21515.48,settled,False
583,PAY0000583,690.0,2025-04-17,2025-04-19,ota_collect,12984.84,259.70,46.75,12678.39,settled,False
584,PAY0000584,691.0,2025-04-13,2025-04-22,upi,7979.62,159.59,28.73,7791.30,settled,False
585,PAY0000585,692.0,2025-04-07,2025-04-16,cash,14300.74,0.00,0.00,14300.74,settled,False
586,PAY0000586,693.0,2025-04-02,2025-04-17,ota_collect,12117.83,242.36,43.62,11831.85,settled,False
587,PAY0000587,694.0,2025-04-23,2025-04-30,upi,1194.07,23.88,4.30,1165.89,settled,False
588,PAY0000588,695.0,2025-04-10,2025-04-19,upi,5274.69,105.49,18.99,5150.21,settled,False
589,PAY0000589,696.0,2025-03-26,2025-04-04,card,3539.83,70.80,12.74,3456.29,settled,False
590,PAY0000590,697.0,2025-04-22,2025-05-22,wallet,17496.35,349.93,62.99,17083.43,settled,False
591,PAY0000591,698.0,2025-04-23,2025-04-30,card,953.28,19.07,3.43,930.78,settled,False
592,PAY0000592,699.0,2025-04-21,2025-05-21,netbanking,12598.05,251.96,45.35,12300.74,settled,False
593,PAY0000593,700.0,2025-02-27,2025-02-28,upi,7825.72,156.51,28.17,7641.04,settled,False
594,PAY0000594,701.0,2025-04-09,2025-04-24,upi,10623.18,212.46,38.24,10372.48,settled,False
595,PAY0000595,702.0,2025-04-18,2025-05-03,upi,22451.04,449.02,80.82,21921.20,settled,False
596,PAY0000596,705.0,2025-03-28,2025-04-06,ota_collect,9390.92,187.82,33.81,9169.29,settled,False
597,PAY0000597,706.0,2025-04-16,2025-04-17,upi,10882.86,217.66,39.18,10626.02,settled,False
598,PAY0000598,707.0,2025-04-08,2025-04-09,ota_collect,3823.30,76.47,13.76,3733.07,settled,False
599,PAY0000599,708.0,2025-04-23,2025-04-25,card,6498.18,129.96,23.39,6344.83,settled,False
600,PAY0000600,709.0,2025-04-11,2025-04-20,ota_collect,6767.65,135.35,24.36,6607.94,settled,False
601,PAY0000601,710.0,2025-04-13,2025-04-14,card,45240.21,904.80,162.86,44172.55,settled,False
602,PAY0000602,711.0,2025-04-21,2025-04-23,ota_collect,12231.27,244.63,44.03,11942.61,settled,False
603,PAY0000603,712.0,2025-04-22,2025-05-22,ota_collect,3843.00,76.86,13.83,3752.31,settled,False
604,PAY0000604,713.0,2025-04-15,2025-05-15,card,22762.74,455.25,81.94,22225.55,settled,False
605,PAY0000605,714.0,2025-04-23,2025-04-24,upi,14098.23,281.96,50.75,13765.52,settled,False
606,PAY0000606,715.0,2025-04-26,2025-05-26,upi,46984.19,939.68,169.14,45875.37,settled,False
607,PAY0000607,716.0,2025-04-14,2025-04-16,upi,3343.72,66.87,12.04,3264.81,settled,False
608,PAY0000608,717.0,2025-03-19,2025-04-18,upi,24611.52,492.23,88.60,24030.69,settled,False
609,PAY0000609,719.0,2025-04-27,2025-05-04,card,1162.05,23.24,4.18,1134.63,settled,False
610,PAY0000610,720.0,2025-03-18,2025-04-17,card,6147.50,122.95,22.13,6002.42,settled,False
611,PAY0000611,721.0,2025-04-22,2025-05-22,upi,7588.02,151.76,27.32,7408.94,settled,False
612,PAY0000612,722.0,2025-04-20,2025-05-20,cash,3397.82,0.00,0.00,3397.82,settled,False
613,PAY0000613,724.0,2025-04-01,2025-04-16,card,4270.60,85.41,15.37,4169.82,settled,False
614,PAY0000614,725.0,2025-04-29,2025-05-06,upi,1139.23,22.78,4.10,1112.35,settled,False
615,PAY0000615,726.0,2025-04-25,2025-05-10,card,3799.54,75.99,13.68,3709.87,settled,False
616,PAY0000616,728.0,2025-04-27,2025-05-27,ota_collect,37962.32,759.25,136.66,37066.41,settled,False
617,PAY0000617,729.0,2025-04-22,2025-05-22,upi,27013.86,540.28,97.25,26376.33,settled,False
618,PAY0000618,730.0,2025-04-12,2025-04-13,wallet,15877.48,317.55,57.16,15502.77,settled,False
619,PAY0000619,732.0,2025-04-24,2025-05-09,upi,3094.31,61.89,11.14,3021.28,settled,False
620,PAY0000620,733.0,2025-04-23,2025-05-02,netbanking,3041.15,60.82,10.95,2969.38,settled,False
621,PAY0000621,734.0,2025-04-23,2025-05-23,upi,6830.78,136.62,24.59,6669.57,settled,False
622,PAY0000622,735.0,2025-04-22,2025-05-22,ota_collect,68794.68,1375.89,247.66,67171.13,settled,False
623,PAY0000623,736.0,2025-03-21,2025-03-23,ota_collect,28381.21,567.62,102.17,27711.42,settled,False
624,PAY0000624,737.0,2025-03-30,2025-03-31,wallet,17955.36,359.11,64.64,17531.61,settled,False
625,PAY0000625,738.0,2025-04-27,2025-04-29,upi,24287.25,485.75,87.44,23714.06,settled,False
626,PAY0000626,739.0,2025-04-21,2025-05-21,ota_collect,32366.88,647.34,116.52,31603.02,settled,False
627,PAY0000627,740.0,2025-04-19,2025-04-28,card,3830.46,76.61,13.79,3740.06,settled,False
628,PAY0000628,741.0,2025-04-05,2025-05-05,upi,4593.46,91.87,16.54,4485.05,settled,False
629,PAY0000629,742.0,2025-04-26,2025-05-11,ota_collect,12518.16,250.36,45.06,12222.74,settled,False
630,PAY0000630,743.0,2025-04-25,2025-05-10,card,4375.96,87.52,15.75,4272.69,settled,False
631,PAY0000631,744.0,2025-04-15,2025-04-30,netbanking,4205.35,84.11,15.14,4106.10,settled,False
632,PAY0000632,745.0,2025-04-26,2025-05-26,card,34810.25,696.21,125.32,33988.72,settled,False
633,PAY0000633,746.0,2025-04-13,2025-05-13,cash,10554.22,0.00,0.00,10554.22,settled,False
634,PAY0000634,747.0,2025-04-27,2025-04-29,card,3792.97,75.86,13.65,3703.46,settled,False
635,PAY0000635,748.0,2025-04-17,2025-05-17,upi,7693.06,153.86,27.69,7511.51,settled,False
636,PAY0000636,749.0,2025-04-19,2025-04-28,ota_collect,12845.48,256.91,46.24,12542.33,settled,False
637,PAY0000637,750.0,2025-04-28,2025-05-28,upi,16807.60,336.15,60.51,16410.94,settled,False
638,PAY0000638,751.0,2025-04-24,2025-05-09,card,5351.98,107.04,19.27,5225.67,settled,False
639,PAY0000639,752.0,2025-04-26,2025-05-05,upi,9341.80,186.84,33.63,9121.33,settled,False
640,PAY0000640,753.0,2025-04-22,2025-05-22,ota_collect,8443.38,168.87,30.40,8244.11,settled,False
641,PAY0000641,754.0,2025-04-14,2025-04-15,ota_collect,15528.53,310.57,55.90,15162.06,settled,False
642,PAY0000642,755.0,2025-04-06,2025-04-07,ota_collect,17184.12,343.68,61.86,16778.58,settled,False
643,PAY0000643,756.0,2025-02-28,2025-03-09,upi,7178.72,143.57,25.84,7009.31,settled,False
644,PAY0000644,757.0,2025-03-29,2025-04-07,ota_collect,10869.12,217.38,39.13,10612.61,settled,False
645,PAY0000645,759.0,2025-04-30,2025-05-07,card,1109.37,22.19,3.99,1083.19,settled,False
646,PAY0000646,760.0,2025-04-17,2025-05-02,ota_collect,3174.79,63.50,11.43,3099.86,settled,False
647,PAY0000647,761.0,2025-04-28,2025-04-30,cash,4747.14,0.00,0.00,4747.14,settled,False
648,PAY0000648,762.0,2025-04-06,2025-04-08,upi,4099.94,82.00,14.76,4003.18,settled,False
649,PAY0000649,763.0,2025-04-06,2025-04-07,upi,17310.96,346.22,62.32,16902.42,settled,False
650,PAY0000650,764.0,2025-04-29,2025-05-29,upi,8302.85,166.06,29.89,8106.90,settled,False
651,PAY0000651,765.0,2025-04-22,2025-04-24,upi,5523.70,110.47,19.88,5393.35,settled,False
652,PAY0000652,766.0,2025-04-21,2025-04-30,card,3291.63,65.83,11.85,3213.95,settled,False
653,PAY0000653,767.0,2025-04-28,2025-04-29,card,30166.92,603.34,108.60,29454.98,settled,False
654,PAY0000654,768.0,2025-04-18,2025-05-03,wallet,7531.16,150.62,27.11,7353.43,settled,False
655,PAY0000655,769.0,2025-04-28,2025-04-30,ota_collect,15558.00,311.16,56.01,15190.83,settled,False
656,PAY0000656,770.0,2025-05-02,2025-05-17,card,5450.37,109.01,19.62,5321.74,settled,False
657,PAY0000657,772.0,2025-04-29,2025-05-29,card,5999.19,119.98,21.60,5857.61,settled,False
658,PAY0000658,774.0,2025-04-24,2025-05-09,ota_collect,13038.10,260.76,46.94,12730.40,settled,False
659,PAY0000659,775.0,2025-04-29,2025-05-29,ota_collect,3419.07,68.38,12.31,3338.38,settled,False
660,PAY0000660,776.0,2025-05-01,2025-05-31,netbanking,29789.40,595.79,107.24,29086.37,settled,False
661,PAY0000661,777.0,2025-04-12,2025-04-21,netbanking,3870.11,77.40,13.93,3778.78,settled,False
662,PAY0000662,778.0,2025-04-27,2025-04-29,card,4123.64,82.47,14.84,4026.33,settled,False
663,PAY0000663,779.0,2025-05-01,2025-05-31,upi,22252.14,445.04,80.11,21726.99,settled,False
664,PAY0000664,781.0,2025-05-01,2025-05-31,ota_collect,46747.87,934.96,168.29,45644.62,settled,False
665,PAY0000665,782.0,2025-05-05,2025-05-12,card,1369.85,27.40,4.93,1337.52,settled,False
666,PAY0000666,783.0,2025-05-03,2025-06-02,card,43373.98,867.48,156.15,42350.35,settled,False
667,PAY0000667,784.0,2025-05-06,2025-05-13,card,949.19,18.98,3.42,926.79,settled,False
668,PAY0000668,785.0,2025-05-01,2025-05-03,upi,4003.35,80.07,14.41,3908.87,settled,False
669,PAY0000669,786.0,2025-04-29,2025-05-08,ota_collect,4101.31,82.03,14.77,4004.51,settled,False
670,PAY0000670,788.0,2025-05-04,2025-05-19,upi,4904.68,98.09,17.66,4788.93,settled,False
671,PAY0000671,790.0,2025-05-05,2025-05-07,upi,7229.79,144.60,26.03,7059.16,settled,False
672,PAY0000672,791.0,2025-04-22,2025-04-24,card,26625.80,532.52,95.85,25997.43,settled,False
673,PAY0000673,792.0,2025-04-30,2025-05-02,upi,20467.32,409.35,73.68,19984.29,settled,False
674,PAY0000674,793.0,2025-05-06,2025-06-05,ota_collect,51563.10,1031.26,185.63,50346.21,settled,False
675,PAY0000675,794.0,2025-05-01,2025-05-31,upi,67486.52,1349.73,242.95,65893.84,settled,False
676,PAY0000676,795.0,2025-05-07,2025-06-06,card,3491.27,69.83,12.57,3408.87,settled,False
677,PAY0000677,797.0,2025-04-28,2025-05-13,card,3420.59,68.41,12.31,3339.87,settled,False
678,PAY0000678,798.0,2025-04-27,2025-05-27,ota_collect,18977.96,379.56,68.32,18530.08,settled,False
679,PAY0000679,799.0,2025-03-26,2025-03-27,upi,63229.20,1264.58,227.62,61737.00,settled,False
680,PAY0000680,800.0,2025-04-30,2025-05-02,ota_collect,3929.92,78.60,14.15,3837.17,settled,False
681,PAY0000681,801.0,2025-04-27,2025-05-06,upi,6902.91,138.06,24.85,6740.00,settled,False
682,PAY0000682,803.0,2025-05-02,2025-05-04,card,3537.73,70.75,12.73,3454.25,settled,False
683,PAY0000683,804.0,2025-05-08,2025-05-08,upi,3835.62,76.71,13.81,3745.10,settled,False
684,PAY0000684,805.0,2025-04-30,2025-05-30,card,61321.44,1226.43,220.76,59874.25,settled,False
685,PAY0000685,808.0,2025-05-03,2025-06-02,card,7925.76,158.52,28.53,7738.71,settled,False
686,PAY0000686,809.0,2025-04-03,2025-04-04,netbanking,3172.60,63.45,11.42,3097.73,settled,False
687,PAY0000687,811.0,2025-04-28,2025-05-13,ota_collect,15737.28,314.75,56.66,15365.87,settled,False
688,PAY0000688,812.0,2025-05-07,2025-05-16,card,6785.04,135.70,24.43,6624.91,settled,False
689,PAY0000689,813.0,2025-05-10,2025-05-17,upi,918.82,18.38,3.31,897.13,settled,False
690,PAY0000690,814.0,2025-05-08,2025-06-07,card,32791.72,655.83,118.05,32017.84,settled,False
691,PAY0000691,815.0,2025-04-27,2025-05-12,ota_collect,10857.45,217.15,39.09,10601.21,settled,False
692,PAY0000692,816.0,2025-05-10,2025-05-17,card,1183.78,23.68,4.26,1155.84,settled,False
693,PAY0000693,817.0,2025-04-15,2025-04-16,card,18849.60,376.99,67.86,18404.75,settled,False
694,PAY0000694,818.0,2025-04-29,2025-05-29,ota_collect,14136.96,282.74,50.89,13803.33,settled,False
695,PAY0000695,819.0,2025-04-21,2025-05-06,wallet,14929.86,298.60,53.75,14577.51,settled,False
696,PAY0000696,820.0,2025-04-20,2025-04-29,card,7405.27,148.11,26.66,7230.50,settled,False
697,PAY0000697,821.0,2025-05-10,2025-06-09,upi,25881.84,517.64,93.18,25271.02,settled,False
698,PAY0000698,822.0,2025-04-23,2025-05-08,card,3379.36,67.59,12.17,3299.60,settled,False
699,PAY0000699,823.0,2025-05-10,2025-05-12,upi,3609.11,72.18,12.99,3523.94,settled,False
700,PAY0000700,826.0,2025-05-12,2025-05-19,upi,1620.51,32.41,5.83,1582.27,settled,False
701,PAY0000701,828.0,2025-05-02,2025-05-11,upi,21172.36,423.45,76.22,20672.69,settled,False
702,PAY0000702,829.0,2025-05-03,2025-05-18,ota_collect,4550.35,91.01,16.38,4442.96,settled,False
703,PAY0000703,830.0,2025-05-08,2025-05-10,netbanking,19672.68,393.45,70.82,19208.41,settled,False
704,PAY0000704,831.0,2025-05-08,2025-05-23,card,4266.72,85.33,15.36,4166.03,settled,False
705,PAY0000705,832.0,2025-04-20,2025-04-21,upi,3443.53,68.87,12.40,3362.26,settled,False
706,PAY0000706,834.0,2025-05-10,2025-06-09,upi,6683.96,133.68,24.06,6526.22,settled,False
707,PAY0000707,836.0,2025-05-09,2025-06-08,upi,57904.84,1158.10,208.46,56538.28,settled,False
708,PAY0000708,838.0,2025-05-04,2025-05-06,ota_collect,20018.12,400.36,72.06,19545.70,settled,False
709,PAY0000709,839.0,2025-05-10,2025-06-09,netbanking,3027.50,60.55,10.90,2956.05,settled,False
710,PAY0000710,840.0,2025-05-02,2025-05-17,upi,9745.98,194.92,35.09,9515.97,settled,False
711,PAY0000711,841.0,2025-05-02,2025-05-17,ota_collect,16549.34,330.99,59.58,16158.77,settled,False
712,PAY0000712,842.0,2025-04-23,2025-05-02,card,10244.30,204.89,36.88,10002.53,settled,False
713,PAY0000713,843.0,2025-05-08,2025-05-10,upi,12983.13,259.66,46.74,12676.73,settled,False
714,PAY0000714,844.0,2025-05-12,2025-05-12,upi,5195.63,103.91,18.70,5073.02,settled,False
715,PAY0000715,846.0,2025-05-01,2025-05-10,upi,10566.30,211.33,38.04,10316.93,settled,False
716,PAY0000716,847.0,2025-04-27,2025-04-29,ota_collect,8665.54,173.31,31.20,8461.03,settled,False
717,PAY0000717,848.0,2025-04-23,2025-05-23,netbanking,7012.66,140.25,25.24,6847.17,settled,False
718,PAY0000718,849.0,2025-05-10,2025-05-19,card,22315.96,446.32,80.34,21789.30,settled,False
719,PAY0000719,851.0,2025-05-07,2025-05-22,upi,4072.53,81.45,14.66,3976.42,settled,False
720,PAY0000720,852.0,2025-04-26,2025-04-28,ota_collect,21852.10,437.04,78.67,21336.39,settled,False
721,PAY0000721,853.0,2025-05-05,2025-06-04,card,34804.42,696.09,125.30,33983.03,settled,False
722,PAY0000722,855.0,2025-05-11,2025-05-20,upi,6694.29,133.89,24.10,6536.30,settled,False
723,PAY0000723,856.0,2025-05-07,2025-05-09,upi,3309.68,66.19,11.91,3231.58,settled,False
724,PAY0000724,857.0,2025-05-10,2025-05-12,upi,4102.87,82.06,14.77,4006.04,settled,False
725,PAY0000725,858.0,2025-04-30,2025-05-02,upi,4997.03,99.94,17.99,4879.10,settled,False
726,PAY0000726,860.0,2025-03-02,2025-03-04,ota_collect,14098.72,281.97,50.75,13766.00,settled,False
727,PAY0000727,861.0,2025-05-14,2025-06-13,ota_collect,59610.96,1192.22,214.60,58204.14,settled,False
728,PAY0000728,862.0,2025-05-12,2025-05-27,upi,4130.66,82.61,14.87,4033.18,settled,False
729,PAY0000729,863.0,2025-05-14,2025-06-13,ota_collect,75549.21,1510.98,271.98,73766.25,settled,False
730,PAY0000730,864.0,2025-05-07,2025-06-06,ota_collect,8777.32,175.55,31.60,8570.17,settled,False
731,PAY0000731,865.0,2025-04-04,2025-04-05,cash,30034.02,0.00,0.00,30034.02,settled,False
732,PAY0000732,866.0,2025-05-05,2025-05-20,card,3134.38,62.69,11.28,3060.41,settled,False
733,PAY0000733,867.0,2025-05-07,2025-05-22,netbanking,11925.45,238.51,42.93,11644.01,settled,False
734,PAY0000734,869.0,2025-05-04,2025-05-06,upi,30736.63,614.73,110.65,30011.25,settled,False
735,PAY0000735,870.0,2025-05-13,2025-05-15,upi,12117.42,242.35,43.62,11831.45,settled,False
736,PAY0000736,873.0,2025-05-05,2025-05-14,card,3704.59,74.09,13.34,3617.16,settled,False
737,PAY0000737,875.0,2025-04-23,2025-04-25,ota_collect,3230.56,64.61,11.63,3154.32,settled,False
738,PAY0000738,876.0,2025-05-10,2025-06-09,card,56024.62,1120.49,201.69,54702.44,settled,False
739,PAY0000739,877.0,2025-05-13,2025-06-12,ota_collect,3666.71,73.33,13.20,3580.18,settled,False
740,PAY0000740,879.0,2025-05-17,2025-05-24,card,910.52,18.21,3.28,889.03,settled,False
741,PAY0000741,881.0,2025-05-13,2025-06-12,ota_collect,41599.06,831.98,149.76,40617.32,settled,False
742,PAY0000742,882.0,2025-05-02,2025-05-17,ota_collect,8182.74,163.65,29.46,7989.63,settled,False
743,PAY0000743,883.0,2025-05-05,2025-05-07,card,4667.12,93.34,16.80,4556.98,settled,False
744,PAY0000744,884.0,2025-05-13,2025-05-28,ota_collect,42448.56,848.97,152.81,41446.78,settled,False
745,PAY0000745,885.0,2025-04-30,2025-05-30,wallet,7499.72,149.99,27.00,7322.73,settled,False
746,PAY0000746,886.0,2025-05-11,2025-05-13,upi,28522.24,570.44,102.68,27849.12,settled,False
747,PAY0000747,887.0,2025-05-14,2025-06-13,ota_collect,25444.64,508.89,91.60,24844.15,settled,False
748,PAY0000748,888.0,2025-05-11,2025-05-13,ota_collect,34138.05,682.76,122.90,33332.39,settled,False
749,PAY0000749,889.0,2025-05-15,2025-05-30,upi,3521.70,70.43,12.68,3438.59,settled,False
750,PAY0000750,890.0,2025-05-14,2025-06-13,ota_collect,3302.57,66.05,11.89,3224.63,settled,False
751,PAY0000751,892.0,2025-05-16,2025-05-31,ota_collect,16161.88,323.24,58.18,15780.46,settled,False
752,PAY0000752,893.0,2025-05-11,2025-05-12,upi,3786.72,75.73,13.63,3697.36,settled,False
753,PAY0000753,894.0,2025-05-18,2025-06-17,upi,3897.07,77.94,14.03,3805.10,settled,False
754,PAY0000754,895.0,2025-05-15,2025-05-30,card,15383.37,307.67,55.38,15020.32,settled,False
755,PAY0000755,896.0,2025-03-30,2025-04-29,card,22051.02,441.02,79.38,21530.62,settled,False
756,PAY0000756,897.0,2025-05-05,2025-05-14,card,6711.50,134.23,24.16,6553.11,settled,False
757,PAY0000757,898.0,2025-05-18,2025-05-20,upi,7447.86,148.96,26.81,7272.09,settled,False
758,PAY0000758,901.0,2025-05-07,2025-05-09,card,4221.81,84.44,15.20,4122.17,settled,False
759,PAY0000759,902.0,2025-05-19,2025-05-26,ota_collect,1394.08,27.88,5.02,1361.18,settled,False
760,PAY0000760,903.0,2025-05-09,2025-06-08,card,8068.10,161.36,29.04,7877.70,settled,False
761,PAY0000761,904.0,2025-05-17,2025-06-16,ota_collect,9845.37,196.91,35.44,9613.02,settled,False
762,PAY0000762,905.0,2025-05-08,2025-05-17,card,3723.26,74.47,13.40,3635.39,settled,False
763,PAY0000763,906.0,2025-05-02,2025-05-03,card,3467.05,69.34,12.48,3385.23,settled,False
764,PAY0000764,907.0,2025-05-21,2025-05-21,ota_collect,27517.74,550.35,99.06,26868.33,settled,False
765,PAY0000765,908.0,2025-05-17,2025-06-16,ota_collect,62129.33,1242.59,223.67,60663.07,settled,False
766,PAY0000766,909.0,2025-05-10,2025-05-11,ota_collect,26353.12,527.06,94.87,25731.19,settled,False
767,PAY0000767,911.0,2025-05-18,2025-05-27,ota_collect,8521.94,170.44,30.68,8320.82,settled,False
768,PAY0000768,912.0,2025-05-15,2025-05-30,card,3434.26,68.69,12.36,3353.21,settled,False
769,PAY0000769,913.0,2025-05-19,2025-06-18,upi,45626.03,912.52,164.25,44549.26,settled,False
770,PAY0000770,914.0,2025-05-04,2025-05-19,upi,4951.33,99.03,17.83,4834.47,settled,False
771,PAY0000771,,2025-05-20,2025-05-27,netbanking,1092.05,21.84,3.93,1066.28,settled,True
772,PAY0000772,916.0,2025-05-18,2025-06-17,upi,4816.67,96.33,17.34,4703.00,settled,False
773,PAY0000773,917.0,2025-04-19,2025-04-28,card,3849.48,76.99,13.86,3758.63,settled,False
774,PAY0000774,918.0,2025-05-18,2025-06-17,ota_collect,14379.45,287.59,51.77,14040.09,settled,False
775,PAY0000775,919.0,2025-04-22,2025-04-23,ota_collect,5306.04,106.12,19.10,5180.82,settled,False
776,PAY0000776,921.0,2025-05-20,2025-06-19,upi,7064.64,141.29,25.43,6897.92,settled,False
777,PAY0000777,922.0,2025-05-19,2025-06-18,upi,7992.98,159.86,28.77,7804.35,settled,False
778,PAY0000778,923.0,2025-05-10,2025-06-09,upi,5155.22,103.10,18.56,5033.56,settled,False
779,PAY0000779,924.0,2025-05-08,2025-05-10,ota_collect,20739.86,414.80,74.66,20250.40,settled,False
780,PAY0000780,925.0,2025-05-18,2025-05-20,wallet,7512.60,150.25,27.04,7335.31,settled,False
781,PAY0000781,926.0,2025-05-12,2025-05-27,upi,4557.42,91.15,16.41,4449.86,settled,False
782,PAY0000782,927.0,2025-05-21,2025-05-23,ota_collect,13959.21,279.18,50.25,13629.78,settled,False
783,PAY0000783,928.0,2025-05-24,2025-05-31,ota_collect,852.84,17.06,3.07,832.71,settled,False
784,PAY0000784,929.0,2025-05-21,2025-06-05,ota_collect,11403.28,228.07,41.05,11134.16,settled,False
785,PAY0000785,930.0,2025-04-17,2025-05-17,ota_collect,13732.26,274.65,49.44,13408.17,settled,False
786,PAY0000786,932.0,2025-05-24,2025-05-31,cash,968.58,0.00,0.00,968.58,settled,False
787,PAY0000787,933.0,2025-05-21,2025-06-05,netbanking,6898.78,137.98,24.84,6735.96,settled,False
788,PAY0000788,935.0,2025-05-16,2025-05-25,upi,3189.28,63.79,11.48,3114.01,settled,False
789,PAY0000789,936.0,2025-05-21,2025-06-05,upi,9821.60,196.43,35.36,9589.81,settled,False
790,PAY0000790,937.0,2025-05-13,2025-06-12,cash,60588.82,0.00,0.00,60588.82,settled,False
791,PAY0000791,939.0,2025-05-10,2025-06-09,upi,10110.27,202.21,36.40,9871.66,settled,False
792,PAY0000792,940.0,2025-05-04,2025-05-19,cash,19539.40,0.00,0.00,19539.40,settled,False
793,PAY0000793,941.0,2025-05-04,2025-05-13,ota_collect,3070.62,61.41,11.05,2998.16,settled,False
794,PAY0000794,942.0,2025-05-19,2025-06-18,upi,6969.10,139.38,25.09,6804.63,settled,False
795,PAY0000795,943.0,2025-05-23,2025-06-22,ota_collect,10427.88,208.56,37.54,10181.78,settled,False
796,PAY0000796,944.0,2025-05-21,2025-05-28,ota_collect,1129.24,22.58,4.06,1102.60,settled,False
797,PAY0000797,945.0,2025-05-14,2025-05-16,ota_collect,6880.62,137.61,24.77,6718.24,settled,False
798,PAY0000798,947.0,2025-05-25,2025-05-27,upi,3658.02,73.16,13.17,3571.69,settled,False
799,PAY0000799,948.0,2025-05-18,2025-05-27,cash,6173.17,0.00,0.00,6173.17,settled,False
800,PAY0000800,949.0,2025-05-27,2025-06-03,upi,1862.76,37.26,6.71,1818.79,settled,False
801,PAY0000801,950.0,2025-05-20,2025-06-19,upi,25494.55,509.89,91.78,24892.88,settled,False
802,PAY0000802,951.0,2025-05-21,2025-06-05,card,3980.90,79.62,14.33,3886.95,settled,False
803,PAY0000803,953.0,2025-05-10,2025-05-12,card,9209.70,184.19,33.15,8992.36,settled,False
804,PAY0000804,954.0,2025-05-13,2025-06-12,upi,3476.81,69.54,12.52,3394.75,settled,False
805,PAY0000805,955.0,2025-05-19,2025-06-03,ota_collect,9674.70,193.49,34.83,9446.38,settled,False
806,PAY0000806,956.0,2025-05-24,2025-06-23,upi,41406.00,828.12,149.06,40428.82,settled,False
807,PAY0000807,957.0,2025-05-20,2025-05-22,upi,4205.66,84.11,15.14,4106.41,settled,False
808,PAY0000808,958.0,2025-05-12,2025-05-21,ota_collect,2974.23,59.48,10.71,2904.04,settled,False
809,PAY0000809,959.0,2025-05-12,2025-05-21,upi,3826.02,76.52,13.77,3735.73,settled,False
810,PAY0000810,960.0,2025-05-17,2025-06-01,card,5030.45,100.61,18.11,4911.73,settled,False
811,PAY0000811,961.0,2025-05-17,2025-05-26,upi,15981.23,319.62,57.53,15604.08,settled,False
812,PAY0000812,962.0,2025-05-19,2025-05-21,card,48760.53,975.21,175.54,47609.78,settled,False
813,PAY0000813,963.0,2025-04-22,2025-04-23,ota_collect,12871.50,257.43,46.34,12567.73,settled,False
814,PAY0000814,966.0,2025-05-22,2025-05-24,upi,7210.10,144.20,25.96,7039.94,settled,False
815,PAY0000815,967.0,2025-05-28,2025-06-27,upi,4160.61,83.21,14.98,4062.42,settled,False
816,PAY0000816,968.0,2025-05-26,2025-06-25,ota_collect,9298.42,185.97,33.47,9078.98,settled,False
817,PAY0000817,969.0,2025-05-25,2025-06-24,upi,3974.07,79.48,14.31,3880.28,settled,False
818,PAY0000818,970.0,2025-05-13,2025-06-12,ota_collect,40014.48,800.29,144.05,39070.14,settled,False
819,PAY0000819,971.0,2025-05-12,2025-06-11,card,67849.76,1357.00,244.26,66248.50,settled,False
820,PAY0000820,972.0,2025-05-25,2025-06-24,wallet,24587.15,491.74,88.51,24006.90,settled,False
821,PAY0000821,973.0,2025-05-26,2025-05-27,upi,10208.07,204.16,36.75,9967.16,settled,False
822,PAY0000822,974.0,2025-05-23,2025-06-07,upi,3429.98,68.60,12.35,3349.03,settled,False
823,PAY0000823,975.0,2025-05-25,2025-06-09,card,3485.47,69.71,12.55,3403.21,settled,False
824,PAY0000824,976.0,2025-05-22,2025-05-24,card,15424.84,308.50,55.53,15060.81,settled,False
825,PAY0000825,977.0,2025-05-27,2025-05-29,card,4839.94,96.80,17.42,4725.72,settled,False
826,PAY0000826,979.0,2025-05-09,2025-05-11,ota_collect,15241.51,304.83,54.87,14881.81,settled,False
827,PAY0000827,980.0,2025-05-09,2025-05-18,ota_collect,4801.61,96.03,17.29,4688.29,settled,False
828,PAY0000828,981.0,2025-05-23,2025-05-25,upi,14174.99,283.50,51.03,13840.46,settled,False
829,PAY0000829,982.0,2025-05-08,2025-05-23,upi,11490.57,229.81,41.37,11219.39,settled,False
830,PAY0000830,984.0,2025-05-26,2025-05-27,ota_collect,12557.13,251.14,45.21,12260.78,settled,False
831,PAY0000831,985.0,2025-05-29,2025-06-05,netbanking,1667.03,33.34,6.00,1627.69,settled,False
832,PAY0000832,986.0,2025-05-17,2025-05-19,card,4594.16,91.88,16.54,4485.74,settled,False
833,PAY0000833,987.0,2025-05-26,2025-06-04,upi,16519.88,330.40,59.47,16130.01,settled,False
834,PAY0000834,989.0,2025-05-28,2025-06-12,card,3038.69,60.77,10.94,2966.98,settled,False
835,PAY0000835,990.0,2025-05-21,2025-05-22,ota_collect,9812.25,196.25,35.32,9580.68,settled,False
836,PAY0000836,991.0,2025-05-25,2025-06-24,upi,13004.81,260.10,46.82,12697.89,settled,False
837,PAY0000837,992.0,2025-05-13,2025-06-12,upi,9619.52,192.39,34.63,9392.50,settled,False
838,PAY0000838,993.0,2025-05-24,2025-05-26,upi,15881.61,317.63,57.17,15506.81,settled,False
839,PAY0000839,994.0,2025-05-31,2025-06-15,card,3799.41,75.99,13.68,3709.74,settled,False
840,PAY0000840,995.0,2025-05-28,2025-06-27,card,17403.25,348.06,62.65,16992.54,settled,False
841,PAY0000841,997.0,2025-05-22,2025-05-31,ota_collect,6579.42,131.59,23.69,6424.14,settled,False
842,PAY0000842,998.0,2025-06-02,2025-06-09,upi,1234.03,24.68,4.44,1204.91,settled,False
843,PAY0000843,999.0,2025-05-20,2025-05-22,upi,3948.70,78.97,14.21,3855.52,settled,False
844,PAY0000844,1001.0,2025-05-28,2025-05-30,card,6150.98,123.02,22.14,6005.82,settled,False
845,PAY0000845,1002.0,2025-05-27,2025-06-11,upi,4183.79,83.68,15.06,4085.05,settled,False
846,PAY0000846,1003.0,2025-06-02,2025-07-02,wallet,8641.60,172.83,31.11,8437.66,settled,False
847,PAY0000847,1004.0,2025-06-03,2025-06-10,card,1328.31,26.57,4.78,1296.96,settled,False
848,PAY0000848,1005.0,2025-05-25,2025-05-27,upi,17057.92,341.16,61.41,16655.35,settled,False
849,PAY0000849,1006.0,2025-05-28,2025-06-12,ota_collect,6560.34,131.21,23.62,6405.51,settled,False
850,PAY0000850,1007.0,2025-05-25,2025-05-27,upi,20477.63,409.55,73.72,19994.36,settled,False
851,PAY0000851,1008.0,2025-05-30,2025-06-01,cash,17085.96,0.00,0.00,17085.96,settled,False
852,PAY0000852,1009.0,2025-06-02,2025-06-11,upi,43917.62,878.35,158.10,42881.17,settled,False
853,PAY0000853,1010.0,2025-06-02,2025-06-02,netbanking,5138.19,102.76,18.50,5016.93,settled,False
854,PAY0000854,1011.0,2025-05-24,2025-06-23,wallet,42576.48,851.53,153.28,41571.67,settled,False
855,PAY0000855,1012.0,2025-06-03,2025-06-03,card,3311.71,66.23,11.92,3233.56,settled,False
856,PAY0000856,1015.0,2025-06-04,2025-06-11,card,2294.55,45.89,8.26,2240.40,settled,False
857,PAY0000857,1016.0,2025-06-03,2025-07-03,upi,127448.34,2548.97,458.81,124440.56,settled,False
858,PAY0000858,1017.0,2025-06-04,2025-06-04,ota_collect,4291.15,85.82,15.45,4189.88,settled,False
859,PAY0000859,1018.0,2025-06-04,2025-06-11,ota_collect,1500.71,30.01,5.40,1465.30,settled,False
860,PAY0000860,1019.0,2025-05-27,2025-06-11,upi,10475.58,209.51,37.71,10228.36,settled,False
861,PAY0000861,1022.0,2025-05-31,2025-06-30,netbanking,3063.94,61.28,11.03,2991.63,settled,False
862,PAY0000862,1023.0,2025-05-28,2025-05-30,ota_collect,10438.70,208.77,37.58,10192.35,settled,False
863,PAY0000863,1024.0,2025-05-10,2025-06-09,card,8199.50,163.99,29.52,8005.99,settled,False
864,PAY0000864,1025.0,2025-05-17,2025-05-19,netbanking,16852.05,337.04,60.67,16454.34,settled,False
865,PAY0000865,1026.0,2025-05-27,2025-06-11,netbanking,4148.01,82.96,14.93,4050.12,settled,False
866,PAY0000866,1027.0,2025-06-02,2025-06-04,upi,9464.24,189.28,34.07,9240.89,settled,False
867,PAY0000867,1028.0,2025-05-28,2025-05-29,card,3401.14,68.02,12.24,3320.88,settled,False
868,PAY0000868,1029.0,2025-06-03,2025-07-03,card,37733.89,754.68,135.84,36843.37,settled,False
869,PAY0000869,1030.0,2025-05-03,2025-05-04,upi,4774.74,95.49,17.19,4662.06,settled,False
870,PAY0000870,1031.0,2025-05-26,2025-05-28,ota_collect,4732.92,94.66,17.04,4621.22,settled,False
871,PAY0000871,1033.0,2025-06-02,2025-06-17,upi,19373.16,387.46,69.74,18915.96,settled,False
872,PAY0000872,1034.0,2025-05-11,2025-05-26,netbanking,3160.77,63.22,11.38,3086.17,settled,False
873,PAY0000873,1035.0,2025-06-05,2025-07-05,cash,11894.79,0.00,0.00,11894.79,settled,False
874,PAY0000874,1036.0,2025-06-02,2025-07-02,ota_collect,24727.98,494.56,89.02,24144.40,settled,False
875,PAY0000875,1038.0,2025-06-06,2025-06-13,upi,1333.66,26.67,4.80,1302.19,settled,False
876,PAY0000876,1039.0,2025-06-01,2025-07-01,ota_collect,26281.62,525.63,94.61,25661.38,settled,False
877,PAY0000877,1040.0,2025-06-06,2025-06-13,netbanking,853.10,17.06,3.07,832.97,settled,False
878,PAY0000878,1041.0,2025-05-29,2025-06-07,ota_collect,4908.38,98.17,17.67,4792.54,settled,False
879,PAY0000879,1042.0,2025-06-03,2025-07-03,upi,29931.86,598.64,107.76,29225.46,settled,False
880,PAY0000880,1043.0,2025-06-04,2025-07-04,ota_collect,60485.36,1209.71,217.75,59057.90,settled,False
881,PAY0000881,1044.0,2025-06-04,2025-06-06,card,6252.92,125.06,22.51,6105.35,settled,False
882,PAY0000882,1045.0,2025-06-06,2025-06-08,ota_collect,27864.34,557.29,100.31,27206.74,settled,False
883,PAY0000883,1047.0,2025-05-10,2025-05-25,upi,12639.75,252.80,45.50,12341.45,settled,False
884,PAY0000884,1048.0,2025-05-24,2025-06-02,upi,2820.14,56.40,10.15,2753.59,settled,False
885,PAY0000885,1049.0,2025-06-06,2025-07-06,upi,13171.58,263.43,47.42,12860.73,settled,False
886,PAY0000886,1050.0,2025-05-26,2025-06-25,upi,4357.58,87.15,15.69,4254.74,settled,False
887,PAY0000887,1051.0,2025-05-31,2025-06-09,upi,4175.98,83.52,15.03,4077.43,settled,False
888,PAY0000888,1052.0,2025-06-06,2025-06-08,ota_collect,5489.91,109.80,19.76,5360.35,settled,False
889,PAY0000889,1053.0,2025-05-24,2025-06-08,cash,3160.22,0.00,0.00,3160.22,settled,False
890,PAY0000890,1055.0,2025-06-05,2025-07-05,card,26486.82,529.74,95.35,25861.73,settled,False
891,PAY0000891,1056.0,2025-06-09,2025-06-09,ota_collect,5969.87,119.40,21.49,5828.98,settled,False
892,PAY0000892,1057.0,2025-06-06,2025-06-15,card,8791.64,175.83,31.65,8584.16,settled,False
893,PAY0000893,1058.0,2025-06-08,2025-07-08,card,7953.12,159.06,28.63,7765.43,settled,False
894,PAY0000894,1059.0,2025-05-11,2025-05-20,netbanking,9376.68,187.53,33.76,9155.39,settled,False
895,PAY0000895,1060.0,2025-05-29,2025-06-28,wallet,13023.66,260.47,46.88,12716.31,settled,False
896,PAY0000896,1061.0,2025-06-07,2025-06-16,card,9674.13,193.48,34.83,9445.82,settled,False
897,PAY0000897,1062.0,2025-06-09,2025-06-11,ota_collect,3120.33,62.41,11.23,3046.69,settled,False
898,PAY0000898,1063.0,2025-05-31,2025-06-30,upi,24541.23,490.82,88.35,23962.06,settled,False
899,PAY0000899,1064.0,2025-06-07,2025-07-07,ota_collect,20666.65,413.33,74.40,20178.92,settled,False
900,PAY0000900,1066.0,2025-05-29,2025-06-28,upi,10376.86,207.54,37.36,10131.96,settled,False
901,PAY0000901,1067.0,2025-05-09,2025-05-18,netbanking,5631.75,112.64,20.28,5498.83,settled,False
902,PAY0000902,1068.0,2025-06-11,2025-06-18,upi,1499.54,29.99,5.40,1464.15,settled,False
903,PAY0000903,1069.0,2025-06-09,2025-07-09,ota_collect,3403.11,68.06,12.25,3322.80,settled,False
904,PAY0000904,1070.0,2025-06-08,2025-06-10,upi,4054.67,81.09,14.60,3958.98,settled,False
905,PAY0000905,1071.0,2025-06-02,2025-06-04,ota_collect,33375.11,667.50,120.15,32587.46,settled,False
906,PAY0000906,1072.0,2025-06-06,2025-06-08,wallet,28005.12,560.10,100.82,27344.20,settled,False
907,PAY0000907,1074.0,2025-06-05,2025-07-05,ota_collect,22118.18,442.36,79.62,21596.20,settled,False
908,PAY0000908,1075.0,2025-06-02,2025-06-11,ota_collect,3417.20,68.34,12.30,3336.56,settled,False
909,PAY0000909,1076.0,2025-04-26,2025-05-05,ota_collect,3679.81,73.60,13.25,3592.96,settled,False
910,PAY0000910,1079.0,2025-06-04,2025-06-06,ota_collect,13672.48,273.45,49.22,13349.81,settled,False
911,PAY0000911,1080.0,2025-05-28,2025-05-30,card,3660.78,73.22,13.18,3574.38,settled,False
912,PAY0000912,1081.0,2025-04-20,2025-05-05,upi,5310.80,106.22,19.12,5185.46,settled,False
913,PAY0000913,1082.0,2025-06-06,2025-06-15,upi,21256.40,425.13,76.52,20754.75,settled,False
914,PAY0000914,1083.0,2025-06-03,2025-06-18,upi,3693.88,73.88,13.30,3606.70,settled,False
915,PAY0000915,1084.0,2025-05-30,2025-06-29,ota_collect,4947.09,98.94,17.81,4830.34,settled,False
916,PAY0000916,1085.0,2025-06-04,2025-06-19,ota_collect,4013.51,80.27,14.45,3918.79,settled,False
917,PAY0000917,1086.0,2025-06-06,2025-06-08,upi,3292.42,65.85,11.85,3214.72,settled,False
918,PAY0000918,1088.0,2025-06-08,2025-07-08,upi,37567.93,751.36,135.24,36681.33,settled,False
919,PAY0000919,1089.0,2025-05-31,2025-06-01,ota_collect,8988.26,179.77,32.36,8776.13,settled,False
920,PAY0000920,1091.0,2025-06-07,2025-06-16,upi,11331.60,226.63,40.79,11064.18,settled,False
921,PAY0000921,1092.0,2025-06-09,2025-06-24,netbanking,30527.58,610.55,109.90,29807.13,settled,False
922,PAY0000922,1093.0,2025-06-02,2025-07-02,ota_collect,4239.38,84.79,15.26,4139.33,settled,False
923,PAY0000923,1094.0,2025-05-27,2025-06-26,netbanking,24227.66,484.55,87.22,23655.89,settled,False
924,PAY0000924,1095.0,2025-06-08,2025-07-08,card,6008.54,120.17,21.63,5866.74,settled,False
925,PAY0000925,1096.0,2025-06-14,2025-06-21,upi,1176.79,23.54,4.24,1149.01,settled,False
926,PAY0000926,1097.0,2025-06-01,2025-06-16,ota_collect,12366.90,247.34,44.52,12075.04,settled,False
927,PAY0000927,1099.0,2025-06-05,2025-06-20,card,5241.12,104.82,18.87,5117.43,settled,False
928,PAY0000928,1100.0,2025-06-01,2025-06-03,ota_collect,3665.75,73.31,13.20,3579.24,settled,False
929,PAY0000929,1101.0,2025-06-03,2025-07-03,ota_collect,15818.52,316.37,56.95,15445.20,settled,False
930,PAY0000930,1103.0,2025-05-16,2025-06-15,card,9576.62,191.53,34.48,9350.61,settled,False
931,PAY0000931,1104.0,2025-06-09,2025-06-24,ota_collect,4168.03,83.36,15.00,4069.67,settled,False
932,PAY0000932,1105.0,2025-05-28,2025-06-27,card,20251.36,405.03,72.91,19773.42,settled,False
933,PAY0000933,1106.0,2025-06-13,2025-06-22,netbanking,19832.44,396.65,71.40,19364.39,settled,False
934,PAY0000934,1107.0,2025-06-09,2025-06-11,netbanking,29618.52,592.37,106.63,28919.52,settled,False
935,PAY0000935,1108.0,2025-06-16,2025-06-23,card,1043.20,20.86,3.75,1018.59,settled,False
936,PAY0000936,1109.0,2025-06-06,2025-06-21,ota_collect,3494.30,69.89,12.58,3411.83,settled,False
937,PAY0000937,1111.0,2025-06-09,2025-06-11,netbanking,15486.03,309.72,55.75,15120.56,settled,False
938,PAY0000938,1112.0,2025-06-05,2025-06-20,netbanking,4685.94,93.72,16.87,4575.35,settled,False
939,PAY0000939,1113.0,2025-06-15,2025-07-15,card,46700.28,934.01,168.12,45598.15,settled,False
940,PAY0000940,1114.0,2025-06-12,2025-06-27,ota_collect,3265.87,65.32,11.76,3188.79,settled,False
941,PAY0000941,1115.0,2025-06-14,2025-06-29,card,15956.40,319.13,57.44,15579.83,settled,False
942,PAY0000942,1116.0,2025-06-01,2025-06-03,card,4213.35,84.27,15.17,4113.91,settled,False
943,PAY0000943,1117.0,2025-06-08,2025-07-08,upi,91970.34,1839.41,331.09,89799.84,settled,False
944,PAY0000944,1118.0,2025-06-12,2025-06-13,ota_collect,3889.62,77.79,14.00,3797.83,settled,False
945,PAY0000945,1119.0,2025-06-04,2025-06-05,cash,8380.66,0.00,0.00,8380.66,settled,False
946,PAY0000946,1120.0,2025-05-18,2025-05-19,upi,25438.80,508.78,91.58,24838.44,settled,False
947,PAY0000947,1121.0,2025-05-28,2025-05-30,card,57899.68,1157.99,208.44,56533.25,settled,False
948,PAY0000948,1123.0,2025-06-16,2025-06-16,card,3750.82,75.02,13.50,3662.30,settled,False
949,PAY0000949,1124.0,2025-06-14,2025-07-14,upi,39095.01,781.90,140.74,38172.37,settled,False
950,PAY0000950,1127.0,2025-06-09,2025-06-11,card,7020.56,140.41,25.27,6854.88,settled,False
951,PAY0000951,1128.0,2025-06-10,2025-07-10,card,67146.30,1342.93,241.73,65561.64,settled,False
952,PAY0000952,1129.0,2025-06-07,2025-06-09,upi,3036.15,60.72,10.93,2964.50,settled,False
953,PAY0000953,1130.0,2025-06-11,2025-06-20,ota_collect,14755.78,295.12,53.12,14407.54,settled,False
954,PAY0000954,1131.0,2025-05-11,2025-06-10,card,3568.43,71.37,12.85,3484.21,settled,False
955,PAY0000955,1133.0,2025-06-08,2025-06-17,card,14657.85,293.16,52.77,14311.92,settled,False
956,PAY0000956,1134.0,2025-06-11,2025-06-13,upi,4336.24,86.72,15.61,4233.91,settled,False
957,PAY0000957,1135.0,2025-06-16,2025-06-23,card,1871.00,37.42,6.74,1826.84,settled,False
958,PAY0000958,1136.0,2025-05-26,2025-06-04,netbanking,9213.84,184.28,33.17,8996.39,settled,False
959,PAY0000959,1137.0,2025-06-14,2025-07-14,netbanking,13255.32,265.11,47.72,12942.49,settled,False
960,PAY0000960,1138.0,2025-05-24,2025-05-26,card,3417.18,68.34,12.30,3336.54,settled,False
961,PAY0000961,1139.0,2025-06-14,2025-06-23,upi,13765.59,275.31,49.56,13440.72,settled,False
962,PAY0000962,1140.0,2025-06-17,2025-06-24,netbanking,1052.05,21.04,3.79,1027.22,settled,False
963,PAY0000963,1141.0,2025-05-16,2025-05-25,ota_collect,4378.30,87.57,15.76,4274.97,settled,False
964,PAY0000964,1143.0,2025-06-13,2025-07-13,netbanking,7215.34,144.31,25.98,7045.05,settled,False
965,PAY0000965,1144.0,2025-06-13,2025-07-13,upi,25679.11,513.58,92.44,25073.09,settled,False
966,PAY0000966,1145.0,2025-06-07,2025-07-07,cash,3249.06,0.00,0.00,3249.06,settled,False
967,PAY0000967,1146.0,2025-05-29,2025-06-07,ota_collect,7075.52,141.51,25.47,6908.54,settled,False
968,PAY0000968,1147.0,2025-06-11,2025-07-11,card,17275.31,345.51,62.19,16867.61,settled,False
969,PAY0000969,1148.0,2025-06-17,2025-06-19,ota_collect,4212.50,84.25,15.16,4113.09,settled,False
970,PAY0000970,1150.0,2025-06-10,2025-06-25,upi,6970.90,139.42,25.10,6806.38,settled,False
971,PAY0000971,1151.0,2025-06-08,2025-06-23,cash,5077.57,0.00,0.00,5077.57,settled,False
972,PAY0000972,1152.0,2025-05-29,2025-06-28,upi,19919.40,398.39,71.71,19449.30,settled,False
973,PAY0000973,1153.0,2025-06-09,2025-06-11,ota_collect,19503.12,390.06,70.21,19042.85,settled,False
974,PAY0000974,1155.0,2025-06-16,2025-06-18,ota_collect,4443.09,88.86,15.99,4338.24,settled,False
975,PAY0000975,1156.0,2025-06-16,2025-07-01,wallet,4164.47,83.29,14.99,4066.19,settled,False
976,PAY0000976,1157.0,2025-06-10,2025-07-10,ota_collect,13184.98,263.70,47.47,12873.81,settled,False
977,PAY0000977,1158.0,2025-06-20,2025-06-20,netbanking,4484.74,89.69,16.14,4378.91,settled,False
978,PAY0000978,1160.0,2025-06-06,2025-07-06,card,3240.81,64.82,11.67,3164.32,settled,False
979,PAY0000979,1161.0,2025-06-20,2025-06-20,ota_collect,10230.30,204.61,36.83,9988.86,settled,False
980,PAY0000980,1162.0,2025-06-18,2025-06-20,netbanking,40205.16,804.10,144.74,39256.32,settled,False
981,PAY0000981,,2025-06-15,2025-06-30,netbanking,3197.82,63.96,11.51,3122.35,settled,True
982,PAY0000982,1165.0,2025-06-01,2025-06-16,netbanking,3687.05,73.74,13.27,3600.04,settled,False
983,PAY0000983,1166.0,2025-06-12,2025-06-27,ota_collect,3815.05,76.30,13.73,3725.02,settled,False
984,PAY0000984,1167.0,2025-06-05,2025-06-06,card,23366.64,467.33,84.12,22815.19,settled,False
985,PAY0000985,1168.0,2025-05-30,2025-06-29,card,10159.38,203.19,36.57,9919.62,settled,False
986,PAY0000986,1169.0,2025-06-11,2025-06-20,upi,3760.55,75.21,13.54,3671.80,settled,False
987,PAY0000987,1170.0,2025-06-19,2025-06-21,upi,10947.93,218.96,39.41,10689.56,settled,False
988,PAY0000988,1171.0,2025-06-22,2025-06-22,upi,3518.58,70.37,12.67,3435.54,settled,False
989,PAY0000989,1172.0,2025-06-13,2025-06-15,ota_collect,3551.04,71.02,12.78,3467.24,settled,False
990,PAY0000990,1173.0,2025-06-19,2025-06-19,ota_collect,8001.30,160.03,28.81,7812.46,settled,False
991,PAY0000991,1175.0,2025-06-16,2025-06-18,upi,24874.75,497.50,89.55,24287.70,settled,False
992,PAY0000992,1177.0,2025-03-14,2025-03-23,card,12324.79,246.50,44.37,12033.92,settled,False
993,PAY0000993,1178.0,2025-06-05,2025-06-14,card,8174.94,163.50,29.43,7982.01,settled,False
994,PAY0000994,1179.0,2025-06-23,2025-06-30,wallet,1332.34,26.65,4.80,1300.89,settled,False
995,PAY0000995,1180.0,2025-06-17,2025-06-26,ota_collect,21814.52,436.29,78.53,21299.70,settled,False
996,PAY0000996,1182.0,2025-06-14,2025-06-16,cash,12152.16,0.00,0.00,12152.16,settled,False
997,PAY0000997,1183.0,2025-06-10,2025-06-25,netbanking,7079.48,141.59,25.49,6912.40,settled,False
998,PAY0000998,1184.0,2025-06-10,2025-06-25,card,14700.26,294.01,52.92,14353.33,settled,False
999,PAY0000999,1185.0,2025-06-10,2025-06-25,wallet,4994.40,99.89,17.98,4876.53,settled,False
1000,PAY0001000,1186.0,2025-06-17,2025-06-26,ota_collect,4148.55,82.97,14.93,4050.65,settled,False
1001,PAY0001001,1187.0,2025-06-18,2025-06-27,upi,21864.70,437.29,78.71,21348.70,settled,False
1002,PAY0001002,1188.0,2025-05-02,2025-05-11,card,4596.01,91.92,16.55,4487.54,settled,False
1003,PAY0001003,1189.0,2025-06-06,2025-06-21,upi,4754.94,95.10,17.12,4642.72,settled,False
1004,PAY0001004,1190.0,2025-06-22,2025-07-22,netbanking,4525.64,90.51,16.29,4418.84,settled,False
1005,PAY0001005,1191.0,2025-06-10,2025-06-25,upi,6939.97,138.80,24.98,6776.19,settled,False
1006,PAY0001006,1192.0,2025-06-08,2025-07-08,netbanking,12804.54,256.09,46.10,12502.35,settled,False
1007,PAY0001007,1193.0,2025-06-05,2025-06-20,upi,11974.45,239.49,43.11,11691.85,settled,False
1008,PAY0001008,1194.0,2025-06-20,2025-06-22,card,11880.72,237.61,42.77,11600.34,settled,False
1009,PAY0001009,1195.0,2025-06-04,2025-06-19,upi,7908.83,158.18,28.47,7722.18,settled,False
1010,PAY0001010,1196.0,2025-06-20,2025-06-22,netbanking,14538.90,290.78,52.34,14195.78,settled,False
1011,PAY0001011,1197.0,2025-06-11,2025-06-20,upi,2881.42,57.63,10.37,2813.42,settled,False
1012,PAY0001012,1198.0,2025-06-21,2025-07-21,upi,20369.64,407.39,73.33,19888.92,settled,False
1013,PAY0001013,1199.0,2025-06-20,2025-07-05,wallet,25928.28,518.57,93.34,25316.37,settled,False
1014,PAY0001014,1200.0,2025-06-20,2025-07-20,wallet,3625.31,72.51,13.05,3539.75,settled,False
1015,PAY0001015,1201.0,2025-06-18,2025-06-20,upi,16227.51,324.55,58.42,15844.54,settled,False
1016,PAY0001016,1202.0,2025-06-20,2025-06-22,ota_collect,6311.06,126.22,22.72,6162.12,settled,False
1017,PAY0001017,1203.0,2025-06-23,2025-06-25,ota_collect,17838.69,356.77,64.22,17417.70,settled,False
1018,PAY0001018,1204.0,2025-06-24,2025-07-09,ota_collect,9985.94,199.72,35.95,9750.27,settled,False
1019,PAY0001019,1205.0,2025-06-26,2025-07-03,card,1095.51,21.91,3.94,1069.66,settled,False
1020,PAY0001020,1206.0,2025-06-12,2025-06-21,upi,3984.31,79.69,14.34,3890.28,settled,False
1021,PAY0001021,1207.0,2025-06-24,2025-07-03,ota_collect,7701.71,154.03,27.73,7519.95,settled,False
1022,PAY0001022,1208.0,2025-06-16,2025-07-16,upi,9115.52,182.31,32.82,8900.39,settled,False
1023,PAY0001023,1209.0,2025-06-24,2025-07-24,ota_collect,27989.92,559.80,100.76,27329.36,settled,False
1024,PAY0001024,1211.0,2025-06-05,2025-06-06,upi,3200.81,64.02,11.52,3125.27,settled,False
1025,PAY0001025,1212.0,2025-06-22,2025-06-23,card,7915.58,158.31,28.50,7728.77,settled,False
1026,PAY0001026,1213.0,2025-06-27,2025-07-04,upi,1129.31,22.59,4.07,1102.65,settled,False
1027,PAY0001027,1214.0,2025-06-01,2025-06-10,ota_collect,4779.57,95.59,17.21,4666.77,settled,False
1028,PAY0001028,1215.0,2025-06-25,2025-07-25,upi,12848.43,256.97,46.25,12545.21,settled,False
1029,PAY0001029,1216.0,2025-06-22,2025-06-24,card,7414.60,148.29,26.69,7239.62,settled,False
1030,PAY0001030,1217.0,2025-06-28,2025-07-05,upi,1308.59,26.17,4.71,1277.71,settled,False
1031,PAY0001031,1218.0,2025-06-27,2025-07-04,cash,891.99,0.00,0.00,891.99,settled,False
1032,PAY0001032,1219.0,2025-06-14,2025-06-23,wallet,7920.62,158.41,28.51,7733.70,settled,False
1033,PAY0001033,1220.0,2025-06-11,2025-06-20,upi,4077.47,81.55,14.68,3981.24,settled,False
1034,PAY0001034,1221.0,2025-06-20,2025-06-21,ota_collect,3746.14,74.92,13.49,3657.73,settled,False
1035,PAY0001035,1222.0,2025-06-17,2025-07-02,ota_collect,14655.03,293.10,52.76,14309.17,settled,False
1036,PAY0001036,1223.0,2025-06-01,2025-07-01,ota_collect,5752.11,115.04,20.71,5616.36,settled,False
1037,PAY0001037,1224.0,2025-06-21,2025-06-23,ota_collect,3573.04,71.46,12.86,3488.72,settled,False
1038,PAY0001038,1225.0,2025-06-28,2025-07-05,wallet,972.64,19.45,3.50,949.69,settled,False
1039,PAY0001039,1226.0,2025-06-28,2025-07-05,wallet,993.49,19.87,3.58,970.04,settled,False
1040,PAY0001040,1227.0,2025-06-28,2025-06-28,ota_collect,3792.80,75.86,13.65,3703.29,settled,False
1041,PAY0001041,1228.0,2025-06-16,2025-06-25,card,4451.49,89.03,16.03,4346.43,settled,False
1042,PAY0001042,1229.0,2025-06-19,2025-07-19,card,22950.54,459.01,82.62,22408.91,settled,False
1043,PAY0001043,1230.0,2025-06-26,2025-07-26,cash,25755.24,0.00,0.00,25755.24,settled,False
1044,PAY0001044,1231.0,2025-06-17,2025-06-19,card,3619.51,72.39,13.03,3534.09,settled,False
1045,PAY0001045,1232.0,2025-06-08,2025-06-10,ota_collect,6592.54,131.85,23.73,6436.96,settled,False
1046,PAY0001046,1234.0,2025-06-07,2025-06-22,card,4085.95,81.72,14.71,3989.52,settled,False
1047,PAY0001047,1235.0,2025-06-12,2025-06-21,ota_collect,3503.62,70.07,12.61,3420.94,settled,False
1048,PAY0001048,1236.0,2025-06-16,2025-07-01,upi,9750.32,195.01,35.10,9520.21,settled,False
1049,PAY0001049,1237.0,2025-06-17,2025-06-26,upi,3563.32,71.27,12.83,3479.22,settled,False
1050,PAY0001050,1238.0,2025-06-29,2025-07-08,ota_collect,4353.72,87.07,15.67,4250.98,settled,False
1051,PAY0001051,1239.0,2025-06-29,2025-07-01,upi,10617.44,212.35,38.22,10366.87,settled,False
1052,PAY0001052,1240.0,2025-06-29,2025-07-01,upi,11773.22,235.46,42.38,11495.38,settled,False
1053,PAY0001053,1242.0,2025-06-23,2025-07-23,card,4528.61,90.57,16.30,4421.74,settled,False
1054,PAY0001054,1243.0,2025-05-03,2025-05-12,card,4656.21,93.12,16.76,4546.33,settled,False
1055,PAY0001055,1244.0,2025-06-24,2025-07-09,card,7468.40,149.37,26.89,7292.14,settled,False
1056,PAY0001056,1245.0,2025-06-29,2025-07-06,upi,1447.01,28.94,5.21,1412.86,settled,False
1057,PAY0001057,1246.0,2025-06-22,2025-07-22,ota_collect,12133.28,242.67,43.68,11846.93,settled,False
1058,PAY0001058,1247.0,2025-06-15,2025-06-17,upi,16370.82,327.42,58.94,15984.46,settled,False
1059,PAY0001059,1248.0,2025-06-06,2025-06-21,upi,3305.68,66.11,11.90,3227.67,settled,False
1060,PAY0001060,1249.0,2025-06-14,2025-06-29,ota_collect,12589.25,251.78,45.32,12292.15,settled,False
1061,PAY0001061,1250.0,2025-06-27,2025-06-29,ota_collect,7090.21,141.80,25.52,6922.89,settled,False
1062,PAY0001062,1251.0,2025-06-27,2025-07-06,upi,3983.43,79.67,14.34,3889.42,settled,False
1063,PAY0001063,1253.0,2025-06-30,2025-07-07,card,1568.68,31.37,5.65,1531.66,settled,False
1064,PAY0001064,1254.0,2025-06-17,2025-07-02,card,11478.81,229.58,41.32,11207.91,settled,False
1065,PAY0001065,1255.0,2025-06-22,2025-06-24,upi,16296.10,325.92,58.67,15911.51,settled,False
1066,PAY0001066,1256.0,2025-06-27,2025-06-29,cash,6884.09,0.00,0.00,6884.09,settled,False
1067,PAY0001067,1257.0,2025-06-20,2025-06-29,ota_collect,4561.29,91.23,16.42,4453.64,settled,False
1068,PAY0001068,1259.0,2025-05-28,2025-06-06,wallet,9192.79,183.86,33.09,8975.84,settled,False
1069,PAY0001069,1260.0,2025-06-29,2025-07-14,upi,6826.84,136.54,24.58,6665.72,settled,False
1070,PAY0001070,1261.0,2025-06-26,2025-07-26,card,3736.46,74.73,13.45,3648.28,settled,False
1071,PAY0001071,1262.0,2025-06-27,2025-06-29,upi,12790.65,255.81,46.05,12488.79,settled,False
1072,PAY0001072,1263.0,2025-06-28,2025-06-30,card,9337.84,186.76,33.62,9117.46,settled,False
1073,PAY0001073,1264.0,2025-06-26,2025-07-26,cash,3772.04,0.00,0.00,3772.04,settled,False
1074,PAY0001074,1265.0,2025-07-02,2025-07-02,ota_collect,4871.92,97.44,17.54,4756.94,settled,False
1075,PAY0001075,1266.0,2025-05-28,2025-06-27,upi,5464.52,109.29,19.67,5335.56,settled,False
1076,PAY0001076,1267.0,2025-06-17,2025-06-19,card,3775.73,75.51,13.59,3686.63,settled,False
1077,PAY0001077,1268.0,2025-07-01,2025-07-31,card,15183.02,303.66,54.66,14824.70,settled,False
1078,PAY0001078,1269.0,2025-05-31,2025-06-02,upi,3693.84,73.88,13.30,3606.66,settled,False
1079,PAY0001079,1272.0,2025-07-02,2025-07-17,ota_collect,3529.24,70.58,12.70,3445.96,settled,False
1080,PAY0001080,1273.0,2025-06-26,2025-06-28,card,20501.25,410.03,73.81,20017.41,settled,False
1081,PAY0001081,1274.0,2025-07-02,2025-07-09,ota_collect,1022.45,20.45,3.68,998.32,settled,False
1082,PAY0001082,1275.0,2025-06-28,2025-07-28,ota_collect,57632.96,1152.66,207.48,56272.82,settled,False
1083,PAY0001083,1276.0,2025-07-04,2025-07-11,card,1002.49,20.05,3.61,978.83,settled,False
1084,PAY0001084,1277.0,2025-06-28,2025-07-13,cash,17830.92,0.00,0.00,17830.92,settled,False
1085,PAY0001085,1281.0,2025-06-24,2025-06-26,ota_collect,73888.83,1477.78,266.00,72145.05,settled,False
1086,PAY0001086,1282.0,2025-06-14,2025-07-14,ota_collect,26361.72,527.23,94.90,25739.59,settled,False
1087,PAY0001087,1283.0,2025-06-25,2025-07-25,upi,46089.06,921.78,165.92,45001.36,settled,False
1088,PAY0001088,1285.0,2025-07-05,2025-07-12,ota_collect,1838.54,36.77,6.62,1795.15,settled,False
1089,PAY0001089,1286.0,2025-06-29,2025-07-01,upi,10256.70,205.13,36.92,10014.65,settled,False
1090,PAY0001090,1287.0,2025-07-03,2025-07-05,card,30151.76,603.04,108.55,29440.17,settled,False
1091,PAY0001091,1288.0,2025-06-26,2025-06-28,upi,4192.04,83.84,15.09,4093.11,settled,False
1092,PAY0001092,1289.0,2025-06-13,2025-06-22,upi,11115.03,222.30,40.01,10852.72,settled,False
1093,PAY0001093,1290.0,2025-07-02,2025-07-17,upi,8399.30,167.99,30.24,8201.07,settled,False
1094,PAY0001094,1291.0,2025-07-05,2025-08-04,wallet,24448.26,488.97,88.01,23871.28,settled,False
1095,PAY0001095,1292.0,2025-07-02,2025-08-01,ota_collect,52817.36,1056.35,190.14,51570.87,settled,False
1096,PAY0001096,1293.0,2025-06-20,2025-07-05,ota_collect,8995.93,179.92,32.39,8783.62,settled,False
1097,PAY0001097,1294.0,2025-06-24,2025-07-09,ota_collect,18697.20,373.94,67.31,18255.95,settled,False
1098,PAY0001098,1295.0,2025-06-30,2025-07-02,upi,37287.67,745.75,134.23,36407.69,settled,False
1099,PAY0001099,1296.0,2025-06-24,2025-07-03,upi,4737.59,94.75,17.05,4625.79,settled,False
1100,PAY0001100,1297.0,2025-07-07,2025-08-06,ota_collect,35015.20,700.30,126.05,34188.85,settled,False
1101,PAY0001101,1298.0,2025-07-06,2025-08-05,ota_collect,17168.05,343.36,61.80,16762.89,settled,False
1102,PAY0001102,1301.0,2025-06-25,2025-06-26,cash,7482.27,0.00,0.00,7482.27,settled,False
1103,PAY0001103,1302.0,2025-06-30,2025-07-02,ota_collect,4482.89,89.66,16.14,4377.09,settled,False
1104,PAY0001104,1303.0,2025-07-05,2025-07-20,ota_collect,4302.06,86.04,15.49,4200.53,settled,False
1105,PAY0001105,1304.0,2025-06-25,2025-07-04,netbanking,3409.40,68.19,12.27,3328.94,settled,False
1106,PAY0001106,1306.0,2025-06-17,2025-06-26,wallet,6809.07,136.18,24.51,6648.38,settled,False
1107,PAY0001107,1307.0,2025-05-31,2025-06-30,netbanking,16378.20,327.56,58.96,15991.68,settled,False
1108,PAY0001108,1309.0,2025-07-08,2025-07-08,card,4069.96,81.40,14.65,3973.91,settled,False
1109,PAY0001109,1310.0,2025-07-04,2025-07-06,card,3533.31,70.67,12.72,3449.92,settled,False
1110,PAY0001110,1311.0,2025-07-03,2025-08-02,ota_collect,25412.63,508.25,91.48,24812.90,settled,False
1111,PAY0001111,1312.0,2025-07-07,2025-07-14,wallet,1168.99,23.38,4.21,1141.40,settled,False
1112,PAY0001112,1313.0,2025-06-22,2025-07-22,card,3969.32,79.39,14.29,3875.64,settled,False
1113,PAY0001113,1314.0,2025-07-08,2025-07-08,card,8566.89,171.34,30.84,8364.71,settled,False
1114,PAY0001114,1315.0,2025-07-05,2025-07-20,ota_collect,6436.38,128.73,23.17,6284.48,settled,False
1115,PAY0001115,1316.0,2025-07-01,2025-07-16,card,4456.19,89.12,16.04,4351.03,settled,False
1116,PAY0001116,1317.0,2025-06-28,2025-06-30,card,4188.54,83.77,15.08,4089.69,settled,False
1117,PAY0001117,1318.0,2025-07-07,2025-07-09,upi,3497.74,69.95,12.59,3415.20,settled,False
1118,PAY0001118,1319.0,2025-07-09,2025-07-16,ota_collect,1366.46,27.33,4.92,1334.21,settled,False
1119,PAY0001119,1320.0,2025-06-13,2025-06-22,ota_collect,3987.84,79.76,14.36,3893.72,settled,False
1120,PAY0001120,1321.0,2025-06-30,2025-07-30,upi,9893.55,197.87,35.62,9660.06,settled,False
1121,PAY0001121,1322.0,2025-06-02,2025-06-04,upi,74455.30,1489.11,268.04,72698.15,settled,False
1122,PAY0001122,1324.0,2025-07-06,2025-08-05,upi,7655.70,153.11,27.56,7475.03,settled,False
1123,PAY0001123,1326.0,2025-07-10,2025-07-25,upi,17685.84,353.72,63.67,17268.45,settled,False
1124,PAY0001124,1327.0,2025-07-09,2025-07-11,card,6736.80,134.74,24.25,6577.81,settled,False
1125,PAY0001125,1328.0,2025-06-30,2025-07-09,netbanking,4156.57,83.13,14.96,4058.48,settled,False
1126,PAY0001126,1329.0,2025-05-31,2025-06-09,card,4187.00,83.74,15.07,4088.19,settled,False
1127,PAY0001127,1330.0,2025-06-27,2025-07-12,card,3819.62,76.39,13.75,3729.48,settled,False
1128,PAY0001128,1331.0,2025-07-01,2025-07-31,ota_collect,19720.56,394.41,70.99,19255.16,settled,False
1129,PAY0001129,1333.0,2025-07-02,2025-08-01,ota_collect,17281.56,345.63,62.21,16873.72,settled,False
1130,PAY0001130,1334.0,2025-07-09,2025-07-11,upi,21609.17,432.18,77.79,21099.20,settled,False
1131,PAY0001131,1336.0,2025-07-01,2025-07-16,upi,9147.44,182.95,32.93,8931.56,settled,False
1132,PAY0001132,1337.0,2025-07-06,2025-08-05,card,5080.42,101.61,18.29,4960.52,settled,False
1133,PAY0001133,1338.0,2025-06-20,2025-07-05,ota_collect,13486.68,269.73,48.55,13168.40,settled,False
1134,PAY0001134,1339.0,2025-07-01,2025-07-03,card,8932.19,178.64,32.16,8721.39,settled,False
1135,PAY0001135,1340.0,2025-06-27,2025-07-27,card,4777.87,95.56,17.20,4665.11,settled,False
1136,PAY0001136,1341.0,2025-07-06,2025-08-05,card,8257.36,165.15,29.73,8062.48,settled,False
1137,PAY0001137,1342.0,2025-06-19,2025-07-19,card,8003.44,160.07,28.81,7814.56,settled,False
1138,PAY0001138,1343.0,2025-07-11,2025-07-11,ota_collect,4138.87,82.78,14.90,4041.19,settled,False
1139,PAY0001139,1344.0,2025-07-01,2025-07-10,card,8008.85,160.18,28.83,7819.84,settled,False
1140,PAY0001140,1345.0,2025-07-11,2025-07-11,upi,5213.40,104.27,18.77,5090.36,settled,False
1141,PAY0001141,1346.0,2025-07-01,2025-07-02,upi,20328.32,406.57,73.18,19848.57,settled,False
1142,PAY0001142,1347.0,2025-07-09,2025-08-08,upi,3200.55,64.01,11.52,3125.02,settled,False
1143,PAY0001143,1348.0,2025-07-04,2025-07-13,upi,21548.22,430.96,77.57,21039.69,settled,False
1144,PAY0001144,1349.0,2025-07-11,2025-07-18,ota_collect,1129.59,22.59,4.07,1102.93,settled,False
1145,PAY0001145,1350.0,2025-07-09,2025-08-08,upi,16434.48,328.69,59.16,16046.63,settled,False
1146,PAY0001146,1352.0,2025-07-11,2025-07-26,ota_collect,3918.75,78.38,14.11,3826.26,settled,False
1147,PAY0001147,1353.0,2025-07-04,2025-07-13,cash,13509.20,0.00,0.00,13509.20,settled,False
1148,PAY0001148,1355.0,2025-07-01,2025-07-16,cash,17637.68,0.00,0.00,17637.68,settled,False
1149,PAY0001149,1356.0,2025-07-01,2025-07-03,upi,26495.64,529.91,95.38,25870.35,settled,False
1150,PAY0001150,1357.0,2025-07-13,2025-07-13,card,15745.23,314.90,56.68,15373.65,settled,False
1151,PAY0001151,1358.0,2025-07-07,2025-07-16,ota_collect,4718.10,94.36,16.98,4606.76,settled,False
1152,PAY0001152,1359.0,2025-07-14,2025-07-14,upi,3309.33,66.19,11.91,3231.23,settled,False
1153,PAY0001153,1360.0,2025-07-07,2025-07-16,upi,3850.44,77.01,13.86,3759.57,settled,False
1154,PAY0001154,1361.0,2025-06-21,2025-07-06,card,6183.88,123.68,22.26,6037.94,settled,False
1155,PAY0001155,1362.0,2025-07-07,2025-07-09,ota_collect,9120.86,182.42,32.84,8905.60,settled,False
1156,PAY0001156,1363.0,2025-07-06,2025-08-05,card,36039.36,720.79,129.74,35188.83,settled,False
1157,PAY0001157,1364.0,2025-07-14,2025-07-21,wallet,1159.13,23.18,4.17,1131.78,settled,False
1158,PAY0001158,1365.0,2025-06-04,2025-07-04,upi,41297.00,825.94,148.67,40322.39,settled,False
1159,PAY0001159,1366.0,2025-07-11,2025-08-10,card,63851.76,1277.04,229.87,62344.85,settled,False
1160,PAY0001160,1367.0,2025-07-03,2025-07-05,card,21989.70,439.79,79.16,21470.75,settled,False
1161,PAY0001161,1368.0,2025-06-30,2025-07-09,upi,17890.83,357.82,64.41,17468.60,settled,False
1162,PAY0001162,1369.0,2025-06-11,2025-06-20,upi,29432.20,588.64,105.96,28737.60,settled,False
1163,PAY0001163,1370.0,2025-07-04,2025-07-13,card,7452.15,149.04,26.83,7276.28,settled,False
1164,PAY0001164,1371.0,2025-06-27,2025-07-27,card,4128.95,82.58,14.86,4031.51,settled,False
1165,PAY0001165,1372.0,2025-03-17,2025-03-18,cash,4775.99,0.00,0.00,4775.99,settled,False
1166,PAY0001166,1373.0,2025-07-11,2025-07-20,ota_collect,4901.46,98.03,17.65,4785.78,settled,False
1167,PAY0001167,1374.0,2025-07-15,2025-07-22,netbanking,1169.90,23.40,4.21,1142.29,settled,False
1168,PAY0001168,1375.0,2025-07-12,2025-08-11,upi,33562.35,671.25,120.82,32770.28,settled,False
1169,PAY0001169,1376.0,2025-06-24,2025-07-09,card,12526.86,250.54,45.10,12231.22,settled,False
1170,PAY0001170,1377.0,2025-06-08,2025-06-23,ota_collect,4189.71,83.79,15.08,4090.84,settled,False
1171,PAY0001171,1379.0,2025-07-04,2025-07-19,ota_collect,19657.63,393.15,70.77,19193.71,settled,False
1172,PAY0001172,1381.0,2025-07-03,2025-08-02,card,16686.54,333.73,60.07,16292.74,settled,False
1173,PAY0001173,1383.0,2025-07-14,2025-07-29,upi,5582.83,111.66,20.10,5451.07,settled,False
1174,PAY0001174,1384.0,2025-07-11,2025-07-13,upi,25132.45,502.65,90.48,24539.32,settled,False
1175,PAY0001175,1385.0,2025-07-05,2025-08-04,card,10373.92,207.48,37.35,10129.09,settled,False
1176,PAY0001176,1386.0,2025-07-14,2025-08-13,ota_collect,46422.43,928.45,167.12,45326.86,settled,False
1177,PAY0001177,1387.0,2025-07-08,2025-07-23,card,4919.57,98.39,17.71,4803.47,settled,False
1178,PAY0001178,1388.0,2025-07-11,2025-08-10,card,4027.35,80.55,14.50,3932.30,settled,False
1179,PAY0001179,1389.0,2025-07-10,2025-07-25,ota_collect,5945.21,118.90,21.40,5804.91,settled,False
1180,PAY0001180,1390.0,2025-07-06,2025-07-08,ota_collect,4109.75,82.20,14.80,4012.75,settled,False
1181,PAY0001181,1391.0,2025-07-12,2025-07-27,netbanking,8648.98,172.98,31.14,8444.86,settled,False
1182,PAY0001182,1392.0,2025-06-21,2025-06-23,ota_collect,4429.81,88.60,15.95,4325.26,settled,False
1183,PAY0001183,1394.0,2025-07-15,2025-08-14,upi,36055.25,721.11,129.80,35204.34,settled,False
1184,PAY0001184,1395.0,2025-07-07,2025-07-16,upi,11919.33,238.39,42.91,11638.03,settled,False
1185,PAY0001185,1396.0,2025-07-08,2025-07-17,netbanking,11022.22,220.44,39.68,10762.10,settled,False
1186,PAY0001186,1397.0,2025-07-09,2025-08-08,upi,5474.52,109.49,19.71,5345.32,settled,False
1187,PAY0001187,1398.0,2025-07-09,2025-08-08,upi,15738.81,314.78,56.66,15367.37,settled,False
1188,PAY0001188,1399.0,2025-07-10,2025-07-19,card,17318.52,346.37,62.35,16909.80,settled,False
1189,PAY0001189,1400.0,2025-07-11,2025-07-13,ota_collect,17701.30,354.03,63.73,17283.54,settled,False
1190,PAY0001190,1401.0,2025-07-10,2025-07-11,ota_collect,6621.70,132.43,23.84,6465.43,settled,False
1191,PAY0001191,1402.0,2025-07-13,2025-07-28,netbanking,4133.73,82.67,14.88,4036.18,settled,False
1192,PAY0001192,1403.0,2025-07-14,2025-07-16,ota_collect,60111.34,1202.23,216.40,58692.71,settled,False
1193,PAY0001193,1404.0,2025-07-01,2025-07-03,ota_collect,29800.37,596.01,107.28,29097.08,settled,False
1194,PAY0001194,1405.0,2025-07-08,2025-07-17,ota_collect,8442.86,168.86,30.39,8243.61,settled,False
1195,PAY0001195,1406.0,2025-07-12,2025-07-21,cash,4503.27,0.00,0.00,4503.27,settled,False
1196,PAY0001196,1407.0,2025-07-06,2025-07-21,wallet,7318.67,146.37,26.35,7145.95,settled,False
1197,PAY0001197,1409.0,2025-07-13,2025-07-28,upi,4242.11,84.84,15.27,4142.00,settled,False
1198,PAY0001198,1410.0,2025-07-17,2025-08-16,ota_collect,6823.68,136.47,24.56,6662.65,settled,False
1199,PAY0001199,1411.0,2025-06-09,2025-06-18,ota_collect,11169.00,223.38,40.21,10905.41,settled,False
1200,PAY0001200,1413.0,2025-07-01,2025-07-03,wallet,19665.73,393.31,70.80,19201.62,settled,False
1201,PAY0001201,1414.0,2025-06-21,2025-06-30,ota_collect,4271.34,85.43,15.38,4170.53,settled,False
1202,PAY0001202,1415.0,2025-07-09,2025-07-11,ota_collect,7608.24,152.16,27.39,7428.69,settled,False
1203,PAY0001203,1416.0,2025-07-15,2025-07-24,ota_collect,6278.10,125.56,22.60,6129.94,settled,False
1204,PAY0001204,1417.0,2025-07-14,2025-07-16,netbanking,40046.48,800.93,144.17,39101.38,settled,False
1205,PAY0001205,1418.0,2025-07-16,2025-07-31,ota_collect,4516.23,90.32,16.26,4409.65,settled,False
1206,PAY0001206,1420.0,2025-07-13,2025-07-15,card,15385.30,307.71,55.39,15022.20,settled,False
1207,PAY0001207,1421.0,2025-07-19,2025-07-21,netbanking,9513.50,190.27,34.25,9288.98,settled,False
1208,PAY0001208,1422.0,2025-07-20,2025-07-27,upi,1173.45,23.47,4.22,1145.76,settled,False
1209,PAY0001209,1423.0,2025-06-25,2025-06-26,card,3838.00,76.76,13.82,3747.42,settled,False
1210,PAY0001210,1424.0,2025-07-18,2025-08-02,cash,15365.86,0.00,0.00,15365.86,settled,False
1211,PAY0001211,1425.0,2025-07-18,2025-08-17,upi,8960.78,179.22,32.26,8749.30,settled,False
1212,PAY0001212,1426.0,2025-07-10,2025-08-09,upi,6961.98,139.24,25.06,6797.68,settled,False
1213,PAY0001213,1428.0,2025-07-17,2025-07-26,upi,4010.95,80.22,14.44,3916.29,settled,False
1214,PAY0001214,1429.0,2025-07-21,2025-07-28,card,1933.06,38.66,6.96,1887.44,settled,False
1215,PAY0001215,1431.0,2025-07-21,2025-07-28,netbanking,1028.05,20.56,3.70,1003.79,settled,False
1216,PAY0001216,1432.0,2025-07-18,2025-08-02,card,14880.60,297.61,53.57,14529.42,settled,False
1217,PAY0001217,1433.0,2025-06-21,2025-06-30,card,11373.83,227.48,40.95,11105.40,settled,False
1218,PAY0001218,1434.0,2025-07-16,2025-08-15,ota_collect,4190.81,83.82,15.09,4091.90,settled,False
1219,PAY0001219,1435.0,2025-07-13,2025-08-12,upi,6491.65,129.83,23.37,6338.45,settled,False
1220,PAY0001220,1436.0,2025-07-10,2025-07-25,upi,16710.56,334.21,60.16,16316.19,settled,False
1221,PAY0001221,1438.0,2025-07-20,2025-07-22,card,33852.24,677.04,121.87,33053.33,settled,False
1222,PAY0001222,1439.0,2025-07-02,2025-08-01,upi,35458.40,709.17,127.65,34621.58,settled,False
1223,PAY0001223,1440.0,2025-07-01,2025-07-31,upi,110668.00,2213.36,398.40,108056.24,settled,False
1224,PAY0001224,1441.0,2025-07-16,2025-07-17,upi,8475.30,169.51,30.51,8275.28,settled,False
1225,PAY0001225,1442.0,2025-06-23,2025-07-02,netbanking,20578.04,411.56,74.08,20092.40,settled,False
1226,PAY0001226,1443.0,2025-07-18,2025-07-27,ota_collect,4238.34,84.77,15.26,4138.31,settled,False
1227,PAY0001227,1444.0,2025-07-16,2025-07-25,upi,16476.15,329.52,59.31,16087.32,settled,False
1228,PAY0001228,1445.0,2025-07-20,2025-07-22,card,4421.42,88.43,15.92,4317.07,settled,False
1229,PAY0001229,1446.0,2025-07-21,2025-07-28,upi,1069.27,21.39,3.85,1044.03,settled,False
1230,PAY0001230,1447.0,2025-07-21,2025-07-21,card,6756.24,135.12,24.32,6596.80,settled,False
1231,PAY0001231,1448.0,2025-07-22,2025-07-22,card,11203.19,224.06,40.33,10938.80,settled,False
1232,PAY0001232,1451.0,2025-07-23,2025-07-23,ota_collect,4190.56,83.81,15.09,4091.66,settled,False
1233,PAY0001233,1452.0,2025-07-19,2025-07-21,card,3020.30,60.41,10.87,2949.02,settled,False
1234,PAY0001234,1453.0,2025-07-13,2025-08-12,upi,19063.50,381.27,68.63,18613.60,settled,False
1235,PAY0001235,1454.0,2025-07-11,2025-07-26,cash,4242.55,0.00,0.00,4242.55,settled,False
1236,PAY0001236,1455.0,2025-07-17,2025-08-16,wallet,44896.10,897.92,161.63,43836.55,settled,False
1237,PAY0001237,1459.0,2025-07-22,2025-07-29,ota_collect,1363.18,27.26,4.91,1331.01,settled,False
1238,PAY0001238,1460.0,2025-07-23,2025-07-25,upi,35179.10,703.58,126.64,34348.88,settled,False
1239,PAY0001239,1461.0,2025-07-12,2025-07-14,upi,45119.03,902.38,162.43,44054.22,settled,False
1240,PAY0001240,1462.0,2025-07-20,2025-08-19,ota_collect,20301.65,406.03,73.09,19822.53,settled,False
1241,PAY0001241,1463.0,2025-07-17,2025-08-01,ota_collect,6164.41,123.29,22.19,6018.93,settled,False
1242,PAY0001242,1465.0,2025-07-06,2025-07-08,card,8249.90,165.00,29.70,8055.20,settled,False
1243,PAY0001243,1466.0,2025-07-14,2025-07-15,upi,8405.16,168.10,30.26,8206.80,settled,False
1244,PAY0001244,1467.0,2025-07-21,2025-08-05,wallet,14724.54,294.49,53.01,14377.04,settled,False
1245,PAY0001245,1468.0,2025-07-17,2025-07-19,card,3632.48,72.65,13.08,3546.75,settled,False
1246,PAY0001246,1469.0,2025-07-22,2025-08-06,upi,11132.25,222.65,40.08,10869.52,settled,False
1247,PAY0001247,1470.0,2025-07-16,2025-07-31,netbanking,4039.06,80.78,14.54,3943.74,settled,False
1248,PAY0001248,1471.0,2025-07-23,2025-08-22,netbanking,3232.27,64.65,11.64,3155.98,settled,False
1249,PAY0001249,1472.0,2025-07-25,2025-08-01,card,1319.26,26.39,4.75,1288.12,settled,False
1250,PAY0001250,1473.0,2025-07-10,2025-08-09,card,3336.56,66.73,12.01,3257.82,settled,False
1251,PAY0001251,1474.0,2025-07-25,2025-08-01,upi,1678.89,33.58,6.04,1639.27,settled,False
1252,PAY0001252,1475.0,2025-07-02,2025-07-11,upi,6443.20,128.86,23.19,6291.15,settled,False
1253,PAY0001253,1476.0,2025-07-21,2025-08-20,netbanking,6613.00,132.26,23.81,6456.93,settled,False
1254,PAY0001254,1478.0,2025-07-10,2025-07-19,card,3312.80,66.26,11.93,3234.61,settled,False
1255,PAY0001255,1479.0,2025-07-21,2025-08-05,ota_collect,3896.58,77.93,14.03,3804.62,settled,False
1256,PAY0001256,1480.0,2025-07-24,2025-07-31,card,1055.18,21.10,3.80,1030.28,settled,False
1257,PAY0001257,1481.0,2025-07-23,2025-08-07,upi,3536.01,70.72,12.73,3452.56,settled,False
1258,PAY0001258,1482.0,2025-07-20,2025-08-19,wallet,5047.89,100.96,18.17,4928.76,settled,False
1259,PAY0001259,1483.0,2025-06-04,2025-06-19,ota_collect,9948.00,198.96,35.81,9713.23,settled,False
1260,PAY0001260,1485.0,2025-07-27,2025-08-03,card,919.77,18.40,3.31,898.06,settled,False
1261,PAY0001261,1486.0,2025-07-11,2025-08-10,netbanking,14653.93,293.08,52.75,14308.10,settled,False
1262,PAY0001262,1487.0,2025-07-16,2025-08-15,upi,3174.80,63.50,11.43,3099.87,settled,False
1263,PAY0001263,1489.0,2025-07-13,2025-07-28,ota_collect,4046.93,80.94,14.57,3951.42,settled,False
1264,PAY0001264,1490.0,2025-06-22,2025-07-01,card,9529.52,190.59,34.31,9304.62,settled,False
1265,PAY0001265,1491.0,2025-07-25,2025-08-09,upi,4102.54,82.05,14.77,4005.72,settled,False
1266,PAY0001266,1492.0,2025-07-24,2025-08-23,ota_collect,6337.96,126.76,22.82,6188.38,settled,False
1267,PAY0001267,1493.0,2025-06-26,2025-06-27,cash,3511.14,0.00,0.00,3511.14,settled,False
1268,PAY0001268,1495.0,2025-07-24,2025-08-23,upi,31192.88,623.86,112.29,30456.73,settled,False
1269,PAY0001269,1497.0,2025-07-09,2025-07-11,card,28342.64,566.85,102.03,27673.76,settled,False
1270,PAY0001270,1498.0,2025-06-18,2025-07-18,wallet,7993.44,159.87,28.78,7804.79,settled,False
1271,PAY0001271,1499.0,2025-07-23,2025-08-22,card,4705.59,94.11,16.94,4594.54,settled,False
1272,PAY0001272,1500.0,2025-07-24,2025-07-31,card,1178.12,23.56,4.24,1150.32,settled,False
1273,PAY0001273,1501.0,2025-07-21,2025-08-20,card,30350.04,607.00,109.26,29633.78,settled,False
1274,PAY0001274,1502.0,2025-07-15,2025-08-14,card,3594.57,71.89,12.94,3509.74,settled,False
1275,PAY0001275,1503.0,2025-07-16,2025-07-18,upi,6814.64,136.29,24.53,6653.82,settled,False
1276,PAY0001276,1504.0,2025-07-21,2025-07-23,upi,13711.23,274.22,49.36,13387.65,settled,False
1277,PAY0001277,1506.0,2025-07-25,2025-07-27,card,32653.20,653.06,117.55,31882.59,settled,False
1278,PAY0001278,1507.0,2025-07-27,2025-08-03,wallet,1020.42,20.41,3.67,996.34,settled,False
1279,PAY0001279,1508.0,2025-07-29,2025-08-05,card,1314.48,26.29,4.73,1283.46,settled,False
1280,PAY0001280,1510.0,2025-07-11,2025-07-26,upi,4159.97,83.20,14.98,4061.79,settled,False
1281,PAY0001281,1511.0,2025-07-27,2025-08-26,card,65624.08,1312.48,236.25,64075.35,settled,False
1282,PAY0001282,1512.0,2025-07-12,2025-07-27,ota_collect,3512.76,70.26,12.65,3429.85,settled,False
1283,PAY0001283,1513.0,2025-07-21,2025-07-23,card,18402.04,368.04,66.25,17967.75,settled,False
1284,PAY0001284,1514.0,2025-07-22,2025-08-06,upi,10945.86,218.92,39.41,10687.53,settled,False
1285,PAY0001285,1515.0,2025-07-29,2025-08-05,upi,1523.12,30.46,5.48,1487.18,settled,False
1286,PAY0001286,1516.0,2025-07-28,2025-08-27,cash,4831.42,0.00,0.00,4831.42,settled,False
1287,PAY0001287,1517.0,2025-07-12,2025-07-21,card,3654.58,73.09,13.16,3568.33,settled,False
1288,PAY0001288,1518.0,2025-06-29,2025-07-14,card,5167.22,103.34,18.60,5045.28,settled,False
1289,PAY0001289,1519.0,2025-07-22,2025-07-24,upi,8831.08,176.62,31.79,8622.67,settled,False
1290,PAY0001290,1520.0,2025-07-17,2025-08-01,upi,26279.20,525.58,94.60,25659.02,settled,False
1291,PAY0001291,1521.0,2025-07-27,2025-08-11,upi,11029.44,220.59,39.71,10769.14,settled,False
1292,PAY0001292,1522.0,2025-07-25,2025-08-24,card,5538.21,110.76,19.94,5407.51,settled,False
1293,PAY0001293,1523.0,2025-07-26,2025-08-25,upi,6327.29,126.55,22.78,6177.96,settled,False
1294,PAY0001294,1524.0,2025-06-16,2025-06-18,upi,30820.16,616.40,110.95,30092.81,settled,False
1295,PAY0001295,1526.0,2025-07-29,2025-08-05,upi,1388.65,27.77,5.00,1355.88,settled,False
1296,PAY0001296,1528.0,2025-07-16,2025-07-25,ota_collect,6742.93,134.86,24.27,6583.80,settled,False
1297,PAY0001297,1529.0,2025-07-20,2025-08-19,upi,32716.49,654.33,117.78,31944.38,settled,False
1298,PAY0001298,1530.0,2025-07-15,2025-07-30,upi,13605.04,272.10,48.98,13283.96,settled,False
1299,PAY0001299,1531.0,2025-07-25,2025-07-27,ota_collect,11040.23,220.80,39.74,10779.69,settled,False
1300,PAY0001300,1532.0,2025-07-22,2025-08-06,ota_collect,4006.25,80.12,14.42,3911.71,settled,False
1301,PAY0001301,1533.0,2025-07-28,2025-07-30,card,16267.24,325.34,58.56,15883.34,settled,False
1302,PAY0001302,1534.0,2025-07-20,2025-08-19,upi,4863.39,97.27,17.51,4748.61,settled,False
1303,PAY0001303,1535.0,2025-07-13,2025-08-12,upi,22770.51,455.41,81.97,22233.13,settled,False
1304,PAY0001304,1536.0,2025-07-24,2025-08-08,netbanking,30776.32,615.53,110.80,30049.99,settled,False
1305,PAY0001305,1537.0,2025-07-22,2025-07-24,ota_collect,5415.34,108.31,19.50,5287.53,settled,False
1306,PAY0001306,1538.0,2025-07-24,2025-07-26,ota_collect,6968.31,139.37,25.09,6803.85,settled,False
1307,PAY0001307,1539.0,2025-07-09,2025-07-11,cash,6580.62,0.00,0.00,6580.62,settled,False
1308,PAY0001308,,2025-07-26,2025-08-10,upi,8029.42,160.59,28.91,7839.92,settled,True
1309,PAY0001309,1541.0,2025-07-27,2025-07-29,card,10512.64,210.25,37.84,10264.55,settled,False
1310,PAY0001310,1542.0,2025-07-26,2025-08-25,cash,28181.20,0.00,0.00,28181.20,settled,False
1311,PAY0001311,1543.0,2025-07-27,2025-08-05,ota_collect,4163.60,83.27,14.99,4065.34,settled,False
1312,PAY0001312,1544.0,2025-07-23,2025-08-22,ota_collect,27342.48,546.85,98.43,26697.20,settled,False
1313,PAY0001313,1545.0,2025-07-08,2025-07-23,card,14010.92,280.22,50.44,13680.26,settled,False
1314,PAY0001314,1546.0,2025-07-24,2025-08-08,ota_collect,14706.57,294.13,52.94,14359.50,settled,False
1315,PAY0001315,1547.0,2025-07-21,2025-08-20,card,25892.85,517.86,93.21,25281.78,settled,False
1316,PAY0001316,1548.0,2025-07-24,2025-08-02,card,8805.64,176.11,31.70,8597.83,settled,False
1317,PAY0001317,1549.0,2025-07-30,2025-07-30,card,6805.50,136.11,24.50,6644.89,settled,False
1318,PAY0001318,1550.0,2025-07-25,2025-08-09,card,8083.48,161.67,29.10,7892.71,settled,False
1319,PAY0001319,1551.0,2025-07-27,2025-07-29,ota_collect,25315.79,506.32,91.14,24718.33,settled,False
1320,PAY0001320,1552.0,2025-07-28,2025-08-12,netbanking,4149.12,82.98,14.94,4051.20,settled,False
1321,PAY0001321,1553.0,2025-07-24,2025-08-08,upi,16864.59,337.29,60.71,16466.59,settled,False
1322,PAY0001322,1554.0,2025-07-17,2025-07-26,upi,6295.31,125.91,22.66,6146.74,settled,False
1323,PAY0001323,1555.0,2025-08-04,2025-08-11,ota_collect,1410.71,28.21,5.08,1377.42,settled,False
1324,PAY0001324,1556.0,2025-07-22,2025-08-06,ota_collect,5110.20,102.20,18.40,4989.60,settled,False
1325,PAY0001325,1557.0,2025-07-22,2025-07-24,ota_collect,4257.09,85.14,15.33,4156.62,settled,False
1326,PAY0001326,1558.0,2025-07-17,2025-08-16,card,3900.42,78.01,14.04,3808.37,settled,False
1327,PAY0001327,1559.0,2025-07-26,2025-07-28,netbanking,8627.30,172.55,31.06,8423.69,settled,False
1328,PAY0001328,1560.0,2025-07-30,2025-08-29,ota_collect,18752.20,375.04,67.51,18309.65,settled,False
1329,PAY0001329,1561.0,2025-07-23,2025-08-22,ota_collect,21699.10,433.98,78.12,21187.00,settled,False
1330,PAY0001330,1562.0,2025-06-04,2025-06-05,card,3533.18,70.66,12.72,3449.80,settled,False
1331,PAY0001331,1563.0,2025-07-15,2025-07-17,card,13482.93,269.66,48.54,13164.73,settled,False
1332,PAY0001332,1564.0,2025-07-26,2025-08-25,upi,8908.98,178.18,32.07,8698.73,settled,False
1333,PAY0001333,1565.0,2025-08-01,2025-08-16,netbanking,8117.27,162.35,29.22,7925.70,settled,False
1334,PAY0001334,1566.0,2025-06-27,2025-07-06,ota_collect,20986.68,419.73,75.55,20491.40,settled,False
1335,PAY0001335,1567.0,2025-08-02,2025-08-04,card,5123.07,102.46,18.44,5002.17,settled,False
1336,PAY0001336,1568.0,2025-07-19,2025-08-03,ota_collect,4219.93,84.40,15.19,4120.34,settled,False
1337,PAY0001337,1569.0,2025-06-08,2025-07-08,card,5317.19,106.34,19.14,5191.71,settled,False
1338,PAY0001338,1570.0,2025-07-29,2025-07-31,ota_collect,7324.26,146.49,26.37,7151.40,settled,False
1339,PAY0001339,1571.0,2025-07-26,2025-08-25,upi,4156.66,83.13,14.96,4058.57,settled,False
1340,PAY0001340,1572.0,2025-07-19,2025-08-03,upi,23115.76,462.32,83.22,22570.22,settled,False
1341,PAY0001341,1573.0,2025-07-17,2025-08-16,upi,14439.80,288.80,51.98,14099.02,settled,False
1342,PAY0001342,1574.0,2025-08-02,2025-09-01,card,13696.02,273.92,49.31,13372.79,settled,False
1343,PAY0001343,1575.0,2025-08-02,2025-08-04,card,19776.81,395.54,71.20,19310.07,settled,False
1344,PAY0001344,1576.0,2025-08-06,2025-08-13,card,998.92,19.98,3.60,975.34,settled,False
1345,PAY0001345,1577.0,2025-08-06,2025-08-06,card,15673.65,313.47,56.42,15303.76,settled,False
1346,PAY0001346,1578.0,2025-06-07,2025-06-09,netbanking,20126.22,402.52,72.45,19651.25,settled,False
1347,PAY0001347,1579.0,2025-07-24,2025-08-23,card,9196.10,183.92,33.11,8979.07,settled,False
1348,PAY0001348,1580.0,2025-07-22,2025-07-23,card,35361.91,707.24,127.30,34527.37,settled,False
1349,PAY0001349,1582.0,2025-08-05,2025-08-12,netbanking,1261.26,25.23,4.54,1231.49,settled,False
1350,PAY0001350,1583.0,2025-08-06,2025-08-13,upi,1248.92,24.98,4.50,1219.44,settled,False
1351,PAY0001351,1585.0,2025-07-20,2025-08-19,ota_collect,4302.95,86.06,15.49,4201.40,settled,False
1352,PAY0001352,1587.0,2025-04-29,2025-05-14,upi,4175.68,83.51,15.03,4077.14,settled,False
1353,PAY0001353,1588.0,2025-07-27,2025-08-05,card,35004.05,700.08,126.01,34177.96,settled,False
1354,PAY0001354,1589.0,2025-07-31,2025-08-15,card,20469.00,409.38,73.69,19985.93,settled,False
1355,PAY0001355,1590.0,2025-08-07,2025-08-09,ota_collect,4362.54,87.25,15.71,4259.58,settled,False
1356,PAY0001356,1591.0,2025-08-01,2025-08-16,ota_collect,14776.47,295.53,53.20,14427.74,settled,False
1357,PAY0001357,1592.0,2025-08-05,2025-09-04,upi,13484.67,269.69,48.54,13166.44,settled,False
1358,PAY0001358,1594.0,2025-07-28,2025-08-06,upi,8958.84,179.18,32.25,8747.41,settled,False
1359,PAY0001359,1595.0,2025-08-02,2025-08-04,ota_collect,3338.47,66.77,12.02,3259.68,settled,False
1360,PAY0001360,1596.0,2025-07-29,2025-08-13,wallet,12600.84,252.02,45.36,12303.46,settled,False
1361,PAY0001361,1597.0,2025-07-14,2025-08-13,upi,7542.58,150.85,27.15,7364.58,settled,False
1362,PAY0001362,1598.0,2025-08-06,2025-09-05,ota_collect,60640.92,1212.82,218.31,59209.79,settled,False
1363,PAY0001363,1599.0,2025-07-20,2025-07-29,ota_collect,8879.12,177.58,31.96,8669.58,settled,False
1364,PAY0001364,1600.0,2025-07-25,2025-08-24,upi,7201.62,144.03,25.93,7031.66,settled,False
1365,PAY0001365,1601.0,2025-08-06,2025-08-08,ota_collect,15850.37,317.01,57.06,15476.30,settled,False
1366,PAY0001366,1602.0,2025-08-07,2025-08-14,upi,1690.75,33.81,6.09,1650.85,settled,False
1367,PAY0001367,1604.0,2025-08-03,2025-08-05,ota_collect,30613.12,612.26,110.21,29890.65,settled,False
1368,PAY0001368,1605.0,2025-08-08,2025-08-10,upi,3556.06,71.12,12.80,3472.14,settled,False
1369,PAY0001369,1606.0,2025-08-04,2025-08-13,card,10801.73,216.03,38.89,10546.81,settled,False
1370,PAY0001370,1607.0,2025-08-07,2025-08-22,upi,3663.41,73.27,13.19,3576.95,settled,False
1371,PAY0001371,1609.0,2025-08-05,2025-08-20,wallet,10499.93,210.00,37.80,10252.13,settled,False
1372,PAY0001372,1610.0,2025-07-31,2025-08-15,upi,3239.72,64.79,11.66,3163.27,settled,False
1373,PAY0001373,1612.0,2025-08-04,2025-08-19,upi,21100.72,422.01,75.96,20602.75,settled,False
1374,PAY0001374,1613.0,2025-08-07,2025-08-09,ota_collect,13361.77,267.24,48.10,13046.43,settled,False
1375,PAY0001375,1614.0,2025-08-07,2025-09-06,ota_collect,26670.28,533.41,96.01,26040.86,settled,False
1376,PAY0001376,1615.0,2025-08-08,2025-08-10,upi,3094.28,61.89,11.14,3021.25,settled,False
1377,PAY0001377,1616.0,2025-08-03,2025-09-02,ota_collect,6946.68,138.93,25.01,6782.74,settled,False
1378,PAY0001378,1618.0,2025-08-02,2025-09-01,netbanking,102619.65,2052.39,369.43,100197.83,settled,False
1379,PAY0001379,1619.0,2025-08-04,2025-08-19,upi,22793.40,455.87,82.06,22255.47,settled,False
1380,PAY0001380,1620.0,2025-08-12,2025-08-12,netbanking,7451.83,149.04,26.83,7275.96,settled,False
1381,PAY0001381,1621.0,2025-07-28,2025-08-12,upi,6612.46,132.25,23.80,6456.41,settled,False
1382,PAY0001382,1622.0,2025-08-02,2025-08-04,upi,4969.73,99.39,17.89,4852.45,settled,False
1383,PAY0001383,1623.0,2025-08-09,2025-09-08,ota_collect,40441.99,808.84,145.59,39487.56,settled,False
1384,PAY0001384,1625.0,2025-08-11,2025-08-18,upi,1123.25,22.46,4.04,1096.75,settled,False
1385,PAY0001385,1626.0,2025-07-30,2025-07-31,wallet,16325.40,326.51,58.77,15940.12,settled,False
1386,PAY0001386,1627.0,2025-08-08,2025-08-23,upi,15651.33,313.03,56.35,15281.95,settled,False
1387,PAY0001387,1628.0,2025-08-10,2025-08-12,netbanking,17818.00,356.36,64.14,17397.50,settled,False
1388,PAY0001388,1629.0,2025-08-07,2025-09-06,upi,4671.76,93.44,16.82,4561.50,settled,False
1389,PAY0001389,1630.0,2025-07-15,2025-08-14,wallet,6824.96,136.50,24.57,6663.89,settled,False
1390,PAY0001390,1631.0,2025-06-29,2025-07-14,upi,3690.86,73.82,13.29,3603.75,settled,False
1391,PAY0001391,1633.0,2025-07-30,2025-08-08,upi,7452.90,149.06,26.83,7277.01,settled,False
1392,PAY0001392,1634.0,2025-08-07,2025-08-09,upi,3032.21,60.64,10.92,2960.65,settled,False
1393,PAY0001393,1637.0,2025-08-04,2025-09-03,upi,8681.68,173.63,31.25,8476.80,settled,False
1394,PAY0001394,1638.0,2025-08-06,2025-08-08,card,37888.66,757.77,136.40,36994.49,settled,False
1395,PAY0001395,1639.0,2025-08-10,2025-08-25,ota_collect,12821.67,256.43,46.16,12519.08,settled,False
1396,PAY0001396,1640.0,2025-08-11,2025-08-13,card,32764.69,655.29,117.95,31991.45,settled,False
1397,PAY0001397,1641.0,2025-08-10,2025-09-09,upi,14772.00,295.44,53.18,14423.38,settled,False
1398,PAY0001398,1642.0,2025-08-10,2025-09-09,upi,10635.64,212.71,38.29,10384.64,settled,False
1399,PAY0001399,1643.0,2025-08-12,2025-08-27,ota_collect,13830.48,276.61,49.79,13504.08,settled,False
1400,PAY0001400,1644.0,2025-07-17,2025-08-01,ota_collect,12111.51,242.23,43.60,11825.68,settled,False
1401,PAY0001401,1645.0,2025-07-28,2025-08-06,ota_collect,3783.26,75.67,13.62,3693.97,settled,False
1402,PAY0001402,1647.0,2025-08-02,2025-09-01,card,51603.48,1032.07,185.77,50385.64,settled,False
1403,PAY0001403,1648.0,2025-07-28,2025-07-30,upi,3666.77,73.34,13.20,3580.23,settled,False
1404,PAY0001404,1649.0,2025-08-03,2025-08-12,card,34986.05,699.72,125.95,34160.38,settled,False
1405,PAY0001405,1650.0,2025-07-28,2025-08-27,upi,3929.45,78.59,14.15,3836.71,settled,False
1406,PAY0001406,1651.0,2025-08-01,2025-08-03,ota_collect,10099.08,201.98,36.36,9860.74,settled,False
1407,PAY0001407,1652.0,2025-08-13,2025-09-12,ota_collect,7297.06,145.94,26.27,7124.85,settled,False
1408,PAY0001408,1653.0,2025-08-10,2025-09-09,ota_collect,71289.93,1425.80,256.64,69607.49,settled,False
1409,PAY0001409,1654.0,2025-07-30,2025-08-14,upi,6934.39,138.69,24.96,6770.74,settled,False
1410,PAY0001410,1655.0,2025-08-10,2025-08-19,upi,8608.82,172.18,30.99,8405.65,settled,False
1411,PAY0001411,1656.0,2025-08-06,2025-08-21,ota_collect,17584.45,351.69,63.30,17169.46,settled,False
1412,PAY0001412,1657.0,2025-08-14,2025-08-21,ota_collect,945.86,18.92,3.41,923.53,settled,False
1413,PAY0001413,1658.0,2025-08-12,2025-09-11,netbanking,38931.93,778.64,140.16,38013.13,settled,False
1414,PAY0001414,1659.0,2025-08-14,2025-08-16,ota_collect,15420.00,308.40,55.51,15056.09,settled,False
1415,PAY0001415,1660.0,2025-08-11,2025-08-13,upi,8336.06,166.72,30.01,8139.33,settled,False
1416,PAY0001416,1661.0,2025-08-07,2025-09-06,card,77583.87,1551.68,279.30,75752.89,settled,False
1417,PAY0001417,1663.0,2025-08-13,2025-08-15,card,14788.14,295.76,53.24,14439.14,settled,False
1418,PAY0001418,1664.0,2025-08-14,2025-08-21,ota_collect,1122.75,22.46,4.04,1096.25,settled,False
1419,PAY0001419,1665.0,2025-08-04,2025-08-19,upi,12827.34,256.55,46.18,12524.61,settled,False
1420,PAY0001420,1666.0,2025-08-08,2025-08-10,ota_collect,35946.22,718.92,129.41,35097.89,settled,False
1421,PAY0001421,1667.0,2025-08-10,2025-08-25,card,3016.73,60.33,10.86,2945.54,settled,False
1422,PAY0001422,1668.0,2025-08-08,2025-08-09,cash,20453.05,0.00,0.00,20453.05,settled,False
1423,PAY0001423,1670.0,2025-07-30,2025-08-08,upi,5043.49,100.87,18.16,4924.46,settled,False
1424,PAY0001424,1671.0,2025-08-05,2025-09-04,card,32476.03,649.52,116.91,31709.60,settled,False
1425,PAY0001425,1672.0,2025-04-18,2025-04-19,netbanking,4276.31,85.53,15.40,4175.38,settled,False
1426,PAY0001426,,2025-08-13,2025-09-12,ota_collect,3546.94,70.94,12.77,3463.23,settled,True
1427,PAY0001427,1674.0,2025-07-19,2025-08-18,upi,3405.61,68.11,12.26,3325.24,settled,False
1428,PAY0001428,1675.0,2025-08-04,2025-08-06,ota_collect,8113.82,162.28,29.21,7922.33,settled,False
1429,PAY0001429,1677.0,2025-08-17,2025-08-17,ota_collect,8985.03,179.70,32.35,8772.98,settled,False
1430,PAY0001430,1678.0,2025-07-10,2025-07-11,upi,25058.57,501.17,90.21,24467.19,settled,False
1431,PAY0001431,1679.0,2025-08-06,2025-08-15,upi,10655.66,213.11,38.36,10404.19,settled,False
1432,PAY0001432,1680.0,2025-08-13,2025-08-15,upi,20122.08,402.44,72.44,19647.20,settled,False
1433,PAY0001433,1681.0,2025-08-08,2025-08-10,ota_collect,4589.06,91.78,16.52,4480.76,settled,False
1434,PAY0001434,1682.0,2025-08-07,2025-09-06,upi,125344.61,2506.89,451.24,122386.48,settled,False
1435,PAY0001435,1683.0,2025-08-13,2025-08-15,ota_collect,15202.95,304.06,54.73,14844.16,settled,False
1436,PAY0001436,1684.0,2025-08-13,2025-08-15,netbanking,3727.08,74.54,13.42,3639.12,settled,False
1437,PAY0001437,1686.0,2025-08-17,2025-08-19,upi,30562.69,611.25,110.02,29841.42,settled,False
1438,PAY0001438,1687.0,2025-08-17,2025-08-24,card,1286.97,25.74,4.63,1256.60,settled,False
1439,PAY0001439,1688.0,2025-08-16,2025-08-31,wallet,4630.14,92.60,16.67,4520.87,settled,False
1440,PAY0001440,1689.0,2025-07-23,2025-07-24,upi,3353.64,67.07,12.07,3274.50,settled,False
1441,PAY0001441,1691.0,2025-07-27,2025-08-05,ota_collect,6904.42,138.09,24.86,6741.47,settled,False
1442,PAY0001442,1692.0,2025-08-10,2025-09-09,card,22223.48,444.47,80.00,21699.01,settled,False
1443,PAY0001443,1693.0,2025-08-10,2025-08-12,card,10713.51,214.27,38.57,10460.67,settled,False
1444,PAY0001444,1694.0,2025-07-30,2025-08-29,cash,13527.24,0.00,0.00,13527.24,settled,False
1445,PAY0001445,1695.0,2025-08-13,2025-08-15,upi,21792.40,435.85,78.45,21278.10,settled,False
1446,PAY0001446,1696.0,2025-08-16,2025-09-15,ota_collect,4343.89,86.88,15.64,4241.37,settled,False
1447,PAY0001447,1697.0,2025-07-23,2025-08-01,upi,21679.48,433.59,78.05,21167.84,settled,False
1448,PAY0001448,1698.0,2025-08-13,2025-08-28,ota_collect,4220.00,84.40,15.19,4120.41,settled,False
1449,PAY0001449,1699.0,2025-08-09,2025-08-10,wallet,22179.80,443.60,79.85,21656.35,settled,False
1450,PAY0001450,1700.0,2025-08-15,2025-08-30,netbanking,7594.39,151.89,27.34,7415.16,settled,False
1451,PAY0001451,1701.0,2025-07-27,2025-08-11,card,11086.35,221.73,39.91,10824.71,settled,False
1452,PAY0001452,1702.0,2025-08-06,2025-08-21,upi,8722.34,174.45,31.40,8516.49,settled,False
1453,PAY0001453,1703.0,2025-08-19,2025-08-26,netbanking,1198.77,23.98,4.32,1170.47,settled,False
1454,PAY0001454,1704.0,2025-08-11,2025-08-26,upi,4255.06,85.10,15.32,4154.64,settled,False
1455,PAY0001455,1705.0,2025-08-15,2025-08-17,upi,8728.40,174.57,31.42,8522.41,settled,False
1456,PAY0001456,,2025-07-22,2025-07-23,ota_collect,18903.33,378.07,68.05,18457.21,settled,True
1457,PAY0001457,1708.0,2025-08-19,2025-08-26,ota_collect,1232.79,24.66,4.44,1203.69,settled,False
1458,PAY0001458,1709.0,2025-08-12,2025-08-13,ota_collect,14311.20,286.22,51.52,13973.46,settled,False
1459,PAY0001459,1710.0,2025-08-20,2025-08-22,upi,11136.08,222.72,40.09,10873.27,settled,False
1460,PAY0001460,1711.0,2025-07-26,2025-08-04,netbanking,6515.09,130.30,23.45,6361.34,settled,False
1461,PAY0001461,1713.0,2025-08-17,2025-09-16,wallet,16473.21,329.46,59.30,16084.45,settled,False
1462,PAY0001462,1715.0,2025-08-21,2025-08-28,upi,1383.07,27.66,4.98,1350.43,settled,False
1463,PAY0001463,1716.0,2025-08-18,2025-08-20,upi,8534.14,170.68,30.72,8332.74,settled,False
1464,PAY0001464,1717.0,2025-08-20,2025-09-04,upi,6922.01,138.44,24.92,6758.65,settled,False
1465,PAY0001465,1719.0,2025-08-05,2025-08-06,card,3983.15,79.66,14.34,3889.15,settled,False
1466,PAY0001466,1721.0,2025-08-08,2025-08-17,card,4100.52,82.01,14.76,4003.75,settled,False
1467,PAY0001467,1722.0,2025-08-13,2025-08-22,card,27293.16,545.86,98.25,26649.05,settled,False
1468,PAY0001468,,2025-08-10,2025-08-19,upi,6556.92,131.14,23.61,6402.17,settled,True
1469,PAY0001469,1724.0,2025-08-05,2025-08-20,wallet,8301.13,166.02,29.88,8105.23,settled,False
1470,PAY0001470,1725.0,2025-08-01,2025-08-02,ota_collect,47092.20,941.84,169.53,45980.83,settled,False
1471,PAY0001471,1726.0,2025-08-15,2025-08-24,upi,3516.92,70.34,12.66,3433.92,settled,False
1472,PAY0001472,1727.0,2025-08-21,2025-08-23,card,4843.88,96.88,17.44,4729.56,settled,False
1473,PAY0001473,1728.0,2025-08-19,2025-09-18,netbanking,13571.40,271.43,48.86,13251.11,settled,False
1474,PAY0001474,1729.0,2025-08-06,2025-08-08,ota_collect,10619.18,212.38,38.23,10368.57,settled,False
1475,PAY0001475,1731.0,2025-08-11,2025-09-10,upi,9283.58,185.67,33.42,9064.49,settled,False
1476,PAY0001476,1732.0,2025-07-25,2025-07-26,wallet,5073.64,101.47,18.26,4953.91,settled,False
1477,PAY0001477,1733.0,2025-08-23,2025-08-30,ota_collect,1201.77,24.04,4.33,1173.40,settled,False
1478,PAY0001478,1734.0,2025-08-03,2025-08-12,ota_collect,7403.88,148.08,26.65,7229.15,settled,False
1479,PAY0001479,1736.0,2025-08-22,2025-09-21,wallet,46625.28,932.51,167.85,45524.92,settled,False
1480,PAY0001480,1737.0,2025-08-06,2025-08-15,upi,11943.33,238.87,43.00,11661.46,settled,False
1481,PAY0001481,1738.0,2025-08-08,2025-08-23,card,7691.06,153.82,27.69,7509.55,settled,False
1482,PAY0001482,1739.0,2025-08-22,2025-08-29,ota_collect,1750.96,35.02,6.30,1709.64,settled,False
1483,PAY0001483,1740.0,2025-08-21,2025-09-20,upi,21443.13,428.86,77.19,20937.08,settled,False
1484,PAY0001484,1741.0,2025-08-19,2025-08-28,upi,3919.59,78.39,14.11,3827.09,settled,False
1485,PAY0001485,1742.0,2025-08-07,2025-08-16,upi,4738.00,94.76,17.06,4626.18,settled,False
1486,PAY0001486,1743.0,2025-07-31,2025-08-09,ota_collect,8923.77,178.48,32.13,8713.16,settled,False
1487,PAY0001487,1744.0,2025-08-14,2025-08-16,upi,6780.28,135.61,24.41,6620.26,settled,False
1488,PAY0001488,1745.0,2025-08-17,2025-08-26,upi,9647.11,192.94,34.73,9419.44,settled,False
1489,PAY0001489,1746.0,2025-08-15,2025-08-30,ota_collect,30574.39,611.49,110.07,29852.83,settled,False
1490,PAY0001490,1747.0,2025-08-23,2025-09-22,ota_collect,16680.36,333.61,60.05,16286.70,settled,False
1491,PAY0001491,1748.0,2025-08-25,2025-09-01,card,1501.83,30.04,5.41,1466.38,settled,False
1492,PAY0001492,1749.0,2025-08-24,2025-09-23,ota_collect,13244.16,264.88,47.68,12931.60,settled,False
1493,PAY0001493,1750.0,2025-08-10,2025-08-12,upi,4966.05,99.32,17.88,4848.85,settled,False
1494,PAY0001494,1751.0,2025-08-21,2025-09-05,card,7995.90,159.92,28.79,7807.19,settled,False
1495,PAY0001495,,2025-08-05,2025-08-14,wallet,4944.21,98.88,17.80,4827.53,settled,True
1496,PAY0001496,1753.0,2025-08-18,2025-09-02,upi,8863.82,177.28,31.91,8654.63,settled,False
1497,PAY0001497,1754.0,2025-08-24,2025-08-31,ota_collect,1000.72,20.01,3.60,977.11,settled,False
1498,PAY0001498,1755.0,2025-08-17,2025-08-26,ota_collect,22546.85,450.94,81.17,22014.74,settled,False
1499,PAY0001499,1756.0,2025-08-25,2025-09-01,card,1845.21,36.90,6.64,1801.67,settled,False
1500,PAY0001500,1757.0,2025-08-25,2025-09-01,card,1220.00,24.40,4.39,1191.21,settled,False
1501,PAY0001501,1758.0,2025-08-25,2025-09-24,wallet,14624.25,292.49,52.65,14279.11,settled,False
1502,PAY0001502,1759.0,2025-07-20,2025-08-04,upi,30940.38,618.81,111.39,30210.18,settled,False
1503,PAY0001503,1760.0,2025-08-23,2025-09-22,upi,5277.47,105.55,19.00,5152.92,settled,False
1504,PAY0001504,1761.0,2025-08-21,2025-08-23,card,27698.75,553.98,99.72,27045.05,settled,False
1505,PAY0001505,1762.0,2025-08-23,2025-09-01,ota_collect,14815.61,296.31,53.34,14465.96,settled,False
1506,PAY0001506,1763.0,2025-08-19,2025-09-03,card,6355.31,127.11,22.88,6205.32,settled,False
1507,PAY0001507,1764.0,2025-08-17,2025-09-16,upi,9375.55,187.51,33.75,9154.29,settled,False
1508,PAY0001508,1765.0,2025-08-26,2025-09-02,upi,1026.32,20.53,3.70,1002.09,settled,False
1509,PAY0001509,1766.0,2025-08-14,2025-08-29,cash,4159.72,0.00,0.00,4159.72,settled,False
1510,PAY0001510,1767.0,2025-08-20,2025-08-29,ota_collect,6953.84,139.08,25.03,6789.73,settled,False
1511,PAY0001511,1768.0,2025-08-13,2025-09-12,ota_collect,53912.85,1078.26,194.09,52640.50,settled,False
1512,PAY0001512,1769.0,2025-08-25,2025-09-24,wallet,29761.56,595.23,107.14,29059.19,settled,False
1513,PAY0001513,1770.0,2025-08-21,2025-09-05,ota_collect,6961.64,139.23,25.06,6797.35,settled,False
1514,PAY0001514,1771.0,2025-08-14,2025-08-29,ota_collect,11314.35,226.29,40.73,11047.33,settled,False
1515,PAY0001515,1772.0,2025-08-19,2025-08-28,wallet,7058.03,141.16,25.41,6891.46,settled,False
1516,PAY0001516,1773.0,2025-06-29,2025-07-01,upi,8466.20,169.32,30.48,8266.40,settled,False
1517,PAY0001517,1774.0,2025-08-22,2025-08-31,wallet,3538.14,70.76,12.74,3454.64,settled,False
1518,PAY0001518,,2025-08-28,2025-09-04,upi,1284.47,25.69,4.62,1254.16,settled,True
1519,PAY0001519,1776.0,2025-08-03,2025-08-18,ota_collect,3667.87,73.36,13.20,3581.31,settled,False
1520,PAY0001520,1777.0,2025-08-26,2025-09-25,ota_collect,29279.04,585.58,105.40,28588.06,settled,False
1521,PAY0001521,1778.0,2025-08-28,2025-08-30,upi,16018.20,320.36,57.66,15640.18,settled,False
1522,PAY0001522,1779.0,2025-08-25,2025-09-03,upi,30590.34,611.81,110.13,29868.40,settled,False
1523,PAY0001523,1780.0,2025-08-19,2025-08-21,netbanking,9547.90,190.96,34.37,9322.57,settled,False
1524,PAY0001524,1781.0,2025-08-20,2025-09-19,card,31518.08,630.36,113.46,30774.26,settled,False
1525,PAY0001525,1782.0,2025-08-09,2025-08-24,upi,6975.61,139.51,25.11,6810.99,settled,False
1526,PAY0001526,1783.0,2025-08-26,2025-09-25,ota_collect,14397.24,287.94,51.83,14057.47,settled,False
1527,PAY0001527,1784.0,2025-08-09,2025-08-11,ota_collect,5161.89,103.24,18.58,5040.07,settled,False
1528,PAY0001528,,2025-08-22,2025-08-31,card,3506.85,70.14,12.63,3424.08,settled,True
1529,PAY0001529,1787.0,2025-08-18,2025-08-20,ota_collect,7682.34,153.65,27.66,7501.03,settled,False
1530,PAY0001530,1788.0,2025-08-29,2025-09-28,netbanking,29891.68,597.83,107.61,29186.24,settled,False
1531,PAY0001531,1789.0,2025-08-29,2025-09-28,ota_collect,17707.11,354.14,63.75,17289.22,settled,False
1532,PAY0001532,1790.0,2025-08-23,2025-08-25,upi,13500.52,270.01,48.60,13181.91,settled,False
1533,PAY0001533,1791.0,2025-08-28,2025-09-12,ota_collect,20201.65,404.03,72.73,19724.89,settled,False
1534,PAY0001534,1792.0,2025-08-22,2025-09-21,wallet,85336.15,1706.72,307.21,83322.22,settled,False
1535,PAY0001535,1793.0,2025-08-30,2025-09-29,cash,8247.80,0.00,0.00,8247.80,settled,False
1536,PAY0001536,1794.0,2025-08-28,2025-09-27,cash,3552.34,0.00,0.00,3552.34,settled,False
1537,PAY0001537,1795.0,2025-08-21,2025-09-05,ota_collect,3680.44,73.61,13.25,3593.58,settled,False
1538,PAY0001538,1796.0,2025-08-25,2025-09-24,upi,9029.64,180.59,32.51,8816.54,settled,False
1539,PAY0001539,1797.0,2025-08-31,2025-09-07,upi,1744.22,34.88,6.28,1703.06,settled,False
1540,PAY0001540,1798.0,2025-08-26,2025-09-04,ota_collect,8053.08,161.06,28.99,7863.03,settled,False
1541,PAY0001541,1800.0,2025-08-20,2025-09-04,wallet,3403.78,68.08,12.25,3323.45,settled,False
1542,PAY0001542,1801.0,2025-08-16,2025-08-25,upi,4913.11,98.26,17.69,4797.16,settled,False
1543,PAY0001543,1802.0,2025-08-30,2025-09-06,upi,1294.58,25.89,4.66,1264.03,settled,False
1544,PAY0001544,1803.0,2025-08-02,2025-08-03,ota_collect,15821.10,316.42,56.96,15447.72,settled,False
1545,PAY0001545,1804.0,2025-08-27,2025-09-05,upi,4375.41,87.51,15.75,4272.15,settled,False
1546,PAY0001546,1805.0,2025-08-14,2025-08-29,upi,6275.75,125.52,22.59,6127.64,settled,False
1547,PAY0001547,1806.0,2025-08-15,2025-08-30,wallet,6919.19,138.38,24.91,6755.90,settled,False
1548,PAY0001548,1807.0,2025-08-27,2025-09-11,card,4147.69,82.95,14.93,4049.81,settled,False
1549,PAY0001549,1808.0,2025-07-25,2025-08-03,ota_collect,10718.52,214.37,38.59,10465.56,settled,False
1550,PAY0001550,1809.0,2025-09-01,2025-09-08,card,1174.99,23.50,4.23,1147.26,settled,False
1551,PAY0001551,1810.0,2025-09-03,2025-09-10,upi,1052.78,21.06,3.79,1027.93,settled,False
1552,PAY0001552,1811.0,2025-08-31,2025-09-15,netbanking,3947.60,78.95,14.21,3854.44,settled,False
1553,PAY0001553,1813.0,2025-08-24,2025-09-23,wallet,24447.59,488.95,88.01,23870.63,settled,False
1554,PAY0001554,1814.0,2025-08-27,2025-08-29,ota_collect,4452.03,89.04,16.03,4346.96,settled,False
1555,PAY0001555,1815.0,2025-08-29,2025-09-28,netbanking,30974.33,619.49,111.51,30243.33,settled,False
1556,PAY0001556,1816.0,2025-09-03,2025-09-10,ota_collect,1209.14,24.18,4.35,1180.61,settled,False
1557,PAY0001557,1817.0,2025-09-01,2025-09-10,netbanking,6921.75,138.44,24.92,6758.39,settled,False
1558,PAY0001558,1818.0,2025-08-29,2025-09-28,ota_collect,7413.35,148.27,26.69,7238.39,settled,False
1559,PAY0001559,1819.0,2025-08-22,2025-08-24,netbanking,3566.90,71.34,12.84,3482.72,settled,False
1560,PAY0001560,1820.0,2025-08-28,2025-09-27,card,9898.90,197.98,35.64,9665.28,settled,False
1561,PAY0001561,1821.0,2025-08-27,2025-09-05,card,8112.24,162.24,29.20,7920.80,settled,False
1562,PAY0001562,1822.0,2025-08-20,2025-08-29,upi,21541.29,430.83,77.55,21032.91,settled,False
1563,PAY0001563,1823.0,2025-08-26,2025-09-10,upi,3593.28,71.87,12.94,3508.47,settled,False
1564,PAY0001564,1824.0,2025-08-27,2025-08-29,card,7805.60,156.11,28.10,7621.39,settled,False
1565,PAY0001565,1826.0,2025-08-20,2025-09-04,card,5645.02,112.90,20.32,5511.80,settled,False
1566,PAY0001566,1827.0,2025-08-25,2025-08-27,card,12199.88,244.00,43.92,11911.96,settled,False
1567,PAY0001567,1828.0,2025-09-02,2025-09-02,card,3986.60,79.73,14.35,3892.52,settled,False
1568,PAY0001568,1829.0,2025-08-25,2025-09-03,card,5304.84,106.10,19.10,5179.64,settled,False
1569,PAY0001569,1830.0,2025-09-04,2025-09-11,upi,955.89,19.12,3.44,933.33,settled,False
1570,PAY0001570,1831.0,2025-08-21,2025-09-05,card,24379.74,487.59,87.77,23804.38,settled,False
1571,PAY0001571,1832.0,2025-09-02,2025-09-04,ota_collect,21052.44,421.05,75.79,20555.60,settled,False
1572,PAY0001572,1834.0,2025-05-07,2025-05-08,upi,8346.83,166.94,30.05,8149.84,settled,False
1573,PAY0001573,1835.0,2025-09-03,2025-09-10,card,1562.76,31.26,5.63,1525.87,settled,False
1574,PAY0001574,1836.0,2025-08-19,2025-08-21,netbanking,22908.78,458.18,82.47,22368.13,settled,False
1575,PAY0001575,1837.0,2025-09-04,2025-09-13,upi,11479.48,229.59,41.33,11208.56,settled,False
1576,PAY0001576,1838.0,2025-08-30,2025-09-14,ota_collect,4087.95,81.76,14.72,3991.47,settled,False
1577,PAY0001577,1839.0,2025-08-30,2025-09-01,cash,3975.99,0.00,0.00,3975.99,settled,False
1578,PAY0001578,1840.0,2025-08-23,2025-08-25,card,4257.95,85.16,15.33,4157.46,settled,False
1579,PAY0001579,1842.0,2025-09-05,2025-09-12,upi,1269.04,25.38,4.57,1239.09,settled,False
1580,PAY0001580,1843.0,2025-09-04,2025-10-04,ota_collect,4837.76,96.76,17.42,4723.58,settled,False
1581,PAY0001581,1844.0,2025-07-16,2025-07-17,upi,8682.82,173.66,31.26,8477.90,settled,False
1582,PAY0001582,1845.0,2025-08-30,2025-09-29,upi,6112.99,122.26,22.01,5968.72,settled,False
1583,PAY0001583,1846.0,2025-09-01,2025-10-01,card,3998.14,79.96,14.39,3903.79,settled,False
1584,PAY0001584,1847.0,2025-07-30,2025-08-29,ota_collect,3420.74,68.41,12.31,3340.02,settled,False
1585,PAY0001585,1848.0,2025-08-31,2025-09-15,ota_collect,4932.19,98.64,17.76,4815.79,settled,False
1586,PAY0001586,1849.0,2025-09-01,2025-09-16,upi,10247.67,204.95,36.89,10005.83,settled,False
1587,PAY0001587,1850.0,2025-08-29,2025-09-28,card,8791.42,175.83,31.65,8583.94,settled,False
1588,PAY0001588,1851.0,2025-09-02,2025-09-04,upi,3891.35,77.83,14.01,3799.51,settled,False
1589,PAY0001589,1852.0,2025-08-17,2025-09-16,ota_collect,9912.08,198.24,35.68,9678.16,settled,False
1590,PAY0001590,1853.0,2025-08-22,2025-08-31,card,13054.70,261.09,47.00,12746.61,settled,False
1591,PAY0001591,1854.0,2025-08-28,2025-09-12,card,21426.05,428.52,77.13,20920.40,settled,False
1592,PAY0001592,1855.0,2025-08-24,2025-09-08,upi,20858.65,417.17,75.09,20366.39,settled,False
1593,PAY0001593,1856.0,2025-09-01,2025-10-01,upi,19502.50,390.05,70.21,19042.24,settled,False
1594,PAY0001594,1857.0,2025-07-29,2025-08-07,ota_collect,4533.95,90.68,16.32,4426.95,settled,False
1595,PAY0001595,1858.0,2025-08-13,2025-08-22,upi,19912.32,398.25,71.69,19442.38,settled,False
1596,PAY0001596,1859.0,2025-07-27,2025-07-28,card,52955.68,1059.11,190.64,51705.93,settled,False
1597,PAY0001597,1860.0,2025-08-29,2025-09-13,card,8079.06,161.58,29.08,7888.40,settled,False
1598,PAY0001598,1863.0,2025-09-04,2025-09-19,card,13942.20,278.84,50.19,13613.17,settled,False
1599,PAY0001599,1864.0,2025-08-30,2025-09-29,upi,42724.49,854.49,153.81,41716.19,settled,False
1600,PAY0001600,1865.0,2025-09-02,2025-09-11,upi,4272.38,85.45,15.38,4171.55,settled,False
1601,PAY0001601,1866.0,2025-05-11,2025-05-12,card,3559.55,71.19,12.81,3475.55,settled,False
1602,PAY0001602,1867.0,2025-08-31,2025-09-09,upi,8032.84,160.66,28.92,7843.26,settled,False
1603,PAY0001603,1868.0,2025-08-30,2025-09-01,upi,8438.02,168.76,30.38,8238.88,settled,False
1604,PAY0001604,1869.0,2025-08-31,2025-09-15,netbanking,10049.78,201.00,36.18,9812.60,settled,False
1605,PAY0001605,1870.0,2025-08-14,2025-08-29,upi,20220.45,404.41,72.79,19743.25,settled,False
1606,PAY0001606,1871.0,2025-09-04,2025-09-06,upi,8280.50,165.61,29.81,8085.08,settled,False
1607,PAY0001607,1873.0,2025-09-04,2025-10-04,card,26417.30,528.35,95.10,25793.85,settled,False
1608,PAY0001608,1874.0,2025-08-31,2025-09-02,upi,8841.92,176.84,31.83,8633.25,settled,False
1609,PAY0001609,1875.0,2025-08-28,2025-09-12,ota_collect,3598.81,71.98,12.96,3513.87,settled,False
1610,PAY0001610,1876.0,2025-08-29,2025-08-31,netbanking,66943.26,1338.87,241.00,65363.39,settled,False
1611,PAY0001611,1877.0,2025-07-21,2025-07-22,upi,6614.91,132.30,23.81,6458.80,settled,False
1612,PAY0001612,1878.0,2025-09-01,2025-10-01,ota_collect,21421.02,428.42,77.12,20915.48,settled,False
1613,PAY0001613,1879.0,2025-09-03,2025-09-18,upi,4574.34,91.49,16.47,4466.38,settled,False
1614,PAY0001614,1880.0,2025-09-03,2025-09-04,upi,7468.52,149.37,26.89,7292.26,settled,False
1615,PAY0001615,1881.0,2025-09-03,2025-09-18,netbanking,20184.84,403.70,72.67,19708.47,settled,False
1616,PAY0001616,1882.0,2025-08-21,2025-09-05,card,3480.99,69.62,12.53,3398.84,settled,False
1617,PAY0001617,1883.0,2025-08-20,2025-08-29,wallet,37842.07,756.84,136.23,36949.00,settled,False
1618,PAY0001618,1885.0,2025-09-09,2025-09-16,card,990.99,19.82,3.57,967.60,settled,False
1619,PAY0001619,1887.0,2025-09-06,2025-09-21,ota_collect,22361.64,447.23,80.50,21833.91,settled,False
1620,PAY0001620,1890.0,2025-09-02,2025-10-02,upi,23412.70,468.25,84.28,22860.17,settled,False
1621,PAY0001621,1891.0,2025-09-08,2025-09-08,ota_collect,22697.00,453.94,81.71,22161.35,settled,False
1622,PAY0001622,1892.0,2025-09-04,2025-09-06,upi,18733.30,374.67,67.44,18291.19,settled,False
1623,PAY0001623,1893.0,2025-07-08,2025-07-17,card,13190.42,263.81,47.49,12879.12,settled,False
1624,PAY0001624,1894.0,2025-08-28,2025-08-30,upi,8522.20,170.44,30.68,8321.08,settled,False
1625,PAY0001625,1895.0,2025-09-08,2025-10-08,wallet,14875.24,297.50,53.55,14524.19,settled,False
1626,PAY0001626,1896.0,2025-09-07,2025-10-07,upi,13801.49,276.03,49.69,13475.77,settled,False
1627,PAY0001627,1897.0,2025-08-29,2025-09-13,ota_collect,8494.44,169.89,30.58,8293.97,settled,False
1628,PAY0001628,1898.0,2025-09-03,2025-09-05,card,4137.72,82.75,14.89,4040.08,settled,False
1629,PAY0001629,1899.0,2025-09-01,2025-09-16,ota_collect,10466.17,209.32,37.68,10219.17,settled,False
1630,PAY0001630,1900.0,2025-09-04,2025-09-11,upi,1453.68,29.07,5.23,1419.38,settled,False
1631,PAY0001631,1901.0,2025-09-03,2025-10-03,upi,34940.72,698.81,125.79,34116.12,settled,False
1632,PAY0001632,1902.0,2025-09-02,2025-10-02,card,16596.08,331.92,59.75,16204.41,settled,False
1633,PAY0001633,1904.0,2025-09-08,2025-10-08,ota_collect,4130.82,82.62,14.87,4033.33,settled,False
1634,PAY0001634,1905.0,2025-09-10,2025-09-17,wallet,900.56,18.01,3.24,879.31,settled,False
1635,PAY0001635,1906.0,2025-09-04,2025-09-19,card,13237.99,264.76,47.66,12925.57,settled,False
1636,PAY0001636,1907.0,2025-09-02,2025-10-02,card,29678.52,593.57,106.84,28978.11,settled,False
1637,PAY0001637,1908.0,2025-08-12,2025-08-14,wallet,6326.45,126.53,22.78,6177.14,settled,False
1638,PAY0001638,1909.0,2025-09-04,2025-09-19,upi,21688.21,433.76,78.08,21176.37,settled,False
1639,PAY0001639,1910.0,2025-08-13,2025-08-22,card,5005.55,100.11,18.02,4887.42,settled,False
1640,PAY0001640,1911.0,2025-08-20,2025-09-04,card,27502.98,550.06,99.01,26853.91,settled,False
1641,PAY0001641,1913.0,2025-09-05,2025-09-14,upi,17984.64,359.69,64.74,17560.21,settled,False
1642,PAY0001642,1914.0,2025-08-30,2025-08-31,ota_collect,69351.03,1387.02,249.66,67714.35,settled,False
1643,PAY0001643,1916.0,2025-09-11,2025-09-20,wallet,6242.43,124.85,22.47,6095.11,settled,False
1644,PAY0001644,1917.0,2025-09-08,2025-10-08,ota_collect,12107.91,242.16,43.59,11822.16,settled,False
1645,PAY0001645,1919.0,2025-09-04,2025-10-04,wallet,8441.71,168.83,30.39,8242.49,settled,False
1646,PAY0001646,1922.0,2025-09-12,2025-09-14,upi,3495.15,69.90,12.58,3412.67,settled,False
1647,PAY0001647,1923.0,2025-09-06,2025-10-06,netbanking,48500.40,970.01,174.60,47355.79,settled,False
1648,PAY0001648,1924.0,2025-09-02,2025-10-02,ota_collect,3708.93,74.18,13.35,3621.40,settled,False
1649,PAY0001649,1925.0,2025-09-11,2025-10-11,upi,24629.64,492.59,88.67,24048.38,settled,False
1650,PAY0001650,1926.0,2025-09-13,2025-09-20,cash,1981.89,0.00,0.00,1981.89,settled,False
1651,PAY0001651,1927.0,2025-07-31,2025-08-15,card,3345.62,66.91,12.04,3266.67,settled,False
1652,PAY0001652,1928.0,2025-09-07,2025-09-08,card,5060.40,101.21,18.22,4940.97,settled,False
1653,PAY0001653,1929.0,2025-09-10,2025-09-25,ota_collect,3921.38,78.43,14.12,3828.83,settled,False
1654,PAY0001654,1931.0,2025-09-10,2025-09-11,netbanking,38456.01,769.12,138.44,37548.45,settled,False
1655,PAY0001655,,2025-09-05,2025-09-07,upi,31780.92,635.62,114.41,31030.89,settled,True
1656,PAY0001656,1934.0,2025-09-14,2025-10-14,upi,7509.62,150.19,27.03,7332.40,settled,False
1657,PAY0001657,1935.0,2025-09-04,2025-09-19,card,9445.02,188.90,34.00,9222.12,settled,False
1658,PAY0001658,1936.0,2025-09-14,2025-09-14,ota_collect,7492.10,149.84,26.97,7315.29,settled,False
1659,PAY0001659,1937.0,2025-09-11,2025-09-13,upi,21537.30,430.75,77.53,21029.02,settled,False
1660,PAY0001660,1938.0,2025-07-22,2025-07-31,card,10787.34,215.75,38.84,10532.75,settled,False
1661,PAY0001661,1939.0,2025-05-22,2025-05-31,upi,13704.78,274.10,49.34,13381.34,settled,False
1662,PAY0001662,1940.0,2025-09-10,2025-09-11,upi,13285.53,265.71,47.83,12971.99,settled,False
1663,PAY0001663,1942.0,2025-09-15,2025-09-22,card,1593.38,31.87,5.74,1555.77,settled,False
1664,PAY0001664,1943.0,2025-09-09,2025-10-09,wallet,22653.39,453.07,81.55,22118.77,settled,False
1665,PAY0001665,1944.0,2025-09-09,2025-09-18,card,8667.65,173.35,31.20,8463.10,settled,False
1666,PAY0001666,1945.0,2025-09-07,2025-10-07,ota_collect,3759.60,75.19,13.53,3670.88,settled,False
1667,PAY0001667,1947.0,2025-07-19,2025-08-03,upi,25469.91,509.40,91.69,24868.82,settled,False
1668,PAY0001668,1948.0,2025-09-08,2025-09-17,netbanking,4387.09,87.74,15.79,4283.56,settled,False
1669,PAY0001669,1950.0,2025-09-11,2025-09-13,upi,9337.10,186.74,33.61,9116.75,settled,False
1670,PAY0001670,1951.0,2025-09-14,2025-10-14,ota_collect,10317.12,206.34,37.14,10073.64,settled,False
1671,PAY0001671,1953.0,2025-09-15,2025-09-22,ota_collect,1911.61,38.23,6.88,1866.50,settled,False
1672,PAY0001672,1954.0,2025-09-15,2025-09-15,upi,6996.40,139.93,25.19,6831.28,settled,False
1673,PAY0001673,1955.0,2025-08-31,2025-09-01,ota_collect,10880.47,217.61,39.17,10623.69,settled,False
1674,PAY0001674,1958.0,2025-08-29,2025-09-07,card,28133.80,562.68,101.28,27469.84,settled,False
1675,PAY0001675,1959.0,2025-09-11,2025-09-20,cash,11927.13,0.00,0.00,11927.13,settled,False
1676,PAY0001676,1960.0,2025-09-14,2025-09-29,card,18507.82,370.16,66.63,18071.03,settled,False
1677,PAY0001677,1961.0,2025-09-04,2025-09-13,wallet,3390.12,67.80,12.20,3310.12,settled,False
1678,PAY0001678,1962.0,2025-09-12,2025-10-12,card,10212.10,204.24,36.76,9971.10,settled,False
1679,PAY0001679,1963.0,2025-09-15,2025-10-15,upi,12700.48,254.01,45.72,12400.75,settled,False
1680,PAY0001680,1964.0,2025-08-21,2025-08-30,upi,12933.03,258.66,46.56,12627.81,settled,False
1681,PAY0001681,1965.0,2025-08-29,2025-09-13,netbanking,20827.57,416.55,74.98,20336.04,settled,False
1682,PAY0001682,1966.0,2025-09-15,2025-09-17,card,7226.12,144.52,26.01,7055.59,settled,False
1683,PAY0001683,1967.0,2025-09-01,2025-09-03,upi,29182.12,583.64,105.06,28493.42,settled,False
1684,PAY0001684,1970.0,2025-09-13,2025-09-15,netbanking,31517.68,630.35,113.46,30773.87,settled,False
1685,PAY0001685,1971.0,2025-09-08,2025-09-17,wallet,10246.89,204.94,36.89,10005.06,settled,False
1686,PAY0001686,1973.0,2025-09-14,2025-09-16,upi,26781.85,535.64,96.42,26149.79,settled,False
1687,PAY0001687,1974.0,2025-09-11,2025-09-26,wallet,4235.48,84.71,15.25,4135.52,settled,False
1688,PAY0001688,1977.0,2025-09-14,2025-09-15,ota_collect,5936.90,118.74,21.37,5796.79,settled,False
1689,PAY0001689,1978.0,2025-08-15,2025-08-16,wallet,8741.02,174.82,31.47,8534.73,settled,False
1690,PAY0001690,1979.0,2025-09-09,2025-09-24,card,13493.42,269.87,48.58,13174.97,settled,False
1691,PAY0001691,1981.0,2025-09-18,2025-09-25,upi,1151.57,23.03,4.15,1124.39,settled,False
1692,PAY0001692,1983.0,2025-09-12,2025-09-21,ota_collect,3956.73,79.13,14.24,3863.36,settled,False
1693,PAY0001693,1985.0,2025-09-08,2025-09-17,upi,4350.20,87.00,15.66,4247.54,settled,False
1694,PAY0001694,1986.0,2025-09-17,2025-10-17,ota_collect,42512.76,850.26,153.05,41509.45,settled,False
1695,PAY0001695,1987.0,2025-09-13,2025-09-22,ota_collect,16030.26,320.61,57.71,15651.94,settled,False
1696,PAY0001696,1988.0,2025-05-23,2025-06-01,card,3904.70,78.09,14.06,3812.55,settled,False
1697,PAY0001697,1989.0,2025-09-15,2025-09-30,upi,3664.23,73.28,13.19,3577.76,settled,False
1698,PAY0001698,1990.0,2025-09-16,2025-10-16,wallet,7002.38,140.05,25.21,6837.12,settled,False
1699,PAY0001699,1991.0,2025-09-18,2025-10-18,upi,12987.20,259.74,46.75,12680.71,settled,False
1700,PAY0001700,1992.0,2025-08-30,2025-09-14,upi,10346.83,206.94,37.25,10102.64,settled,False
1701,PAY0001701,1993.0,2025-08-06,2025-09-05,cash,71957.59,0.00,0.00,71957.59,settled,False
1702,PAY0001702,1994.0,2025-09-09,2025-10-09,ota_collect,11464.09,229.28,41.27,11193.54,settled,False
1703,PAY0001703,1995.0,2025-09-17,2025-09-26,upi,13494.18,269.88,48.58,13175.72,settled,False
1704,PAY0001704,1996.0,2025-09-10,2025-09-12,upi,14783.04,295.66,53.22,14434.16,settled,False
1705,PAY0001705,1999.0,2025-09-16,2025-09-18,upi,3353.32,67.07,12.07,3274.18,settled,False
1706,PAY0001706,2000.0,2025-08-17,2025-09-16,ota_collect,13624.06,272.48,49.05,13302.53,settled,False
1707,PAY0001707,2001.0,2025-09-10,2025-09-11,upi,5178.00,103.56,18.64,5055.80,settled,False
1708,PAY0001708,2002.0,2025-09-15,2025-10-15,upi,12967.70,259.35,46.68,12661.67,settled,False
1709,PAY0001709,2003.0,2025-09-19,2025-09-21,card,6813.72,136.27,24.53,6652.92,settled,False
1710,PAY0001710,2004.0,2025-09-18,2025-10-03,cash,6185.72,0.00,0.00,6185.72,settled,False
1711,PAY0001711,2005.0,2025-09-19,2025-10-04,card,3345.24,66.90,12.04,3266.30,settled,False
1712,PAY0001712,2006.0,2025-09-14,2025-09-23,ota_collect,5180.77,103.62,18.65,5058.50,settled,False
1713,PAY0001713,2007.0,2025-09-21,2025-09-28,wallet,992.06,19.84,3.57,968.65,settled,False
1714,PAY0001714,2008.0,2025-09-16,2025-10-01,card,32640.00,652.80,117.50,31869.70,settled,False
1715,PAY0001715,2009.0,2025-09-19,2025-10-19,upi,55604.14,1112.08,200.17,54291.89,settled,False
1716,PAY0001716,2010.0,2025-09-17,2025-10-02,upi,12825.48,256.51,46.17,12522.80,settled,False
1717,PAY0001717,2011.0,2025-09-12,2025-09-27,upi,13195.35,263.91,47.50,12883.94,settled,False
1718,PAY0001718,2012.0,2025-09-15,2025-10-15,netbanking,12666.27,253.33,45.60,12367.34,settled,False
1719,PAY0001719,2013.0,2025-07-29,2025-07-31,card,7360.69,147.21,26.50,7186.98,settled,False
1720,PAY0001720,2014.0,2025-09-17,2025-09-26,card,19781.08,395.62,71.21,19314.25,settled,False
1721,PAY0001721,2015.0,2025-09-11,2025-10-11,netbanking,7420.88,148.42,26.72,7245.74,settled,False
1722,PAY0001722,2016.0,2025-09-13,2025-09-28,card,4476.90,89.54,16.12,4371.24,settled,False
1723,PAY0001723,2017.0,2025-09-14,2025-10-14,ota_collect,10840.14,216.80,39.02,10584.32,settled,False
1724,PAY0001724,2018.0,2025-09-22,2025-09-29,ota_collect,1484.07,29.68,5.34,1449.05,settled,False
1725,PAY0001725,2020.0,2025-09-10,2025-09-25,ota_collect,3650.51,73.01,13.14,3564.36,settled,False
1726,PAY0001726,2021.0,2025-08-13,2025-09-12,cash,7297.84,0.00,0.00,7297.84,settled,False
1727,PAY0001727,2022.0,2025-09-23,2025-09-23,upi,5382.39,107.65,19.38,5255.36,settled,False
1728,PAY0001728,2023.0,2025-08-16,2025-09-15,ota_collect,4998.36,99.97,17.99,4880.40,settled,False
1729,PAY0001729,2024.0,2025-08-01,2025-08-10,card,13325.94,266.52,47.97,13011.45,settled,False
1730,PAY0001730,2025.0,2025-09-07,2025-09-22,ota_collect,13225.07,264.50,47.61,12912.96,settled,False
1731,PAY0001731,2028.0,2025-09-02,2025-09-17,upi,3328.09,66.56,11.98,3249.55,settled,False
1732,PAY0001732,2029.0,2025-09-06,2025-09-21,upi,14996.58,299.93,53.99,14642.66,settled,False
1733,PAY0001733,2030.0,2025-09-21,2025-09-23,card,25565.37,511.31,92.04,24962.02,settled,False
1734,PAY0001734,2032.0,2025-09-21,2025-09-22,card,11633.82,232.68,41.88,11359.26,settled,False
1735,PAY0001735,2033.0,2025-09-19,2025-10-19,wallet,29256.01,585.12,105.32,28565.57,settled,False
1736,PAY0001736,2035.0,2025-09-13,2025-09-28,netbanking,4253.63,85.07,15.31,4153.25,settled,False
1737,PAY0001737,2036.0,2025-09-11,2025-09-20,wallet,12339.35,246.79,44.42,12048.14,settled,False
1738,PAY0001738,2038.0,2025-09-18,2025-09-20,ota_collect,13884.38,277.69,49.98,13556.71,settled,False
1739,PAY0001739,2039.0,2025-09-20,2025-10-05,upi,11066.28,221.33,39.84,10805.11,settled,False
1740,PAY0001740,2040.0,2025-09-24,2025-10-01,ota_collect,1911.63,38.23,6.88,1866.52,settled,False
1741,PAY0001741,2041.0,2025-09-24,2025-09-26,upi,8783.04,175.66,31.62,8575.76,settled,False
1742,PAY0001742,2043.0,2025-09-20,2025-10-20,ota_collect,27416.69,548.33,98.70,26769.66,settled,False
1743,PAY0001743,2044.0,2025-09-18,2025-09-27,upi,21314.27,426.29,76.73,20811.25,settled,False
1744,PAY0001744,2045.0,2025-09-22,2025-09-23,upi,12689.82,253.80,45.68,12390.34,settled,False
1745,PAY0001745,2047.0,2025-09-20,2025-10-20,card,6740.58,134.81,24.27,6581.50,settled,False
1746,PAY0001746,2048.0,2025-09-23,2025-09-30,ota_collect,1509.63,30.19,5.43,1474.01,settled,False
1747,PAY0001747,2049.0,2025-09-24,2025-10-24,upi,13233.30,264.67,47.64,12920.99,settled,False
1748,PAY0001748,2050.0,2025-09-24,2025-10-24,upi,5159.39,103.19,18.57,5037.63,settled,False
1749,PAY0001749,2051.0,2025-09-08,2025-09-10,ota_collect,14665.52,293.31,52.80,14319.41,settled,False
1750,PAY0001750,2052.0,2025-09-27,2025-09-27,upi,3824.47,76.49,13.77,3734.21,settled,False
1751,PAY0001751,2053.0,2025-09-25,2025-10-04,upi,15430.50,308.61,55.55,15066.34,settled,False
1752,PAY0001752,2054.0,2025-09-10,2025-09-11,card,48261.52,965.23,173.74,47122.55,settled,False
1753,PAY0001753,2055.0,2025-09-20,2025-09-29,ota_collect,12977.79,259.56,46.72,12671.51,settled,False
1754,PAY0001754,2056.0,2025-09-01,2025-09-02,ota_collect,5307.30,106.15,19.11,5182.04,settled,False
1755,PAY0001755,2057.0,2025-09-19,2025-10-19,upi,12349.56,246.99,44.46,12058.11,settled,False
1756,PAY0001756,2058.0,2025-09-20,2025-10-20,upi,21387.62,427.75,76.99,20882.88,settled,False
1757,PAY0001757,2060.0,2025-09-20,2025-10-20,upi,6807.13,136.14,24.51,6646.48,settled,False
1758,PAY0001758,2061.0,2025-09-19,2025-10-04,card,5238.33,104.77,18.86,5114.70,settled,False
1759,PAY0001759,2062.0,2025-09-04,2025-09-13,upi,4316.49,86.33,15.54,4214.62,settled,False
1760,PAY0001760,2063.0,2025-09-25,2025-10-25,upi,62140.86,1242.82,223.71,60674.33,settled,False
1761,PAY0001761,2064.0,2025-09-27,2025-10-27,ota_collect,29433.69,588.67,105.96,28739.06,settled,False
1762,PAY0001762,2065.0,2025-09-25,2025-10-10,ota_collect,11322.11,226.44,40.76,11054.91,settled,False
1763,PAY0001763,2067.0,2025-09-26,2025-10-05,ota_collect,8717.38,174.35,31.38,8511.65,settled,False
1764,PAY0001764,2068.0,2025-09-24,2025-10-24,upi,31816.89,636.34,114.54,31066.01,settled,False
1765,PAY0001765,2069.0,2025-09-20,2025-10-05,upi,6800.47,136.01,24.48,6639.98,settled,False
1766,PAY0001766,2070.0,2025-09-11,2025-09-26,ota_collect,8569.20,171.38,30.85,8366.97,settled,False
1767,PAY0001767,2071.0,2025-09-26,2025-10-11,card,6911.19,138.22,24.88,6748.09,settled,False
1768,PAY0001768,2073.0,2025-09-23,2025-10-08,upi,4261.26,85.23,15.34,4160.69,settled,False
1769,PAY0001769,2074.0,2025-09-20,2025-10-20,card,3721.90,74.44,13.40,3634.06,settled,False
1770,PAY0001770,2076.0,2025-08-30,2025-08-31,upi,32177.88,643.56,115.84,31418.48,settled,False
1771,PAY0001771,2077.0,2025-09-27,2025-10-27,upi,8537.58,170.75,30.73,8336.10,settled,False
1772,PAY0001772,,2025-09-30,2025-09-30,card,4970.38,99.41,17.89,4853.08,settled,True
1773,PAY0001773,2081.0,2025-09-22,2025-10-22,upi,17931.06,358.62,64.55,17507.89,settled,False
1774,PAY0001774,2082.0,2025-09-19,2025-10-19,upi,69768.15,1395.36,251.16,68121.63,settled,False
1775,PAY0001775,2083.0,2025-09-25,2025-10-10,upi,29135.24,582.70,104.89,28447.65,settled,False
1776,PAY0001776,2085.0,2025-09-30,2025-09-30,netbanking,33879.04,677.58,121.96,33079.50,settled,False
1777,PAY0001777,2086.0,2025-09-26,2025-10-26,netbanking,21336.24,426.72,76.81,20832.71,settled,False
1778,PAY0001778,2087.0,2025-09-27,2025-09-29,card,11259.82,225.20,40.54,10994.08,settled,False
1779,PAY0001779,2088.0,2025-09-11,2025-09-26,upi,7478.36,149.57,26.92,7301.87,settled,False
1780,PAY0001780,2089.0,2025-09-13,2025-09-15,card,7865.07,157.30,28.31,7679.46,settled,False
1781,PAY0001781,2090.0,2025-09-25,2025-09-26,ota_collect,5888.89,117.78,21.20,5749.91,settled,False
1782,PAY0001782,2091.0,2025-09-22,2025-10-22,ota_collect,9889.80,197.80,35.60,9656.40,settled,False
1783,PAY0001783,2092.0,2025-10-01,2025-10-08,ota_collect,923.55,18.47,3.32,901.76,settled,False
1784,PAY0001784,2093.0,2025-09-27,2025-09-29,upi,7902.08,158.04,28.45,7715.59,settled,False
1785,PAY0001785,2095.0,2025-09-15,2025-09-24,card,16908.76,338.18,60.87,16509.71,settled,False
1786,PAY0001786,2096.0,2025-09-23,2025-10-23,ota_collect,25395.36,507.91,91.42,24796.03,settled,False
1787,PAY0001787,,2025-09-29,2025-10-01,ota_collect,34752.05,695.04,125.11,33931.90,settled,True
1788,PAY0001788,2099.0,2025-09-19,2025-09-28,ota_collect,9734.76,194.70,35.05,9505.01,settled,False
1789,PAY0001789,2100.0,2025-09-28,2025-10-07,ota_collect,11063.37,221.27,39.83,10802.27,settled,False
1790,PAY0001790,2101.0,2025-09-20,2025-10-20,ota_collect,17797.44,355.95,64.07,17377.42,settled,False
1791,PAY0001791,2103.0,2025-10-02,2025-10-09,ota_collect,1205.68,24.11,4.34,1177.23,settled,False
1792,PAY0001792,2104.0,2025-09-20,2025-10-05,ota_collect,4239.84,84.80,15.26,4139.78,settled,False
1793,PAY0001793,2105.0,2025-08-31,2025-09-02,ota_collect,3305.91,66.12,11.90,3227.89,settled,False
1794,PAY0001794,2106.0,2025-09-28,2025-09-30,upi,3704.28,74.09,13.34,3616.85,settled,False
1795,PAY0001795,2108.0,2025-09-26,2025-10-05,upi,5258.05,105.16,18.93,5133.96,settled,False
1796,PAY0001796,2110.0,2025-10-02,2025-11-01,ota_collect,3370.13,67.40,12.13,3290.60,settled,False
1797,PAY0001797,2111.0,2025-09-26,2025-10-11,upi,16478.60,329.57,59.32,16089.71,settled,False
1798,PAY0001798,2112.0,2025-09-28,2025-10-28,ota_collect,28222.20,564.44,101.60,27556.16,settled,False
1799,PAY0001799,2113.0,2025-10-03,2025-10-10,card,903.91,18.08,3.25,882.58,settled,False
1800,PAY0001800,2114.0,2025-09-27,2025-10-12,upi,3158.57,63.17,11.37,3084.03,settled,False
1801,PAY0001801,2115.0,2025-10-04,2025-10-04,upi,3998.64,79.97,14.39,3904.28,settled,False
1802,PAY0001802,2117.0,2025-09-21,2025-10-21,upi,18248.04,364.96,65.69,17817.39,settled,False
1803,PAY0001803,2118.0,2025-10-02,2025-10-09,ota_collect,860.65,17.21,3.10,840.34,settled,False
1804,PAY0001804,2119.0,2025-09-29,2025-10-01,upi,13374.68,267.49,48.15,13059.04,settled,False
1805,PAY0001805,2120.0,2025-09-27,2025-10-06,ota_collect,4471.13,89.42,16.10,4365.61,settled,False
1806,PAY0001806,2121.0,2025-10-01,2025-10-03,card,3826.94,76.54,13.78,3736.62,settled,False
1807,PAY0001807,2123.0,2025-09-29,2025-10-29,card,11306.33,226.13,40.70,11039.50,settled,False
1808,PAY0001808,2124.0,2025-09-19,2025-10-04,upi,3911.40,78.23,14.08,3819.09,settled,False
1809,PAY0001809,2125.0,2025-09-20,2025-09-29,upi,26713.76,534.28,96.17,26083.31,settled,False
1810,PAY0001810,2126.0,2025-09-07,2025-10-07,card,3273.54,65.47,11.78,3196.29,settled,False
1811,PAY0001811,2127.0,2025-09-01,2025-09-16,ota_collect,6704.36,134.09,24.14,6546.13,settled,False
1812,PAY0001812,2128.0,2025-10-02,2025-11-01,cash,15279.66,0.00,0.00,15279.66,settled,False
1813,PAY0001813,2129.0,2025-09-12,2025-09-21,ota_collect,3642.44,72.85,13.11,3556.48,settled,False
1814,PAY0001814,2130.0,2025-09-28,2025-09-29,upi,9607.36,192.15,34.59,9380.62,settled,False
1815,PAY0001815,2131.0,2025-08-09,2025-08-24,upi,20904.60,418.09,75.26,20411.25,settled,False
1816,PAY0001816,2132.0,2025-10-05,2025-10-12,card,1325.71,26.51,4.77,1294.43,settled,False
1817,PAY0001817,,2025-10-01,2025-10-10,ota_collect,15742.55,314.85,56.67,15371.03,settled,True
1818,PAY0001818,2134.0,2025-08-29,2025-09-07,card,5109.41,102.19,18.39,4988.83,settled,False
1819,PAY0001819,2136.0,2025-08-28,2025-08-29,upi,4414.67,88.29,15.89,4310.49,settled,False
1820,PAY0001820,2137.0,2025-10-04,2025-10-19,ota_collect,6006.17,120.12,21.62,5864.43,settled,False
1821,PAY0001821,2138.0,2025-10-06,2025-10-08,wallet,3578.04,71.56,12.88,3493.60,settled,False
1822,PAY0001822,,2025-09-23,2025-09-25,netbanking,37819.18,756.38,136.15,36926.65,settled,True
1823,PAY0001823,2140.0,2025-09-26,2025-10-11,ota_collect,13101.90,262.04,47.17,12792.69,settled,False
1824,PAY0001824,2141.0,2025-09-18,2025-09-27,netbanking,7155.08,143.10,25.76,6986.22,settled,False
1825,PAY0001825,2142.0,2025-10-03,2025-11-02,upi,21457.50,429.15,77.25,20951.10,settled,False
1826,PAY0001826,2143.0,2025-09-29,2025-10-29,card,7016.01,140.32,25.26,6850.43,settled,False
1827,PAY0001827,2144.0,2025-09-11,2025-09-26,card,7185.72,143.71,25.87,7016.14,settled,False
1828,PAY0001828,2145.0,2025-10-01,2025-10-31,ota_collect,15788.64,315.77,56.84,15416.03,settled,False
1829,PAY0001829,2146.0,2025-09-29,2025-10-08,card,14958.24,299.16,53.85,14605.23,settled,False
1830,PAY0001830,2147.0,2025-09-26,2025-10-05,netbanking,22215.45,444.31,79.98,21691.16,settled,False
1831,PAY0001831,2148.0,2025-09-09,2025-09-10,wallet,25156.05,503.12,90.56,24562.37,settled,False
1832,PAY0001832,2149.0,2025-10-06,2025-10-08,card,16146.72,322.93,58.13,15765.66,settled,False
1833,PAY0001833,2150.0,2025-10-05,2025-11-04,netbanking,15125.94,302.52,54.45,14768.97,settled,False
1834,PAY0001834,2151.0,2025-10-06,2025-10-13,wallet,958.76,19.18,3.45,936.13,settled,False
1835,PAY0001835,2152.0,2025-08-15,2025-08-24,wallet,19200.84,384.02,69.12,18747.70,settled,False
1836,PAY0001836,2153.0,2025-09-25,2025-10-10,ota_collect,21758.00,435.16,78.33,21244.51,settled,False
1837,PAY0001837,2154.0,2025-09-28,2025-10-13,upi,7242.42,144.85,26.07,7071.50,settled,False
1838,PAY0001838,2155.0,2025-10-02,2025-10-11,card,3780.59,75.61,13.61,3691.37,settled,False
1839,PAY0001839,2156.0,2025-09-10,2025-09-19,upi,20444.10,408.88,73.60,19961.62,settled,False
1840,PAY0001840,2157.0,2025-09-22,2025-09-24,card,20476.32,409.53,73.72,19993.07,settled,False
1841,PAY0001841,2159.0,2025-10-06,2025-10-15,card,4726.59,94.53,17.02,4615.04,settled,False
1842,PAY0001842,2160.0,2025-09-24,2025-10-03,wallet,19841.32,396.83,71.43,19373.06,settled,False
1843,PAY0001843,2162.0,2025-09-27,2025-10-12,ota_collect,15613.60,312.27,56.21,15245.12,settled,False
1844,PAY0001844,2163.0,2025-10-06,2025-11-05,ota_collect,3533.64,70.67,12.72,3450.25,settled,False
1845,PAY0001845,2164.0,2025-10-02,2025-11-01,netbanking,79335.64,1586.71,285.61,77463.32,settled,False
1846,PAY0001846,2165.0,2025-09-26,2025-10-26,ota_collect,74028.18,1480.56,266.50,72281.12,settled,False
1847,PAY0001847,2166.0,2025-09-30,2025-10-09,ota_collect,6625.30,132.51,23.85,6468.94,settled,False
1848,PAY0001848,2167.0,2025-10-04,2025-10-06,upi,24242.34,484.85,87.27,23670.22,settled,False
1849,PAY0001849,2168.0,2025-09-21,2025-09-30,ota_collect,5259.52,105.19,18.93,5135.40,settled,False
1850,PAY0001850,2169.0,2025-10-10,2025-10-17,upi,986.12,19.72,3.55,962.85,settled,False
1851,PAY0001851,2170.0,2025-10-06,2025-10-21,ota_collect,7655.51,153.11,27.56,7474.84,settled,False
1852,PAY0001852,2171.0,2025-10-10,2025-10-17,upi,1116.76,22.34,4.02,1090.40,settled,False
1853,PAY0001853,2173.0,2025-10-03,2025-10-05,card,4052.89,81.06,14.59,3957.24,settled,False
1854,PAY0001854,2174.0,2025-10-08,2025-11-07,ota_collect,5051.99,101.04,18.19,4932.76,settled,False
1855,PAY0001855,2175.0,2025-10-07,2025-10-09,upi,16917.60,338.35,60.90,16518.35,settled,False
1856,PAY0001856,2176.0,2025-09-25,2025-10-04,ota_collect,25109.21,502.18,90.39,24516.64,settled,False
1857,PAY0001857,2177.0,2025-10-07,2025-10-22,upi,12871.94,257.44,46.34,12568.16,settled,False
1858,PAY0001858,2178.0,2025-09-26,2025-10-05,ota_collect,4309.32,86.19,15.51,4207.62,settled,False
1859,PAY0001859,2179.0,2025-09-10,2025-09-25,card,20116.61,402.33,72.42,19641.86,settled,False
1860,PAY0001860,2180.0,2025-09-29,2025-10-14,upi,9698.82,193.98,34.92,9469.92,settled,False
1861,PAY0001861,2181.0,2025-10-04,2025-10-05,ota_collect,8735.20,174.70,31.45,8529.05,settled,False
1862,PAY0001862,2182.0,2025-10-07,2025-11-06,wallet,74554.32,1491.09,268.40,72794.83,settled,False
1863,PAY0001863,2183.0,2025-10-11,2025-10-18,card,824.12,16.48,2.97,804.67,settled,False
1864,PAY0001864,2184.0,2025-10-03,2025-11-02,wallet,8041.74,160.83,28.95,7851.96,settled,False
1865,PAY0001865,2185.0,2025-10-09,2025-10-18,upi,3884.09,77.68,13.98,3792.43,settled,False
1866,PAY0001866,2186.0,2025-10-07,2025-11-06,card,89408.90,1788.18,321.87,87298.85,settled,False
1867,PAY0001867,2187.0,2025-10-07,2025-10-16,ota_collect,13011.66,260.23,46.84,12704.59,settled,False
1868,PAY0001868,2188.0,2025-09-16,2025-10-16,upi,16392.12,327.84,59.01,16005.27,settled,False
1869,PAY0001869,2189.0,2025-10-02,2025-10-11,upi,4310.43,86.21,15.52,4208.70,settled,False
1870,PAY0001870,2190.0,2025-10-11,2025-10-18,card,991.63,19.83,3.57,968.23,settled,False
1871,PAY0001871,2191.0,2025-10-10,2025-11-09,ota_collect,83736.61,1674.73,301.45,81760.43,settled,False
1872,PAY0001872,2192.0,2025-10-11,2025-11-10,upi,23259.80,465.20,83.74,22710.86,settled,False
1873,PAY0001873,2194.0,2025-10-04,2025-10-19,card,37758.80,755.18,135.93,36867.69,settled,False
1874,PAY0001874,2195.0,2025-10-11,2025-10-18,ota_collect,1050.08,21.00,3.78,1025.30,settled,False
1875,PAY0001875,2196.0,2025-10-03,2025-10-12,upi,7057.01,141.14,25.41,6890.46,settled,False
1876,PAY0001876,2197.0,2025-09-23,2025-10-23,card,3270.85,65.42,11.78,3193.65,settled,False
1877,PAY0001877,2198.0,2025-10-12,2025-10-19,ota_collect,952.15,19.04,3.43,929.68,settled,False
1878,PAY0001878,2199.0,2025-10-05,2025-10-20,ota_collect,5076.57,101.53,18.28,4956.76,settled,False
1879,PAY0001879,2200.0,2025-10-05,2025-10-20,wallet,12644.65,252.89,45.52,12346.24,settled,False
1880,PAY0001880,2201.0,2025-10-07,2025-10-09,card,3508.19,70.16,12.63,3425.40,settled,False
1881,PAY0001881,2203.0,2025-10-03,2025-10-12,upi,10689.34,213.79,38.48,10437.07,settled,False
1882,PAY0001882,2204.0,2025-10-09,2025-10-24,upi,3361.04,67.22,12.10,3281.72,settled,False
1883,PAY0001883,2205.0,2025-09-29,2025-10-14,upi,3425.91,68.52,12.33,3345.06,settled,False
1884,PAY0001884,2206.0,2025-10-14,2025-11-13,ota_collect,25251.48,505.03,90.91,24655.54,settled,False
1885,PAY0001885,2207.0,2025-09-11,2025-09-26,ota_collect,14902.51,298.05,53.65,14550.81,settled,False
1886,PAY0001886,2208.0,2025-10-12,2025-11-11,card,53868.60,1077.37,193.93,52597.30,settled,False
1887,PAY0001887,2209.0,2025-10-05,2025-10-07,ota_collect,25602.39,512.05,92.17,24998.17,settled,False
1888,PAY0001888,2210.0,2025-10-07,2025-11-06,card,14403.44,288.07,51.85,14063.52,settled,False
1889,PAY0001889,2211.0,2025-10-14,2025-10-21,card,1337.59,26.75,4.81,1306.03,settled,False
1890,PAY0001890,2213.0,2025-09-26,2025-10-26,ota_collect,5323.73,106.47,19.16,5198.10,settled,False
1891,PAY0001891,2214.0,2025-10-07,2025-10-22,upi,3974.02,79.48,14.31,3880.23,settled,False
1892,PAY0001892,2215.0,2025-10-05,2025-10-20,card,12925.66,258.51,46.53,12620.62,settled,False
1893,PAY0001893,2217.0,2025-10-04,2025-10-05,wallet,10359.38,207.19,37.29,10114.90,settled,False
1894,PAY0001894,2219.0,2025-10-11,2025-10-13,ota_collect,36741.20,734.82,132.27,35874.11,settled,False
1895,PAY0001895,2220.0,2025-10-14,2025-10-21,card,1107.68,22.15,3.99,1081.54,settled,False
1896,PAY0001896,2222.0,2025-09-23,2025-10-23,upi,15313.24,306.26,55.13,14951.85,settled,False
1897,PAY0001897,2223.0,2025-10-04,2025-10-13,upi,6926.64,138.53,24.94,6763.17,settled,False
1898,PAY0001898,2224.0,2025-10-09,2025-11-08,card,4262.65,85.25,15.34,4162.06,settled,False
1899,PAY0001899,2225.0,2025-10-13,2025-10-22,ota_collect,20946.55,418.93,75.41,20452.21,settled,False
1900,PAY0001900,2226.0,2025-09-28,2025-10-28,upi,4133.09,82.66,14.88,4035.55,settled,False
1901,PAY0001901,2227.0,2025-10-12,2025-11-11,wallet,4515.35,90.31,16.26,4408.78,settled,False
1902,PAY0001902,2228.0,2025-09-29,2025-10-08,ota_collect,9870.86,197.42,35.54,9637.90,settled,False
1903,PAY0001903,2229.0,2025-10-10,2025-10-19,netbanking,8650.76,173.02,31.14,8446.60,settled,False
1904,PAY0001904,2230.0,2025-10-14,2025-10-16,netbanking,29854.80,597.10,107.48,29150.22,settled,False
1905,PAY0001905,2231.0,2025-09-13,2025-09-28,ota_collect,3826.32,76.53,13.78,3736.01,settled,False
1906,PAY0001906,2232.0,2025-10-13,2025-10-28,ota_collect,3254.30,65.09,11.72,3177.49,settled,False
1907,PAY0001907,2233.0,2025-10-17,2025-10-17,upi,3606.49,72.13,12.98,3521.38,settled,False
1908,PAY0001908,2234.0,2025-10-09,2025-10-24,netbanking,5931.78,118.64,21.36,5791.78,settled,False
1909,PAY0001909,2236.0,2025-10-12,2025-10-21,ota_collect,23336.88,466.74,84.01,22786.13,settled,False
1910,PAY0001910,2238.0,2025-10-10,2025-10-19,card,3098.26,61.97,11.15,3025.14,settled,False
1911,PAY0001911,2239.0,2025-10-06,2025-10-15,netbanking,32227.08,644.54,116.02,31466.52,settled,False
1912,PAY0001912,2242.0,2025-10-18,2025-10-25,netbanking,1244.07,24.88,4.48,1214.71,settled,False
1913,PAY0001913,2243.0,2025-09-29,2025-10-08,ota_collect,10775.77,215.52,38.79,10521.46,settled,False
1914,PAY0001914,2245.0,2025-10-16,2025-10-25,cash,6568.17,0.00,0.00,6568.17,settled,False
1915,PAY0001915,2246.0,2025-08-24,2025-08-25,netbanking,3584.27,71.69,12.90,3499.68,settled,False
1916,PAY0001916,2247.0,2025-10-09,2025-10-18,ota_collect,6022.14,120.44,21.68,5880.02,settled,False
1917,PAY0001917,2248.0,2025-10-04,2025-10-05,ota_collect,53319.36,1066.39,191.95,52061.02,settled,False
1918,PAY0001918,2249.0,2025-10-09,2025-10-11,netbanking,17813.60,356.27,64.13,17393.20,settled,False
1919,PAY0001919,2250.0,2025-09-28,2025-09-30,upi,6691.85,133.84,24.09,6533.92,settled,False
1920,PAY0001920,2251.0,2025-10-17,2025-10-19,upi,4514.34,90.29,16.25,4407.80,settled,False
1921,PAY0001921,2252.0,2025-10-20,2025-11-19,upi,26303.44,526.07,94.69,25682.68,settled,False
1922,PAY0001922,2253.0,2025-10-10,2025-10-12,card,4086.21,81.72,14.71,3989.78,settled,False
1923,PAY0001923,2254.0,2025-10-16,2025-10-31,upi,4147.48,82.95,14.93,4049.60,settled,False
1924,PAY0001924,2255.0,2025-10-15,2025-10-30,ota_collect,10858.38,217.17,39.09,10602.12,settled,False
1925,PAY0001925,2256.0,2025-10-18,2025-11-17,ota_collect,9245.61,184.91,33.28,9027.42,settled,False
1926,PAY0001926,2258.0,2025-10-01,2025-10-10,cash,7222.42,0.00,0.00,7222.42,settled,False
1927,PAY0001927,2259.0,2025-10-16,2025-11-15,ota_collect,67510.80,1350.22,243.04,65917.54,settled,False
1928,PAY0001928,2260.0,2025-10-10,2025-10-12,wallet,19223.69,384.47,69.20,18770.02,settled,False
1929,PAY0001929,2261.0,2025-10-13,2025-10-22,upi,12788.94,255.78,46.04,12487.12,settled,False
1930,PAY0001930,2262.0,2025-10-09,2025-10-18,card,15499.29,309.99,55.80,15133.50,settled,False
1931,PAY0001931,2263.0,2025-10-09,2025-10-24,ota_collect,3525.36,70.51,12.69,3442.16,settled,False
1932,PAY0001932,2264.0,2025-09-22,2025-10-01,upi,28315.00,566.30,101.93,27646.77,settled,False
1933,PAY0001933,2265.0,2025-10-15,2025-10-24,upi,2745.98,54.92,9.89,2681.17,settled,False
1934,PAY0001934,2266.0,2025-09-24,2025-09-26,card,9456.38,189.13,34.04,9233.21,settled,False
1935,PAY0001935,2267.0,2025-10-18,2025-11-02,card,3658.12,73.16,13.17,3571.79,settled,False
1936,PAY0001936,2268.0,2025-10-04,2025-10-19,card,4024.19,80.48,14.49,3929.22,settled,False
1937,PAY0001937,2269.0,2025-10-15,2025-10-17,ota_collect,28698.24,573.96,103.31,28020.97,settled,False
1938,PAY0001938,2270.0,2025-10-21,2025-11-20,netbanking,40249.14,804.98,144.90,39299.26,settled,False
1939,PAY0001939,2271.0,2025-09-08,2025-09-17,ota_collect,12685.18,253.70,45.67,12385.81,settled,False
1940,PAY0001940,2273.0,2025-10-18,2025-10-20,upi,3703.47,74.07,13.33,3616.07,settled,False
1941,PAY0001941,2274.0,2025-10-15,2025-10-24,ota_collect,17749.77,355.00,63.90,17330.87,settled,False
1942,PAY0001942,2275.0,2025-08-21,2025-08-30,cash,14887.85,0.00,0.00,14887.85,settled,False
1943,PAY0001943,2276.0,2025-09-20,2025-10-20,ota_collect,7529.10,150.58,27.10,7351.42,settled,False
1944,PAY0001944,2277.0,2025-10-03,2025-10-12,cash,9332.36,0.00,0.00,9332.36,settled,False
1945,PAY0001945,2278.0,2025-10-23,2025-10-30,upi,911.30,18.23,3.28,889.79,settled,False
1946,PAY0001946,2279.0,2025-10-21,2025-11-05,ota_collect,17737.36,354.75,63.85,17318.76,settled,False
1947,PAY0001947,2280.0,2025-10-21,2025-11-05,ota_collect,24916.36,498.33,89.70,24328.33,settled,False
1948,PAY0001948,2281.0,2025-10-22,2025-11-21,upi,3315.90,66.32,11.94,3237.64,settled,False
1949,PAY0001949,2283.0,2025-10-15,2025-11-14,netbanking,68421.00,1368.42,246.32,66806.26,settled,False
1950,PAY0001950,2284.0,2025-09-01,2025-10-01,card,17660.79,353.22,63.58,17243.99,settled,False
1951,PAY0001951,2285.0,2025-10-22,2025-10-22,ota_collect,3232.13,64.64,11.64,3155.85,settled,False
1952,PAY0001952,2286.0,2025-10-20,2025-11-19,ota_collect,29706.56,594.13,106.94,29005.49,settled,False
1953,PAY0001953,2287.0,2025-10-16,2025-10-25,upi,12345.87,246.92,44.45,12054.50,settled,False
1954,PAY0001954,2289.0,2025-10-23,2025-11-22,card,15145.16,302.90,54.52,14787.74,settled,False
1955,PAY0001955,2291.0,2025-10-02,2025-10-11,upi,4438.02,88.76,15.98,4333.28,settled,False
1956,PAY0001956,2293.0,2025-10-26,2025-11-02,card,1114.41,22.29,4.01,1088.11,settled,False
1957,PAY0001957,2294.0,2025-10-22,2025-10-31,wallet,7163.97,143.28,25.79,6994.90,settled,False
1958,PAY0001958,2295.0,2025-10-18,2025-11-17,card,10482.21,209.64,37.74,10234.83,settled,False
1959,PAY0001959,2296.0,2025-10-26,2025-10-26,upi,3243.42,64.87,11.68,3166.87,settled,False
1960,PAY0001960,2297.0,2025-09-20,2025-10-05,cash,4341.19,0.00,0.00,4341.19,settled,False
1961,PAY0001961,2298.0,2025-10-19,2025-11-18,upi,41478.91,829.58,149.32,40500.01,settled,False
1962,PAY0001962,2301.0,2025-10-26,2025-10-28,card,16620.68,332.41,59.83,16228.44,settled,False
1963,PAY0001963,2302.0,2025-10-23,2025-10-25,ota_collect,7319.74,146.39,26.35,7147.00,settled,False
1964,PAY0001964,2303.0,2025-10-22,2025-10-31,ota_collect,13611.58,272.23,49.00,13290.35,settled,False
1965,PAY0001965,2304.0,2025-10-17,2025-11-01,ota_collect,5212.53,104.25,18.77,5089.51,settled,False
1966,PAY0001966,2305.0,2025-10-28,2025-11-04,upi,1213.54,24.27,4.37,1184.90,settled,False
1967,PAY0001967,2306.0,2025-10-25,2025-10-27,card,14135.20,282.70,50.89,13801.61,settled,False
1968,PAY0001968,2307.0,2025-09-19,2025-09-28,ota_collect,14051.62,281.03,50.59,13720.00,settled,False
1969,PAY0001969,2308.0,2025-10-08,2025-10-17,ota_collect,3442.52,68.85,12.39,3361.28,settled,False
1970,PAY0001970,2310.0,2025-10-25,2025-10-27,card,5461.22,109.22,19.66,5332.34,settled,False
1971,PAY0001971,2311.0,2025-10-11,2025-10-26,ota_collect,27734.52,554.69,99.84,27079.99,settled,False
1972,PAY0001972,2313.0,2025-10-24,2025-10-25,upi,43880.17,877.60,157.97,42844.60,settled,False
1973,PAY0001973,2314.0,2025-10-24,2025-11-23,upi,30656.84,613.14,110.37,29933.33,settled,False
1974,PAY0001974,2315.0,2025-10-26,2025-11-25,upi,20820.16,416.40,74.95,20328.81,settled,False
1975,PAY0001975,2316.0,2025-10-20,2025-11-04,wallet,5077.80,101.56,18.28,4957.96,settled,False
1976,PAY0001976,2317.0,2025-10-21,2025-11-20,upi,35974.61,719.49,129.51,35125.61,settled,False
1977,PAY0001977,2318.0,2025-10-24,2025-10-25,netbanking,14973.16,299.46,53.90,14619.80,settled,False
1978,PAY0001978,2320.0,2025-10-24,2025-11-02,cash,22297.32,0.00,0.00,22297.32,settled,False
1979,PAY0001979,2321.0,2025-10-25,2025-10-27,ota_collect,25994.60,519.89,93.58,25381.13,settled,False
1980,PAY0001980,2322.0,2025-10-22,2025-11-21,card,25809.52,516.19,92.91,25200.42,settled,False
1981,PAY0001981,2323.0,2025-10-24,2025-10-26,upi,14881.68,297.63,53.57,14530.48,settled,False
1982,PAY0001982,2324.0,2025-10-27,2025-11-26,wallet,17038.48,340.77,61.34,16636.37,settled,False
1983,PAY0001983,2325.0,2025-10-25,2025-10-27,ota_collect,7893.34,157.87,28.42,7707.05,settled,False
1984,PAY0001984,2326.0,2025-09-17,2025-09-26,wallet,6801.94,136.04,24.49,6641.41,settled,False
1985,PAY0001985,2327.0,2025-10-19,2025-10-28,netbanking,25212.72,504.25,90.77,24617.70,settled,False
1986,PAY0001986,2328.0,2025-10-23,2025-11-07,upi,14493.00,289.86,52.17,14150.97,settled,False
1987,PAY0001987,2330.0,2025-10-18,2025-10-20,upi,3856.00,77.12,13.88,3765.00,settled,False
1988,PAY0001988,2331.0,2025-10-20,2025-10-29,upi,3330.54,66.61,11.99,3251.94,settled,False
1989,PAY0001989,2332.0,2025-10-14,2025-10-15,upi,35323.38,706.47,127.16,34489.75,settled,False
1990,PAY0001990,2333.0,2025-10-26,2025-10-27,ota_collect,25200.98,504.02,90.72,24606.24,settled,False
1991,PAY0001991,2334.0,2025-10-29,2025-11-28,ota_collect,16809.75,336.19,60.51,16413.05,settled,False
1992,PAY0001992,2335.0,2025-10-29,2025-11-05,upi,2043.73,40.87,7.36,1995.50,settled,False
1993,PAY0001993,2336.0,2025-10-09,2025-11-08,upi,3346.15,66.92,12.05,3267.18,settled,False
1994,PAY0001994,2337.0,2025-10-28,2025-11-27,ota_collect,8051.00,161.02,28.98,7861.00,settled,False
1995,PAY0001995,2339.0,2025-10-16,2025-10-31,ota_collect,4076.95,81.54,14.68,3980.73,settled,False
1996,PAY0001996,2340.0,2025-10-30,2025-11-06,netbanking,985.41,19.71,3.55,962.15,settled,False
1997,PAY0001997,2341.0,2025-10-28,2025-11-27,netbanking,19006.05,380.12,68.42,18557.51,settled,False
1998,PAY0001998,2342.0,2025-10-07,2025-10-09,ota_collect,4250.15,85.00,15.30,4149.85,settled,False
1999,PAY0001999,2343.0,2025-09-03,2025-09-04,ota_collect,6719.64,134.39,24.19,6561.06,settled,False
2000,PAY0002000,2344.0,2025-10-25,2025-10-27,upi,6471.38,129.43,23.30,6318.65,settled,False
2001,PAY0002001,2347.0,2025-10-28,2025-11-27,upi,3365.52,67.31,12.12,3286.09,settled,False
2002,PAY0002002,2348.0,2025-10-13,2025-10-22,card,5931.15,118.62,21.35,5791.18,settled,False
2003,PAY0002003,2349.0,2025-10-27,2025-11-11,upi,13590.32,271.81,48.93,13269.58,settled,False
2004,PAY0002004,2350.0,2025-10-06,2025-10-21,ota_collect,3502.09,70.04,12.61,3419.44,settled,False
2005,PAY0002005,2351.0,2025-10-29,2025-10-31,upi,81132.37,1622.65,292.08,79217.64,settled,False
2006,PAY0002006,2352.0,2025-10-31,2025-10-31,cash,3483.96,0.00,0.00,3483.96,settled,False
2007,PAY0002007,2354.0,2025-10-27,2025-11-26,upi,21287.90,425.76,76.64,20785.50,settled,False
2008,PAY0002008,2355.0,2025-10-22,2025-10-24,upi,4822.69,96.45,17.36,4708.88,settled,False
2009,PAY0002009,2358.0,2025-10-30,2025-11-01,ota_collect,18663.66,373.27,67.19,18223.20,settled,False
2010,PAY0002010,2359.0,2025-10-30,2025-11-01,upi,3521.09,70.42,12.68,3437.99,settled,False
2011,PAY0002011,2360.0,2025-07-25,2025-07-26,upi,4331.09,86.62,15.59,4228.88,settled,False
2012,PAY0002012,2361.0,2025-10-29,2025-10-31,card,15584.20,311.68,56.10,15216.42,settled,False
2013,PAY0002013,2362.0,2025-10-24,2025-11-23,netbanking,20622.60,412.45,74.24,20135.91,settled,False
2014,PAY0002014,2363.0,2025-10-11,2025-10-20,upi,22215.50,444.31,79.98,21691.21,settled,False
2015,PAY0002015,2364.0,2025-11-03,2025-11-10,wallet,1229.53,24.59,4.43,1200.51,settled,False
2016,PAY0002016,2365.0,2025-11-02,2025-12-02,card,6720.14,134.40,24.19,6561.55,settled,False
2017,PAY0002017,,2025-10-27,2025-11-11,ota_collect,24841.80,496.84,89.43,24255.53,settled,True
2018,PAY0002018,2367.0,2025-10-04,2025-10-13,card,31141.74,622.83,112.11,30406.80,settled,False
2019,PAY0002019,2368.0,2025-10-29,2025-11-05,ota_collect,1373.89,27.48,4.95,1341.46,settled,False
2020,PAY0002020,2370.0,2025-10-21,2025-11-05,upi,56027.28,1120.55,201.70,54705.03,settled,False
2021,PAY0002021,2371.0,2025-10-29,2025-11-28,card,100018.04,2000.36,360.06,97657.62,settled,False
2022,PAY0002022,2372.0,2025-10-24,2025-10-26,upi,4547.02,90.94,16.37,4439.71,settled,False
2023,PAY0002023,2373.0,2025-11-04,2025-11-11,upi,1354.02,27.08,4.87,1322.07,settled,False
2024,PAY0002024,2374.0,2025-10-30,2025-11-08,card,21207.69,424.15,76.35,20707.19,settled,False
2025,PAY0002025,2375.0,2025-10-30,2025-11-29,upi,13828.11,276.56,49.78,13501.77,settled,False
2026,PAY0002026,2376.0,2025-10-08,2025-11-07,ota_collect,3865.16,77.30,13.91,3773.95,settled,False
2027,PAY0002027,2377.0,2025-10-29,2025-11-13,ota_collect,5513.88,110.28,19.85,5383.75,settled,False
2028,PAY0002028,2378.0,2025-10-21,2025-11-05,netbanking,4275.01,85.50,15.39,4174.12,settled,False
2029,PAY0002029,2379.0,2025-11-04,2025-11-11,ota_collect,991.90,19.84,3.57,968.49,settled,False
2030,PAY0002030,2381.0,2025-11-03,2025-11-10,ota_collect,1423.73,28.47,5.12,1390.14,settled,False
2031,PAY0002031,2382.0,2025-11-04,2025-11-06,upi,29573.95,591.48,106.47,28876.00,settled,False
2032,PAY0002032,2383.0,2025-11-02,2025-11-04,card,7479.98,149.60,26.93,7303.45,settled,False
2033,PAY0002033,2384.0,2025-10-26,2025-11-10,card,9825.62,196.51,35.37,9593.74,settled,False
2034,PAY0002034,2385.0,2025-11-05,2025-11-12,wallet,1278.61,25.57,4.60,1248.44,settled,False
2035,PAY0002035,2386.0,2025-10-10,2025-10-12,card,3585.18,71.70,12.91,3500.57,settled,False
2036,PAY0002036,2388.0,2025-10-16,2025-10-25,card,10697.52,213.95,38.51,10445.06,settled,False
2037,PAY0002037,2389.0,2025-10-31,2025-11-15,card,21814.36,436.29,78.53,21299.54,settled,False
2038,PAY0002038,2391.0,2025-11-03,2025-11-18,card,20980.24,419.60,75.53,20485.11,settled,False
2039,PAY0002039,2393.0,2025-11-04,2025-11-13,ota_collect,4357.75,87.16,15.69,4254.90,settled,False
2040,PAY0002040,2394.0,2025-11-04,2025-11-06,ota_collect,9369.06,187.38,33.73,9147.95,settled,False
2041,PAY0002041,2396.0,2025-10-29,2025-11-13,upi,24377.53,487.55,87.76,23802.22,settled,False
2042,PAY0002042,2397.0,2025-11-04,2025-12-04,upi,42754.63,855.09,153.92,41745.62,settled,False
2043,PAY0002043,2398.0,2025-10-04,2025-10-13,upi,18498.40,369.97,66.59,18061.84,settled,False
2044,PAY0002044,2399.0,2025-11-02,2025-11-17,ota_collect,12303.24,246.06,44.29,12012.89,settled,False
2045,PAY0002045,,2025-10-26,2025-10-28,ota_collect,9765.03,195.30,35.15,9534.58,settled,True
2046,PAY0002046,2401.0,2025-11-04,2025-11-19,upi,4707.78,94.16,16.95,4596.67,settled,False
2047,PAY0002047,2402.0,2025-10-28,2025-11-12,card,4416.29,88.33,15.90,4312.06,settled,False
2048,PAY0002048,2405.0,2025-09-19,2025-10-04,ota_collect,7434.36,148.69,26.76,7258.91,settled,False
2049,PAY0002049,2408.0,2025-10-27,2025-11-26,netbanking,18493.41,369.87,66.58,18056.96,settled,False
2050,PAY0002050,2409.0,2025-11-07,2025-11-14,netbanking,1203.03,24.06,4.33,1174.64,settled,False
2051,PAY0002051,2410.0,2025-11-05,2025-11-07,upi,7095.60,141.91,25.54,6928.15,settled,False
2052,PAY0002052,2411.0,2025-10-29,2025-10-31,card,3916.54,78.33,14.10,3824.11,settled,False
2053,PAY0002053,2412.0,2025-10-31,2025-11-09,upi,13795.38,275.91,49.66,13469.81,settled,False
2054,PAY0002054,2413.0,2025-10-27,2025-10-29,netbanking,4023.13,80.46,14.48,3928.19,settled,False
2055,PAY0002055,2414.0,2025-11-07,2025-11-14,card,914.41,18.29,3.29,892.83,settled,False
2056,PAY0002056,2415.0,2025-11-06,2025-11-08,ota_collect,8423.84,168.48,30.33,8225.03,settled,False
2057,PAY0002057,2416.0,2025-11-04,2025-11-06,ota_collect,11324.50,226.49,40.77,11057.24,settled,False
2058,PAY0002058,2417.0,2025-10-29,2025-11-07,ota_collect,7783.46,155.67,28.02,7599.77,settled,False
2059,PAY0002059,2418.0,2025-11-02,2025-12-02,upi,31244.88,624.90,112.48,30507.50,settled,False
2060,PAY0002060,2419.0,2025-10-31,2025-11-02,card,5168.15,103.36,18.60,5046.19,settled,False
2061,PAY0002061,2422.0,2025-11-09,2025-11-16,upi,918.01,18.36,3.30,896.35,settled,False
2062,PAY0002062,2423.0,2025-11-08,2025-12-08,ota_collect,31678.00,633.56,114.04,30930.40,settled,False
2063,PAY0002063,2424.0,2025-10-28,2025-11-27,card,14391.69,287.83,51.81,14052.05,settled,False
2064,PAY0002064,2426.0,2025-08-22,2025-09-06,card,3312.47,66.25,11.92,3234.30,settled,False
2065,PAY0002065,2427.0,2025-11-07,2025-12-07,upi,3241.95,64.84,11.67,3165.44,settled,False
2066,PAY0002066,2428.0,2025-11-09,2025-11-16,ota_collect,1329.73,26.59,4.79,1298.35,settled,False
2067,PAY0002067,2429.0,2025-10-31,2025-11-15,upi,3575.47,71.51,12.87,3491.09,settled,False
2068,PAY0002068,2430.0,2025-11-04,2025-11-19,ota_collect,3954.40,79.09,14.24,3861.07,settled,False
2069,PAY0002069,2431.0,2025-11-01,2025-11-03,ota_collect,20544.04,410.88,73.96,20059.20,settled,False
2070,PAY0002070,2432.0,2025-11-10,2025-12-10,ota_collect,22886.88,457.74,82.39,22346.75,settled,False
2071,PAY0002071,2433.0,2025-11-01,2025-12-01,card,26627.16,532.54,95.86,25998.76,settled,False
2072,PAY0002072,2434.0,2025-11-09,2025-12-09,upi,3563.64,71.27,12.83,3479.54,settled,False
2073,PAY0002073,2435.0,2025-11-03,2025-11-12,wallet,15909.15,318.18,57.27,15533.70,settled,False
2074,PAY0002074,2439.0,2025-11-02,2025-12-02,card,10933.29,218.67,39.36,10675.26,settled,False
2075,PAY0002075,2440.0,2025-10-13,2025-10-15,upi,31652.34,633.05,113.95,30905.34,settled,False
2076,PAY0002076,2441.0,2025-11-08,2025-12-08,upi,34085.04,681.70,122.71,33280.63,settled,False
2077,PAY0002077,2442.0,2025-11-05,2025-12-05,upi,8693.92,173.88,31.30,8488.74,settled,False
2078,PAY0002078,2443.0,2025-11-09,2025-12-09,upi,17626.32,352.53,63.46,17210.33,settled,False
2079,PAY0002079,2444.0,2025-11-09,2025-12-09,card,13858.44,277.17,49.89,13531.38,settled,False
2080,PAY0002080,2445.0,2025-11-10,2025-11-10,upi,13585.44,271.71,48.91,13264.82,settled,False
2081,PAY0002081,2446.0,2025-10-18,2025-11-02,upi,19435.83,388.72,69.97,18977.14,settled,False
2082,PAY0002082,2448.0,2025-10-30,2025-11-29,upi,20621.56,412.43,74.24,20134.89,settled,False
2083,PAY0002083,2449.0,2025-11-06,2025-12-06,card,14011.23,280.22,50.44,13680.57,settled,False
2084,PAY0002084,2450.0,2025-10-30,2025-11-14,card,10501.54,210.03,37.81,10253.70,settled,False
2085,PAY0002085,2451.0,2025-11-06,2025-12-06,upi,18676.25,373.53,67.24,18235.48,settled,False
2086,PAY0002086,2452.0,2025-11-10,2025-11-17,netbanking,2020.45,40.41,7.27,1972.77,settled,False
2087,PAY0002087,2453.0,2025-11-04,2025-11-19,upi,3854.80,77.10,13.88,3763.82,settled,False
2088,PAY0002088,2454.0,2025-10-29,2025-11-13,upi,16393.66,327.87,59.02,16006.77,settled,False
2089,PAY0002089,2455.0,2025-11-10,2025-11-10,card,6928.13,138.56,24.94,6764.63,settled,False
2090,PAY0002090,2456.0,2025-11-07,2025-11-16,upi,4389.40,87.79,15.80,4285.81,settled,False
2091,PAY0002091,2457.0,2025-10-02,2025-11-01,card,4132.01,82.64,14.88,4034.49,settled,False
2092,PAY0002092,2458.0,2025-11-06,2025-12-06,upi,27475.30,549.51,98.91,26826.88,settled,False
2093,PAY0002093,2461.0,2025-10-27,2025-11-05,upi,5856.49,117.13,21.08,5718.28,settled,False
2094,PAY0002094,2462.0,2025-10-19,2025-10-28,ota_collect,6885.88,137.72,24.79,6723.37,settled,False
2095,PAY0002095,2463.0,2025-10-26,2025-11-25,upi,5634.73,112.69,20.28,5501.76,settled,False
2096,PAY0002096,2464.0,2025-10-19,2025-10-21,ota_collect,31709.86,634.20,114.16,30961.50,settled,False
2097,PAY0002097,2465.0,2025-11-06,2025-12-06,wallet,9017.74,180.35,32.46,8804.93,settled,False
2098,PAY0002098,2466.0,2025-11-13,2025-11-20,upi,1162.93,23.26,4.19,1135.48,settled,False
2099,PAY0002099,2467.0,2025-11-11,2025-12-11,upi,3428.98,68.58,12.34,3348.06,settled,False
2100,PAY0002100,2469.0,2025-11-10,2025-11-25,netbanking,10439.91,208.80,37.58,10193.53,settled,False
2101,PAY0002101,2470.0,2025-11-08,2025-11-23,ota_collect,7086.60,141.73,25.51,6919.36,settled,False
2102,PAY0002102,2471.0,2025-10-10,2025-11-09,upi,3955.81,79.12,14.24,3862.45,settled,False
2103,PAY0002103,2472.0,2025-10-19,2025-10-20,netbanking,14574.51,291.49,52.47,14230.55,settled,False
2104,PAY0002104,2473.0,2025-09-22,2025-10-01,netbanking,7199.29,143.99,25.92,7029.38,settled,False
2105,PAY0002105,2474.0,2025-11-13,2025-12-13,upi,95660.82,1913.22,344.38,93403.22,settled,False
2106,PAY0002106,2475.0,2025-11-13,2025-12-13,upi,7849.73,156.99,28.26,7664.48,settled,False
2107,PAY0002107,2476.0,2025-11-11,2025-12-11,card,7232.48,144.65,26.04,7061.79,settled,False
2108,PAY0002108,2477.0,2025-10-19,2025-11-18,netbanking,6407.06,128.14,23.07,6255.85,settled,False
2109,PAY0002109,2478.0,2025-11-12,2025-12-12,card,30221.44,604.43,108.80,29508.21,settled,False
2110,PAY0002110,2479.0,2025-08-04,2025-09-03,ota_collect,4248.26,84.97,15.29,4148.00,settled,False
2111,PAY0002111,2480.0,2025-07-30,2025-07-31,ota_collect,14218.38,284.37,51.19,13882.82,settled,False
2112,PAY0002112,2481.0,2025-11-13,2025-11-20,wallet,1109.02,22.18,3.99,1082.85,settled,False
2113,PAY0002113,2482.0,2025-11-10,2025-12-10,ota_collect,3756.01,75.12,13.52,3667.37,settled,False
2114,PAY0002114,2483.0,2025-11-12,2025-12-12,netbanking,19764.12,395.28,71.15,19297.69,settled,False
2115,PAY0002115,2484.0,2025-10-14,2025-10-29,ota_collect,6400.36,128.01,23.04,6249.31,settled,False
2116,PAY0002116,2485.0,2025-11-10,2025-11-19,ota_collect,11580.33,231.61,41.69,11307.03,settled,False
2117,PAY0002117,2486.0,2025-10-24,2025-11-23,upi,12269.24,245.38,44.17,11979.69,settled,False
2118,PAY0002118,2487.0,2025-11-06,2025-12-06,ota_collect,6668.84,133.38,24.01,6511.45,settled,False
2119,PAY0002119,2489.0,2025-11-06,2025-12-06,upi,4086.45,81.73,14.71,3990.01,settled,False
2120,PAY0002120,2490.0,2025-10-17,2025-10-19,card,4302.77,86.06,15.49,4201.22,settled,False
2121,PAY0002121,2491.0,2025-11-15,2025-12-15,upi,3311.72,66.23,11.92,3233.57,settled,False
2122,PAY0002122,2492.0,2025-08-24,2025-09-02,ota_collect,7114.53,142.29,25.61,6946.63,settled,False
2123,PAY0002123,2493.0,2025-11-16,2025-11-23,card,1179.07,23.58,4.24,1151.25,settled,False
2124,PAY0002124,2494.0,2025-09-18,2025-10-03,ota_collect,29355.34,587.11,105.68,28662.55,settled,False
2125,PAY0002125,2496.0,2025-10-24,2025-11-08,ota_collect,8533.74,170.67,30.72,8332.35,settled,False
2126,PAY0002126,2497.0,2025-11-13,2025-12-13,upi,4968.29,99.37,17.89,4851.03,settled,False
2127,PAY0002127,2498.0,2025-11-17,2025-11-24,upi,948.28,18.97,3.41,925.90,settled,False
2128,PAY0002128,2499.0,2025-11-15,2025-11-30,card,3666.93,73.34,13.20,3580.39,settled,False
2129,PAY0002129,2500.0,2025-11-12,2025-11-27,upi,3289.87,65.80,11.84,3212.23,settled,False
2130,PAY0002130,2501.0,2025-10-31,2025-11-09,ota_collect,7308.16,146.16,26.31,7135.69,settled,False
2131,PAY0002131,2503.0,2025-11-14,2025-12-14,ota_collect,4214.61,84.29,15.17,4115.15,settled,False
2132,PAY0002132,2504.0,2025-11-16,2025-12-01,ota_collect,4204.18,84.08,15.13,4104.97,settled,False
2133,PAY0002133,2505.0,2025-10-27,2025-11-11,upi,3844.92,76.90,13.84,3754.18,settled,False
2134,PAY0002134,2506.0,2025-10-24,2025-10-25,upi,16419.91,328.40,59.11,16032.40,settled,False
2135,PAY0002135,2507.0,2025-11-10,2025-11-11,netbanking,8077.68,161.55,29.08,7887.05,settled,False
2136,PAY0002136,2508.0,2025-11-15,2025-12-15,wallet,48641.46,972.83,175.11,47493.52,settled,False
2137,PAY0002137,2509.0,2025-10-31,2025-11-30,ota_collect,4328.86,86.58,15.58,4226.70,settled,False
2138,PAY0002138,2510.0,2025-09-19,2025-10-19,ota_collect,12848.65,256.97,46.25,12545.43,settled,False
2139,PAY0002139,2511.0,2025-11-06,2025-11-15,upi,10750.84,215.02,38.70,10497.12,settled,False
2140,PAY0002140,2512.0,2025-11-18,2025-11-25,netbanking,1001.60,20.03,3.61,977.96,settled,False
2141,PAY0002141,2514.0,2025-11-16,2025-11-18,upi,10620.52,212.41,38.23,10369.88,settled,False
2142,PAY0002142,2515.0,2025-11-08,2025-12-08,ota_collect,28867.95,577.36,103.92,28186.67,settled,False
2143,PAY0002143,2516.0,2025-10-26,2025-11-10,ota_collect,31729.60,634.59,114.23,30980.78,settled,False
2144,PAY0002144,2517.0,2025-10-23,2025-10-25,upi,3733.78,74.68,13.44,3645.66,settled,False
2145,PAY0002145,2518.0,2025-11-16,2025-12-16,card,35034.34,700.69,126.12,34207.53,settled,False
2146,PAY0002146,2519.0,2025-11-18,2025-11-18,upi,3658.36,73.17,13.17,3572.02,settled,False
2147,PAY0002147,2520.0,2025-11-13,2025-11-15,netbanking,4463.49,89.27,16.07,4358.15,settled,False
2148,PAY0002148,2521.0,2025-11-18,2025-12-18,ota_collect,3675.47,73.51,13.23,3588.73,settled,False
2149,PAY0002149,2522.0,2025-11-16,2025-11-18,ota_collect,7048.67,140.97,25.37,6882.33,settled,False
2150,PAY0002150,2523.0,2025-11-10,2025-11-25,upi,10448.60,208.97,37.61,10202.02,settled,False
2151,PAY0002151,2524.0,2025-11-18,2025-11-25,cash,1135.94,0.00,0.00,1135.94,settled,False
2152,PAY0002152,2525.0,2025-11-14,2025-11-29,ota_collect,3257.22,65.14,11.73,3180.35,settled,False
2153,PAY0002153,2526.0,2025-11-05,2025-11-07,netbanking,3670.93,73.42,13.22,3584.29,settled,False
2154,PAY0002154,2527.0,2025-11-15,2025-11-24,upi,10586.84,211.74,38.11,10336.99,settled,False
2155,PAY0002155,2528.0,2025-09-28,2025-09-29,upi,3325.98,66.52,11.97,3247.49,settled,False
2156,PAY0002156,2529.0,2025-11-18,2025-12-03,card,3948.75,78.98,14.22,3855.55,settled,False
2157,PAY0002157,2530.0,2025-11-19,2025-11-26,ota_collect,995.96,19.92,3.59,972.45,settled,False
2158,PAY0002158,2531.0,2025-11-05,2025-11-20,upi,17323.12,346.46,62.36,16914.30,settled,False
2159,PAY0002159,2532.0,2025-11-20,2025-11-27,upi,1457.35,29.15,5.25,1422.95,settled,False
2160,PAY0002160,2533.0,2025-11-12,2025-11-14,upi,11290.99,225.82,40.65,11024.52,settled,False
2161,PAY0002161,2534.0,2025-11-18,2025-11-20,netbanking,13445.81,268.92,48.41,13128.48,settled,False
2162,PAY0002162,2535.0,2025-11-16,2025-11-25,upi,4479.91,89.60,16.13,4374.18,settled,False
2163,PAY0002163,2536.0,2025-11-17,2025-12-17,upi,8771.66,175.43,31.58,8564.65,settled,False
2164,PAY0002164,2537.0,2025-11-11,2025-12-11,ota_collect,74129.16,1482.58,266.86,72379.72,settled,False
2165,PAY0002165,2538.0,2025-11-15,2025-11-24,upi,19443.19,388.86,69.99,18984.34,settled,False
2166,PAY0002166,2539.0,2025-11-19,2025-12-04,upi,7397.39,147.95,26.63,7222.81,settled,False
2167,PAY0002167,2540.0,2025-11-20,2025-11-20,card,8598.01,171.96,30.95,8395.10,settled,False
2168,PAY0002168,2541.0,2025-11-09,2025-11-24,card,26883.44,537.67,96.78,26248.99,settled,False
2169,PAY0002169,2542.0,2025-11-15,2025-11-24,netbanking,9647.16,192.94,34.73,9419.49,settled,False
2170,PAY0002170,2543.0,2025-11-12,2025-11-14,card,7737.68,154.75,27.86,7555.07,settled,False
2171,PAY0002171,2544.0,2025-11-18,2025-12-18,netbanking,19820.65,396.41,71.35,19352.89,settled,False
2172,PAY0002172,2545.0,2025-11-03,2025-11-04,netbanking,53834.16,1076.68,193.80,52563.68,settled,False
2173,PAY0002173,2547.0,2025-11-12,2025-12-12,cash,8188.94,0.00,0.00,8188.94,settled,False
2174,PAY0002174,2548.0,2025-11-20,2025-11-27,ota_collect,1186.36,23.73,4.27,1158.36,settled,False
2175,PAY0002175,2549.0,2025-11-12,2025-11-21,netbanking,9019.05,180.38,32.47,8806.20,settled,False
2176,PAY0002176,2550.0,2025-11-20,2025-12-05,card,4161.03,83.22,14.98,4062.83,settled,False
2177,PAY0002177,2551.0,2025-10-25,2025-11-03,wallet,7901.10,158.02,28.44,7714.64,settled,False
2178,PAY0002178,2552.0,2025-11-19,2025-12-19,ota_collect,6069.90,121.40,21.85,5926.65,settled,False
2179,PAY0002179,2553.0,2025-11-17,2025-12-02,card,4321.43,86.43,15.56,4219.44,settled,False
2180,PAY0002180,2554.0,2025-10-20,2025-10-29,netbanking,3922.11,78.44,14.12,3829.55,settled,False
2181,PAY0002181,2555.0,2025-11-18,2025-12-03,upi,10086.58,201.73,36.31,9848.54,settled,False
2182,PAY0002182,2556.0,2025-09-20,2025-10-05,upi,5135.22,102.70,18.49,5014.03,settled,False
2183,PAY0002183,2557.0,2025-11-22,2025-11-29,card,1083.25,21.66,3.90,1057.69,settled,False
2184,PAY0002184,2559.0,2025-08-20,2025-08-21,wallet,13076.22,261.52,47.07,12767.63,settled,False
2185,PAY0002185,2561.0,2025-11-24,2025-11-24,cash,8866.74,0.00,0.00,8866.74,settled,False
2186,PAY0002186,2562.0,2025-11-17,2025-11-19,ota_collect,24196.92,483.94,87.11,23625.87,settled,False
2187,PAY0002187,2563.0,2025-11-22,2025-11-29,netbanking,1073.26,21.47,3.86,1047.93,settled,False
2188,PAY0002188,2564.0,2025-11-13,2025-11-22,upi,20188.96,403.78,72.68,19712.50,settled,False
2189,PAY0002189,2565.0,2025-11-15,2025-12-15,upi,17878.08,357.56,64.36,17456.16,settled,False
2190,PAY0002190,2566.0,2025-11-22,2025-11-24,ota_collect,104161.68,2083.23,374.98,101703.47,settled,False
2191,PAY0002191,2567.0,2025-11-20,2025-12-05,wallet,12831.96,256.64,46.20,12529.12,settled,False
2192,PAY0002192,2568.0,2025-11-15,2025-11-24,card,7787.14,155.74,28.03,7603.37,settled,False
2193,PAY0002193,2569.0,2025-11-14,2025-11-29,card,4319.58,86.39,15.55,4217.64,settled,False
2194,PAY0002194,2570.0,2025-11-12,2025-11-14,card,14366.16,287.32,51.72,14027.12,settled,False
2195,PAY0002195,2571.0,2025-11-16,2025-12-01,ota_collect,21229.98,424.60,76.43,20728.95,settled,False
2196,PAY0002196,2572.0,2025-11-15,2025-11-24,netbanking,7242.02,144.84,26.07,7071.11,settled,False
2197,PAY0002197,2574.0,2025-11-08,2025-12-08,wallet,14669.76,293.40,52.81,14323.55,settled,False
2198,PAY0002198,2575.0,2025-11-24,2025-12-24,upi,106963.86,2139.28,385.07,104439.51,settled,False
2199,PAY0002199,2576.0,2025-11-19,2025-12-19,cash,7522.50,0.00,0.00,7522.50,settled,False
2200,PAY0002200,2577.0,2025-11-20,2025-11-29,card,10944.55,218.89,39.40,10686.26,settled,False
2201,PAY0002201,2578.0,2025-08-29,2025-08-30,card,10158.18,203.16,36.57,9918.45,settled,False
2202,PAY0002202,2579.0,2025-10-19,2025-11-03,upi,7560.90,151.22,27.22,7382.46,settled,False
2203,PAY0002203,2580.0,2025-11-23,2025-12-23,upi,20895.58,417.91,75.22,20402.45,settled,False
2204,PAY0002204,2581.0,2025-11-15,2025-11-16,ota_collect,29557.08,591.14,106.41,28859.53,settled,False
2205,PAY0002205,2582.0,2025-11-20,2025-12-20,upi,10496.06,209.92,37.79,10248.35,settled,False
2206,PAY0002206,2583.0,2025-11-19,2025-11-28,card,8757.92,175.16,31.53,8551.23,settled,False
2207,PAY0002207,2584.0,2025-11-11,2025-11-26,ota_collect,4996.69,99.93,17.99,4878.77,settled,False
2208,PAY0002208,2585.0,2025-11-11,2025-12-11,ota_collect,7066.28,141.33,25.44,6899.51,settled,False
2209,PAY0002209,2586.0,2025-11-16,2025-12-01,upi,13686.90,273.74,49.27,13363.89,settled,False
2210,PAY0002210,2588.0,2025-11-20,2025-11-22,card,9197.02,183.94,33.11,8979.97,settled,False
2211,PAY0002211,2589.0,2025-08-12,2025-08-13,netbanking,8803.08,176.06,31.69,8595.33,settled,False
2212,PAY0002212,2590.0,2025-11-25,2025-11-25,upi,5478.40,109.57,19.72,5349.11,settled,False
2213,PAY0002213,2591.0,2025-10-15,2025-10-24,cash,14261.02,0.00,0.00,14261.02,settled,False
2214,PAY0002214,2592.0,2025-11-22,2025-12-01,upi,12892.73,257.85,46.41,12588.47,settled,False
2215,PAY0002215,2593.0,2025-11-07,2025-12-07,upi,14926.56,298.53,53.74,14574.29,settled,False
2216,PAY0002216,2595.0,2025-11-21,2025-12-06,card,5480.16,109.60,19.73,5350.83,settled,False
2217,PAY0002217,2596.0,2025-11-17,2025-11-19,upi,3569.35,71.39,12.85,3485.11,settled,False
2218,PAY0002218,2597.0,2025-11-23,2025-12-23,ota_collect,43303.60,866.07,155.89,42281.64,settled,False
2219,PAY0002219,2599.0,2025-11-22,2025-11-24,upi,4081.79,81.64,14.70,3985.45,settled,False
2220,PAY0002220,2600.0,2025-11-19,2025-12-19,ota_collect,29208.76,584.18,105.15,28519.43,settled,False
2221,PAY0002221,2601.0,2025-11-21,2025-12-21,upi,10267.60,205.35,36.96,10025.29,settled,False
2222,PAY0002222,2602.0,2025-11-22,2025-12-22,ota_collect,13094.39,261.89,47.14,12785.36,settled,False
2223,PAY0002223,2603.0,2025-11-16,2025-12-01,upi,4054.22,81.08,14.59,3958.55,settled,False
2224,PAY0002224,2604.0,2025-11-19,2025-12-19,ota_collect,3602.72,72.05,12.97,3517.70,settled,False
2225,PAY0002225,2605.0,2025-11-22,2025-12-22,card,44918.69,898.37,161.71,43858.61,settled,False
2226,PAY0002226,2606.0,2025-11-25,2025-12-25,card,86009.70,1720.19,309.63,83979.88,settled,False
2227,PAY0002227,2607.0,2025-11-19,2025-12-04,ota_collect,16802.00,336.04,60.49,16405.47,settled,False
2228,PAY0002228,2609.0,2025-11-21,2025-12-06,ota_collect,19838.13,396.76,71.42,19369.95,settled,False
2229,PAY0002229,2610.0,2025-11-26,2025-12-11,card,5217.65,104.35,18.78,5094.52,settled,False
2230,PAY0002230,2611.0,2025-11-26,2025-12-26,netbanking,19372.13,387.44,69.74,18914.95,settled,False
2231,PAY0002231,2612.0,2025-11-24,2025-11-25,ota_collect,37887.52,757.75,136.39,36993.38,settled,False
2232,PAY0002232,2614.0,2025-11-27,2025-12-04,ota_collect,1225.70,24.51,4.41,1196.78,settled,False
2233,PAY0002233,2616.0,2025-11-27,2025-12-27,netbanking,21481.93,429.64,77.34,20974.95,settled,False
2234,PAY0002234,2618.0,2025-11-28,2025-12-05,ota_collect,1127.18,22.54,4.06,1100.58,settled,False
2235,PAY0002235,2619.0,2025-11-22,2025-11-23,upi,9124.56,182.49,32.85,8909.22,settled,False
2236,PAY0002236,2622.0,2025-11-25,2025-12-25,card,56528.40,1130.57,203.50,55194.33,settled,False
2237,PAY0002237,2623.0,2025-11-28,2025-12-07,upi,7539.42,150.79,27.14,7361.49,settled,False
2238,PAY0002238,2624.0,2025-11-28,2025-12-07,upi,3644.10,72.88,13.12,3558.10,settled,False
2239,PAY0002239,2625.0,2025-11-24,2025-12-09,upi,7860.43,157.21,28.30,7674.92,settled,False
2240,PAY0002240,2626.0,2025-11-24,2025-12-24,upi,24154.56,483.09,86.96,23584.51,settled,False
2241,PAY0002241,2627.0,2025-11-29,2025-12-29,netbanking,17024.15,340.48,61.29,16622.38,settled,False
2242,PAY0002242,2628.0,2025-11-26,2025-11-28,ota_collect,58272.15,1165.44,209.78,56896.93,settled,False
2243,PAY0002243,2629.0,2025-10-28,2025-11-12,ota_collect,4911.01,98.22,17.68,4795.11,settled,False
2244,PAY0002244,2630.0,2025-11-24,2025-12-24,upi,24413.41,488.27,87.89,23837.25,settled,False
2245,PAY0002245,2631.0,2025-11-27,2025-12-27,wallet,62170.88,1243.42,223.82,60703.64,settled,False
2246,PAY0002246,2632.0,2025-11-22,2025-12-22,card,40683.18,813.66,146.46,39723.06,settled,False
2247,PAY0002247,2633.0,2025-11-30,2025-12-30,upi,16938.12,338.76,60.98,16538.38,settled,False
2248,PAY0002248,2635.0,2025-11-29,2025-12-01,netbanking,9890.28,197.81,35.61,9656.86,settled,False
2249,PAY0002249,2637.0,2025-11-22,2025-12-07,ota_collect,15255.74,305.11,54.92,14895.71,settled,False
2250,PAY0002250,2638.0,2025-11-28,2025-12-28,card,11021.60,220.43,39.68,10761.49,settled,False
2251,PAY0002251,2639.0,2025-12-02,2025-12-09,upi,1127.79,22.56,4.06,1101.17,settled,False
2252,PAY0002252,2640.0,2025-12-02,2025-12-09,ota_collect,1037.16,20.74,3.73,1012.69,settled,False
2253,PAY0002253,2641.0,2025-11-28,2025-12-13,ota_collect,7792.90,155.86,28.05,7608.99,settled,False
2254,PAY0002254,2642.0,2025-11-24,2025-12-24,upi,22264.20,445.28,80.15,21738.77,settled,False
2255,PAY0002255,2643.0,2025-12-02,2025-12-09,card,1191.90,23.84,4.29,1163.77,settled,False
2256,PAY0002256,2645.0,2025-11-27,2025-12-12,ota_collect,7622.63,152.45,27.44,7442.74,settled,False
2257,PAY0002257,2646.0,2025-11-12,2025-11-13,ota_collect,7482.28,149.65,26.94,7305.69,settled,False
2258,PAY0002258,2647.0,2025-11-29,2025-12-14,upi,4627.90,92.56,16.66,4518.68,settled,False
2259,PAY0002259,2648.0,2025-11-19,2025-11-28,upi,3348.98,66.98,12.06,3269.94,settled,False
2260,PAY0002260,2649.0,2025-11-30,2025-12-09,ota_collect,5168.54,103.37,18.61,5046.56,settled,False
2261,PAY0002261,2650.0,2025-12-01,2025-12-03,cash,7490.60,0.00,0.00,7490.60,settled,False
2262,PAY0002262,2651.0,2025-12-01,2025-12-08,wallet,1254.32,25.09,4.52,1224.71,settled,False
2263,PAY0002263,2652.0,2025-12-02,2026-01-01,card,22148.37,442.97,79.73,21625.67,settled,False
2264,PAY0002264,2653.0,2025-11-10,2025-11-11,upi,13763.41,275.27,49.55,13438.59,settled,False
2265,PAY0002265,,2025-11-14,2025-11-23,ota_collect,8474.60,169.49,30.51,8274.60,settled,True
2266,PAY0002266,2655.0,2025-11-22,2025-12-22,netbanking,9816.46,196.33,35.34,9584.79,settled,False
2267,PAY0002267,2657.0,2025-11-11,2025-11-26,upi,22990.00,459.80,82.76,22447.44,settled,False
2268,PAY0002268,2658.0,2025-12-03,2025-12-10,ota_collect,1127.33,22.55,4.06,1100.72,settled,False
2269,PAY0002269,2659.0,2025-12-01,2025-12-31,upi,36284.39,725.69,130.62,35428.08,settled,False
2270,PAY0002270,2661.0,2025-11-29,2025-12-14,upi,7512.49,150.25,27.04,7335.20,settled,False
2271,PAY0002271,2662.0,2025-12-04,2025-12-11,card,900.12,18.00,3.24,878.88,settled,False
2272,PAY0002272,2663.0,2025-12-02,2026-01-01,ota_collect,11173.08,223.46,40.22,10909.40,settled,False
2273,PAY0002273,2664.0,2025-11-25,2025-12-25,wallet,8313.94,166.28,29.93,8117.73,settled,False
2274,PAY0002274,2665.0,2025-11-30,2025-12-09,upi,4576.18,91.52,16.47,4468.19,settled,False
2275,PAY0002275,2666.0,2025-11-07,2025-11-22,wallet,7663.74,153.27,27.59,7482.88,settled,False
2276,PAY0002276,2668.0,2025-11-19,2025-11-21,upi,8255.14,165.10,29.72,8060.32,settled,False
2277,PAY0002277,2669.0,2025-12-05,2025-12-05,card,6060.13,121.20,21.82,5917.11,settled,False
2278,PAY0002278,2670.0,2025-11-26,2025-12-26,ota_collect,3276.39,65.53,11.80,3199.06,settled,False
2279,PAY0002279,2673.0,2025-11-30,2025-12-09,card,7091.48,141.83,25.53,6924.12,settled,False
2280,PAY0002280,2674.0,2025-12-02,2026-01-01,cash,150528.84,0.00,0.00,150528.84,settled,False
2281,PAY0002281,2675.0,2025-11-24,2025-12-03,netbanking,7860.46,157.21,28.30,7674.95,settled,False
2282,PAY0002282,2676.0,2025-12-02,2025-12-03,card,30778.95,615.58,110.80,30052.57,settled,False
2283,PAY0002283,2677.0,2025-12-02,2025-12-04,card,12935.34,258.71,46.57,12630.06,settled,False
2284,PAY0002284,2678.0,2025-11-26,2025-12-26,cash,30946.48,0.00,0.00,30946.48,settled,False
2285,PAY0002285,2680.0,2025-11-16,2025-11-25,cash,4023.05,0.00,0.00,4023.05,settled,False
2286,PAY0002286,2683.0,2025-12-08,2025-12-15,upi,1132.18,22.64,4.08,1105.46,settled,False
2287,PAY0002287,2684.0,2025-11-20,2025-12-05,ota_collect,3882.44,77.65,13.98,3790.81,settled,False
2288,PAY0002288,2685.0,2025-11-10,2025-11-19,ota_collect,6849.88,137.00,24.66,6688.22,settled,False
2289,PAY0002289,2686.0,2025-12-02,2026-01-01,upi,25318.61,506.37,91.15,24721.09,settled,False
2290,PAY0002290,2687.0,2025-12-04,2026-01-03,card,30909.70,618.19,111.27,30180.24,settled,False
2291,PAY0002291,2688.0,2025-12-07,2025-12-14,ota_collect,901.88,18.04,3.25,880.59,settled,False
2292,PAY0002292,2689.0,2025-12-03,2025-12-05,card,16046.90,320.94,57.77,15668.19,settled,False
2293,PAY0002293,2690.0,2025-12-03,2025-12-18,card,7051.63,141.03,25.39,6885.21,settled,False
2294,PAY0002294,2692.0,2025-11-28,2025-12-07,upi,32143.84,642.88,115.72,31385.24,settled,False
2295,PAY0002295,2693.0,2025-11-28,2025-11-30,card,4932.78,98.66,17.76,4816.36,settled,False
2296,PAY0002296,2694.0,2025-11-21,2025-11-23,ota_collect,8552.44,171.05,30.79,8350.60,settled,False
2297,PAY0002297,2695.0,2025-12-07,2025-12-14,ota_collect,920.17,18.40,3.31,898.46,settled,False
2298,PAY0002298,2696.0,2025-10-27,2025-11-05,upi,10436.56,208.73,37.57,10190.26,settled,False
2299,PAY0002299,2697.0,2025-11-26,2025-12-26,card,3865.53,77.31,13.92,3774.30,settled,False
2300,PAY0002300,2699.0,2025-11-26,2025-12-05,upi,22950.45,459.01,82.62,22408.82,settled,False
2301,PAY0002301,2700.0,2025-11-15,2025-11-30,upi,11681.70,233.63,42.05,11406.02,settled,False
2302,PAY0002302,2701.0,2025-10-21,2025-11-20,upi,9031.40,180.63,32.51,8818.26,settled,False
2303,PAY0002303,2702.0,2025-11-24,2025-12-03,upi,50917.18,1018.34,183.30,49715.54,settled,False
2304,PAY0002304,2703.0,2025-11-06,2025-12-06,ota_collect,13355.12,267.10,48.08,13039.94,settled,False
2305,PAY0002305,2704.0,2025-11-22,2025-12-07,card,5164.63,103.29,18.59,5042.75,settled,False
2306,PAY0002306,2705.0,2025-12-04,2025-12-19,upi,14639.48,292.79,52.70,14293.99,settled,False
2307,PAY0002307,2706.0,2025-10-18,2025-10-19,card,34714.33,694.29,124.97,33895.07,settled,False
2308,PAY0002308,2707.0,2025-11-29,2025-12-14,card,4767.92,95.36,17.16,4655.40,settled,False
2309,PAY0002309,2708.0,2025-11-23,2025-12-02,card,10888.95,217.78,39.20,10631.97,settled,False
2310,PAY0002310,2710.0,2025-11-21,2025-12-21,cash,78683.94,0.00,0.00,78683.94,settled,False
2311,PAY0002311,2711.0,2025-12-07,2025-12-09,ota_collect,7803.94,156.08,28.09,7619.77,settled,False
2312,PAY0002312,2712.0,2025-12-06,2025-12-08,card,4070.18,81.40,14.65,3974.13,settled,False
2313,PAY0002313,2713.0,2025-12-05,2026-01-04,ota_collect,19860.80,397.22,71.50,19392.08,settled,False
2314,PAY0002314,2715.0,2025-12-03,2026-01-02,upi,24473.69,489.47,88.10,23896.12,settled,False
2315,PAY0002315,2716.0,2025-12-02,2026-01-01,upi,19994.00,399.88,71.98,19522.14,settled,False
2316,PAY0002316,2719.0,2025-12-10,2025-12-10,cash,9571.00,0.00,0.00,9571.00,settled,False
2317,PAY0002317,2720.0,2025-12-04,2026-01-03,ota_collect,4851.07,97.02,17.46,4736.59,settled,False
2318,PAY0002318,2723.0,2025-12-05,2026-01-04,cash,17156.12,0.00,0.00,17156.12,settled,False
2319,PAY0002319,2724.0,2025-12-06,2025-12-08,upi,14438.92,288.78,51.98,14098.16,settled,False
2320,PAY0002320,2726.0,2025-12-11,2025-12-18,upi,1054.42,21.09,3.80,1029.53,settled,False
2321,PAY0002321,2728.0,2025-12-11,2025-12-18,netbanking,889.88,17.80,3.20,868.88,settled,False
2322,PAY0002322,2729.0,2025-12-09,2026-01-08,ota_collect,24915.00,498.30,89.69,24327.01,settled,False
2323,PAY0002323,2730.0,2025-11-27,2025-12-12,cash,3794.50,0.00,0.00,3794.50,settled,False
2324,PAY0002324,2731.0,2025-11-25,2025-12-25,upi,4767.21,95.34,17.16,4654.71,settled,False
2325,PAY0002325,2733.0,2025-11-26,2025-11-27,card,11032.30,220.65,39.72,10771.93,settled,False
2326,PAY0002326,2734.0,2025-12-02,2025-12-17,upi,14925.19,298.50,53.73,14572.96,settled,False
2327,PAY0002327,2735.0,2025-12-08,2026-01-07,ota_collect,13999.44,279.99,50.40,13669.05,settled,False
2328,PAY0002328,2737.0,2025-12-07,2025-12-22,upi,8248.70,164.97,29.69,8054.04,settled,False
2329,PAY0002329,2738.0,2025-12-10,2026-01-09,card,19563.45,391.27,70.43,19101.75,settled,False
2330,PAY0002330,2739.0,2025-12-12,2025-12-19,netbanking,1379.74,27.59,4.97,1347.18,settled,False
2331,PAY0002331,2740.0,2025-12-04,2026-01-03,card,24079.54,481.59,86.69,23511.26,settled,False
2332,PAY0002332,2741.0,2025-12-11,2026-01-10,ota_collect,13199.64,263.99,47.52,12888.13,settled,False
2333,PAY0002333,2742.0,2025-12-07,2025-12-22,cash,24870.58,0.00,0.00,24870.58,settled,False
2334,PAY0002334,2743.0,2025-12-03,2025-12-05,netbanking,40660.29,813.21,146.38,39700.70,settled,False
2335,PAY0002335,2744.0,2025-11-16,2025-11-18,ota_collect,10612.41,212.25,38.20,10361.96,settled,False
2336,PAY0002336,2745.0,2025-12-07,2026-01-06,ota_collect,12936.89,258.74,46.57,12631.58,settled,False
2337,PAY0002337,2746.0,2025-11-29,2025-12-01,ota_collect,11188.62,223.77,40.28,10924.57,settled,False
2338,PAY0002338,2747.0,2025-12-09,2025-12-24,ota_collect,8376.50,167.53,30.16,8178.81,settled,False
2339,PAY0002339,2751.0,2025-11-25,2025-12-10,ota_collect,4689.48,93.79,16.88,4578.81,settled,False
2340,PAY0002340,2752.0,2025-10-27,2025-10-28,upi,9049.32,180.99,32.58,8835.75,settled,False
2341,PAY0002341,2753.0,2025-12-09,2026-01-08,upi,22647.47,452.95,81.53,22112.99,settled,False
2342,PAY0002342,2754.0,2025-12-06,2026-01-05,upi,22256.98,445.14,80.13,21731.71,settled,False
2343,PAY0002343,2755.0,2025-11-27,2025-12-12,ota_collect,7303.95,146.08,26.29,7131.58,settled,False
2344,PAY0002344,2756.0,2025-12-15,2025-12-22,card,1357.48,27.15,4.89,1325.44,settled,False
2345,PAY0002345,2757.0,2025-11-18,2025-11-19,card,25862.00,517.24,93.10,25251.66,settled,False
2346,PAY0002346,2758.0,2025-12-01,2025-12-31,card,4903.97,98.08,17.65,4788.24,settled,False
2347,PAY0002347,2759.0,2025-12-09,2025-12-11,upi,6378.74,127.57,22.96,6228.21,settled,False
2348,PAY0002348,2760.0,2025-12-14,2025-12-21,netbanking,919.12,18.38,3.31,897.43,settled,False
2349,PAY0002349,2761.0,2025-12-07,2025-12-22,netbanking,7469.12,149.38,26.89,7292.85,settled,False
2350,PAY0002350,2762.0,2025-10-21,2025-11-05,ota_collect,4317.48,86.35,15.54,4215.59,settled,False
2351,PAY0002351,2763.0,2025-12-10,2025-12-12,upi,8033.22,160.66,28.92,7843.64,settled,False
2352,PAY0002352,2764.0,2025-12-02,2025-12-11,card,4043.01,80.86,14.55,3947.60,settled,False
2353,PAY0002353,2765.0,2025-12-04,2025-12-19,upi,6877.75,137.56,24.76,6715.43,settled,False
2354,PAY0002354,2766.0,2025-12-07,2025-12-22,upi,4626.41,92.53,16.66,4517.22,settled,False
2355,PAY0002355,2767.0,2025-12-15,2025-12-17,upi,4971.41,99.43,17.90,4854.08,settled,False
2356,PAY0002356,2768.0,2025-11-15,2025-11-30,ota_collect,4073.09,81.46,14.66,3976.97,settled,False
2357,PAY0002357,2770.0,2025-12-13,2025-12-15,upi,19833.80,396.68,71.40,19365.72,settled,False
2358,PAY0002358,2771.0,2025-11-28,2025-11-29,upi,11154.90,223.10,40.16,10891.64,settled,False
2359,PAY0002359,2772.0,2025-12-07,2026-01-06,netbanking,59823.39,1196.47,215.36,58411.56,settled,False
2360,PAY0002360,2773.0,2025-12-16,2025-12-23,card,1786.45,35.73,6.43,1744.29,settled,False
2361,PAY0002361,2774.0,2025-11-27,2025-11-28,ota_collect,6500.71,130.01,23.40,6347.30,settled,False
2362,PAY0002362,2775.0,2025-12-16,2025-12-23,upi,1412.46,28.25,5.08,1379.13,settled,False
2363,PAY0002363,2776.0,2025-12-06,2025-12-21,card,9223.62,184.47,33.20,9005.95,settled,False
2364,PAY0002364,2777.0,2025-12-14,2026-01-13,card,20771.80,415.44,74.78,20281.58,settled,False
2365,PAY0002365,2778.0,2025-12-12,2025-12-27,upi,10166.54,203.33,36.60,9926.61,settled,False
2366,PAY0002366,2779.0,2025-12-11,2025-12-13,ota_collect,15261.92,305.24,54.94,14901.74,settled,False
2367,PAY0002367,2780.0,2025-11-28,2025-12-28,netbanking,5366.20,107.32,19.32,5239.56,settled,False
2368,PAY0002368,2781.0,2025-12-08,2025-12-17,cash,28293.84,0.00,0.00,28293.84,settled,False
2369,PAY0002369,2782.0,2025-12-14,2025-12-29,netbanking,3682.69,73.65,13.26,3595.78,settled,False
2370,PAY0002370,2783.0,2025-11-18,2025-11-19,wallet,37208.71,744.17,133.95,36330.59,settled,False
2371,PAY0002371,2784.0,2025-12-11,2025-12-20,card,10386.89,207.74,37.39,10141.76,settled,False
2372,PAY0002372,2786.0,2025-11-24,2025-12-03,netbanking,7088.20,141.76,25.52,6920.92,settled,False
2373,PAY0002373,2787.0,2025-11-29,2025-11-30,ota_collect,31349.46,626.99,112.86,30609.61,settled,False
2374,PAY0002374,2788.0,2025-12-04,2025-12-13,wallet,3850.48,77.01,13.86,3759.61,settled,False
2375,PAY0002375,2789.0,2025-12-09,2025-12-18,netbanking,4286.72,85.73,15.43,4185.56,settled,False
2376,PAY0002376,2790.0,2025-12-09,2025-12-18,card,9723.68,194.47,35.00,9494.21,settled,False
2377,PAY0002377,2791.0,2025-12-04,2025-12-13,wallet,8361.04,167.22,30.10,8163.72,settled,False
2378,PAY0002378,2792.0,2025-12-13,2025-12-28,ota_collect,7319.80,146.40,26.35,7147.05,settled,False
2379,PAY0002379,2793.0,2025-12-18,2025-12-25,ota_collect,2038.62,40.77,7.34,1990.51,settled,False
2380,PAY0002380,2794.0,2025-12-17,2026-01-16,upi,4031.10,80.62,14.51,3935.97,settled,False
2381,PAY0002381,2796.0,2025-12-12,2025-12-14,ota_collect,16506.28,330.13,59.42,16116.73,settled,False
2382,PAY0002382,2797.0,2025-12-06,2025-12-15,ota_collect,5168.23,103.36,18.60,5046.27,settled,False
2383,PAY0002383,2798.0,2025-12-19,2025-12-26,upi,1114.04,22.28,4.01,1087.75,settled,False
2384,PAY0002384,2799.0,2025-12-15,2025-12-17,card,24718.48,494.37,88.99,24135.12,settled,False
2385,PAY0002385,2800.0,2025-12-18,2026-01-02,upi,7088.16,141.76,25.52,6920.88,settled,False
2386,PAY0002386,2801.0,2025-12-11,2025-12-26,card,12316.62,246.33,44.34,12025.95,settled,False
2387,PAY0002387,2802.0,2025-11-18,2025-11-27,cash,14632.24,0.00,0.00,14632.24,settled,False
2388,PAY0002388,2803.0,2025-12-13,2025-12-22,upi,5553.72,111.07,19.99,5422.66,settled,False
2389,PAY0002389,2804.0,2025-12-14,2025-12-16,netbanking,22815.72,456.31,82.14,22277.27,settled,False
2390,PAY0002390,2805.0,2025-12-12,2025-12-27,ota_collect,10722.41,214.45,38.60,10469.36,settled,False
2391,PAY0002391,2806.0,2025-12-16,2025-12-18,upi,5434.35,108.69,19.56,5306.10,settled,False
2392,PAY0002392,2807.0,2025-12-13,2025-12-22,upi,3065.67,61.31,11.04,2993.32,settled,False
2393,PAY0002393,2808.0,2025-12-14,2025-12-23,wallet,3571.27,71.43,12.86,3486.98,settled,False
2394,PAY0002394,2809.0,2025-12-19,2026-01-18,upi,5269.06,105.38,18.97,5144.71,settled,False
2395,PAY0002395,2810.0,2025-12-08,2025-12-17,ota_collect,3852.76,77.06,13.87,3761.83,settled,False
2396,PAY0002396,2811.0,2025-12-17,2026-01-01,upi,9257.72,185.15,33.33,9039.24,settled,False
2397,PAY0002397,2812.0,2025-12-20,2026-01-04,ota_collect,3317.68,66.35,11.94,3239.39,settled,False
2398,PAY0002398,2813.0,2025-12-14,2026-01-13,wallet,5085.66,101.71,18.31,4965.64,settled,False
2399,PAY0002399,2814.0,2025-09-20,2025-09-21,ota_collect,58841.28,1176.83,211.83,57452.62,settled,False
2400,PAY0002400,2816.0,2025-12-22,2025-12-29,card,1082.94,21.66,3.90,1057.38,settled,False
2401,PAY0002401,2819.0,2025-12-21,2025-12-28,card,1387.74,27.75,5.00,1354.99,settled,False
2402,PAY0002402,2820.0,2025-12-16,2025-12-25,netbanking,3393.58,67.87,12.22,3313.49,settled,False
2403,PAY0002403,2821.0,2025-12-04,2026-01-03,upi,3426.70,68.53,12.34,3345.83,settled,False
2404,PAY0002404,2822.0,2025-12-14,2025-12-23,cash,4129.75,0.00,0.00,4129.75,settled,False
2405,PAY0002405,2823.0,2025-12-17,2026-01-16,card,24658.38,493.17,88.77,24076.44,settled,False
2406,PAY0002406,2825.0,2025-11-22,2025-11-23,upi,44074.14,881.48,158.67,43033.99,settled,False
2407,PAY0002407,2826.0,2025-12-18,2025-12-20,card,18419.44,368.39,66.31,17984.74,settled,False
2408,PAY0002408,2828.0,2025-12-16,2026-01-15,netbanking,17985.24,359.70,64.75,17560.79,settled,False
2409,PAY0002409,2829.0,2025-12-16,2026-01-15,cash,20763.79,0.00,0.00,20763.79,settled,False
2410,PAY0002410,2830.0,2025-12-09,2025-12-10,upi,9148.62,182.97,32.93,8932.72,settled,False
2411,PAY0002411,2831.0,2025-11-26,2025-11-27,cash,8182.42,0.00,0.00,8182.42,settled,False
2412,PAY0002412,2832.0,2025-12-12,2025-12-27,ota_collect,21094.80,421.90,75.94,20596.96,settled,False
2413,PAY0002413,2833.0,2025-12-23,2025-12-30,ota_collect,1437.38,28.75,5.17,1403.46,settled,False
2414,PAY0002414,2834.0,2025-12-16,2025-12-18,netbanking,3579.16,71.58,12.88,3494.70,settled,False
2415,PAY0002415,2837.0,2025-12-19,2026-01-18,upi,11109.02,222.18,39.99,10846.85,settled,False
2416,PAY0002416,2838.0,2025-12-16,2025-12-18,upi,8702.21,174.04,31.33,8496.84,settled,False
2417,PAY0002417,2839.0,2025-12-22,2025-12-31,upi,6202.49,124.05,22.33,6056.11,settled,False
2418,PAY0002418,2840.0,2025-12-23,2025-12-30,cash,998.34,0.00,0.00,998.34,settled,False
2419,PAY0002419,2842.0,2025-12-09,2025-12-24,upi,12254.32,245.09,44.12,11965.11,settled,False
2420,PAY0002420,2843.0,2025-12-24,2025-12-24,ota_collect,8465.28,169.31,30.48,8265.49,settled,False
2421,PAY0002421,2844.0,2025-11-30,2025-12-01,card,7898.78,157.98,28.44,7712.36,settled,False
2422,PAY0002422,2845.0,2025-12-08,2025-12-10,cash,7895.04,0.00,0.00,7895.04,settled,False
2423,PAY0002423,2846.0,2025-12-23,2026-01-07,ota_collect,4739.64,94.79,17.06,4627.79,settled,False
2424,PAY0002424,2847.0,2025-12-22,2026-01-21,upi,3112.95,62.26,11.21,3039.48,settled,False
2425,PAY0002425,2848.0,2025-12-07,2026-01-06,upi,30328.56,606.57,109.18,29612.81,settled,False
2426,PAY0002426,2849.0,2025-11-10,2025-11-11,card,13800.51,276.01,49.68,13474.82,settled,False
2427,PAY0002427,2850.0,2025-12-19,2025-12-20,ota_collect,48430.12,968.60,174.35,47287.17,settled,False
2428,PAY0002428,2851.0,2025-11-25,2025-12-25,upi,4443.07,88.86,15.99,4338.22,settled,False
2429,PAY0002429,2852.0,2025-12-26,2026-01-02,cash,1774.81,0.00,0.00,1774.81,settled,False
2430,PAY0002430,2853.0,2025-12-19,2025-12-28,card,10799.84,216.00,38.88,10544.96,settled,False
2431,PAY0002431,2854.0,2025-12-10,2025-12-12,card,15250.64,305.01,54.90,14890.73,settled,False
2432,PAY0002432,2855.0,2025-12-20,2025-12-21,netbanking,11898.90,237.98,42.84,11618.08,settled,False
2433,PAY0002433,2856.0,2025-12-27,2026-01-03,ota_collect,950.57,19.01,3.42,928.14,settled,False
2434,PAY0002434,2857.0,2025-12-25,2025-12-27,upi,5413.93,108.28,19.49,5286.16,settled,False
2435,PAY0002435,2858.0,2025-12-18,2025-12-20,upi,6325.30,126.51,22.77,6176.02,settled,False
2436,PAY0002436,2859.0,2025-12-10,2026-01-09,ota_collect,7602.24,152.04,27.37,7422.83,settled,False
2437,PAY0002437,2860.0,2025-12-26,2025-12-28,ota_collect,42125.35,842.51,151.65,41131.19,settled,False
2438,PAY0002438,2864.0,2025-12-18,2026-01-02,card,9385.48,187.71,33.79,9163.98,settled,False
2439,PAY0002439,2866.0,2025-12-20,2025-12-22,ota_collect,9789.12,195.78,35.24,9558.10,settled,False
2440,PAY0002440,2867.0,2025-12-26,2026-01-25,card,25896.43,517.93,93.23,25285.27,settled,False
2441,PAY0002441,2869.0,2025-12-30,2026-01-06,cash,1339.12,0.00,0.00,1339.12,settled,False
2442,PAY0002442,2870.0,2025-12-25,2026-01-24,card,15383.55,307.67,55.38,15020.50,settled,False
2443,PAY0002443,2871.0,2025-12-20,2025-12-22,upi,2934.98,58.70,10.57,2865.71,settled,False
2444,PAY0002444,2872.0,2025-12-22,2026-01-21,ota_collect,18408.69,368.17,66.27,17974.25,settled,False
2445,PAY0002445,2873.0,2025-12-20,2026-01-04,upi,3636.34,72.73,13.09,3550.52,settled,False
2446,PAY0002446,2874.0,2025-12-18,2025-12-19,cash,6612.44,0.00,0.00,6612.44,settled,False
2447,PAY0002447,2875.0,2025-12-26,2026-01-25,ota_collect,11153.64,223.07,40.15,10890.42,settled,False
2448,PAY0002448,2876.0,2025-12-21,2025-12-30,netbanking,3186.77,63.74,11.47,3111.56,settled,False
2449,PAY0002449,2878.0,2025-12-28,2026-01-27,card,13491.73,269.83,48.57,13173.33,settled,False
2450,PAY0002450,2879.0,2025-12-29,2025-12-31,upi,4358.03,87.16,15.69,4255.18,settled,False
2451,PAY0002451,2881.0,2025-12-10,2026-01-09,card,8451.92,169.04,30.43,8252.45,settled,False
2452,PAY0002452,2883.0,2025-12-30,2026-01-29,card,36526.41,730.53,131.50,35664.38,settled,False
2453,PAY0002453,2884.0,2025-12-31,2026-01-30,ota_collect,39082.83,781.66,140.70,38160.47,settled,False
2454,PAY0002454,2885.0,2025-12-16,2025-12-31,upi,13368.08,267.36,48.12,13052.60,settled,False
2455,PAY0002455,2886.0,2025-11-26,2025-12-11,card,16555.92,331.12,59.60,16165.20,settled,False
2456,PAY0002456,2887.0,2025-12-19,2026-01-03,upi,10927.47,218.55,39.34,10669.58,settled,False
2457,PAY0002457,2888.0,2026-01-01,2026-01-03,upi,8052.00,161.04,28.99,7861.97,settled,False
2458,PAY0002458,2890.0,2025-12-20,2026-01-04,ota_collect,6908.82,138.18,24.87,6745.77,settled,False
2459,PAY0002459,2891.0,2025-12-27,2026-01-11,upi,35060.16,701.20,126.22,34232.74,settled,False
2460,PAY0002460,2893.0,2025-12-30,2026-01-14,upi,11454.72,229.09,41.24,11184.39,settled,False
2461,PAY0002461,2894.0,2025-11-16,2025-12-01,card,35725.60,714.51,128.61,34882.48,settled,False
2462,PAY0002462,2895.0,2026-01-01,2026-01-10,card,11558.82,231.18,41.61,11286.03,settled,False
2463,PAY0002463,2898.0,2025-12-27,2026-01-05,card,3114.57,62.29,11.21,3041.07,settled,False
2464,PAY0002464,2899.0,2025-11-16,2025-11-25,ota_collect,22298.80,445.98,80.28,21772.54,settled,False
2465,PAY0002465,2900.0,2025-12-24,2025-12-26,ota_collect,6250.30,125.01,22.50,6102.79,settled,False
2466,PAY0002466,2901.0,2025-12-25,2026-01-09,wallet,31913.55,638.27,114.89,31160.39,settled,False
2467,PAY0002467,2902.0,2025-12-30,2026-01-29,ota_collect,41098.68,821.97,147.95,40128.76,settled,False
2468,PAY0002468,2903.0,2025-12-14,2025-12-23,wallet,15324.20,306.48,55.17,14962.55,settled,False
2469,PAY0002469,2904.0,2025-12-19,2026-01-03,card,28637.28,572.75,103.09,27961.44,settled,False
2470,PAY0002470,2905.0,2026-01-01,2026-01-31,upi,19561.80,391.24,70.42,19100.14,settled,False
2471,PAY0002471,2906.0,2025-12-27,2026-01-11,upi,8286.56,165.73,29.83,8091.00,settled,False
2472,PAY0002472,2907.0,2025-12-31,2026-01-30,ota_collect,3950.59,79.01,14.22,3857.36,settled,False
2473,PAY0002473,2908.0,2025-12-26,2026-01-25,upi,11292.42,225.85,40.65,11025.92,settled,False
2474,PAY0002474,2909.0,2025-12-30,2026-01-01,upi,19255.83,385.12,69.32,18801.39,settled,False
2475,PAY0002475,2910.0,2025-12-29,2026-01-28,ota_collect,6607.37,132.15,23.79,6451.43,settled,False
2476,PAY0002476,2911.0,2025-12-27,2026-01-26,card,2849.96,57.00,10.26,2782.70,settled,False
2477,PAY0002477,2912.0,2025-12-24,2026-01-02,upi,3241.33,64.83,11.67,3164.83,settled,False
2478,PAY0002478,2913.0,2025-12-29,2026-01-13,ota_collect,4298.45,85.97,15.47,4197.01,settled,False
2479,PAY0002479,2914.0,2025-12-29,2025-12-31,upi,14526.52,290.53,52.30,14183.69,settled,False
2480,PAY0002480,2915.0,2025-12-26,2026-01-10,ota_collect,2989.33,59.79,10.76,2918.78,settled,False
2481,PAY0002481,2916.0,2025-10-12,2025-10-13,upi,22731.71,454.63,81.83,22195.25,settled,False
2482,PAY0002482,2917.0,2026-01-01,2026-01-16,card,3812.91,76.26,13.73,3722.92,settled,False
2483,PAY0002483,2918.0,2025-12-27,2026-01-05,upi,3624.81,72.50,13.05,3539.26,settled,False
2484,PAY0002484,2919.0,2025-12-31,2026-01-01,ota_collect,25684.26,513.69,92.46,25078.11,settled,False
2485,PAY0002485,2920.0,2025-12-22,2025-12-31,netbanking,4265.33,85.31,15.36,4164.66,settled,False
2486,PAY0002486,2921.0,2025-12-23,2026-01-07,card,4492.47,89.85,16.17,4386.45,settled,False
2487,PAY0002487,2922.0,2025-11-14,2025-12-14,upi,4483.77,89.68,16.14,4377.95,settled,False
2488,PAY0002488,2923.0,2025-12-30,2026-01-08,ota_collect,20203.20,404.06,72.73,19726.41,settled,False
2489,PAY0002489,2924.0,2025-12-25,2025-12-27,ota_collect,24340.99,486.82,87.63,23766.54,settled,False
2490,PAY0002490,2925.0,2025-12-23,2026-01-07,ota_collect,10791.27,215.83,38.85,10536.59,settled,False
2491,PAY0002491,2926.0,2025-12-04,2025-12-19,wallet,7962.95,159.26,28.67,7775.02,settled,False
2492,PAY0002492,2927.0,2025-12-23,2025-12-25,upi,5447.24,108.94,19.61,5318.69,settled,False
2493,PAY0002493,2928.0,2025-12-18,2026-01-02,ota_collect,4012.53,80.25,14.45,3917.83,settled,False
2494,PAY0002494,2929.0,2026-01-01,2026-01-03,card,13970.79,279.42,50.30,13641.07,settled,False
2495,PAY0002495,2930.0,2025-12-27,2026-01-11,ota_collect,3592.28,71.85,12.93,3507.50,settled,False
2496,PAY0002496,2931.0,2025-12-28,2026-01-06,card,3794.41,75.89,13.66,3704.86,settled,False
2497,PAY0002497,2932.0,2026-01-05,2026-01-05,upi,10723.18,214.46,38.60,10470.12,settled,False
2498,PAY0002498,2933.0,2025-12-31,2026-01-15,ota_collect,6996.78,139.94,25.19,6831.65,settled,False
2499,PAY0002499,2934.0,2026-01-01,2026-01-03,card,16871.00,337.42,60.74,16472.84,settled,False
2500,PAY0002500,2935.0,2026-01-01,2026-01-03,card,41655.44,833.11,149.96,40672.37,settled,False
2501,PAY0002501,2936.0,2026-01-03,2026-02-02,upi,14181.09,283.62,51.05,13846.42,settled,False
2502,PAY0002502,2937.0,2025-12-26,2026-01-10,ota_collect,12908.11,258.16,46.47,12603.48,settled,False
2503,PAY0002503,2938.0,2026-01-04,2026-02-03,netbanking,47557.18,951.14,171.21,46434.83,settled,False
2504,PAY0002504,2939.0,2025-12-18,2026-01-17,netbanking,6925.96,138.52,24.93,6762.51,settled,False
2505,PAY0002505,2940.0,2025-12-26,2025-12-27,upi,15873.02,317.46,57.14,15498.42,settled,False
2506,PAY0002506,2942.0,2026-01-07,2026-01-14,card,1298.84,25.98,4.68,1268.18,settled,False
2507,PAY0002507,2943.0,2025-12-20,2025-12-29,upi,7910.42,158.21,28.48,7723.73,settled,False
2508,PAY0002508,2945.0,2026-01-02,2026-01-11,upi,5635.91,112.72,20.29,5502.90,settled,False
2509,PAY0002509,2946.0,2025-12-16,2025-12-18,card,4758.30,95.17,17.13,4646.00,settled,False
2510,PAY0002510,2947.0,2025-12-28,2026-01-06,card,5076.97,101.54,18.28,4957.15,settled,False
2511,PAY0002511,2948.0,2026-01-05,2026-01-20,ota_collect,7945.76,158.92,28.61,7758.23,settled,False
2512,PAY0002512,2949.0,2025-12-21,2025-12-30,card,21222.36,424.45,76.40,20721.51,settled,False
2513,PAY0002513,2951.0,2026-01-08,2026-01-08,card,6661.19,133.22,23.98,6503.99,settled,False
2514,PAY0002514,2952.0,2025-12-31,2026-01-30,ota_collect,4973.37,99.47,17.90,4856.00,settled,False
2515,PAY0002515,2953.0,2026-01-08,2026-01-15,upi,1635.91,32.72,5.89,1597.30,settled,False
2516,PAY0002516,2954.0,2025-12-11,2025-12-26,cash,15742.80,0.00,0.00,15742.80,settled,False
2517,PAY0002517,2955.0,2025-12-02,2025-12-03,card,9289.06,185.78,33.44,9069.84,settled,False
2518,PAY0002518,2956.0,2026-01-04,2026-01-19,ota_collect,5178.47,103.57,18.64,5056.26,settled,False
2519,PAY0002519,2957.0,2026-01-02,2026-02-01,ota_collect,3499.66,69.99,12.60,3417.07,settled,False
2520,PAY0002520,2959.0,2026-01-07,2026-01-07,card,7353.44,147.07,26.47,7179.90,settled,False
2521,PAY0002521,2960.0,2026-01-08,2026-01-15,ota_collect,1254.11,25.08,4.51,1224.52,settled,False
2522,PAY0002522,2961.0,2026-01-02,2026-02-01,ota_collect,31562.59,631.25,113.62,30817.72,settled,False
2523,PAY0002523,,2026-01-08,2026-01-15,cash,1346.33,0.00,0.00,1346.33,settled,True
2524,PAY0002524,2963.0,2025-12-15,2025-12-30,ota_collect,4340.00,86.80,15.62,4237.58,settled,False
2525,PAY0002525,2964.0,2026-01-06,2026-01-21,ota_collect,14688.60,293.77,52.88,14341.95,settled,False
2526,PAY0002526,2965.0,2025-12-03,2026-01-02,card,6038.83,120.78,21.74,5896.31,settled,False
2527,PAY0002527,2967.0,2026-01-06,2026-02-05,card,8618.06,172.36,31.02,8414.68,settled,False
2528,PAY0002528,2968.0,2026-01-02,2026-02-01,cash,24686.05,0.00,0.00,24686.05,settled,False
2529,PAY0002529,2969.0,2025-12-30,2026-01-29,upi,16169.85,323.40,58.21,15788.24,settled,False
2530,PAY0002530,2970.0,2025-12-26,2026-01-10,upi,10276.93,205.54,37.00,10034.39,settled,False
2531,PAY0002531,2971.0,2026-01-07,2026-02-06,ota_collect,41455.53,829.11,149.24,40477.18,settled,False
2532,PAY0002532,2972.0,2025-11-29,2025-12-14,upi,29978.08,599.56,107.92,29270.60,settled,False
2533,PAY0002533,2974.0,2026-01-08,2026-01-15,card,969.19,19.38,3.49,946.32,settled,False
2534,PAY0002534,2975.0,2026-01-06,2026-01-21,card,3813.96,76.28,13.73,3723.95,settled,False
2535,PAY0002535,2976.0,2025-12-15,2025-12-16,ota_collect,26021.98,520.44,93.68,25407.86,settled,False
2536,PAY0002536,2977.0,2026-01-08,2026-01-10,card,31698.85,633.98,114.12,30950.75,settled,False
2537,PAY0002537,2978.0,2025-12-06,2025-12-21,card,9587.04,191.74,34.51,9360.79,settled,False
2538,PAY0002538,2979.0,2026-01-01,2026-01-16,upi,4123.12,82.46,14.84,4025.82,settled,False
2539,PAY0002539,2980.0,2026-01-06,2026-01-21,netbanking,11465.01,229.30,41.27,11194.44,settled,False
2540,PAY0002540,2982.0,2026-01-01,2026-01-03,card,10878.25,217.56,39.16,10621.53,settled,False
2541,PAY0002541,2983.0,2026-01-05,2026-01-20,ota_collect,4011.95,80.24,14.44,3917.27,settled,False
2542,PAY0002542,2984.0,2025-09-12,2025-10-12,wallet,3235.53,64.71,11.65,3159.17,settled,False
2543,PAY0002543,2985.0,2026-01-02,2026-01-04,wallet,21067.69,421.35,75.84,20570.50,settled,False
2544,PAY0002544,2986.0,2026-01-04,2026-02-03,netbanking,89571.60,1791.43,322.46,87457.71,settled,False
2545,PAY0002545,2987.0,2026-01-07,2026-01-09,upi,8207.56,164.15,29.55,8013.86,settled,False
2546,PAY0002546,2988.0,2026-01-07,2026-02-06,card,21982.24,439.64,79.14,21463.46,settled,False
2547,PAY0002547,2989.0,2026-01-10,2026-01-17,wallet,1215.44,24.31,4.38,1186.75,settled,False
2548,PAY0002548,2990.0,2026-01-03,2026-01-05,ota_collect,30432.40,608.65,109.56,29714.19,settled,False
2549,PAY0002549,2991.0,2026-01-01,2026-01-10,ota_collect,15018.36,300.37,54.07,14663.92,settled,False
2550,PAY0002550,2992.0,2026-01-01,2026-01-10,netbanking,5230.87,104.62,18.83,5107.42,settled,False
2551,PAY0002551,2993.0,2026-01-07,2026-02-06,netbanking,5285.84,105.72,19.03,5161.09,settled,False
2552,PAY0002552,2994.0,2025-12-30,2026-01-01,upi,4072.25,81.45,14.66,3976.14,settled,False
2553,PAY0002553,2995.0,2026-01-06,2026-01-15,card,8651.86,173.04,31.15,8447.67,settled,False
2554,PAY0002554,2996.0,2025-11-16,2025-11-25,ota_collect,10560.40,211.21,38.02,10311.17,settled,False
2555,PAY0002555,2997.0,2026-01-09,2026-01-11,upi,33117.33,662.35,119.22,32335.76,settled,False
2556,PAY0002556,2998.0,2025-11-01,2025-11-16,upi,12689.89,253.80,45.68,12390.41,settled,False
2557,PAY0002557,2999.0,2026-01-06,2026-01-21,netbanking,4171.61,83.43,15.02,4073.16,settled,False
2558,PAY0002558,3000.0,2025-12-12,2026-01-11,card,9113.62,182.27,32.81,8898.54,settled,False
2559,PAY0002559,3001.0,2026-01-01,2026-01-03,card,3586.87,71.74,12.91,3502.22,settled,False
2560,PAY0002560,3002.0,2025-12-17,2025-12-26,card,11047.50,220.95,39.77,10786.78,settled,False
2561,PAY0002561,3003.0,2026-01-08,2026-02-07,ota_collect,4557.38,91.15,16.41,4449.82,settled,False
2562,PAY0002562,3004.0,2026-01-04,2026-01-06,card,10373.10,207.46,37.34,10128.30,settled,False
2563,PAY0002563,3005.0,2026-01-08,2026-01-10,ota_collect,4209.82,84.20,15.16,4110.46,settled,False
2564,PAY0002564,3006.0,2025-12-15,2025-12-24,netbanking,3557.10,71.14,12.81,3473.15,settled,False
2565,PAY0002565,3007.0,2026-01-07,2026-01-09,upi,3243.34,64.87,11.68,3166.79,settled,False
2566,PAY0002566,3008.0,2025-12-11,2025-12-13,upi,7395.31,147.91,26.62,7220.78,settled,False
2567,PAY0002567,3009.0,2026-01-07,2026-01-22,ota_collect,15021.38,300.43,54.08,14666.87,settled,False
2568,PAY0002568,3010.0,2025-12-16,2025-12-25,ota_collect,12812.04,256.24,46.12,12509.68,settled,False
2569,PAY0002569,3011.0,2026-01-12,2026-02-11,ota_collect,16316.16,326.32,58.74,15931.10,settled,False
2570,PAY0002570,3012.0,2026-01-09,2026-02-08,ota_collect,5445.78,108.92,19.61,5317.25,settled,False
2571,PAY0002571,3013.0,2026-01-05,2026-01-06,upi,31315.33,626.31,112.74,30576.28,settled,False
2572,PAY0002572,3014.0,2026-01-01,2026-01-16,ota_collect,8502.90,170.06,30.61,8302.23,settled,False
2573,PAY0002573,3015.0,2026-01-10,2026-02-09,card,12574.47,251.49,45.27,12277.71,settled,False
2574,PAY0002574,3016.0,2026-01-07,2026-02-06,card,23133.00,462.66,83.28,22587.06,settled,False
2575,PAY0002575,3017.0,2026-01-01,2026-01-16,upi,3528.00,70.56,12.70,3444.74,settled,False
2576,PAY0002576,3018.0,2026-01-14,2026-01-21,card,1029.80,20.60,3.71,1005.49,settled,False
2577,PAY0002577,3019.0,2026-01-07,2026-02-06,ota_collect,4511.38,90.23,16.24,4404.91,settled,False
2578,PAY0002578,3020.0,2026-01-06,2026-01-21,upi,16844.07,336.88,60.64,16446.55,settled,False
2579,PAY0002579,3021.0,2026-01-10,2026-02-09,upi,24080.26,481.61,86.69,23511.96,settled,False
2580,PAY0002580,3022.0,2026-01-13,2026-01-22,upi,8903.76,178.08,32.05,8693.63,settled,False
2581,PAY0002581,3023.0,2025-12-30,2026-01-01,upi,5184.19,103.68,18.66,5061.85,settled,False
2582,PAY0002582,3024.0,2026-01-12,2026-02-11,netbanking,91597.28,1831.95,329.75,89435.58,settled,False
2583,PAY0002583,3026.0,2026-01-09,2026-02-08,upi,74033.60,1480.67,266.52,72286.41,settled,False
2584,PAY0002584,3027.0,2025-12-22,2026-01-06,ota_collect,16616.21,332.32,59.82,16224.07,settled,False
2585,PAY0002585,3029.0,2025-12-24,2026-01-02,netbanking,11882.68,237.65,42.78,11602.25,settled,False
2586,PAY0002586,3030.0,2026-01-09,2026-02-08,cash,20014.12,0.00,0.00,20014.12,settled,False
2587,PAY0002587,3031.0,2025-11-25,2025-12-25,upi,4045.10,80.90,14.56,3949.64,settled,False
2588,PAY0002588,3032.0,2025-12-12,2025-12-27,upi,5904.59,118.09,21.26,5765.24,settled,False
2589,PAY0002589,3034.0,2026-01-02,2026-02-01,upi,25687.68,513.75,92.47,25081.46,settled,False
2590,PAY0002590,3035.0,2026-01-11,2026-02-10,upi,3161.14,63.22,11.38,3086.54,settled,False
2591,PAY0002591,3036.0,2026-01-07,2026-02-06,cash,89648.79,0.00,0.00,89648.79,settled,False
2592,PAY0002592,3037.0,2026-01-04,2026-01-05,upi,3463.90,69.28,12.47,3382.15,settled,False
2593,PAY0002593,3038.0,2026-01-10,2026-01-25,cash,16172.68,0.00,0.00,16172.68,settled,False
2594,PAY0002594,3039.0,2026-01-15,2026-01-17,upi,16498.53,329.97,59.39,16109.17,settled,False
2595,PAY0002595,3040.0,2026-01-03,2026-02-02,upi,18700.89,374.02,67.32,18259.55,settled,False
2596,PAY0002596,3041.0,2026-01-15,2026-01-24,upi,3981.36,79.63,14.33,3887.40,settled,False
2597,PAY0002597,3042.0,2026-01-17,2026-01-24,upi,1810.59,36.21,6.52,1767.86,settled,False
2598,PAY0002598,3043.0,2026-01-09,2026-01-18,ota_collect,6131.85,122.64,22.08,5987.13,settled,False
2599,PAY0002599,3044.0,2025-12-30,2026-01-01,ota_collect,8344.90,166.90,30.04,8147.96,settled,False
2600,PAY0002600,3045.0,2026-01-09,2026-01-10,ota_collect,2870.70,57.41,10.33,2802.96,settled,False
2601,PAY0002601,3046.0,2026-01-12,2026-01-14,netbanking,6260.49,125.21,22.54,6112.74,settled,False
2602,PAY0002602,3047.0,2026-01-06,2026-01-21,card,3945.23,78.90,14.20,3852.13,settled,False
2603,PAY0002603,3048.0,2025-12-26,2026-01-04,card,9412.12,188.24,33.88,9190.00,settled,False
2604,PAY0002604,3050.0,2026-01-10,2026-01-12,wallet,12689.53,253.79,45.68,12390.06,settled,False
2605,PAY0002605,3051.0,2026-01-15,2026-01-30,upi,13639.85,272.80,49.10,13317.95,settled,False
2606,PAY0002606,3052.0,2025-12-08,2025-12-23,card,31872.47,637.45,114.74,31120.28,settled,False
2607,PAY0002607,3054.0,2026-01-18,2026-02-17,upi,20953.71,419.07,75.43,20459.21,settled,False
2608,PAY0002608,3055.0,2025-12-21,2026-01-20,ota_collect,4418.86,88.38,15.91,4314.57,settled,False
2609,PAY0002609,3056.0,2026-01-16,2026-02-15,card,81228.36,1624.57,292.42,79311.37,settled,False
2610,PAY0002610,3057.0,2025-12-27,2026-01-11,ota_collect,4100.44,82.01,14.76,4003.67,settled,False
2611,PAY0002611,3058.0,2026-01-17,2026-02-16,netbanking,7331.38,146.63,26.39,7158.36,settled,False
2612,PAY0002612,3059.0,2026-01-18,2026-02-17,ota_collect,82895.86,1657.92,298.43,80939.51,settled,False
2613,PAY0002613,3060.0,2026-01-16,2026-01-18,netbanking,3406.10,68.12,12.26,3325.72,settled,False
2614,PAY0002614,3061.0,2026-01-17,2026-02-16,upi,25878.93,517.58,93.16,25268.19,settled,False
2615,PAY0002615,3062.0,2026-01-07,2026-01-22,upi,3439.00,68.78,12.38,3357.84,settled,False
2616,PAY0002616,3064.0,2025-12-22,2026-01-06,cash,6933.80,0.00,0.00,6933.80,settled,False
2617,PAY0002617,3065.0,2026-01-18,2026-01-20,ota_collect,17359.04,347.18,62.49,16949.37,settled,False
2618,PAY0002618,3066.0,2026-01-05,2026-02-04,card,18169.32,363.39,65.41,17740.52,settled,False
2619,PAY0002619,3067.0,2026-01-08,2026-02-07,ota_collect,4292.07,85.84,15.45,4190.78,settled,False
2620,PAY0002620,3068.0,2026-01-16,2026-01-18,upi,9290.07,185.80,33.44,9070.83,settled,False
2621,PAY0002621,3070.0,2026-01-04,2026-01-13,wallet,13113.80,262.28,47.21,12804.31,settled,False
2622,PAY0002622,3071.0,2026-01-18,2026-02-17,card,56816.00,1136.32,204.54,55475.14,settled,False
2623,PAY0002623,3072.0,2026-01-18,2026-02-17,upi,4728.44,94.57,17.02,4616.85,settled,False
2624,PAY0002624,3073.0,2026-01-19,2026-01-26,card,2048.74,40.97,7.37,2000.40,settled,False
2625,PAY0002625,3074.0,2026-01-18,2026-02-02,card,9327.10,186.54,33.58,9106.98,settled,False
2626,PAY0002626,3075.0,2026-01-03,2026-01-04,ota_collect,43979.21,879.58,158.32,42941.31,settled,False
2627,PAY0002627,3076.0,2026-01-22,2026-01-29,cash,1531.00,0.00,0.00,1531.00,settled,False
2628,PAY0002628,3078.0,2026-01-18,2026-02-17,cash,8463.84,0.00,0.00,8463.84,settled,False
2629,PAY0002629,3079.0,2025-12-25,2026-01-03,card,15789.19,315.78,56.84,15416.57,settled,False
2630,PAY0002630,3080.0,2026-01-14,2026-01-29,card,10670.31,213.41,38.41,10418.49,settled,False
2631,PAY0002631,3081.0,2026-01-03,2026-02-02,netbanking,10934.90,218.70,39.37,10676.83,settled,False
2632,PAY0002632,3082.0,2026-01-02,2026-01-04,card,27068.28,541.37,97.45,26429.46,settled,False
2633,PAY0002633,3083.0,2026-01-03,2026-02-02,ota_collect,21504.72,430.09,77.42,20997.21,settled,False
2634,PAY0002634,3084.0,2026-01-05,2026-01-06,cash,13166.40,0.00,0.00,13166.40,settled,False
2635,PAY0002635,3085.0,2026-01-06,2026-01-07,card,13363.02,267.26,48.11,13047.65,settled,False
2636,PAY0002636,3087.0,2026-01-17,2026-02-16,card,5358.23,107.16,19.29,5231.78,settled,False
2637,PAY0002637,3088.0,2026-01-14,2026-01-23,upi,7440.48,148.81,26.79,7264.88,settled,False
2638,PAY0002638,3089.0,2026-01-10,2026-01-19,card,6470.31,129.41,23.29,6317.61,settled,False
2639,PAY0002639,3090.0,2026-01-01,2026-01-31,card,4915.00,98.30,17.69,4799.01,settled,False
2640,PAY0002640,3091.0,2026-01-18,2026-02-17,card,4320.88,86.42,15.56,4218.90,settled,False
2641,PAY0002641,3092.0,2025-12-09,2025-12-18,upi,11949.20,238.98,43.02,11667.20,settled,False
2642,PAY0002642,3093.0,2025-12-15,2025-12-16,cash,21166.99,0.00,0.00,21166.99,settled,False
2643,PAY0002643,3094.0,2025-12-20,2026-01-04,netbanking,18417.35,368.35,66.30,17982.70,settled,False
2644,PAY0002644,3096.0,2026-01-14,2026-01-23,cash,34169.60,0.00,0.00,34169.60,settled,False
2645,PAY0002645,3097.0,2026-01-13,2026-01-22,ota_collect,5277.53,105.55,19.00,5152.98,settled,False
2646,PAY0002646,3100.0,2026-01-22,2026-01-29,netbanking,1806.23,36.12,6.50,1763.61,settled,False
2647,PAY0002647,3101.0,2026-01-23,2026-01-30,card,1934.21,38.68,6.96,1888.57,settled,False
2648,PAY0002648,3102.0,2026-01-19,2026-01-21,netbanking,27560.56,551.21,99.22,26910.13,settled,False
2649,PAY0002649,3103.0,2026-01-21,2026-02-20,card,15078.75,301.57,54.28,14722.90,settled,False
2650,PAY0002650,3104.0,2026-01-14,2026-01-23,upi,6631.37,132.63,23.87,6474.87,settled,False
2651,PAY0002651,3105.0,2026-01-23,2026-01-30,upi,1781.43,35.63,6.41,1739.39,settled,False
2652,PAY0002652,3106.0,2026-01-12,2026-01-27,upi,3507.08,70.14,12.63,3424.31,settled,False
2653,PAY0002653,3107.0,2025-11-14,2025-11-23,ota_collect,6427.30,128.55,23.14,6275.61,settled,False
2654,PAY0002654,3108.0,2026-01-09,2026-01-24,cash,3336.97,0.00,0.00,3336.97,settled,False
2655,PAY0002655,3109.0,2026-01-16,2026-02-15,netbanking,28255.40,565.11,101.72,27588.57,settled,False
2656,PAY0002656,3110.0,2026-01-17,2026-01-26,upi,4118.20,82.36,14.82,4021.02,settled,False
2657,PAY0002657,3111.0,2026-01-22,2026-02-21,netbanking,7224.08,144.48,26.01,7053.59,settled,False
2658,PAY0002658,3112.0,2026-01-18,2026-01-27,upi,4882.13,97.64,17.58,4766.91,settled,False
2659,PAY0002659,3113.0,2026-01-22,2026-01-31,card,2995.19,59.90,10.78,2924.51,settled,False
2660,PAY0002660,3114.0,2026-01-24,2026-01-26,cash,25535.04,0.00,0.00,25535.04,settled,False
2661,PAY0002661,3115.0,2026-01-15,2026-01-16,wallet,24193.74,483.87,87.10,23622.77,settled,False
2662,PAY0002662,3116.0,2026-01-21,2026-02-05,card,16252.52,325.05,58.51,15868.96,settled,False
2663,PAY0002663,3117.0,2026-01-22,2026-02-06,upi,19441.80,388.84,69.99,18982.97,settled,False
2664,PAY0002664,3118.0,2026-01-24,2026-01-26,upi,12903.75,258.07,46.45,12599.23,settled,False
2665,PAY0002665,3119.0,2026-01-20,2026-01-22,wallet,19991.75,399.84,71.97,19519.94,settled,False
2666,PAY0002666,3120.0,2026-01-17,2026-01-19,ota_collect,6265.31,125.31,22.56,6117.44,settled,False
2667,PAY0002667,3121.0,2026-01-24,2026-02-23,upi,79688.91,1593.78,286.88,77808.25,settled,False
2668,PAY0002668,3122.0,2026-01-12,2026-01-21,netbanking,9060.40,181.21,32.62,8846.57,settled,False
2669,PAY0002669,3125.0,2025-12-28,2025-12-29,ota_collect,11648.31,232.97,41.93,11373.41,settled,False
2670,PAY0002670,3126.0,2026-01-06,2026-01-21,card,5946.66,118.93,21.41,5806.32,settled,False
2671,PAY0002671,3127.0,2026-01-24,2026-01-26,ota_collect,14402.11,288.04,51.85,14062.22,settled,False
2672,PAY0002672,3128.0,2026-01-03,2026-01-18,ota_collect,7198.74,143.97,25.91,7028.86,settled,False
2673,PAY0002673,3130.0,2026-01-17,2026-02-01,upi,3775.71,75.51,13.59,3686.61,settled,False
2674,PAY0002674,3131.0,2026-01-08,2026-01-17,upi,7127.23,142.54,25.66,6959.03,settled,False
2675,PAY0002675,3132.0,2026-01-26,2026-01-27,netbanking,27127.40,542.55,97.66,26487.19,settled,False
2676,PAY0002676,3134.0,2026-01-12,2026-02-11,card,14904.84,298.10,53.66,14553.08,settled,False
2677,PAY0002677,3135.0,2026-01-13,2026-02-12,upi,22022.68,440.45,79.28,21502.95,settled,False
2678,PAY0002678,3136.0,2026-01-26,2026-02-02,ota_collect,1157.01,23.14,4.17,1129.70,settled,False
2679,PAY0002679,3137.0,2026-01-17,2026-01-19,upi,15428.44,308.57,55.54,15064.33,settled,False
2680,PAY0002680,3138.0,2026-01-07,2026-01-09,upi,4771.30,95.43,17.18,4658.69,settled,False
2681,PAY0002681,3139.0,2026-01-22,2026-01-24,upi,8075.88,161.52,29.07,7885.29,settled,False
2682,PAY0002682,3140.0,2025-12-26,2026-01-04,upi,4091.37,81.83,14.73,3994.81,settled,False
2683,PAY0002683,3141.0,2026-01-12,2026-01-21,upi,7559.42,151.19,27.21,7381.02,settled,False
2684,PAY0002684,3142.0,2026-01-10,2026-02-09,card,40035.65,800.71,144.13,39090.81,settled,False
2685,PAY0002685,3143.0,2025-11-29,2025-12-14,upi,12545.73,250.91,45.16,12249.66,settled,False
2686,PAY0002686,3145.0,2026-01-20,2026-02-19,netbanking,52980.00,1059.60,190.73,51729.67,settled,False
2687,PAY0002687,3146.0,2026-01-24,2026-02-08,card,4401.58,88.03,15.85,4297.70,settled,False
2688,PAY0002688,3147.0,2026-01-21,2026-01-30,upi,13542.72,270.85,48.75,13223.12,settled,False
2689,PAY0002689,3149.0,2026-01-22,2026-01-24,ota_collect,4038.78,80.78,14.54,3943.46,settled,False
2690,PAY0002690,3150.0,2026-01-23,2026-02-07,netbanking,9639.67,192.79,34.70,9412.18,settled,False
2691,PAY0002691,,2026-01-02,2026-02-01,upi,6743.00,134.86,24.27,6583.87,settled,True
2692,PAY0002692,3153.0,2026-01-26,2026-02-04,upi,22188.85,443.78,79.88,21665.19,settled,False
2693,PAY0002693,3154.0,2026-01-26,2026-02-25,ota_collect,12089.43,241.79,43.52,11804.12,settled,False
2694,PAY0002694,3156.0,2026-01-30,2026-02-06,ota_collect,1587.99,31.76,5.72,1550.51,settled,False
2695,PAY0002695,3157.0,2026-01-15,2026-01-24,ota_collect,6874.50,137.49,24.75,6712.26,settled,False
2696,PAY0002696,3158.0,2026-01-24,2026-02-23,upi,88397.19,1767.94,318.23,86311.02,settled,False
2697,PAY0002697,3159.0,2026-01-26,2026-02-10,cash,27344.38,0.00,0.00,27344.38,settled,False
2698,PAY0002698,3160.0,2026-01-24,2026-01-26,upi,8252.86,165.06,29.71,8058.09,settled,False
2699,PAY0002699,3161.0,2026-01-24,2026-02-08,netbanking,8557.48,171.15,30.81,8355.52,settled,False
2700,PAY0002700,3162.0,2026-01-21,2026-01-23,card,4129.82,82.60,14.87,4032.35,settled,False
2701,PAY0002701,3163.0,2025-12-22,2026-01-21,upi,6698.43,133.97,24.11,6540.35,settled,False
2702,PAY0002702,3164.0,2025-12-30,2026-01-14,upi,5942.15,118.84,21.39,5801.92,settled,False
2703,PAY0002703,3165.0,2026-01-27,2026-01-29,upi,3283.35,65.67,11.82,3205.86,settled,False
2704,PAY0002704,3166.0,2026-01-18,2026-02-17,card,3990.13,79.80,14.36,3895.97,settled,False
2705,PAY0002705,3167.0,2026-01-28,2026-02-27,ota_collect,3046.48,60.93,10.97,2974.58,settled,False
2706,PAY0002706,3169.0,2025-12-28,2025-12-29,wallet,28886.61,577.73,103.99,28204.89,settled,False
2707,PAY0002707,3170.0,2026-01-23,2026-01-24,upi,18731.14,374.62,67.43,18289.09,settled,False
2708,PAY0002708,3171.0,2026-01-17,2026-02-01,upi,4205.00,84.10,15.14,4105.76,settled,False
2709,PAY0002709,3172.0,2026-01-23,2026-01-25,card,4256.14,85.12,15.32,4155.70,settled,False
2710,PAY0002710,3173.0,2026-01-18,2026-02-02,card,3322.86,66.46,11.96,3244.44,settled,False
2711,PAY0002711,3174.0,2026-01-10,2026-01-12,card,5176.31,103.53,18.64,5054.14,settled,False
2712,PAY0002712,3175.0,2026-01-25,2026-01-26,ota_collect,15955.50,319.11,57.44,15578.95,settled,False
2713,PAY0002713,3176.0,2026-01-24,2026-02-23,upi,8016.63,160.33,28.86,7827.44,settled,False
2714,PAY0002714,3177.0,2026-02-02,2026-02-09,upi,1489.23,29.78,5.36,1454.09,settled,False
2715,PAY0002715,3178.0,2026-01-30,2026-03-01,card,4615.78,92.32,16.62,4506.84,settled,False
2716,PAY0002716,3179.0,2026-01-31,2026-02-02,cash,8390.38,0.00,0.00,8390.38,settled,False
2717,PAY0002717,3181.0,2026-01-29,2026-01-31,card,14857.05,297.14,53.49,14506.42,settled,False
2718,PAY0002718,3182.0,2026-02-01,2026-02-08,ota_collect,1195.18,23.90,4.30,1166.98,settled,False
2719,PAY0002719,3183.0,2026-01-29,2026-02-28,upi,13395.51,267.91,48.22,13079.38,settled,False
2720,PAY0002720,3184.0,2026-01-20,2026-02-04,ota_collect,8594.64,171.89,30.94,8391.81,settled,False
2721,PAY0002721,3185.0,2026-02-02,2026-02-09,cash,2292.07,0.00,0.00,2292.07,settled,False
2722,PAY0002722,3186.0,2026-01-31,2026-02-15,upi,11247.52,224.95,40.49,10982.08,settled,False
2723,PAY0002723,3187.0,2026-01-31,2026-03-02,cash,3418.08,0.00,0.00,3418.08,settled,False
2724,PAY0002724,3188.0,2026-01-22,2026-02-06,card,3646.45,72.93,13.13,3560.39,settled,False
2725,PAY0002725,3189.0,2026-02-03,2026-02-10,upi,952.67,19.05,3.43,930.19,settled,False
2726,PAY0002726,3190.0,2026-01-31,2026-03-02,ota_collect,10956.18,219.12,39.44,10697.62,settled,False
2727,PAY0002727,3191.0,2026-02-01,2026-03-03,ota_collect,27862.02,557.24,100.30,27204.48,settled,False
2728,PAY0002728,3192.0,2026-01-06,2026-01-21,card,31922.52,638.45,114.92,31169.15,settled,False
2729,PAY0002729,3194.0,2026-01-12,2026-01-21,netbanking,4036.80,80.74,14.53,3941.53,settled,False
2730,PAY0002730,3195.0,2026-01-30,2026-02-14,wallet,3508.00,70.16,12.63,3425.21,settled,False
2731,PAY0002731,3196.0,2026-01-30,2026-02-14,card,8359.36,167.19,30.09,8162.08,settled,False
2732,PAY0002732,3197.0,2026-02-02,2026-02-09,ota_collect,1167.71,23.35,4.20,1140.16,settled,False
2733,PAY0002733,3198.0,2025-12-29,2026-01-07,upi,29704.04,594.08,106.93,29003.03,settled,False
2734,PAY0002734,3199.0,2025-12-18,2025-12-19,upi,4587.47,91.75,16.52,4479.20,settled,False
2735,PAY0002735,3200.0,2026-01-25,2026-01-27,ota_collect,28753.48,575.07,103.51,28074.90,settled,False
2736,PAY0002736,3201.0,2026-02-02,2026-02-04,upi,18150.35,363.01,65.34,17722.00,settled,False
2737,PAY0002737,3202.0,2026-01-21,2026-02-20,upi,4757.34,95.15,17.13,4645.06,settled,False
2738,PAY0002738,3203.0,2026-01-31,2026-02-02,netbanking,13227.44,264.55,47.62,12915.27,settled,False
2739,PAY0002739,3204.0,2026-02-03,2026-02-10,upi,1087.36,21.75,3.92,1061.69,settled,False
2740,PAY0002740,3205.0,2026-02-03,2026-02-10,card,1126.98,22.54,4.06,1100.38,settled,False
2741,PAY0002741,3206.0,2026-02-03,2026-03-05,upi,27413.16,548.26,98.69,26766.21,settled,False
2742,PAY0002742,3207.0,2026-01-12,2026-02-11,cash,17962.85,0.00,0.00,17962.85,settled,False
2743,PAY0002743,3208.0,2026-02-04,2026-02-13,card,9331.72,186.63,33.59,9111.50,settled,False
2744,PAY0002744,3209.0,2026-01-27,2026-02-11,netbanking,4097.66,81.95,14.75,4000.96,settled,False
2745,PAY0002745,3210.0,2026-01-16,2026-01-31,upi,3754.63,75.09,13.52,3666.02,settled,False
2746,PAY0002746,3211.0,2026-02-04,2026-02-11,upi,1506.94,30.14,5.43,1471.37,settled,False
2747,PAY0002747,3212.0,2026-02-02,2026-02-04,upi,21019.16,420.38,75.67,20523.11,settled,False
2748,PAY0002748,3213.0,2026-02-04,2026-02-06,upi,4682.90,93.66,16.86,4572.38,settled,False
2749,PAY0002749,3214.0,2026-02-01,2026-02-16,ota_collect,13805.16,276.10,49.70,13479.36,settled,False
2750,PAY0002750,3215.0,2026-01-16,2026-02-15,card,4764.94,95.30,17.15,4652.49,settled,False
2751,PAY0002751,3216.0,2026-01-11,2026-02-10,upi,3547.22,70.94,12.77,3463.51,settled,False
2752,PAY0002752,3217.0,2026-02-01,2026-02-03,upi,6946.42,138.93,25.01,6782.48,settled,False
2753,PAY0002753,3218.0,2026-01-20,2026-02-04,upi,4143.80,82.88,14.92,4046.00,settled,False
2754,PAY0002754,3219.0,2026-02-03,2026-02-12,card,13127.26,262.55,47.26,12817.45,settled,False
2755,PAY0002755,3220.0,2026-01-29,2026-02-13,cash,10751.46,0.00,0.00,10751.46,settled,False
2756,PAY0002756,3221.0,2026-01-28,2026-01-30,card,43415.82,868.32,156.30,42391.20,settled,False
2757,PAY0002757,3222.0,2026-02-04,2026-03-06,card,31397.66,627.95,113.03,30656.68,settled,False
2758,PAY0002758,3223.0,2025-12-26,2026-01-04,ota_collect,3509.30,70.19,12.63,3426.48,settled,False
2759,PAY0002759,3225.0,2026-01-18,2026-01-20,netbanking,13108.70,262.17,47.19,12799.34,settled,False
2760,PAY0002760,3226.0,2026-01-30,2026-03-01,card,13549.35,270.99,48.78,13229.58,settled,False
2761,PAY0002761,3227.0,2026-02-01,2026-03-03,upi,19455.13,389.10,70.04,18995.99,settled,False
2762,PAY0002762,3228.0,2026-01-29,2026-02-07,ota_collect,2848.99,56.98,10.26,2781.75,settled,False
2763,PAY0002763,3229.0,2026-01-18,2026-01-20,card,12420.37,248.41,44.71,12127.25,settled,False
2764,PAY0002764,3230.0,2026-02-03,2026-02-05,ota_collect,15164.52,303.29,54.59,14806.64,settled,False
2765,PAY0002765,3231.0,2026-01-22,2026-02-06,card,22608.45,452.17,81.39,22074.89,settled,False
2766,PAY0002766,3232.0,2026-02-05,2026-03-07,cash,3891.01,0.00,0.00,3891.01,settled,False
2767,PAY0002767,3233.0,2026-01-30,2026-02-14,ota_collect,3868.22,77.36,13.92,3776.94,settled,False
2768,PAY0002768,3234.0,2026-02-07,2026-02-14,ota_collect,1300.45,26.01,4.68,1269.76,settled,False
2769,PAY0002769,3235.0,2026-01-23,2026-02-07,netbanking,3307.76,66.16,11.91,3229.69,settled,False
2770,PAY0002770,3236.0,2026-01-31,2026-02-02,upi,12021.06,240.42,43.28,11737.36,settled,False
2771,PAY0002771,3238.0,2026-01-31,2026-02-09,upi,11816.13,236.32,42.54,11537.27,settled,False
2772,PAY0002772,3239.0,2025-12-26,2025-12-27,upi,10275.75,205.52,36.99,10033.24,settled,False
2773,PAY0002773,3241.0,2026-01-24,2026-02-08,wallet,12065.37,241.31,43.44,11780.62,settled,False
2774,PAY0002774,3242.0,2026-02-06,2026-02-08,card,13037.38,260.75,46.93,12729.70,settled,False
2775,PAY0002775,3243.0,2026-02-02,2026-02-17,card,24584.35,491.69,88.50,24004.16,settled,False
2776,PAY0002776,3244.0,2026-01-26,2026-02-25,upi,6772.20,135.44,24.38,6612.38,settled,False
2777,PAY0002777,3245.0,2026-02-02,2026-03-04,card,29548.34,590.97,106.37,28851.00,settled,False
2778,PAY0002778,3246.0,2026-02-01,2026-02-10,upi,3418.89,68.38,12.31,3338.20,settled,False
2779,PAY0002779,3247.0,2026-01-25,2026-02-24,netbanking,5243.81,104.88,18.88,5120.05,settled,False
2780,PAY0002780,3248.0,2026-01-23,2026-02-01,card,7047.18,140.94,25.37,6880.87,settled,False
2781,PAY0002781,3250.0,2026-02-03,2026-02-12,card,15848.56,316.97,57.05,15474.54,settled,False
2782,PAY0002782,3251.0,2026-02-09,2026-02-16,card,1048.31,20.97,3.77,1023.57,settled,False
2783,PAY0002783,3252.0,2026-02-03,2026-02-18,upi,37294.45,745.89,134.26,36414.30,settled,False
2784,PAY0002784,3253.0,2026-02-08,2026-02-10,upi,10046.04,200.92,36.17,9808.95,settled,False
2785,PAY0002785,3255.0,2025-12-22,2026-01-06,upi,37118.00,742.36,133.62,36242.02,settled,False
2786,PAY0002786,3257.0,2026-01-27,2026-01-29,ota_collect,45085.92,901.72,162.31,44021.89,settled,False
2787,PAY0002787,3258.0,2026-02-10,2026-02-10,card,8744.08,174.88,31.48,8537.72,settled,False
2788,PAY0002788,3259.0,2026-02-01,2026-02-03,upi,3424.92,68.50,12.33,3344.09,settled,False
2789,PAY0002789,3260.0,2026-02-09,2026-02-11,card,26550.93,531.02,95.58,25924.33,settled,False
2790,PAY0002790,3263.0,2026-02-08,2026-02-15,ota_collect,1022.66,20.45,3.68,998.53,settled,False
2791,PAY0002791,3264.0,2026-02-08,2026-02-10,ota_collect,10661.99,213.24,38.38,10410.37,settled,False
2792,PAY0002792,3265.0,2026-02-07,2026-03-09,upi,93416.31,1868.33,336.30,91211.68,settled,False
2793,PAY0002793,3266.0,2026-02-10,2026-03-12,card,7509.88,150.20,27.04,7332.64,settled,False
2794,PAY0002794,3267.0,2026-02-07,2026-03-09,upi,17759.48,355.19,63.93,17340.36,settled,False
2795,PAY0002795,3268.0,2026-02-09,2026-02-16,netbanking,1853.54,37.07,6.67,1809.80,settled,False
2796,PAY0002796,3269.0,2026-02-02,2026-02-17,ota_collect,5496.28,109.93,19.79,5366.56,settled,False
2797,PAY0002797,3270.0,2026-02-06,2026-02-15,upi,7348.44,146.97,26.45,7175.02,settled,False
2798,PAY0002798,3271.0,2026-01-02,2026-01-11,netbanking,10603.48,212.07,38.17,10353.24,settled,False
2799,PAY0002799,3272.0,2026-01-26,2026-02-25,card,16377.51,327.55,58.96,15991.00,settled,False
2800,PAY0002800,3273.0,2026-02-08,2026-02-09,upi,8547.21,170.94,30.77,8345.50,settled,False
2801,PAY0002801,3274.0,2025-12-27,2025-12-28,netbanking,31140.27,622.81,112.11,30405.35,settled,False
2802,PAY0002802,3275.0,2026-02-11,2026-02-18,upi,1180.86,23.62,4.25,1152.99,settled,False
2803,PAY0002803,3276.0,2026-02-05,2026-02-07,card,3876.13,77.52,13.95,3784.66,settled,False
2804,PAY0002804,3277.0,2026-01-08,2026-01-23,upi,5689.39,113.79,20.48,5555.12,settled,False
2805,PAY0002805,3278.0,2026-01-30,2026-02-14,ota_collect,6977.42,139.55,25.12,6812.75,settled,False
2806,PAY0002806,3279.0,2026-02-06,2026-02-08,upi,46926.40,938.53,168.94,45818.93,settled,False
2807,PAY0002807,3280.0,2026-02-08,2026-03-10,netbanking,7306.00,146.12,26.30,7133.58,settled,False
2808,PAY0002808,3282.0,2026-02-11,2026-03-13,card,124547.22,2490.94,448.37,121607.91,settled,False
2809,PAY0002809,3283.0,2026-02-08,2026-02-17,netbanking,3617.14,72.34,13.02,3531.78,settled,False
2810,PAY0002810,3284.0,2026-01-28,2026-02-12,upi,4417.66,88.35,15.90,4313.41,settled,False
2811,PAY0002811,3285.0,2026-02-11,2026-03-13,ota_collect,17703.92,354.08,63.73,17286.11,settled,False
2812,PAY0002812,3286.0,2026-02-11,2026-02-18,wallet,1483.33,29.67,5.34,1448.32,settled,False
2813,PAY0002813,3287.0,2026-02-12,2026-02-19,upi,1462.69,29.25,5.26,1428.18,settled,False
2814,PAY0002814,3288.0,2026-01-29,2026-02-28,upi,11666.19,233.32,42.00,11390.87,settled,False
2815,PAY0002815,3289.0,2026-02-07,2026-02-16,upi,13756.32,275.13,49.52,13431.67,settled,False
2816,PAY0002816,3291.0,2026-01-26,2026-02-04,upi,6840.62,136.81,24.63,6679.18,settled,False
2817,PAY0002817,3292.0,2026-02-08,2026-02-10,card,13136.17,262.72,47.29,12826.16,settled,False
2818,PAY0002818,3294.0,2026-02-09,2026-02-24,card,9395.84,187.92,33.83,9174.09,settled,False
2819,PAY0002819,3295.0,2026-02-01,2026-02-10,netbanking,4221.38,84.43,15.20,4121.75,settled,False
2820,PAY0002820,3296.0,2026-01-27,2026-02-11,upi,10377.33,207.55,37.36,10132.42,settled,False
2821,PAY0002821,3297.0,2026-02-11,2026-02-18,wallet,953.56,19.07,3.43,931.06,settled,False
2822,PAY0002822,3298.0,2026-02-09,2026-03-11,netbanking,105393.75,2107.88,379.42,102906.45,settled,False
2823,PAY0002823,3299.0,2026-02-05,2026-02-14,cash,3419.72,0.00,0.00,3419.72,settled,False
2824,PAY0002824,3300.0,2026-01-25,2026-01-26,card,25994.85,519.90,93.58,25381.37,settled,False
2825,PAY0002825,3301.0,2026-02-10,2026-02-12,ota_collect,10999.05,219.98,39.60,10739.47,settled,False
2826,PAY0002826,3303.0,2026-02-13,2026-02-15,card,31296.72,625.93,112.67,30558.12,settled,False
2827,PAY0002827,3304.0,2026-02-14,2026-02-21,netbanking,1131.80,22.64,4.08,1105.08,settled,False
2828,PAY0002828,3305.0,2026-01-03,2026-01-12,ota_collect,15792.03,315.84,56.85,15419.34,settled,False
2829,PAY0002829,3306.0,2026-02-14,2026-02-21,card,969.90,19.40,3.49,947.01,settled,False
2830,PAY0002830,3307.0,2026-02-13,2026-02-15,upi,4036.27,80.73,14.53,3941.01,settled,False
2831,PAY0002831,3308.0,2026-01-28,2026-02-27,netbanking,9490.18,189.80,34.16,9266.22,settled,False
2832,PAY0002832,3309.0,2026-02-05,2026-02-14,upi,3652.65,73.05,13.15,3566.45,settled,False
2833,PAY0002833,3310.0,2026-02-12,2026-03-14,ota_collect,12496.64,249.93,44.99,12201.72,settled,False
2834,PAY0002834,3312.0,2026-01-08,2026-02-07,upi,13964.13,279.28,50.27,13634.58,settled,False
2835,PAY0002835,3313.0,2026-02-14,2026-03-16,card,19695.78,393.92,70.91,19230.95,settled,False
2836,PAY0002836,3314.0,2026-01-31,2026-02-09,ota_collect,28463.08,569.26,102.47,27791.35,settled,False
2837,PAY0002837,3315.0,2026-02-15,2026-02-22,ota_collect,1003.46,20.07,3.61,979.78,settled,False
2838,PAY0002838,3316.0,2026-02-11,2026-02-13,cash,3050.22,0.00,0.00,3050.22,settled,False
2839,PAY0002839,3317.0,2026-02-16,2026-02-23,card,945.61,18.91,3.40,923.30,settled,False
2840,PAY0002840,3320.0,2026-02-14,2026-03-01,ota_collect,5442.68,108.85,19.59,5314.24,settled,False
2841,PAY0002841,3321.0,2026-02-15,2026-03-02,ota_collect,11635.05,232.70,41.89,11360.46,settled,False
2842,PAY0002842,3322.0,2026-01-23,2026-02-22,wallet,4029.09,80.58,14.50,3934.01,settled,False
2843,PAY0002843,3323.0,2026-02-06,2026-02-21,card,14093.22,281.86,50.73,13760.63,settled,False
2844,PAY0002844,3324.0,2026-02-07,2026-02-16,ota_collect,3740.10,74.80,13.46,3651.84,settled,False
2845,PAY0002845,3325.0,2026-02-11,2026-03-13,ota_collect,4261.59,85.23,15.34,4161.02,settled,False
2846,PAY0002846,3326.0,2026-02-16,2026-02-25,ota_collect,3735.97,74.72,13.45,3647.80,settled,False
2847,PAY0002847,3327.0,2026-02-06,2026-03-08,upi,7906.65,158.13,28.46,7720.06,settled,False
2848,PAY0002848,3328.0,2026-02-05,2026-02-20,card,7396.70,147.93,26.63,7222.14,settled,False
2849,PAY0002849,3329.0,2026-02-10,2026-02-12,cash,4234.50,0.00,0.00,4234.50,settled,False
2850,PAY0002850,3331.0,2026-01-17,2026-02-01,card,4590.27,91.81,16.53,4481.93,settled,False
2851,PAY0002851,3332.0,2026-02-13,2026-02-28,card,3518.11,70.36,12.66,3435.09,settled,False
2852,PAY0002852,3333.0,2026-02-03,2026-02-05,card,4216.23,84.32,15.18,4116.73,settled,False
2853,PAY0002853,3334.0,2026-01-02,2026-01-17,card,3291.17,65.82,11.85,3213.50,settled,False
2854,PAY0002854,3335.0,2026-02-15,2026-02-16,card,4147.91,82.96,14.93,4050.02,settled,False
2855,PAY0002855,3336.0,2026-02-07,2026-02-08,upi,20810.87,416.22,74.92,20319.73,settled,False
2856,PAY0002856,3337.0,2026-02-16,2026-02-18,card,8508.82,170.18,30.63,8308.01,settled,False
2857,PAY0002857,3338.0,2026-01-13,2026-01-28,card,19089.20,381.78,68.72,18638.70,settled,False
2858,PAY0002858,3339.0,2026-02-15,2026-03-17,card,35445.80,708.92,127.61,34609.27,settled,False
2859,PAY0002859,3340.0,2026-02-17,2026-02-24,upi,2219.06,44.38,7.99,2166.69,settled,False
2860,PAY0002860,3341.0,2026-02-18,2026-03-20,upi,12798.66,255.97,46.07,12496.62,settled,False
2861,PAY0002861,3342.0,2026-02-03,2026-02-18,upi,5215.27,104.31,18.78,5092.18,settled,False
2862,PAY0002862,3343.0,2026-02-11,2026-03-13,upi,4127.33,82.55,14.86,4029.92,settled,False
2863,PAY0002863,3345.0,2026-02-17,2026-02-19,ota_collect,24158.80,483.18,86.97,23588.65,settled,False
2864,PAY0002864,3347.0,2026-02-17,2026-03-04,wallet,7764.66,155.29,27.95,7581.42,settled,False
2865,PAY0002865,3348.0,2026-01-17,2026-01-18,card,3809.07,76.18,13.71,3719.18,settled,False
2866,PAY0002866,3349.0,2026-01-16,2026-02-15,cash,7613.44,0.00,0.00,7613.44,settled,False
2867,PAY0002867,3350.0,2026-01-11,2026-01-12,card,3776.04,75.52,13.59,3686.93,settled,False
2868,PAY0002868,3351.0,2026-01-23,2026-02-01,card,4160.87,83.22,14.98,4062.67,settled,False
2869,PAY0002869,3352.0,2026-02-15,2026-03-02,upi,16282.92,325.66,58.62,15898.64,settled,False
2870,PAY0002870,3353.0,2026-02-19,2026-02-19,ota_collect,3732.96,74.66,13.44,3644.86,settled,False
2871,PAY0002871,3354.0,2026-02-15,2026-03-17,upi,17248.44,344.97,62.09,16841.38,settled,False
2872,PAY0002872,3355.0,2026-02-14,2026-03-01,upi,11485.56,229.71,41.35,11214.50,settled,False
2873,PAY0002873,3356.0,2026-02-04,2026-03-06,upi,9462.66,189.25,34.06,9239.35,settled,False
2874,PAY0002874,3357.0,2026-02-17,2026-03-19,ota_collect,46983.97,939.68,169.14,45875.15,settled,False
2875,PAY0002875,3358.0,2026-02-10,2026-03-12,upi,7533.70,150.67,27.12,7355.91,settled,False
2876,PAY0002876,3359.0,2026-02-08,2026-02-09,upi,26488.32,529.77,95.36,25863.19,settled,False
2877,PAY0002877,3360.0,2026-02-13,2026-02-28,upi,3484.85,69.70,12.55,3402.60,settled,False
2878,PAY0002878,3362.0,2026-02-17,2026-02-17,upi,7818.25,156.37,28.15,7633.73,settled,False
2879,PAY0002879,3363.0,2026-02-17,2026-03-19,upi,21796.20,435.92,78.47,21281.81,settled,False
2880,PAY0002880,3364.0,2026-02-19,2026-03-21,upi,3553.62,71.07,12.79,3469.76,settled,False
2881,PAY0002881,3365.0,2026-02-16,2026-02-18,card,18180.61,363.61,65.45,17751.55,settled,False
2882,PAY0002882,3366.0,2026-02-21,2026-02-23,upi,4027.74,80.55,14.50,3932.69,settled,False
2883,PAY0002883,3367.0,2026-02-09,2026-02-24,netbanking,3892.40,77.85,14.01,3800.54,settled,False
2884,PAY0002884,3368.0,2026-02-14,2026-03-01,upi,3782.73,75.65,13.62,3693.46,settled,False
2885,PAY0002885,3369.0,2026-02-15,2026-03-02,ota_collect,13274.56,265.49,47.79,12961.28,settled,False
2886,PAY0002886,3370.0,2026-01-21,2026-01-30,upi,3676.45,73.53,13.24,3589.68,settled,False
2887,PAY0002887,3371.0,2026-02-07,2026-02-22,upi,4893.24,97.86,17.61,4777.77,settled,False
2888,PAY0002888,3372.0,2026-02-17,2026-02-19,ota_collect,4003.82,80.08,14.41,3909.33,settled,False
2889,PAY0002889,3373.0,2026-02-14,2026-03-16,ota_collect,10134.36,202.69,36.48,9895.19,settled,False
2890,PAY0002890,3374.0,2026-02-08,2026-02-10,ota_collect,3786.10,75.72,13.63,3696.75,settled,False
2891,PAY0002891,3375.0,2026-02-14,2026-02-16,netbanking,19021.40,380.43,68.48,18572.49,settled,False
2892,PAY0002892,3376.0,2026-02-18,2026-03-05,ota_collect,3745.74,74.91,13.48,3657.35,settled,False
2893,PAY0002893,3378.0,2026-02-09,2026-02-18,ota_collect,14501.14,290.02,52.20,14158.92,settled,False
2894,PAY0002894,3379.0,2026-02-13,2026-03-15,upi,49332.15,986.64,177.60,48167.91,settled,False
2895,PAY0002895,3380.0,2026-02-21,2026-03-23,upi,34470.22,689.40,124.09,33656.73,settled,False
2896,PAY0002896,3381.0,2025-11-11,2025-11-26,card,4254.03,85.08,15.31,4153.64,settled,False
2897,PAY0002897,3383.0,2026-02-20,2026-03-22,card,3999.38,79.99,14.40,3904.99,settled,False
2898,PAY0002898,3384.0,2026-02-13,2026-03-15,upi,7482.77,149.66,26.94,7306.17,settled,False
2899,PAY0002899,3385.0,2026-02-12,2026-02-27,netbanking,7812.80,156.26,28.13,7628.41,settled,False
2900,PAY0002900,3387.0,2026-02-10,2026-02-25,netbanking,21517.89,430.36,77.46,21010.07,settled,False
2901,PAY0002901,3388.0,2026-02-13,2026-03-15,upi,5350.71,107.01,19.26,5224.44,settled,False
2902,PAY0002902,3389.0,2026-02-09,2026-02-18,ota_collect,11360.72,227.21,40.90,11092.61,settled,False
2903,PAY0002903,3390.0,2026-01-13,2026-01-28,upi,11805.60,236.11,42.50,11526.99,settled,False
2904,PAY0002904,3391.0,2026-02-12,2026-03-14,ota_collect,4276.20,85.52,15.39,4175.29,settled,False
2905,PAY0002905,3394.0,2026-02-20,2026-03-22,upi,3781.17,75.62,13.61,3691.94,settled,False
2906,PAY0002906,3395.0,2026-02-23,2026-03-02,upi,1031.08,20.62,3.71,1006.75,settled,False
2907,PAY0002907,3396.0,2026-02-16,2026-02-18,ota_collect,13253.01,265.06,47.71,12940.24,settled,False
2908,PAY0002908,3397.0,2026-02-15,2026-02-24,upi,10594.44,211.89,38.14,10344.41,settled,False
2909,PAY0002909,3399.0,2026-02-09,2026-02-11,netbanking,7473.58,149.47,26.90,7297.21,settled,False
2910,PAY0002910,3400.0,2026-02-17,2026-02-19,ota_collect,8454.66,169.09,30.44,8255.13,settled,False
2911,PAY0002911,3401.0,2026-02-08,2026-02-09,ota_collect,23478.57,469.57,84.52,22924.48,settled,False
2912,PAY0002912,3402.0,2026-02-19,2026-03-06,upi,7545.08,150.90,27.16,7367.02,settled,False
2913,PAY0002913,3403.0,2026-02-11,2026-02-20,wallet,25054.47,501.09,90.20,24463.18,settled,False
2914,PAY0002914,3404.0,2026-02-22,2026-02-24,card,4280.39,85.61,15.41,4179.37,settled,False
2915,PAY0002915,3405.0,2026-02-19,2026-02-26,upi,1019.16,20.38,3.67,995.11,settled,False
2916,PAY0002916,3406.0,2026-01-24,2026-02-08,upi,10939.90,218.80,39.38,10681.72,settled,False
2917,PAY0002917,3407.0,2026-02-18,2026-02-20,netbanking,18888.44,377.77,68.00,18442.67,settled,False
2918,PAY0002918,3408.0,2026-02-08,2026-02-09,upi,7124.21,142.48,25.65,6956.08,settled,False
2919,PAY0002919,3409.0,2026-02-21,2026-03-08,wallet,21089.85,421.80,75.92,20592.13,settled,False
2920,PAY0002920,3411.0,2026-02-20,2026-03-22,netbanking,8175.36,163.51,29.43,7982.42,settled,False
2921,PAY0002921,3412.0,2026-02-21,2026-02-23,upi,7279.24,145.58,26.20,7107.46,settled,False
2922,PAY0002922,3413.0,2026-02-19,2026-02-20,card,19572.15,391.44,70.46,19110.25,settled,False
2923,PAY0002923,3414.0,2026-02-25,2026-02-25,upi,4647.57,92.95,16.73,4537.89,settled,False
2924,PAY0002924,3415.0,2026-02-22,2026-02-24,upi,4611.76,92.24,16.60,4502.92,settled,False
2925,PAY0002925,3416.0,2026-02-20,2026-03-01,wallet,14344.36,286.89,51.64,14005.83,settled,False
2926,PAY0002926,3417.0,2026-02-20,2026-03-01,ota_collect,18383.36,367.67,66.18,17949.51,settled,False
2927,PAY0002927,3418.0,2026-02-22,2026-03-09,ota_collect,10854.04,217.08,39.07,10597.89,settled,False
2928,PAY0002928,3419.0,2026-02-23,2026-02-25,card,104864.38,2097.29,377.51,102389.58,settled,False
2929,PAY0002929,3421.0,2026-02-23,2026-03-25,upi,8813.46,176.27,31.73,8605.46,settled,False
2930,PAY0002930,3422.0,2026-02-10,2026-02-19,upi,50926.75,1018.53,183.34,49724.88,settled,False
2931,PAY0002931,3423.0,2026-02-23,2026-03-04,card,14783.56,295.67,53.22,14434.67,settled,False
2932,PAY0002932,3424.0,2026-02-23,2026-03-25,upi,4895.65,97.91,17.62,4780.12,settled,False
2933,PAY0002933,3425.0,2026-02-24,2026-03-03,card,1316.95,26.34,4.74,1285.87,settled,False
2934,PAY0002934,3426.0,2026-02-26,2026-02-26,netbanking,6705.04,134.10,24.14,6546.80,settled,False
2935,PAY0002935,3427.0,2026-02-17,2026-02-26,card,14413.24,288.26,51.89,14073.09,settled,False
2936,PAY0002936,3428.0,2026-02-24,2026-03-11,wallet,4973.24,99.46,17.90,4855.88,settled,False
2937,PAY0002937,3429.0,2026-02-18,2026-02-27,upi,4337.30,86.75,15.62,4234.93,settled,False
2938,PAY0002938,3430.0,2026-02-08,2026-02-09,card,18040.75,360.81,64.95,17614.99,settled,False
2939,PAY0002939,3431.0,2026-02-19,2026-03-21,cash,14677.77,0.00,0.00,14677.77,settled,False
2940,PAY0002940,3432.0,2026-02-13,2026-02-15,upi,9545.22,190.90,34.36,9319.96,settled,False
2941,PAY0002941,3433.0,2026-02-19,2026-03-06,wallet,10698.68,213.97,38.51,10446.20,settled,False
2942,PAY0002942,3434.0,2026-02-20,2026-02-22,upi,20066.15,401.32,72.24,19592.59,settled,False
2943,PAY0002943,3435.0,2026-02-21,2026-03-23,card,8331.56,166.63,29.99,8134.94,settled,False
2944,PAY0002944,3438.0,2026-02-16,2026-02-25,netbanking,8806.46,176.13,31.70,8598.63,settled,False
2945,PAY0002945,3439.0,2026-02-24,2026-02-26,upi,9661.32,193.23,34.78,9433.31,settled,False
2946,PAY0002946,3440.0,2026-02-14,2026-02-16,ota_collect,7057.57,141.15,25.41,6891.01,settled,False
2947,PAY0002947,,2026-02-25,2026-02-27,ota_collect,32050.20,641.00,115.38,31293.82,settled,True
2948,PAY0002948,3442.0,2026-02-27,2026-03-06,ota_collect,1100.70,22.01,3.96,1074.73,settled,False
2949,PAY0002949,3443.0,2026-02-28,2026-03-07,cash,1483.56,0.00,0.00,1483.56,settled,False
2950,PAY0002950,3444.0,2026-02-28,2026-03-07,upi,947.34,18.95,3.41,924.98,settled,False
2951,PAY0002951,3445.0,2026-02-24,2026-03-26,upi,81031.94,1620.64,291.72,79119.58,settled,False
2952,PAY0002952,3447.0,2026-01-17,2026-02-16,card,4922.29,98.45,17.72,4806.12,settled,False
2953,PAY0002953,3448.0,2026-02-22,2026-02-24,upi,4088.98,81.78,14.72,3992.48,settled,False
2954,PAY0002954,3449.0,2026-02-04,2026-02-19,netbanking,35724.64,714.49,128.61,34881.54,settled,False
2955,PAY0002955,3450.0,2026-02-22,2026-03-03,wallet,12852.13,257.04,46.27,12548.82,settled,False
2956,PAY0002956,3451.0,2026-02-23,2026-03-25,upi,76806.90,1536.14,276.51,74994.25,settled,False
2957,PAY0002957,3452.0,2026-03-01,2026-03-08,card,1438.31,28.77,5.18,1404.36,settled,False
2958,PAY0002958,3453.0,2026-02-23,2026-03-10,ota_collect,8413.62,168.27,30.29,8215.06,settled,False
2959,PAY0002959,3454.0,2026-02-26,2026-03-28,netbanking,19289.10,385.78,69.44,18833.88,settled,False
2960,PAY0002960,3456.0,2026-02-25,2026-02-27,ota_collect,12012.57,240.25,43.24,11729.08,settled,False
2961,PAY0002961,3457.0,2026-02-11,2026-02-12,card,42147.00,842.94,151.73,41152.33,settled,False
2962,PAY0002962,3458.0,2026-02-24,2026-03-05,wallet,3770.28,75.41,13.57,3681.30,settled,False
2963,PAY0002963,3459.0,2026-02-24,2026-03-05,netbanking,3390.46,67.81,12.21,3310.44,settled,False
2964,PAY0002964,3460.0,2026-02-26,2026-03-13,upi,14664.32,293.29,52.79,14318.24,settled,False
2965,PAY0002965,3461.0,2026-02-13,2026-02-14,card,22533.00,450.66,81.12,22001.22,settled,False
2966,PAY0002966,3462.0,2026-02-12,2026-02-21,netbanking,4429.14,88.58,15.94,4324.62,settled,False
2967,PAY0002967,3463.0,2026-02-14,2026-02-23,netbanking,3223.22,64.46,11.60,3147.16,settled,False
2968,PAY0002968,3464.0,2026-02-10,2026-03-12,upi,5348.78,106.98,19.26,5222.54,settled,False
2969,PAY0002969,3465.0,2026-03-01,2026-03-16,netbanking,7855.26,157.11,28.28,7669.87,settled,False
2970,PAY0002970,3466.0,2026-02-19,2026-03-06,ota_collect,11370.02,227.40,40.93,11101.69,settled,False
2971,PAY0002971,3468.0,2026-03-03,2026-03-10,ota_collect,1420.69,28.41,5.11,1387.17,settled,False
2972,PAY0002972,3469.0,2026-03-02,2026-03-04,card,8999.84,180.00,32.40,8787.44,settled,False
2973,PAY0002973,3470.0,2026-03-02,2026-03-09,upi,923.41,18.47,3.32,901.62,settled,False
2974,PAY0002974,3471.0,2026-03-02,2026-03-09,ota_collect,979.85,19.60,3.53,956.72,settled,False
2975,PAY0002975,3472.0,2026-02-21,2026-03-08,card,3438.93,68.78,12.38,3357.77,settled,False
2976,PAY0002976,3473.0,2026-02-15,2026-02-17,netbanking,4243.92,84.88,15.28,4143.76,settled,False
2977,PAY0002977,3474.0,2026-02-28,2026-03-30,ota_collect,24321.22,486.42,87.56,23747.24,settled,False
2978,PAY0002978,3475.0,2026-02-24,2026-03-26,upi,33113.84,662.28,119.21,32332.35,settled,False
2979,PAY0002979,,2026-02-28,2026-03-30,upi,50692.52,1013.85,182.49,49496.18,settled,True
2980,PAY0002980,3477.0,2026-02-26,2026-03-28,upi,3518.53,70.37,12.67,3435.49,settled,False
2981,PAY0002981,3478.0,2026-02-21,2026-02-23,upi,13095.92,261.92,47.15,12786.85,settled,False
2982,PAY0002982,3479.0,2026-02-22,2026-03-03,ota_collect,4805.70,96.11,17.30,4692.29,settled,False
2983,PAY0002983,3480.0,2026-03-02,2026-03-09,ota_collect,998.65,19.97,3.59,975.09,settled,False
2984,PAY0002984,3481.0,2026-03-01,2026-03-10,card,3819.50,76.39,13.75,3729.36,settled,False
2985,PAY0002985,3482.0,2026-02-15,2026-03-02,ota_collect,11828.85,236.58,42.58,11549.69,settled,False
2986,PAY0002986,3483.0,2026-03-02,2026-03-04,upi,32255.03,645.10,116.12,31493.81,settled,False
2987,PAY0002987,3485.0,2026-01-27,2026-01-29,ota_collect,10436.22,208.72,37.57,10189.93,settled,False
2988,PAY0002988,3486.0,2026-02-11,2026-02-20,upi,9015.12,180.30,32.45,8802.37,settled,False
2989,PAY0002989,3487.0,2026-03-03,2026-04-02,upi,29055.84,581.12,104.60,28370.12,settled,False
2990,PAY0002990,3488.0,2026-02-23,2026-02-25,upi,4347.74,86.95,15.65,4245.14,settled,False
2991,PAY0002991,3489.0,2025-11-04,2025-11-13,netbanking,6819.50,136.39,24.55,6658.56,settled,False
2992,PAY0002992,3490.0,2026-02-01,2026-02-02,wallet,5053.53,101.07,18.19,4934.27,settled,False
2993,PAY0002993,3491.0,2026-03-03,2026-03-10,card,1055.32,21.11,3.80,1030.41,settled,False
2994,PAY0002994,3492.0,2026-02-23,2026-03-10,card,3409.35,68.19,12.27,3328.89,settled,False
2995,PAY0002995,3493.0,2026-03-04,2026-03-11,netbanking,1232.91,24.66,4.44,1203.81,settled,False
2996,PAY0002996,3494.0,2026-02-25,2026-03-27,ota_collect,36062.60,721.25,129.82,35211.53,settled,False
2997,PAY0002997,3495.0,2026-02-23,2026-02-24,card,19292.64,385.85,69.45,18837.34,settled,False
2998,PAY0002998,3496.0,2026-03-04,2026-04-03,card,18582.72,371.65,66.90,18144.17,settled,False
2999,PAY0002999,3497.0,2026-02-26,2026-03-13,card,5685.52,113.71,20.47,5551.34,settled,False
3000,PAY0003000,3498.0,2026-02-23,2026-03-10,card,6887.27,137.75,24.79,6724.73,settled,False
3001,PAY0003001,3500.0,2026-02-28,2026-03-15,card,4160.42,83.21,14.98,4062.23,settled,False
3002,PAY0003002,3501.0,2026-03-01,2026-03-16,upi,13711.23,274.22,49.36,13387.65,settled,False
3003,PAY0003003,3502.0,2026-02-27,2026-03-01,netbanking,10334.70,206.69,37.20,10090.81,settled,False
3004,PAY0003004,3503.0,2026-03-04,2026-04-03,ota_collect,15946.48,318.93,57.41,15570.14,settled,False
3005,PAY0003005,3504.0,2026-03-01,2026-03-03,ota_collect,5202.42,104.05,18.73,5079.64,settled,False
3006,PAY0003006,3505.0,2026-01-24,2026-02-23,upi,12218.67,244.37,43.99,11930.31,settled,False
3007,PAY0003007,3506.0,2026-02-28,2026-03-15,upi,7104.20,142.08,25.57,6936.55,settled,False
3008,PAY0003008,3507.0,2026-03-06,2026-03-13,card,1187.84,23.76,4.28,1159.80,settled,False
3009,PAY0003009,3508.0,2026-03-05,2026-03-07,ota_collect,15296.94,305.94,55.07,14935.93,settled,False
3010,PAY0003010,3509.0,2026-03-03,2026-04-02,card,75931.90,1518.64,273.36,74139.90,settled,False
3011,PAY0003011,3510.0,2026-03-04,2026-03-06,card,9692.93,193.86,34.89,9464.18,settled,False
3012,PAY0003012,3512.0,2026-02-25,2026-02-27,ota_collect,35578.62,711.57,128.08,34738.97,settled,False
3013,PAY0003013,3513.0,2026-03-02,2026-04-01,upi,27814.09,556.28,100.13,27157.68,settled,False
3014,PAY0003014,3514.0,2026-03-02,2026-03-11,card,15682.79,313.66,56.46,15312.67,settled,False
3015,PAY0003015,3515.0,2026-03-05,2026-03-07,upi,35465.67,709.31,127.68,34628.68,settled,False
3016,PAY0003016,3516.0,2026-03-07,2026-03-14,card,904.38,18.09,3.26,883.03,settled,False
3017,PAY0003017,3517.0,2026-02-26,2026-03-28,upi,21570.40,431.41,77.65,21061.34,settled,False
3018,PAY0003018,3518.0,2026-03-03,2026-03-18,wallet,3701.06,74.02,13.32,3613.72,settled,False
3019,PAY0003019,3519.0,2026-03-06,2026-04-05,cash,25145.82,0.00,0.00,25145.82,settled,False
3020,PAY0003020,3520.0,2026-03-06,2026-03-08,upi,37168.56,743.37,133.81,36291.38,settled,False
3021,PAY0003021,3521.0,2026-01-24,2026-02-23,ota_collect,20796.44,415.93,74.87,20305.64,settled,False
3022,PAY0003022,3522.0,2026-03-06,2026-03-06,ota_collect,4134.71,82.69,14.88,4037.14,settled,False
3023,PAY0003023,3523.0,2026-01-25,2026-02-24,ota_collect,9827.79,196.56,35.38,9595.85,settled,False
3024,PAY0003024,3524.0,2026-02-19,2026-02-28,upi,6239.65,124.79,22.46,6092.40,settled,False
3025,PAY0003025,3525.0,2026-02-25,2026-03-06,card,12359.88,247.20,44.50,12068.18,settled,False
3026,PAY0003026,3527.0,2026-03-02,2026-03-04,ota_collect,6278.50,125.57,22.60,6130.33,settled,False
3027,PAY0003027,3528.0,2026-02-27,2026-03-14,wallet,8190.28,163.81,29.49,7996.98,settled,False
3028,PAY0003028,3530.0,2026-01-23,2026-02-01,cash,9789.64,0.00,0.00,9789.64,settled,False
3029,PAY0003029,3531.0,2026-01-21,2026-01-30,ota_collect,10913.58,218.27,39.29,10656.02,settled,False
3030,PAY0003030,3532.0,2026-02-11,2026-02-26,card,4098.43,81.97,14.75,4001.71,settled,False
3031,PAY0003031,3533.0,2026-02-28,2026-03-15,upi,14745.38,294.91,53.08,14397.39,settled,False
3032,PAY0003032,3534.0,2026-03-06,2026-03-08,card,23050.40,461.01,82.98,22506.41,settled,False
3033,PAY0003033,3535.0,2026-02-12,2026-02-13,netbanking,6493.00,129.86,23.37,6339.77,settled,False
3034,PAY0003034,3537.0,2026-03-03,2026-03-05,card,8272.02,165.44,29.78,8076.80,settled,False
3035,PAY0003035,3540.0,2026-03-03,2026-04-02,upi,8828.62,176.57,31.78,8620.27,settled,False
3036,PAY0003036,3541.0,2026-02-09,2026-02-18,card,4438.46,88.77,15.98,4333.71,settled,False
3037,PAY0003037,3542.0,2026-01-17,2026-01-26,card,4641.98,92.84,16.71,4532.43,settled,False
3038,PAY0003038,3544.0,2026-03-09,2026-03-16,card,1063.02,21.26,3.83,1037.93,settled,False
3039,PAY0003039,3545.0,2026-03-10,2026-03-17,card,1308.26,26.17,4.71,1277.38,settled,False
3040,PAY0003040,3546.0,2026-03-10,2026-03-17,card,1243.64,24.87,4.48,1214.29,settled,False
3041,PAY0003041,3547.0,2026-03-06,2026-04-05,upi,3608.81,72.18,12.99,3523.64,settled,False
3042,PAY0003042,3548.0,2026-03-05,2026-03-06,netbanking,8341.49,166.83,30.03,8144.63,settled,False
3043,PAY0003043,3549.0,2026-03-04,2026-04-03,ota_collect,64088.78,1281.78,230.72,62576.28,settled,False
3044,PAY0003044,3550.0,2026-03-07,2026-03-09,upi,10631.82,212.64,38.28,10380.90,settled,False
3045,PAY0003045,3551.0,2026-02-16,2026-03-03,card,8733.68,174.67,31.44,8527.57,settled,False
3046,PAY0003046,3552.0,2026-03-10,2026-03-25,ota_collect,13732.40,274.65,49.44,13408.31,settled,False
3047,PAY0003047,3553.0,2026-02-23,2026-02-25,ota_collect,30333.18,606.66,109.20,29617.32,settled,False
3048,PAY0003048,3554.0,2026-03-08,2026-04-07,ota_collect,37839.27,756.79,136.22,36946.26,settled,False
3049,PAY0003049,3555.0,2026-03-10,2026-03-10,card,7522.78,150.46,27.08,7345.24,settled,False
3050,PAY0003050,3556.0,2026-03-02,2026-03-04,card,23127.18,462.54,83.26,22581.38,settled,False
3051,PAY0003051,3557.0,2026-03-09,2026-04-08,wallet,45436.79,908.74,163.57,44364.48,settled,False
3052,PAY0003052,3558.0,2026-03-02,2026-03-17,cash,7933.99,0.00,0.00,7933.99,settled,False
3053,PAY0003053,3559.0,2026-02-22,2026-03-09,ota_collect,3739.73,74.79,13.46,3651.48,settled,False
3054,PAY0003054,3560.0,2026-02-22,2026-03-09,upi,8144.06,162.88,29.32,7951.86,settled,False
3055,PAY0003055,3561.0,2026-03-06,2026-03-08,card,54262.80,1085.26,195.35,52982.19,settled,False
3056,PAY0003056,3562.0,2026-03-12,2026-03-12,card,7083.94,141.68,25.50,6916.76,settled,False
3057,PAY0003057,3563.0,2026-02-14,2026-03-16,upi,4235.10,84.70,15.25,4135.15,settled,False
3058,PAY0003058,3565.0,2026-03-08,2026-03-23,cash,5167.39,0.00,0.00,5167.39,settled,False
3059,PAY0003059,3566.0,2026-03-04,2026-04-03,upi,48374.88,967.50,174.15,47233.23,settled,False
3060,PAY0003060,3567.0,2026-03-11,2026-03-18,ota_collect,974.89,19.50,3.51,951.88,settled,False
3061,PAY0003061,3568.0,2026-03-09,2026-03-11,wallet,6627.50,132.55,23.86,6471.09,settled,False
3062,PAY0003062,3569.0,2026-03-06,2026-03-15,upi,5010.90,100.22,18.04,4892.64,settled,False
3063,PAY0003063,3570.0,2026-02-22,2026-02-23,upi,20540.07,410.80,73.94,20055.33,settled,False
3064,PAY0003064,3571.0,2026-01-20,2026-02-19,card,3978.05,79.56,14.32,3884.17,settled,False
3065,PAY0003065,3572.0,2026-02-11,2026-02-13,netbanking,3711.01,74.22,13.36,3623.43,settled,False
3066,PAY0003066,3573.0,2026-02-24,2026-03-05,upi,3234.62,64.69,11.64,3158.29,settled,False
3067,PAY0003067,3575.0,2026-03-11,2026-04-10,card,86468.97,1729.38,311.29,84428.30,settled,False
3068,PAY0003068,3576.0,2026-03-06,2026-03-07,upi,29126.30,582.53,104.86,28438.91,settled,False
3069,PAY0003069,3577.0,2026-03-09,2026-03-24,card,23190.30,463.81,83.49,22643.00,settled,False
3070,PAY0003070,3578.0,2026-03-03,2026-03-05,upi,26200.56,524.01,94.32,25582.23,settled,False
3071,PAY0003071,3579.0,2026-02-28,2026-03-01,upi,30832.97,616.66,111.00,30105.31,settled,False
3072,PAY0003072,3580.0,2026-02-13,2026-03-15,ota_collect,3928.24,78.56,14.14,3835.54,settled,False
3073,PAY0003073,3581.0,2026-03-14,2026-03-21,ota_collect,1342.87,26.86,4.83,1311.18,settled,False
3074,PAY0003074,3582.0,2026-03-11,2026-03-26,upi,3416.18,68.32,12.30,3335.56,settled,False
3075,PAY0003075,3583.0,2026-02-27,2026-03-01,upi,3750.65,75.01,13.50,3662.14,settled,False
3076,PAY0003076,3584.0,2026-03-10,2026-03-12,card,18032.63,360.65,64.92,17607.06,settled,False
3077,PAY0003077,3585.0,2026-02-17,2026-02-19,ota_collect,43389.07,867.78,156.20,42365.09,settled,False
3078,PAY0003078,3586.0,2026-03-03,2026-03-05,upi,3579.56,71.59,12.89,3495.08,settled,False
3079,PAY0003079,3588.0,2026-03-10,2026-03-19,upi,8392.11,167.84,30.21,8194.06,settled,False
3080,PAY0003080,3589.0,2026-02-16,2026-02-17,ota_collect,2873.15,57.46,10.34,2805.35,settled,False
3081,PAY0003081,3590.0,2026-03-11,2026-04-10,ota_collect,5739.01,114.78,20.66,5603.57,settled,False
3082,PAY0003082,3591.0,2026-03-12,2026-04-11,ota_collect,27582.83,551.66,99.30,26931.87,settled,False
3083,PAY0003083,3592.0,2026-03-14,2026-03-16,card,13316.80,266.34,47.94,13002.52,settled,False
3084,PAY0003084,3593.0,2026-02-23,2026-03-25,card,4977.83,99.56,17.92,4860.35,settled,False
3085,PAY0003085,3594.0,2026-03-05,2026-03-14,upi,3445.58,68.91,12.40,3364.27,settled,False
3086,PAY0003086,3595.0,2026-03-09,2026-03-24,ota_collect,30289.84,605.80,109.04,29575.00,settled,False
3087,PAY0003087,3596.0,2026-03-09,2026-03-18,card,3555.83,71.12,12.80,3471.91,settled,False
3088,PAY0003088,3597.0,2026-03-10,2026-03-12,upi,13246.43,264.93,47.69,12933.81,settled,False
3089,PAY0003089,3598.0,2026-03-10,2026-03-12,upi,19379.30,387.59,69.77,18921.94,settled,False
3090,PAY0003090,3600.0,2026-03-14,2026-03-16,cash,22343.22,0.00,0.00,22343.22,settled,False
3091,PAY0003091,3601.0,2026-03-10,2026-03-25,cash,6653.42,0.00,0.00,6653.42,settled,False
3092,PAY0003092,3602.0,2026-03-14,2026-04-13,upi,3419.50,68.39,12.31,3338.80,settled,False
3093,PAY0003093,3603.0,2026-03-15,2026-04-14,ota_collect,3970.75,79.42,14.30,3877.03,settled,False
3094,PAY0003094,3604.0,2026-02-15,2026-02-16,cash,10992.42,0.00,0.00,10992.42,settled,False
3095,PAY0003095,3605.0,2026-03-10,2026-04-09,card,21112.37,422.25,76.00,20614.12,settled,False
3096,PAY0003096,3606.0,2026-03-06,2026-03-21,netbanking,13025.02,260.50,46.89,12717.63,settled,False
3097,PAY0003097,3607.0,2026-03-14,2026-04-13,card,49209.03,984.18,177.15,48047.70,settled,False
3098,PAY0003098,3608.0,2026-03-15,2026-03-15,ota_collect,3742.25,74.84,13.47,3653.94,settled,False
3099,PAY0003099,3610.0,2026-03-08,2026-04-07,cash,50300.18,0.00,0.00,50300.18,settled,False
3100,PAY0003100,3611.0,2026-03-16,2026-04-15,ota_collect,31149.36,622.99,112.14,30414.23,settled,False
3101,PAY0003101,3612.0,2026-03-07,2026-03-09,upi,17813.72,356.27,64.13,17393.32,settled,False
3102,PAY0003102,3613.0,2026-03-13,2026-03-13,netbanking,3734.59,74.69,13.44,3646.46,settled,False
3103,PAY0003103,3614.0,2026-02-13,2026-02-22,ota_collect,14981.36,299.63,53.93,14627.80,settled,False
3104,PAY0003104,3615.0,2026-02-15,2026-02-16,ota_collect,25878.50,517.57,93.16,25267.77,settled,False
3105,PAY0003105,3616.0,2026-03-12,2026-03-14,upi,6388.74,127.77,23.00,6237.97,settled,False
3106,PAY0003106,3617.0,2026-03-16,2026-03-23,card,1047.92,20.96,3.77,1023.19,settled,False
3107,PAY0003107,3619.0,2026-03-11,2026-03-12,netbanking,15576.65,311.53,56.08,15209.04,settled,False
3108,PAY0003108,3620.0,2025-11-30,2025-12-01,ota_collect,19393.99,387.88,69.82,18936.29,settled,False
3109,PAY0003109,3621.0,2026-03-16,2026-04-15,ota_collect,10798.89,215.98,38.88,10544.03,settled,False
3110,PAY0003110,3622.0,2026-03-17,2026-03-17,card,9992.74,199.85,35.97,9756.92,settled,False
3111,PAY0003111,3623.0,2026-03-10,2026-04-09,upi,5039.61,100.79,18.14,4920.68,settled,False
3112,PAY0003112,3624.0,2026-03-06,2026-03-15,card,13851.27,277.03,49.87,13524.37,settled,False
3113,PAY0003113,3626.0,2026-03-12,2026-03-27,upi,10446.52,208.93,37.61,10199.98,settled,False
3114,PAY0003114,3627.0,2026-03-13,2026-03-22,upi,11586.33,231.73,41.71,11312.89,settled,False
3115,PAY0003115,3628.0,2026-02-23,2026-03-10,ota_collect,6399.92,128.00,23.04,6248.88,settled,False
3116,PAY0003116,3629.0,2026-03-15,2026-04-14,card,13384.36,267.69,48.18,13068.49,settled,False
3117,PAY0003117,3630.0,2026-03-02,2026-04-01,card,81767.10,1635.34,294.36,79837.40,settled,False
3118,PAY0003118,3632.0,2026-03-03,2026-03-05,upi,4654.90,93.10,16.76,4545.04,settled,False
3119,PAY0003119,3633.0,2026-02-17,2026-02-18,ota_collect,3119.71,62.39,11.23,3046.09,settled,False
3120,PAY0003120,3636.0,2026-03-17,2026-04-16,ota_collect,7453.06,149.06,26.83,7277.17,settled,False
3121,PAY0003121,3637.0,2026-03-16,2026-04-15,upi,8678.86,173.58,31.24,8474.04,settled,False
3122,PAY0003122,3638.0,2026-03-03,2026-03-18,ota_collect,9554.91,191.10,34.40,9329.41,settled,False
3123,PAY0003123,3639.0,2026-02-27,2026-03-14,ota_collect,5129.96,102.60,18.47,5008.89,settled,False
3124,PAY0003124,3642.0,2026-03-11,2026-03-13,ota_collect,31643.71,632.87,113.92,30896.92,settled,False
3125,PAY0003125,3643.0,2026-03-05,2026-03-20,upi,3607.11,72.14,12.99,3521.98,settled,False
3126,PAY0003126,3644.0,2026-02-22,2026-03-03,cash,10144.50,0.00,0.00,10144.50,settled,False
3127,PAY0003127,3645.0,2026-03-21,2026-04-05,upi,26934.60,538.69,96.96,26298.95,settled,False
3128,PAY0003128,3646.0,2026-03-04,2026-03-06,cash,4208.42,0.00,0.00,4208.42,settled,False
3129,PAY0003129,3647.0,2026-03-10,2026-04-09,netbanking,24465.56,489.31,88.08,23888.17,settled,False
3130,PAY0003130,3648.0,2026-03-20,2026-03-27,card,1398.13,27.96,5.03,1365.14,settled,False
3131,PAY0003131,3649.0,2026-03-18,2026-04-17,cash,3220.35,0.00,0.00,3220.35,settled,False
3132,PAY0003132,3650.0,2026-03-03,2026-03-04,card,12838.74,256.77,46.22,12535.75,settled,False
3133,PAY0003133,3654.0,2026-03-18,2026-04-17,ota_collect,39304.24,786.08,141.49,38376.67,settled,False
3134,PAY0003134,3655.0,2026-03-21,2026-03-28,card,1087.31,21.75,3.92,1061.64,settled,False
3135,PAY0003135,3656.0,2026-03-19,2026-04-03,ota_collect,18204.51,364.09,65.54,17774.88,settled,False
3136,PAY0003136,3657.0,2026-03-12,2026-03-14,upi,6293.64,125.87,22.66,6145.11,settled,False
3137,PAY0003137,3658.0,2026-03-15,2026-03-17,ota_collect,7893.07,157.86,28.41,7706.80,settled,False
3138,PAY0003138,3659.0,2026-03-14,2026-04-13,upi,3018.82,60.38,10.87,2947.57,settled,False
3139,PAY0003139,3660.0,2026-03-21,2026-04-20,ota_collect,25583.47,511.67,92.10,24979.70,settled,False
3140,PAY0003140,3661.0,2026-02-17,2026-03-19,ota_collect,13044.60,260.89,46.96,12736.75,settled,False
3141,PAY0003141,3662.0,2026-03-23,2026-03-30,wallet,1052.88,21.06,3.79,1028.03,settled,False
3142,PAY0003142,3664.0,2026-03-19,2026-03-21,upi,35600.31,712.01,128.16,34760.14,settled,False
3143,PAY0003143,3666.0,2026-03-21,2026-03-22,card,65231.25,1304.62,234.83,63691.80,settled,False
3144,PAY0003144,3667.0,2026-03-20,2026-03-22,upi,9779.28,195.59,35.21,9548.48,settled,False
3145,PAY0003145,,2026-03-20,2026-04-04,ota_collect,7448.70,148.97,26.81,7272.92,settled,True
3146,PAY0003146,3670.0,2026-03-18,2026-04-02,upi,30102.11,602.04,108.37,29391.70,settled,False
3147,PAY0003147,3671.0,2026-03-14,2026-03-16,ota_collect,4468.44,89.37,16.09,4362.98,settled,False
3148,PAY0003148,3672.0,2026-03-12,2026-03-27,card,52500.21,1050.00,189.00,51261.21,settled,False
3149,PAY0003149,3673.0,2026-03-08,2026-03-10,ota_collect,6352.05,127.04,22.87,6202.14,settled,False
3150,PAY0003150,3674.0,2026-03-03,2026-04-02,upi,8523.90,170.48,30.69,8322.73,settled,False
3151,PAY0003151,3675.0,2026-03-25,2026-03-25,netbanking,3473.53,69.47,12.50,3391.56,settled,False
3152,PAY0003152,3676.0,2026-03-07,2026-04-06,upi,3599.12,71.98,12.96,3514.18,settled,False
3153,PAY0003153,3678.0,2026-03-11,2026-03-26,card,11085.10,221.70,39.91,10823.49,settled,False
3154,PAY0003154,3681.0,2026-03-21,2026-04-20,ota_collect,26248.20,524.96,94.49,25628.75,settled,False
3155,PAY0003155,3682.0,2026-03-06,2026-03-15,upi,19236.36,384.73,69.25,18782.38,settled,False
3156,PAY0003156,3683.0,2026-03-06,2026-03-21,card,7827.12,156.54,28.18,7642.40,settled,False
3157,PAY0003157,3684.0,2026-03-18,2026-03-27,upi,12044.93,240.90,43.36,11760.67,settled,False
3158,PAY0003158,3685.0,2026-03-14,2026-03-23,ota_collect,3371.05,67.42,12.14,3291.49,settled,False
3159,PAY0003159,3686.0,2026-03-21,2026-03-30,upi,4724.81,94.50,17.01,4613.30,settled,False
3160,PAY0003160,3687.0,2026-03-20,2026-03-22,card,3284.83,65.70,11.83,3207.30,settled,False
3161,PAY0003161,3688.0,2026-03-21,2026-03-23,ota_collect,4208.41,84.17,15.15,4109.09,settled,False
3162,PAY0003162,3690.0,2026-03-22,2026-04-21,upi,71598.44,1431.97,257.75,69908.72,settled,False
3163,PAY0003163,3691.0,2026-03-16,2026-03-31,card,2870.48,57.41,10.33,2802.74,settled,False
3164,PAY0003164,3692.0,2026-03-17,2026-03-19,wallet,2794.02,55.88,10.06,2728.08,settled,False
3165,PAY0003165,3693.0,2026-03-24,2026-03-24,upi,4445.02,88.90,16.00,4340.12,settled,False
3166,PAY0003166,3694.0,2026-03-13,2026-03-22,ota_collect,7791.04,155.82,28.05,7607.17,settled,False
3167,PAY0003167,3695.0,2026-03-24,2026-03-31,netbanking,941.21,18.82,3.39,919.00,settled,False
3168,PAY0003168,3696.0,2026-03-20,2026-03-22,ota_collect,4219.03,84.38,15.19,4119.46,settled,False
3169,PAY0003169,3697.0,2026-03-11,2026-04-10,upi,18969.00,379.38,68.29,18521.33,settled,False
3170,PAY0003170,3698.0,2026-03-22,2026-03-24,upi,6637.55,132.75,23.89,6480.91,settled,False
3171,PAY0003171,3699.0,2026-03-20,2026-03-22,netbanking,5120.04,102.40,18.43,4999.21,settled,False
3172,PAY0003172,3700.0,2026-03-18,2026-03-27,upi,4036.03,80.72,14.53,3940.78,settled,False
3173,PAY0003173,3701.0,2026-03-23,2026-04-22,netbanking,3808.55,76.17,13.71,3718.67,settled,False
3174,PAY0003174,3702.0,2026-01-30,2026-02-08,upi,11983.28,239.67,43.14,11700.47,settled,False
3175,PAY0003175,3703.0,2026-03-24,2026-04-23,upi,13602.04,272.04,48.97,13281.03,settled,False
3176,PAY0003176,3704.0,2026-03-24,2026-03-31,upi,881.45,17.63,3.17,860.65,settled,False
3177,PAY0003177,3705.0,2026-01-18,2026-02-02,cash,11057.40,0.00,0.00,11057.40,settled,False
3178,PAY0003178,3706.0,2026-03-04,2026-04-03,upi,8317.17,166.34,29.94,8120.89,settled,False
3179,PAY0003179,3707.0,2026-03-22,2026-04-06,netbanking,4353.39,87.07,15.67,4250.65,settled,False
3180,PAY0003180,3708.0,2026-03-09,2026-03-18,card,5068.49,101.37,18.25,4948.87,settled,False
3181,PAY0003181,3709.0,2026-03-19,2026-03-21,wallet,7431.84,148.64,26.76,7256.44,settled,False
3182,PAY0003182,3710.0,2026-03-19,2026-03-21,upi,39190.92,783.82,141.09,38266.01,settled,False
3183,PAY0003183,3711.0,2026-02-25,2026-03-27,upi,4527.91,90.56,16.30,4421.05,settled,False
3184,PAY0003184,3712.0,2026-03-13,2026-03-22,card,21299.64,425.99,76.68,20796.97,settled,False
3185,PAY0003185,3713.0,2026-03-24,2026-03-26,ota_collect,3487.53,69.75,12.55,3405.23,settled,False
3186,PAY0003186,3714.0,2026-03-08,2026-03-23,upi,12218.76,244.38,43.99,11930.39,settled,False
3187,PAY0003187,3715.0,2026-03-26,2026-03-28,ota_collect,20098.65,401.97,72.35,19624.33,settled,False
3188,PAY0003188,3716.0,2026-03-13,2026-03-28,card,15659.46,313.19,56.37,15289.90,settled,False
3189,PAY0003189,3718.0,2026-03-24,2026-03-26,ota_collect,8472.85,169.46,30.50,8272.89,settled,False
3190,PAY0003190,3719.0,2026-03-23,2026-04-07,upi,3183.23,63.66,11.46,3108.11,settled,False
3191,PAY0003191,3720.0,2026-03-13,2026-04-12,netbanking,4046.05,80.92,14.57,3950.56,settled,False
3192,PAY0003192,3721.0,2026-03-20,2026-04-19,ota_collect,20447.84,408.96,73.61,19965.27,settled,False
3193,PAY0003193,3722.0,2026-03-18,2026-04-17,ota_collect,35627.13,712.54,128.26,34786.33,settled,False
3194,PAY0003194,3723.0,2026-03-25,2026-04-09,card,9252.98,185.06,33.31,9034.61,settled,False
3195,PAY0003195,3724.0,2026-03-22,2026-03-24,upi,6517.78,130.36,23.46,6363.96,settled,False
3196,PAY0003196,3725.0,2026-03-19,2026-03-28,upi,3911.57,78.23,14.08,3819.26,settled,False
3197,PAY0003197,3726.0,2026-03-23,2026-03-25,upi,7177.55,143.55,25.84,7008.16,settled,False
3198,PAY0003198,3727.0,2026-03-16,2026-04-15,upi,33052.85,661.06,118.99,32272.80,settled,False
3199,PAY0003199,3728.0,2026-03-25,2026-04-24,upi,3124.99,62.50,11.25,3051.24,settled,False
3200,PAY0003200,3729.0,2026-03-14,2026-03-15,netbanking,4190.70,83.81,15.09,4091.80,settled,False
3201,PAY0003201,3730.0,2026-03-19,2026-03-28,upi,3115.21,62.30,11.21,3041.70,settled,False
3202,PAY0003202,3731.0,2026-03-24,2026-04-23,upi,73176.97,1463.54,263.44,71449.99,settled,False
3203,PAY0003203,3733.0,2026-03-25,2026-04-09,ota_collect,17459.12,349.18,62.85,17047.09,settled,False
3204,PAY0003204,3734.0,2026-01-10,2026-02-09,ota_collect,4198.79,83.98,15.12,4099.69,settled,False
3205,PAY0003205,3735.0,2026-03-23,2026-04-01,upi,36612.20,732.24,131.80,35748.16,settled,False
3206,PAY0003206,3736.0,2026-03-15,2026-03-24,wallet,3370.65,67.41,12.13,3291.11,settled,False
3207,PAY0003207,3738.0,2026-03-08,2026-03-17,wallet,4368.87,87.38,15.73,4265.76,settled,False
3208,PAY0003208,3739.0,2026-03-18,2026-03-27,wallet,2967.15,59.34,10.68,2897.13,settled,False
3209,PAY0003209,3740.0,2026-03-26,2026-04-25,card,21412.81,428.26,77.09,20907.46,settled,False
3210,PAY0003210,3741.0,2026-03-23,2026-04-01,card,3681.55,73.63,13.25,3594.67,settled,False
3211,PAY0003211,3742.0,2026-03-26,2026-04-10,netbanking,31557.54,631.15,113.61,30812.78,settled,False
3212,PAY0003212,3743.0,2026-03-06,2026-03-07,cash,14655.58,0.00,0.00,14655.58,settled,False
3213,PAY0003213,3744.0,2026-03-21,2026-03-22,netbanking,9392.35,187.85,33.81,9170.69,settled,False
3214,PAY0003214,3745.0,2026-03-23,2026-03-25,wallet,3874.16,77.48,13.95,3782.73,settled,False
3215,PAY0003215,3746.0,2026-03-09,2026-03-10,netbanking,46161.06,923.22,166.18,45071.66,settled,False
3216,PAY0003216,3747.0,2026-03-22,2026-03-23,netbanking,6234.64,124.69,22.44,6087.51,settled,False
3217,PAY0003217,3748.0,2026-03-25,2026-04-24,netbanking,3455.49,69.11,12.44,3373.94,settled,False
3218,PAY0003218,3749.0,2026-03-19,2026-03-20,upi,42863.90,857.28,154.31,41852.31,settled,False
3219,PAY0003219,3750.0,2026-03-26,2026-04-04,upi,19605.04,392.10,70.58,19142.36,settled,False
3220,PAY0003220,3752.0,2026-03-29,2026-04-05,ota_collect,1853.52,37.07,6.67,1809.78,settled,False
3221,PAY0003221,3753.0,2026-03-28,2026-03-29,upi,3752.56,75.05,13.51,3664.00,settled,False
3222,PAY0003222,3754.0,2026-03-30,2026-04-06,card,1237.40,24.75,4.46,1208.19,settled,False
3223,PAY0003223,3755.0,2026-03-23,2026-04-01,card,29968.20,599.36,107.88,29260.96,settled,False
3224,PAY0003224,3756.0,2026-03-29,2026-04-28,ota_collect,37710.10,754.20,135.76,36820.14,settled,False
3225,PAY0003225,3757.0,2026-03-31,2026-03-31,card,3611.34,72.23,13.00,3526.11,settled,False
3226,PAY0003226,3758.0,2026-03-20,2026-03-22,ota_collect,4320.51,86.41,15.55,4218.55,settled,False
3227,PAY0003227,3759.0,2026-02-15,2026-02-16,upi,13447.23,268.94,48.41,13129.88,settled,False
3228,PAY0003228,3760.0,2026-03-29,2026-04-28,card,3089.48,61.79,11.12,3016.57,settled,False
3229,PAY0003229,3761.0,2026-03-30,2026-04-06,ota_collect,1470.76,29.42,5.30,1436.04,settled,False
3230,PAY0003230,3762.0,2026-03-08,2026-03-17,ota_collect,8423.64,168.47,30.32,8224.85,settled,False
3231,PAY0003231,3763.0,2026-03-22,2026-03-31,upi,10698.99,213.98,38.52,10446.49,settled,False
3232,PAY0003232,3764.0,2026-03-18,2026-03-20,upi,38188.29,763.77,137.48,37287.04,settled,False
3233,PAY0003233,3765.0,2026-03-28,2026-04-12,wallet,7033.78,140.68,25.32,6867.78,settled,False
3234,PAY0003234,3766.0,2026-03-30,2026-04-29,wallet,3344.61,66.89,12.04,3265.68,settled,False
3235,PAY0003235,3767.0,2026-03-28,2026-03-30,ota_collect,5708.35,114.17,20.55,5573.63,settled,False
3236,PAY0003236,3768.0,2026-03-27,2026-03-29,upi,29440.28,588.81,105.99,28745.48,settled,False
3237,PAY0003237,3769.0,2026-03-25,2026-04-24,upi,3322.64,66.45,11.96,3244.23,settled,False
3238,PAY0003238,3770.0,2026-03-13,2026-03-28,upi,25057.77,501.16,90.21,24466.40,settled,False
3239,PAY0003239,3771.0,2026-03-25,2026-04-03,upi,3753.20,75.06,13.51,3664.63,settled,False
3240,PAY0003240,3772.0,2026-03-31,2026-04-07,card,778.00,15.56,2.80,759.64,settled,False
3241,PAY0003241,3774.0,2026-02-01,2026-03-03,ota_collect,13920.88,278.42,50.12,13592.34,settled,False
3242,PAY0003242,3775.0,2026-03-27,2026-04-26,netbanking,3359.59,67.19,12.09,3280.31,settled,False
3243,PAY0003243,3776.0,2026-03-25,2026-03-26,ota_collect,27790.65,555.81,100.05,27134.79,settled,False
3244,PAY0003244,3777.0,2026-04-02,2026-04-09,wallet,1281.16,25.62,4.61,1250.93,settled,False
3245,PAY0003245,3778.0,2026-03-23,2026-03-25,upi,10518.66,210.37,37.87,10270.42,settled,False
3246,PAY0003246,3782.0,2026-04-03,2026-04-03,upi,6782.50,135.65,24.42,6622.43,settled,False
3247,PAY0003247,3783.0,2026-03-30,2026-04-01,upi,4113.67,82.27,14.81,4016.59,settled,False
3248,PAY0003248,3784.0,2026-03-22,2026-03-31,upi,4262.53,85.25,15.34,4161.94,settled,False
3249,PAY0003249,3785.0,2026-04-03,2026-04-03,upi,3345.11,66.90,12.04,3266.17,settled,False
3250,PAY0003250,3786.0,2026-03-23,2026-03-25,upi,10261.62,205.23,36.94,10019.45,settled,False
3251,PAY0003251,3787.0,2026-04-03,2026-04-10,upi,1204.97,24.10,4.34,1176.53,settled,False
3252,PAY0003252,3788.0,2026-03-31,2026-04-02,card,7357.84,147.16,26.49,7184.19,settled,False
3253,PAY0003253,,2026-03-20,2026-03-29,wallet,8165.10,163.30,29.39,7972.41,settled,True
3254,PAY0003254,3790.0,2026-03-25,2026-04-03,upi,20172.18,403.44,72.62,19696.12,settled,False
3255,PAY0003255,3791.0,2026-04-01,2026-04-03,upi,4156.99,83.14,14.97,4058.88,settled,False
3256,PAY0003256,3792.0,2026-03-14,2026-03-15,card,3164.29,63.29,11.39,3089.61,settled,False
3257,PAY0003257,3794.0,2026-04-01,2026-04-03,upi,4604.46,92.09,16.58,4495.79,settled,False
3258,PAY0003258,3795.0,2026-03-29,2026-04-13,card,19752.84,395.06,71.11,19286.67,settled,False
3259,PAY0003259,3796.0,2026-03-21,2026-04-20,ota_collect,19129.16,382.58,68.86,18677.72,settled,False
3260,PAY0003260,3797.0,2026-04-02,2026-05-02,wallet,4003.31,80.07,14.41,3908.83,settled,False
3261,PAY0003261,3798.0,2026-01-15,2026-01-24,netbanking,9011.26,180.23,32.44,8798.59,settled,False
3262,PAY0003262,3799.0,2026-03-09,2026-03-10,card,18034.50,360.69,64.92,17608.89,settled,False
3263,PAY0003263,3800.0,2026-04-03,2026-04-10,upi,1041.26,20.83,3.75,1016.68,settled,False
3264,PAY0003264,3801.0,2026-03-22,2026-03-23,upi,6962.28,139.25,25.06,6797.97,settled,False
3265,PAY0003265,3802.0,2026-03-16,2026-04-15,ota_collect,3936.44,78.73,14.17,3843.54,settled,False
3266,PAY0003266,3803.0,2026-03-01,2026-03-31,netbanking,13108.46,262.17,47.19,12799.10,settled,False
3267,PAY0003267,3804.0,2026-03-26,2026-04-10,upi,5013.15,100.26,18.05,4894.84,settled,False
3268,PAY0003268,3805.0,2026-03-21,2026-03-23,upi,12247.85,244.96,44.09,11958.80,settled,False
3269,PAY0003269,3806.0,2026-03-29,2026-04-13,ota_collect,3628.77,72.58,13.06,3543.13,settled,False
3270,PAY0003270,3807.0,2026-04-01,2026-04-10,card,13165.32,263.31,47.40,12854.61,settled,False
3271,PAY0003271,3808.0,2026-03-19,2026-04-18,upi,5988.91,119.78,21.56,5847.57,settled,False
3272,PAY0003272,3809.0,2026-04-05,2026-04-05,card,4413.71,88.27,15.89,4309.55,settled,False
3273,PAY0003273,3810.0,2026-03-25,2026-04-24,upi,10701.42,214.03,38.53,10448.86,settled,False
3274,PAY0003274,3812.0,2026-03-22,2026-03-31,card,4465.25,89.31,16.08,4359.86,settled,False
3275,PAY0003275,3813.0,2026-03-30,2026-04-29,upi,4573.84,91.48,16.47,4465.89,settled,False
3276,PAY0003276,3814.0,2026-04-03,2026-04-12,card,11012.79,220.26,39.65,10752.88,settled,False
3277,PAY0003277,3815.0,2026-03-25,2026-04-24,upi,142854.60,2857.09,514.28,139483.23,settled,False
3278,PAY0003278,3816.0,2026-03-06,2026-03-21,netbanking,7388.74,147.77,26.60,7214.37,settled,False
3279,PAY0003279,3817.0,2026-04-03,2026-04-05,ota_collect,4693.01,93.86,16.89,4582.26,settled,False
3280,PAY0003280,3819.0,2026-03-08,2026-04-07,card,10890.24,217.80,39.20,10633.24,settled,False
3281,PAY0003281,3820.0,2026-03-07,2026-03-22,ota_collect,7791.62,155.83,28.05,7607.74,settled,False
3282,PAY0003282,3821.0,2026-04-03,2026-04-18,ota_collect,11330.34,226.61,40.79,11062.94,settled,False
3283,PAY0003283,3822.0,2026-03-31,2026-04-09,upi,4408.58,88.17,15.87,4304.54,settled,False
3284,PAY0003284,3823.0,2026-04-05,2026-05-05,ota_collect,30600.60,612.01,110.16,29878.43,settled,False
3285,PAY0003285,3824.0,2026-04-03,2026-04-12,upi,4305.18,86.10,15.50,4203.58,settled,False
3286,PAY0003286,3825.0,2026-04-05,2026-05-05,ota_collect,19098.47,381.97,68.75,18647.75,settled,False
3287,PAY0003287,3827.0,2026-04-07,2026-04-14,ota_collect,1841.51,36.83,6.63,1798.05,settled,False
3288,PAY0003288,3828.0,2026-03-27,2026-04-11,upi,10621.95,212.44,38.24,10371.27,settled,False
3289,PAY0003289,3829.0,2026-03-21,2026-03-30,ota_collect,7438.60,148.77,26.78,7263.05,settled,False
3290,PAY0003290,3830.0,2026-02-19,2026-02-21,wallet,7039.69,140.79,25.34,6873.56,settled,False
3291,PAY0003291,3831.0,2026-03-23,2026-03-25,ota_collect,4206.18,84.12,15.14,4106.92,settled,False
3292,PAY0003292,3832.0,2026-03-30,2026-04-01,netbanking,6434.96,128.70,23.17,6283.09,settled,False
3293,PAY0003293,3833.0,2026-04-03,2026-04-05,ota_collect,46844.70,936.89,168.64,45739.17,settled,False
3294,PAY0003294,3834.0,2026-04-07,2026-04-14,ota_collect,823.97,16.48,2.97,804.52,settled,False
3295,PAY0003295,3835.0,2026-04-07,2026-04-14,card,1207.23,24.14,4.35,1178.74,settled,False
3296,PAY0003296,3836.0,2026-04-08,2026-04-08,cash,3827.27,0.00,0.00,3827.27,settled,False
3297,PAY0003297,3837.0,2026-03-28,2026-03-30,upi,10568.30,211.37,38.05,10318.88,settled,False
3298,PAY0003298,3838.0,2026-04-01,2026-04-03,netbanking,4171.17,83.42,15.02,4072.73,settled,False
3299,PAY0003299,3839.0,2026-04-05,2026-05-05,card,13398.27,267.97,48.23,13082.07,settled,False
3300,PAY0003300,3840.0,2026-04-03,2026-05-03,netbanking,27048.12,540.96,97.37,26409.79,settled,False
3301,PAY0003301,3842.0,2026-04-07,2026-04-07,ota_collect,14598.87,291.98,52.56,14254.33,settled,False
3302,PAY0003302,3844.0,2026-03-30,2026-04-14,upi,20457.42,409.15,73.65,19974.62,settled,False
3303,PAY0003303,3845.0,2026-04-03,2026-04-05,netbanking,27987.34,559.75,100.75,27326.84,settled,False
3304,PAY0003304,3847.0,2026-03-25,2026-03-26,card,8035.80,160.72,28.93,7846.15,settled,False
3305,PAY0003305,3848.0,2026-04-06,2026-05-06,ota_collect,55299.36,1105.99,199.08,53994.29,settled,False
3306,PAY0003306,3849.0,2026-03-30,2026-04-14,card,4411.23,88.22,15.88,4307.13,settled,False
3307,PAY0003307,3850.0,2026-03-21,2026-04-20,ota_collect,39760.00,795.20,143.14,38821.66,settled,False
3308,PAY0003308,3851.0,2026-03-03,2026-03-04,upi,34420.95,688.42,123.92,33608.61,settled,False
3309,PAY0003309,3852.0,2026-03-31,2026-04-09,upi,6226.91,124.54,22.42,6079.95,settled,False
3310,PAY0003310,3853.0,2026-03-31,2026-04-15,ota_collect,6775.38,135.51,24.39,6615.48,settled,False
3311,PAY0003311,3854.0,2026-03-29,2026-04-28,upi,33958.40,679.17,122.25,33156.98,settled,False
3312,PAY0003312,3855.0,2026-04-07,2026-05-07,upi,130261.92,2605.24,468.94,127187.74,settled,False
3313,PAY0003313,3856.0,2026-02-25,2026-03-06,upi,3260.09,65.20,11.74,3183.15,settled,False
3314,PAY0003314,3857.0,2026-03-27,2026-04-05,wallet,49405.24,988.10,177.86,48239.28,settled,False
3315,PAY0003315,3858.0,2026-04-09,2026-04-16,card,1367.98,27.36,4.92,1335.70,settled,False
3316,PAY0003316,3859.0,2026-04-03,2026-04-05,upi,5264.70,105.29,18.95,5140.46,settled,False
3317,PAY0003317,3860.0,2026-03-25,2026-04-24,upi,9332.92,186.66,33.60,9112.66,settled,False
3318,PAY0003318,3862.0,2026-03-31,2026-04-01,netbanking,12415.83,248.32,44.70,12122.81,settled,False
3319,PAY0003319,3864.0,2026-04-06,2026-05-06,upi,22825.53,456.51,82.17,22286.85,settled,False
3320,PAY0003320,3865.0,2026-03-29,2026-03-31,ota_collect,6530.38,130.61,23.51,6376.26,settled,False
3321,PAY0003321,3866.0,2026-04-01,2026-05-01,wallet,91477.32,1829.55,329.32,89318.45,settled,False
3322,PAY0003322,3867.0,2026-04-10,2026-04-10,cash,17532.03,0.00,0.00,17532.03,settled,False
3323,PAY0003323,3868.0,2026-03-04,2026-04-03,wallet,4249.80,85.00,15.30,4149.50,settled,False
3324,PAY0003324,3869.0,2026-03-26,2026-04-25,wallet,17883.55,357.67,64.38,17461.50,settled,False
3325,PAY0003325,3872.0,2026-04-10,2026-04-17,card,937.99,18.76,3.38,915.85,settled,False
3326,PAY0003326,3873.0,2026-04-08,2026-04-10,card,10368.86,207.38,37.33,10124.15,settled,False
3327,PAY0003327,3874.0,2026-03-15,2026-03-30,card,2619.37,52.39,9.43,2557.55,settled,False
3328,PAY0003328,3876.0,2026-04-03,2026-04-12,card,3748.26,74.97,13.49,3659.80,settled,False
3329,PAY0003329,3877.0,2026-04-02,2026-04-03,upi,9528.60,190.57,34.30,9303.73,settled,False
3330,PAY0003330,3878.0,2026-03-23,2026-03-24,cash,84175.50,0.00,0.00,84175.50,settled,False
3331,PAY0003331,3879.0,2026-03-30,2026-04-08,netbanking,3514.04,70.28,12.65,3431.11,settled,False
3332,PAY0003332,3880.0,2026-04-06,2026-04-15,card,9501.48,190.03,34.21,9277.24,settled,False
3333,PAY0003333,3881.0,2026-03-28,2026-04-27,upi,22090.25,441.81,79.53,21568.91,settled,False
3334,PAY0003334,3882.0,2026-04-07,2026-05-07,upi,11379.10,227.58,40.96,11110.56,settled,False
3335,PAY0003335,3884.0,2026-04-08,2026-04-23,wallet,21704.23,434.08,78.13,21192.02,settled,False
3336,PAY0003336,3885.0,2026-03-29,2026-03-31,upi,2838.33,56.77,10.22,2771.34,settled,False
3337,PAY0003337,3886.0,2026-03-24,2026-04-02,upi,8021.48,160.43,28.88,7832.17,settled,False
3338,PAY0003338,3887.0,2026-04-11,2026-05-11,ota_collect,68803.73,1376.07,247.69,67179.97,settled,False
3339,PAY0003339,3888.0,2026-04-01,2026-04-10,wallet,7891.97,157.84,28.41,7705.72,settled,False
3340,PAY0003340,3889.0,2026-04-05,2026-04-07,cash,18764.68,0.00,0.00,18764.68,settled,False
3341,PAY0003341,3891.0,2026-04-10,2026-05-10,ota_collect,25204.74,504.09,90.74,24609.91,settled,False
3342,PAY0003342,3892.0,2026-04-11,2026-05-11,card,78606.80,1572.14,282.99,76751.67,settled,False
3343,PAY0003343,3893.0,2026-04-08,2026-05-08,upi,3319.72,66.39,11.95,3241.38,settled,False
3344,PAY0003344,3895.0,2026-04-12,2026-04-19,ota_collect,895.64,17.91,3.22,874.51,settled,False
3345,PAY0003345,3897.0,2026-04-10,2026-05-10,ota_collect,93337.67,1866.75,336.01,91134.91,settled,False
3346,PAY0003346,3899.0,2026-04-03,2026-04-05,upi,14908.22,298.16,53.67,14556.39,settled,False
3347,PAY0003347,3900.0,2026-04-11,2026-05-11,card,3659.50,73.19,13.17,3573.14,settled,False
3348,PAY0003348,3901.0,2026-04-03,2026-04-05,ota_collect,16419.69,328.39,59.11,16032.19,settled,False
3349,PAY0003349,3903.0,2026-04-06,2026-04-21,netbanking,4663.17,93.26,16.79,4553.12,settled,False
3350,PAY0003350,3904.0,2026-04-11,2026-04-26,card,14438.07,288.76,51.98,14097.33,settled,False
3351,PAY0003351,3905.0,2026-04-04,2026-05-04,card,72840.24,1456.80,262.22,71121.22,settled,False
3352,PAY0003352,3906.0,2026-04-11,2026-04-26,cash,3562.13,0.00,0.00,3562.13,settled,False
3353,PAY0003353,3907.0,2026-04-14,2026-04-14,card,7364.99,147.30,26.51,7191.18,settled,False
3354,PAY0003354,3908.0,2026-04-10,2026-04-19,card,9585.86,191.72,34.51,9359.63,settled,False
3355,PAY0003355,3909.0,2026-04-08,2026-04-17,ota_collect,4467.25,89.34,16.08,4361.83,settled,False
3356,PAY0003356,,2026-04-07,2026-04-22,card,4308.30,86.17,15.51,4206.62,settled,True
3357,PAY0003357,3913.0,2026-04-09,2026-04-10,upi,11157.60,223.15,40.17,10894.28,settled,False
3358,PAY0003358,3914.0,2026-04-11,2026-04-26,ota_collect,8664.42,173.29,31.19,8459.94,settled,False
3359,PAY0003359,3915.0,2026-04-11,2026-05-11,card,26910.48,538.21,96.88,26275.39,settled,False
3360,PAY0003360,3916.0,2026-04-09,2026-04-10,upi,10748.67,214.97,38.69,10495.01,settled,False
3361,PAY0003361,3917.0,2026-02-28,2026-03-30,upi,4201.45,84.03,15.13,4102.29,settled,False
3362,PAY0003362,3918.0,2026-04-08,2026-04-10,ota_collect,10896.06,217.92,39.23,10638.91,settled,False
3363,PAY0003363,3919.0,2026-03-17,2026-03-18,upi,55625.05,1112.50,200.25,54312.30,settled,False
3364,PAY0003364,3920.0,2026-04-06,2026-05-06,wallet,45953.07,919.06,165.43,44868.58,settled,False
3365,PAY0003365,,2026-04-15,2026-04-22,ota_collect,843.61,16.87,3.04,823.70,settled,True
3366,PAY0003366,3922.0,2026-04-15,2026-04-22,wallet,1185.02,23.70,4.27,1157.05,settled,False
3367,PAY0003367,3923.0,2026-04-06,2026-05-06,netbanking,31277.48,625.55,112.60,30539.33,settled,False
3368,PAY0003368,3924.0,2026-04-13,2026-04-15,ota_collect,25300.45,506.01,91.08,24703.36,settled,False
3369,PAY0003369,3925.0,2026-04-06,2026-04-15,card,10702.40,214.05,38.53,10449.82,settled,False
3370,PAY0003370,3926.0,2026-02-16,2026-03-03,ota_collect,5542.20,110.84,19.95,5411.41,settled,False
3371,PAY0003371,3928.0,2026-04-12,2026-04-27,card,20399.64,407.99,73.44,19918.21,settled,False
3372,PAY0003372,3929.0,2026-04-16,2026-04-23,ota_collect,1224.68,24.49,4.41,1195.78,settled,False
3373,PAY0003373,3930.0,2026-03-24,2026-04-02,ota_collect,12211.79,244.24,43.96,11923.59,settled,False
3374,PAY0003374,3931.0,2026-04-15,2026-05-15,upi,4127.25,82.55,14.86,4029.84,settled,False
3375,PAY0003375,3932.0,2026-04-12,2026-05-12,ota_collect,22816.92,456.34,82.14,22278.44,settled,False
3376,PAY0003376,3933.0,2026-04-03,2026-04-12,upi,37259.28,745.19,134.13,36379.96,settled,False
3377,PAY0003377,3935.0,2026-04-12,2026-04-27,card,9393.92,187.88,33.82,9172.22,settled,False
3378,PAY0003378,3936.0,2026-04-08,2026-04-23,card,3330.02,66.60,11.99,3251.43,settled,False
3379,PAY0003379,3937.0,2026-04-14,2026-05-14,card,3629.86,72.60,13.07,3544.19,settled,False
3380,PAY0003380,3939.0,2026-04-15,2026-05-15,card,17724.45,354.49,63.81,17306.15,settled,False
3381,PAY0003381,3940.0,2026-04-02,2026-05-02,ota_collect,8197.80,163.96,29.51,8004.33,settled,False
3382,PAY0003382,3941.0,2026-03-27,2026-03-29,ota_collect,3554.09,71.08,12.79,3470.22,settled,False
3383,PAY0003383,3942.0,2026-04-11,2026-04-20,upi,14522.86,290.46,52.28,14180.12,settled,False
3384,PAY0003384,3943.0,2026-04-09,2026-04-10,netbanking,17310.15,346.20,62.32,16901.63,settled,False
3385,PAY0003385,3944.0,2026-04-17,2026-04-24,netbanking,1017.08,20.34,3.66,993.08,settled,False
3386,PAY0003386,3945.0,2026-04-18,2026-04-18,card,9643.94,192.88,34.72,9416.34,settled,False
3387,PAY0003387,3947.0,2026-03-23,2026-04-07,upi,6609.38,132.19,23.79,6453.40,settled,False
3388,PAY0003388,3948.0,2026-04-13,2026-04-22,wallet,8443.58,168.87,30.40,8244.31,settled,False
3389,PAY0003389,3949.0,2026-04-12,2026-05-12,ota_collect,6302.86,126.06,22.69,6154.11,settled,False
3390,PAY0003390,3950.0,2026-04-15,2026-04-17,upi,21858.23,437.16,78.69,21342.38,settled,False
3391,PAY0003391,3951.0,2026-04-08,2026-04-23,wallet,19855.90,397.12,71.48,19387.30,settled,False
3392,PAY0003392,3952.0,2026-04-18,2026-04-18,ota_collect,10298.52,205.97,37.07,10055.48,settled,False
3393,PAY0003393,3953.0,2026-04-08,2026-05-08,card,23595.24,471.90,84.94,23038.40,settled,False
3394,PAY0003394,3954.0,2026-04-11,2026-04-26,wallet,3780.21,75.60,13.61,3691.00,settled,False
3395,PAY0003395,3955.0,2026-04-17,2026-04-19,upi,25661.24,513.22,92.38,25055.64,settled,False
3396,PAY0003396,3956.0,2026-04-08,2026-04-17,upi,5041.29,100.83,18.15,4922.31,settled,False
3397,PAY0003397,3957.0,2026-03-31,2026-04-30,wallet,2786.37,55.73,10.03,2720.61,settled,False
3398,PAY0003398,3958.0,2026-04-18,2026-05-18,card,34765.44,695.31,125.16,33944.97,settled,False
3399,PAY0003399,3959.0,2026-04-08,2026-04-17,upi,7382.34,147.65,26.58,7208.11,settled,False
3400,PAY0003400,3960.0,2026-03-29,2026-04-07,ota_collect,35335.35,706.71,127.21,34501.43,settled,False
3401,PAY0003401,3961.0,2026-04-18,2026-05-18,upi,18033.70,360.67,64.92,17608.11,settled,False
3402,PAY0003402,3962.0,2026-04-17,2026-04-17,wallet,7146.93,142.94,25.73,6978.26,settled,False
3403,PAY0003403,3963.0,2026-04-17,2026-04-26,ota_collect,3477.94,69.56,12.52,3395.86,settled,False
3404,PAY0003404,3964.0,2026-04-10,2026-04-25,upi,5317.05,106.34,19.14,5191.57,settled,False
3405,PAY0003405,3965.0,2026-04-20,2026-04-27,wallet,1032.80,20.66,3.72,1008.42,settled,False
3406,PAY0003406,3966.0,2026-04-17,2026-04-19,ota_collect,22495.90,449.92,80.99,21964.99,settled,False
3407,PAY0003407,3968.0,2026-02-22,2026-02-23,upi,4507.17,90.14,16.23,4400.80,settled,False
3408,PAY0003408,3969.0,2026-03-16,2026-03-17,netbanking,5314.21,106.28,19.13,5188.80,settled,False
3409,PAY0003409,3970.0,2026-04-13,2026-05-13,upi,65321.31,1306.43,235.16,63779.72,settled,False
3410,PAY0003410,3971.0,2026-04-16,2026-04-18,card,17218.79,344.38,61.99,16812.42,settled,False
3411,PAY0003411,3972.0,2026-04-18,2026-04-27,upi,3221.45,64.43,11.60,3145.42,settled,False
3412,PAY0003412,3973.0,2026-04-05,2026-04-20,cash,2732.07,0.00,0.00,2732.07,settled,False
3413,PAY0003413,3976.0,2026-03-28,2026-04-12,upi,4721.48,94.43,17.00,4610.05,settled,False
3414,PAY0003414,3977.0,2026-04-17,2026-05-17,ota_collect,20271.20,405.42,72.98,19792.80,settled,False
3415,PAY0003415,3978.0,2026-04-18,2026-05-18,card,18177.21,363.54,65.44,17748.23,settled,False
3416,PAY0003416,3979.0,2026-04-20,2026-04-22,card,14640.87,292.82,52.71,14295.34,settled,False
3417,PAY0003417,3980.0,2026-04-03,2026-04-12,ota_collect,3629.24,72.58,13.06,3543.60,settled,False
3418,PAY0003418,3981.0,2026-04-15,2026-04-17,upi,5482.19,109.64,19.74,5352.81,settled,False
3419,PAY0003419,3982.0,2026-04-18,2026-04-20,ota_collect,9906.84,198.14,35.67,9673.03,settled,False
3420,PAY0003420,3983.0,2026-04-21,2026-04-21,upi,12738.82,254.78,45.86,12438.18,settled,False
3421,PAY0003421,3984.0,2026-04-19,2026-05-19,wallet,12646.90,252.94,45.53,12348.43,settled,False
3422,PAY0003422,3985.0,2026-03-19,2026-04-03,ota_collect,13051.60,261.03,46.99,12743.58,settled,False
3423,PAY0003423,3986.0,2026-04-18,2026-05-03,upi,3815.10,76.30,13.73,3725.07,settled,False
3424,PAY0003424,3987.0,2026-04-11,2026-04-13,wallet,49222.41,984.45,177.20,48060.76,settled,False
3425,PAY0003425,3988.0,2026-04-19,2026-04-21,upi,37529.45,750.59,135.11,36643.75,settled,False
3426,PAY0003426,3989.0,2026-04-13,2026-04-15,ota_collect,7117.08,142.34,25.62,6949.12,settled,False
3427,PAY0003427,3990.0,2026-04-09,2026-04-24,upi,6669.06,133.38,24.01,6511.67,settled,False
3428,PAY0003428,3991.0,2026-04-19,2026-05-04,card,3718.02,74.36,13.38,3630.28,settled,False
3429,PAY0003429,3992.0,2026-04-22,2026-04-29,netbanking,1465.13,29.30,5.27,1430.56,settled,False
3430,PAY0003430,3995.0,2026-04-22,2026-04-29,upi,1522.06,30.44,5.48,1486.14,settled,False
3431,PAY0003431,3996.0,2026-04-20,2026-05-20,upi,7016.19,140.32,25.26,6850.61,settled,False
3432,PAY0003432,3997.0,2026-04-09,2026-04-18,upi,13692.52,273.85,49.29,13369.38,settled,False
3433,PAY0003433,3999.0,2026-03-27,2026-03-29,upi,10578.32,211.57,38.08,10328.67,settled,False
3434,PAY0003434,4000.0,2026-04-21,2026-04-23,ota_collect,7584.67,151.69,27.30,7405.68,settled,False
3435,PAY0003435,4001.0,2026-04-19,2026-05-19,card,29584.80,591.70,106.51,28886.59,settled,False
3436,PAY0003436,4002.0,2026-04-19,2026-05-19,upi,10319.32,206.39,37.15,10075.78,settled,False
3437,PAY0003437,4003.0,2026-04-06,2026-05-06,wallet,18637.38,372.75,67.09,18197.54,settled,False
3438,PAY0003438,4005.0,2026-04-20,2026-05-20,card,8237.56,164.75,29.65,8043.16,settled,False
3439,PAY0003439,4006.0,2026-03-30,2026-04-14,card,3730.76,74.62,13.43,3642.71,settled,False
3440,PAY0003440,4007.0,2026-04-13,2026-05-13,card,20371.96,407.44,73.34,19891.18,settled,False
3441,PAY0003441,4008.0,2026-04-22,2026-05-22,card,3835.16,76.70,13.81,3744.65,settled,False
3442,PAY0003442,4009.0,2026-04-18,2026-04-20,upi,23806.40,476.13,85.70,23244.57,settled,False
3443,PAY0003443,4010.0,2026-04-16,2026-04-17,upi,2999.22,59.98,10.80,2928.44,settled,False
3444,PAY0003444,4011.0,2026-04-24,2026-05-03,card,18114.80,362.30,65.21,17687.29,settled,False
3445,PAY0003445,4012.0,2026-04-20,2026-04-22,ota_collect,7059.78,141.20,25.42,6893.16,settled,False
3446,PAY0003446,4013.0,2026-04-09,2026-04-24,ota_collect,3147.33,62.95,11.33,3073.05,settled,False
3447,PAY0003447,4014.0,2026-04-21,2026-05-21,netbanking,7666.28,153.33,27.60,7485.35,settled,False
3448,PAY0003448,4015.0,2026-04-23,2026-05-02,card,7988.34,159.77,28.76,7799.81,settled,False
3449,PAY0003449,4016.0,2026-04-16,2026-05-01,upi,23637.18,472.74,85.09,23079.35,settled,False
3450,PAY0003450,4017.0,2026-04-14,2026-05-14,upi,80006.01,1600.12,288.02,78117.87,settled,False
3451,PAY0003451,4018.0,2026-04-23,2026-05-08,netbanking,4070.78,81.42,14.66,3974.70,settled,False
3452,PAY0003452,4019.0,2026-04-24,2026-05-24,upi,13450.36,269.01,48.42,13132.93,settled,False
3453,PAY0003453,4020.0,2026-04-21,2026-04-30,ota_collect,6628.19,132.56,23.86,6471.77,settled,False
3454,PAY0003454,4021.0,2026-04-17,2026-04-18,ota_collect,28066.92,561.34,101.04,27404.54,settled,False
3455,PAY0003455,4022.0,2026-04-20,2026-04-22,upi,28988.58,579.77,104.36,28304.45,settled,False
3456,PAY0003456,4023.0,2026-04-26,2026-05-03,wallet,881.09,17.62,3.17,860.30,settled,False
3457,PAY0003457,4024.0,2026-03-18,2026-03-19,cash,11815.02,0.00,0.00,11815.02,settled,False
3458,PAY0003458,4026.0,2026-04-16,2026-04-17,upi,5789.50,115.79,20.84,5652.87,settled,False
3459,PAY0003459,4027.0,2026-04-05,2026-05-05,netbanking,21066.24,421.32,75.84,20569.08,settled,False
3460,PAY0003460,4028.0,2026-04-13,2026-04-15,upi,63238.27,1264.77,227.66,61745.84,settled,False
3461,PAY0003461,4029.0,2026-04-09,2026-04-11,card,3640.34,72.81,13.11,3554.42,settled,False
3462,PAY0003462,4030.0,2026-03-28,2026-04-06,upi,5041.21,100.82,18.15,4922.24,settled,False
3463,PAY0003463,4031.0,2026-04-27,2026-05-04,wallet,1915.25,38.30,6.89,1870.06,settled,False
3464,PAY0003464,4032.0,2026-04-09,2026-04-10,upi,7944.72,158.89,28.60,7757.23,settled,False
3465,PAY0003465,4033.0,2026-04-11,2026-04-20,card,7037.26,140.75,25.33,6871.18,settled,False
3466,PAY0003466,4034.0,2026-04-20,2026-05-20,card,32386.86,647.74,116.59,31622.53,settled,False
3467,PAY0003467,4036.0,2026-04-09,2026-05-09,ota_collect,3745.90,74.92,13.49,3657.49,settled,False
3468,PAY0003468,4037.0,2026-04-27,2026-05-04,upi,1147.34,22.95,4.13,1120.26,settled,False
3469,PAY0003469,4038.0,2026-04-23,2026-05-23,ota_collect,13724.48,274.49,49.41,13400.58,settled,False
3470,PAY0003470,4039.0,2026-04-19,2026-05-19,upi,3206.59,64.13,11.54,3130.92,settled,False
3471,PAY0003471,4041.0,2026-04-22,2026-05-22,cash,4583.44,0.00,0.00,4583.44,settled,False
3472,PAY0003472,4042.0,2026-04-20,2026-04-29,upi,3942.68,78.85,14.19,3849.64,settled,False
3473,PAY0003473,4044.0,2026-04-09,2026-04-10,upi,17690.75,353.81,63.69,17273.25,settled,False
3474,PAY0003474,4045.0,2026-04-17,2026-04-26,upi,51459.38,1029.19,185.25,50244.94,settled,False
3475,PAY0003475,4046.0,2026-04-13,2026-05-13,ota_collect,7900.33,158.01,28.44,7713.88,settled,False
3476,PAY0003476,4047.0,2025-12-29,2025-12-30,ota_collect,20367.76,407.36,73.32,19887.08,settled,False
3477,PAY0003477,4049.0,2026-04-26,2026-05-05,upi,10499.70,209.99,37.80,10251.91,settled,False
3478,PAY0003478,4050.0,2026-04-29,2026-05-06,card,1340.94,26.82,4.83,1309.29,settled,False
3479,PAY0003479,4051.0,2026-04-01,2026-04-02,ota_collect,4086.50,81.73,14.71,3990.06,settled,False
3480,PAY0003480,4052.0,2026-04-27,2026-05-04,wallet,1232.31,24.65,4.44,1203.22,settled,False
3481,PAY0003481,4053.0,2026-04-28,2026-05-05,upi,1249.74,24.99,4.50,1220.25,settled,False
3482,PAY0003482,4054.0,2026-02-23,2026-03-04,upi,6705.34,134.11,24.14,6547.09,settled,False
3483,PAY0003483,4055.0,2026-04-26,2026-04-28,upi,7944.98,158.90,28.60,7757.48,settled,False
3484,PAY0003484,4056.0,2026-04-25,2026-05-25,upi,15298.92,305.98,55.08,14937.86,settled,False
3485,PAY0003485,4057.0,2026-04-22,2026-05-22,cash,12463.25,0.00,0.00,12463.25,settled,False
3486,PAY0003486,4058.0,2026-04-25,2026-05-25,ota_collect,17461.91,349.24,62.86,17049.81,settled,False
3487,PAY0003487,4059.0,2026-04-20,2026-04-22,netbanking,53532.08,1070.64,192.72,52268.72,settled,False
3488,PAY0003488,4060.0,2026-02-14,2026-02-23,upi,7323.13,146.46,26.36,7150.31,settled,False
3489,PAY0003489,4061.0,2026-04-25,2026-05-25,ota_collect,3946.83,78.94,14.21,3853.68,settled,False
3490,PAY0003490,4062.0,2026-04-29,2026-05-06,upi,1046.94,20.94,3.77,1022.23,settled,False
3491,PAY0003491,4063.0,2026-04-19,2026-04-28,upi,23540.50,470.81,84.75,22984.94,settled,False
3492,PAY0003492,4064.0,2026-04-27,2026-05-27,ota_collect,17293.91,345.88,62.26,16885.77,settled,False
3493,PAY0003493,4065.0,2026-04-29,2026-05-06,ota_collect,927.60,18.55,3.34,905.71,settled,False
3494,PAY0003494,4066.0,2026-04-27,2026-05-06,ota_collect,10365.96,207.32,37.32,10121.32,settled,False
3495,PAY0003495,4067.0,2026-04-26,2026-04-28,cash,3900.33,0.00,0.00,3900.33,settled,False
3496,PAY0003496,4068.0,2026-03-24,2026-04-08,card,8693.02,173.86,31.29,8487.87,settled,False
3497,PAY0003497,4072.0,2026-04-28,2026-05-13,upi,6930.08,138.60,24.95,6766.53,settled,False
3498,PAY0003498,4073.0,2026-04-27,2026-05-04,ota_collect,1232.65,24.65,4.44,1203.56,settled,False
3499,PAY0003499,4074.0,2026-04-27,2026-04-28,upi,3188.04,63.76,11.48,3112.80,settled,False
3500,PAY0003500,4075.0,2026-04-23,2026-05-23,upi,3091.59,61.83,11.13,3018.63,settled,False
3501,PAY0003501,4076.0,2026-04-14,2026-04-29,card,7215.98,144.32,25.98,7045.68,settled,False
3502,PAY0003502,4077.0,2026-04-24,2026-05-03,card,17145.07,342.90,61.72,16740.45,settled,False
3503,PAY0003503,4078.0,2026-04-15,2026-04-30,upi,3974.49,79.49,14.31,3880.69,settled,False
3504,PAY0003504,4079.0,2026-04-20,2026-04-29,ota_collect,7889.84,157.80,28.40,7703.64,settled,False
3505,PAY0003505,4080.0,2026-04-29,2026-05-29,upi,35986.44,719.73,129.55,35137.16,settled,False
3506,PAY0003506,4081.0,2026-04-09,2026-04-24,upi,3785.56,75.71,13.63,3696.22,settled,False
3507,PAY0003507,4082.0,2026-04-16,2026-05-01,upi,16560.60,331.21,59.62,16169.77,settled,False
3508,PAY0003508,4083.0,2026-03-25,2026-04-24,upi,4042.60,80.85,14.55,3947.20,settled,False
3509,PAY0003509,4084.0,2026-04-27,2026-05-12,ota_collect,3342.83,66.86,12.03,3263.94,settled,False
3510,PAY0003510,4085.0,2026-05-01,2026-05-31,ota_collect,23625.18,472.50,85.05,23067.63,settled,False
3511,PAY0003511,4086.0,2026-04-26,2026-04-28,ota_collect,4246.56,84.93,15.29,4146.34,settled,False
3512,PAY0003512,,2026-04-13,2026-05-13,upi,4010.56,80.21,14.44,3915.91,settled,True
3513,PAY0003513,4088.0,2026-04-13,2026-04-14,ota_collect,14150.91,283.02,50.94,13816.95,settled,False
3514,PAY0003514,4089.0,2026-04-22,2026-05-07,ota_collect,4239.93,84.80,15.26,4139.87,settled,False
3515,PAY0003515,4090.0,2026-05-02,2026-06-01,upi,6325.92,126.52,22.77,6176.63,settled,False
3516,PAY0003516,4091.0,2026-04-25,2026-04-27,ota_collect,25096.74,501.93,90.35,24504.46,settled,False
3517,PAY0003517,4092.0,2026-04-30,2026-05-02,netbanking,3711.94,74.24,13.36,3624.34,settled,False
3518,PAY0003518,4094.0,2026-04-25,2026-05-04,netbanking,16196.78,323.94,58.31,15814.53,settled,False
3519,PAY0003519,4095.0,2026-04-26,2026-05-05,ota_collect,7303.52,146.07,26.29,7131.16,settled,False
3520,PAY0003520,4096.0,2026-04-29,2026-05-29,ota_collect,52495.60,1049.91,188.98,51256.71,settled,False
3521,PAY0003521,4097.0,2026-05-02,2026-06-01,netbanking,12266.02,245.32,44.16,11976.54,settled,False
3522,PAY0003522,4099.0,2026-05-01,2026-05-03,card,19586.72,391.73,70.51,19124.48,settled,False
3523,PAY0003523,4100.0,2026-04-25,2026-05-25,card,40782.20,815.64,146.82,39819.74,settled,False
3524,PAY0003524,4101.0,2026-04-26,2026-05-11,ota_collect,3403.93,68.08,12.25,3323.60,settled,False
3525,PAY0003525,4102.0,2026-04-15,2026-04-16,upi,65176.91,1303.54,234.64,63638.73,settled,False
3526,PAY0003526,4103.0,2026-04-24,2026-05-03,card,8955.54,179.11,32.24,8744.19,settled,False
3527,PAY0003527,4104.0,2026-04-29,2026-05-08,upi,3377.45,67.55,12.16,3297.74,settled,False
3528,PAY0003528,4105.0,2026-04-17,2026-04-26,upi,9881.22,197.62,35.57,9648.03,settled,False
3529,PAY0003529,4106.0,2026-05-02,2026-05-09,upi,1177.03,23.54,4.24,1149.25,settled,False
3530,PAY0003530,4107.0,2026-04-26,2026-05-05,card,3912.20,78.24,14.08,3819.88,settled,False
3531,PAY0003531,4108.0,2026-05-01,2026-05-31,card,22309.70,446.19,80.31,21783.20,settled,False
3532,PAY0003532,4109.0,2026-03-03,2026-04-02,ota_collect,3179.93,63.60,11.45,3104.88,settled,False
3533,PAY0003533,4111.0,2026-05-02,2026-06-01,cash,69011.20,0.00,0.00,69011.20,settled,False
3534,PAY0003534,4112.0,2026-04-30,2026-05-30,upi,3877.44,77.55,13.96,3785.93,settled,False
3535,PAY0003535,4113.0,2026-04-30,2026-05-30,card,44995.68,899.91,161.98,43933.79,settled,False
3536,PAY0003536,4114.0,2026-04-21,2026-05-21,cash,10785.84,0.00,0.00,10785.84,settled,False
3537,PAY0003537,4115.0,2026-04-28,2026-05-13,netbanking,5361.88,107.24,19.30,5235.34,settled,False
3538,PAY0003538,4116.0,2026-05-04,2026-06-03,upi,9218.68,184.37,33.19,9001.12,settled,False
3539,PAY0003539,4117.0,2026-05-04,2026-05-11,upi,1183.61,23.67,4.26,1155.68,settled,False
3540,PAY0003540,4118.0,2026-04-30,2026-05-30,ota_collect,3482.45,69.65,12.54,3400.26,settled,False
3541,PAY0003541,4119.0,2026-05-04,2026-06-03,wallet,44542.32,890.85,160.35,43491.12,settled,False
3542,PAY0003542,4120.0,2026-05-05,2026-05-12,ota_collect,1071.47,21.43,3.86,1046.18,settled,False
3543,PAY0003543,4121.0,2026-04-13,2026-05-13,ota_collect,17708.32,354.17,63.75,17290.40,settled,False
3544,PAY0003544,4122.0,2026-05-01,2026-05-02,upi,17639.52,352.79,63.50,17223.23,settled,False
3545,PAY0003545,4123.0,2026-04-30,2026-05-30,ota_collect,17232.96,344.66,62.04,16826.26,settled,False
3546,PAY0003546,4124.0,2026-04-26,2026-05-26,ota_collect,17868.00,357.36,64.32,17446.32,settled,False
3547,PAY0003547,4125.0,2026-05-05,2026-05-12,upi,2141.94,42.84,7.71,2091.39,settled,False
3548,PAY0003548,4126.0,2026-05-02,2026-05-04,ota_collect,3924.50,78.49,14.13,3831.88,settled,False
3549,PAY0003549,4127.0,2026-04-30,2026-05-09,upi,36040.90,720.82,129.75,35190.33,settled,False
3550,PAY0003550,4128.0,2026-05-06,2026-05-13,card,960.08,19.20,3.46,937.42,settled,False
3551,PAY0003551,4129.0,2026-05-04,2026-05-06,ota_collect,16865.72,337.31,60.72,16467.69,settled,False
3552,PAY0003552,4130.0,2026-05-04,2026-06-03,upi,7672.85,153.46,27.62,7491.77,settled,False
3553,PAY0003553,4131.0,2026-04-21,2026-05-06,ota_collect,3747.89,74.96,13.49,3659.44,settled,False
3554,PAY0003554,4132.0,2026-05-05,2026-05-12,upi,1421.40,28.43,5.12,1387.85,settled,False
3555,PAY0003555,4133.0,2026-05-01,2026-05-10,ota_collect,43764.24,875.28,157.55,42731.41,settled,False
3556,PAY0003556,4134.0,2026-04-18,2026-04-19,upi,4091.95,81.84,14.73,3995.38,settled,False
3557,PAY0003557,4135.0,2026-05-04,2026-05-13,wallet,13887.03,277.74,49.99,13559.30,settled,False
3558,PAY0003558,4136.0,2026-05-05,2026-05-07,upi,8522.92,170.46,30.68,8321.78,settled,False
3559,PAY0003559,4137.0,2026-05-03,2026-06-02,ota_collect,10162.80,203.26,36.59,9922.95,settled,False
3560,PAY0003560,4138.0,2026-05-04,2026-05-19,upi,6726.45,134.53,24.22,6567.70,settled,False
3561,PAY0003561,4139.0,2026-05-03,2026-06-02,upi,8958.02,179.16,32.25,8746.61,settled,False
3562,PAY0003562,4140.0,2026-04-28,2026-05-07,ota_collect,6449.09,128.98,23.22,6296.89,settled,False
3563,PAY0003563,4141.0,2026-04-25,2026-05-10,cash,3229.60,0.00,0.00,3229.60,settled,False
3564,PAY0003564,4142.0,2026-05-03,2026-05-18,ota_collect,17682.05,353.64,63.66,17264.75,settled,False
3565,PAY0003565,4143.0,2026-04-22,2026-04-24,upi,2861.94,57.24,10.30,2794.40,settled,False
3566,PAY0003566,4144.0,2026-04-12,2026-04-27,upi,6576.57,131.53,23.68,6421.36,settled,False
3567,PAY0003567,4145.0,2026-05-07,2026-06-06,netbanking,24571.08,491.42,88.46,23991.20,settled,False
3568,PAY0003568,4146.0,2026-04-29,2026-05-29,ota_collect,6091.99,121.84,21.93,5948.22,settled,False
3569,PAY0003569,4148.0,2026-05-03,2026-05-05,ota_collect,3863.20,77.26,13.91,3772.03,settled,False
3570,PAY0003570,4149.0,2026-04-17,2026-05-17,card,12416.49,248.33,44.70,12123.46,settled,False
3571,PAY0003571,4150.0,2026-05-05,2026-05-07,upi,4971.33,99.43,17.90,4854.00,settled,False
3572,PAY0003572,4151.0,2026-05-09,2026-05-16,ota_collect,921.49,18.43,3.32,899.74,settled,False
3573,PAY0003573,4152.0,2026-04-14,2026-05-14,ota_collect,9334.14,186.68,33.60,9113.86,settled,False
3574,PAY0003574,4153.0,2026-05-07,2026-06-06,netbanking,11540.94,230.82,41.55,11268.57,settled,False
3575,PAY0003575,4154.0,2026-04-24,2026-05-24,upi,31234.50,624.69,112.44,30497.37,settled,False
3576,PAY0003576,4155.0,2026-04-27,2026-05-27,ota_collect,96828.56,1936.57,348.58,94543.41,settled,False
3577,PAY0003577,4156.0,2026-04-29,2026-05-29,wallet,19038.16,380.76,68.54,18588.86,settled,False
3578,PAY0003578,4157.0,2026-04-29,2026-05-14,netbanking,3151.78,63.04,11.35,3077.39,settled,False
3579,PAY0003579,4158.0,2026-05-08,2026-06-07,ota_collect,3747.54,74.95,13.49,3659.10,settled,False
3580,PAY0003580,4159.0,2026-04-23,2026-05-23,upi,8756.02,175.12,31.52,8549.38,settled,False
3581,PAY0003581,4161.0,2026-04-26,2026-04-27,ota_collect,5266.39,105.33,18.96,5142.10,settled,False
3582,PAY0003582,4162.0,2026-05-04,2026-06-03,ota_collect,3712.20,74.24,13.36,3624.60,settled,False
3583,PAY0003583,4163.0,2026-05-03,2026-06-02,card,46392.48,927.85,167.01,45297.62,settled,False
3584,PAY0003584,4164.0,2026-04-28,2026-04-30,card,12250.48,245.01,44.10,11961.37,settled,False
3585,PAY0003585,4166.0,2026-04-26,2026-05-26,ota_collect,28902.67,578.05,104.05,28220.57,settled,False
3586,PAY0003586,4167.0,2026-05-09,2026-05-24,ota_collect,5680.70,113.61,20.45,5546.64,settled,False
3587,PAY0003587,4168.0,2026-05-06,2026-05-21,ota_collect,7942.68,158.85,28.59,7755.24,settled,False
3588,PAY0003588,4169.0,2026-05-09,2026-06-08,upi,3033.14,60.66,10.92,2961.56,settled,False
3589,PAY0003589,4170.0,2026-05-05,2026-06-04,ota_collect,4019.99,80.40,14.47,3925.12,settled,False
3590,PAY0003590,4172.0,2026-05-06,2026-06-05,card,22693.23,453.86,81.69,22157.68,settled,False
3591,PAY0003591,4173.0,2026-05-06,2026-05-08,ota_collect,3991.48,79.83,14.37,3897.28,settled,False
3592,PAY0003592,4174.0,2026-05-06,2026-05-21,netbanking,8400.68,168.01,30.24,8202.43,settled,False
3593,PAY0003593,4175.0,2026-05-11,2026-05-11,upi,16595.59,331.91,59.74,16203.94,settled,False
3594,PAY0003594,4176.0,2026-05-10,2026-06-09,card,26359.27,527.19,94.89,25737.19,settled,False
3595,PAY0003595,4177.0,2026-04-30,2026-05-15,netbanking,26660.40,533.21,95.98,26031.21,settled,False
3596,PAY0003596,4178.0,2026-03-30,2026-03-31,card,30793.49,615.87,110.86,30066.76,settled,False
3597,PAY0003597,4179.0,2026-04-06,2026-04-15,ota_collect,3909.17,78.18,14.07,3816.92,settled,False
3598,PAY0003598,4181.0,2026-04-28,2026-05-07,upi,5349.71,106.99,19.26,5223.46,settled,False
3599,PAY0003599,4182.0,2026-05-11,2026-05-20,cash,3467.12,0.00,0.00,3467.12,settled,False
3600,PAY0003600,4183.0,2026-04-23,2026-05-08,upi,14929.28,298.59,53.75,14576.94,settled,False
3601,PAY0003601,4184.0,2026-05-08,2026-05-10,upi,31781.15,635.62,114.41,31031.12,settled,False
3602,PAY0003602,4185.0,2026-04-21,2026-04-22,upi,10088.62,201.77,36.32,9850.53,settled,False
3603,PAY0003603,4186.0,2026-05-06,2026-05-21,upi,3456.65,69.13,12.44,3375.08,settled,False
3604,PAY0003604,4187.0,2026-05-13,2026-05-20,upi,1125.93,22.52,4.05,1099.36,settled,False
3605,PAY0003605,4188.0,2026-03-31,2026-04-09,ota_collect,3803.52,76.07,13.69,3713.76,settled,False
3606,PAY0003606,4189.0,2026-05-08,2026-05-10,card,7284.81,145.70,26.23,7112.88,settled,False
3607,PAY0003607,4190.0,2026-04-27,2026-04-29,ota_collect,5384.99,107.70,19.39,5257.90,settled,False
3608,PAY0003608,4191.0,2026-05-12,2026-06-11,card,37127.79,742.56,133.66,36251.57,settled,False
3609,PAY0003609,4192.0,2026-05-06,2026-05-08,card,4257.67,85.15,15.33,4157.19,settled,False
3610,PAY0003610,4194.0,2026-05-12,2026-05-27,card,4191.08,83.82,15.09,4092.17,settled,False
3611,PAY0003611,4196.0,2026-05-06,2026-06-05,ota_collect,9354.68,187.09,33.68,9133.91,settled,False
3612,PAY0003612,4197.0,2026-05-04,2026-05-13,upi,9394.94,187.90,33.82,9173.22,settled,False
3613,PAY0003613,4198.0,2026-05-13,2026-05-20,upi,2173.61,43.47,7.82,2122.32,settled,False
3614,PAY0003614,4199.0,2026-05-09,2026-05-11,ota_collect,3200.11,64.00,11.52,3124.59,settled,False
3615,PAY0003615,4200.0,2026-04-29,2026-05-14,cash,11576.90,0.00,0.00,11576.90,settled,False
3616,PAY0003616,4201.0,2026-05-12,2026-06-11,upi,15964.59,319.29,57.47,15587.83,settled,False
3617,PAY0003617,4202.0,2026-05-08,2026-05-10,card,11224.35,224.49,40.41,10959.45,settled,False
3618,PAY0003618,4203.0,2026-05-10,2026-05-12,upi,23815.80,476.32,85.74,23253.74,settled,False
3619,PAY0003619,4204.0,2026-04-21,2026-04-30,upi,14163.79,283.28,50.99,13829.52,settled,False
3620,PAY0003620,4205.0,2026-05-03,2026-05-12,ota_collect,7575.42,151.51,27.27,7396.64,settled,False
3621,PAY0003621,4207.0,2026-05-12,2026-06-11,wallet,26808.83,536.18,96.51,26176.14,settled,False
3622,PAY0003622,4208.0,2026-05-07,2026-05-22,ota_collect,13587.30,271.75,48.91,13266.64,settled,False
3623,PAY0003623,4209.0,2026-05-14,2026-05-21,ota_collect,1136.05,22.72,4.09,1109.24,settled,False
3624,PAY0003624,4210.0,2026-05-10,2026-06-09,upi,14770.96,295.42,53.18,14422.36,settled,False
3625,PAY0003625,4212.0,2026-05-12,2026-05-19,netbanking,1623.92,32.48,5.85,1585.59,settled,False
3626,PAY0003626,4213.0,2026-04-28,2026-05-07,card,6395.70,127.91,23.02,6244.77,settled,False
3627,PAY0003627,4214.0,2026-05-11,2026-06-10,card,9191.62,183.83,33.09,8974.70,settled,False
3628,PAY0003628,4215.0,2026-05-14,2026-05-21,ota_collect,1340.50,26.81,4.83,1308.86,settled,False
3629,PAY0003629,4216.0,2026-05-13,2026-06-12,upi,26059.39,521.19,93.81,25444.39,settled,False
3630,PAY0003630,4217.0,2026-05-09,2026-06-08,upi,9162.25,183.25,32.98,8946.02,settled,False
3631,PAY0003631,4219.0,2026-05-12,2026-05-21,wallet,22892.18,457.84,82.41,22351.93,settled,False
3632,PAY0003632,4220.0,2026-05-10,2026-06-09,card,6852.66,137.05,24.67,6690.94,settled,False
3633,PAY0003633,4222.0,2026-05-05,2026-06-04,ota_collect,4797.91,95.96,17.27,4684.68,settled,False
3634,PAY0003634,4224.0,2026-05-01,2026-05-10,wallet,3768.37,75.37,13.57,3679.43,settled,False
3635,PAY0003635,4225.0,2026-04-27,2026-05-12,upi,8264.28,165.29,29.75,8069.24,settled,False
3636,PAY0003636,4226.0,2026-04-12,2026-04-13,ota_collect,3739.10,74.78,13.46,3650.86,settled,False
3637,PAY0003637,4227.0,2026-05-15,2026-05-15,upi,6884.09,137.68,24.78,6721.63,settled,False
3638,PAY0003638,4228.0,2026-05-03,2026-05-12,upi,9081.32,181.63,32.69,8867.00,settled,False
3639,PAY0003639,4230.0,2026-04-23,2026-05-08,ota_collect,3562.98,71.26,12.83,3478.89,settled,False
3640,PAY0003640,4231.0,2026-05-14,2026-06-13,upi,18599.73,371.99,66.96,18160.78,settled,False
3641,PAY0003641,4232.0,2026-05-11,2026-05-20,upi,6864.82,137.30,24.71,6702.81,settled,False
3642,PAY0003642,4233.0,2026-05-11,2026-05-20,card,6586.38,131.73,23.71,6430.94,settled,False
3643,PAY0003643,4234.0,2026-05-05,2026-06-04,upi,2932.92,58.66,10.56,2863.70,settled,False
3644,PAY0003644,4235.0,2026-05-14,2026-06-13,card,3713.79,74.28,13.37,3626.14,settled,False
3645,PAY0003645,4236.0,2026-04-22,2026-04-24,card,6003.48,120.07,21.61,5861.80,settled,False
3646,PAY0003646,4237.0,2026-04-30,2026-05-15,ota_collect,4836.69,96.73,17.41,4722.55,settled,False
3647,PAY0003647,4238.0,2026-05-10,2026-06-09,upi,26215.92,524.32,94.38,25597.22,settled,False
3648,PAY0003648,4240.0,2026-03-23,2026-03-24,card,102164.37,2043.29,367.79,99753.29,settled,False
3649,PAY0003649,4241.0,2026-05-12,2026-05-27,ota_collect,35433.10,708.66,127.56,34596.88,settled,False
3650,PAY0003650,4243.0,2026-05-10,2026-06-09,ota_collect,45449.04,908.98,163.62,44376.44,settled,False
3651,PAY0003651,4244.0,2026-05-15,2026-05-17,upi,13629.84,272.60,49.07,13308.17,settled,False
3652,PAY0003652,4245.0,2026-05-06,2026-06-05,upi,13765.10,275.30,49.55,13440.25,settled,False
3653,PAY0003653,4246.0,2026-05-16,2026-05-25,cash,7268.18,0.00,0.00,7268.18,settled,False
3654,PAY0003654,4247.0,2026-05-02,2026-05-17,ota_collect,3473.46,69.47,12.50,3391.49,settled,False
3655,PAY0003655,4248.0,2026-05-17,2026-05-26,upi,3971.86,79.44,14.30,3878.12,settled,False
3656,PAY0003656,4249.0,2026-05-10,2026-06-09,upi,12635.56,252.71,45.49,12337.36,settled,False
3657,PAY0003657,4250.0,2026-05-01,2026-05-16,upi,13083.99,261.68,47.10,12775.21,settled,False
3658,PAY0003658,4252.0,2026-04-28,2026-05-07,upi,3620.14,72.40,13.03,3534.71,settled,False
3659,PAY0003659,4253.0,2026-05-17,2026-05-24,ota_collect,852.60,17.05,3.07,832.48,settled,False
3660,PAY0003660,4255.0,2026-05-07,2026-06-06,card,33313.65,666.27,119.93,32527.45,settled,False
3661,PAY0003661,4256.0,2026-04-27,2026-05-06,netbanking,7121.24,142.42,25.64,6953.18,settled,False
3662,PAY0003662,4258.0,2026-05-17,2026-06-16,card,8040.24,160.80,28.94,7850.50,settled,False
3663,PAY0003663,4259.0,2026-05-16,2026-06-15,card,2872.47,57.45,10.34,2804.68,settled,False
3664,PAY0003664,4260.0,2026-05-10,2026-05-12,card,25082.90,501.66,90.30,24490.94,settled,False
3665,PAY0003665,4261.0,2026-05-19,2026-05-26,upi,1162.87,23.26,4.19,1135.42,settled,False
3666,PAY0003666,4262.0,2026-05-09,2026-05-11,wallet,3837.10,76.74,13.81,3746.55,settled,False
3667,PAY0003667,4263.0,2026-05-12,2026-06-11,card,19573.24,391.46,70.46,19111.32,settled,False
3668,PAY0003668,4264.0,2026-04-29,2026-04-30,card,23237.45,464.75,83.66,22689.04,settled,False
3669,PAY0003669,4265.0,2026-03-22,2026-03-23,upi,3585.67,71.71,12.91,3501.05,settled,False
3670,PAY0003670,4266.0,2026-05-11,2026-06-10,card,5928.82,118.58,21.34,5788.90,settled,False
3671,PAY0003671,4267.0,2026-05-10,2026-06-09,ota_collect,3664.78,73.30,13.19,3578.29,settled,False
3672,PAY0003672,4268.0,2026-02-19,2026-02-28,card,6799.08,135.98,24.48,6638.62,settled,False
3673,PAY0003673,4269.0,2026-05-12,2026-06-11,ota_collect,44564.85,891.30,160.43,43513.12,settled,False
3674,PAY0003674,4270.0,2026-05-04,2026-06-03,ota_collect,4345.67,86.91,15.64,4243.12,settled,False
3675,PAY0003675,4271.0,2026-05-19,2026-05-26,upi,1220.27,24.41,4.39,1191.47,settled,False
3676,PAY0003676,4272.0,2026-05-04,2026-05-19,upi,3746.22,74.92,13.49,3657.81,settled,False
3677,PAY0003677,4273.0,2026-05-17,2026-05-19,card,10816.98,216.34,38.94,10561.70,settled,False
3678,PAY0003678,4275.0,2026-05-20,2026-06-19,card,9709.12,194.18,34.95,9479.99,settled,False
3679,PAY0003679,4276.0,2026-05-17,2026-06-16,upi,55766.16,1115.32,200.76,54450.08,settled,False
3680,PAY0003680,4277.0,2026-05-12,2026-05-21,netbanking,3816.87,76.34,13.74,3726.79,settled,False
3681,PAY0003681,4278.0,2026-05-17,2026-06-16,upi,8627.88,172.56,31.06,8424.26,settled,False
3682,PAY0003682,4279.0,2026-04-28,2026-05-28,netbanking,40174.92,803.50,144.63,39226.79,settled,False
3683,PAY0003683,4280.0,2026-05-22,2026-05-22,wallet,5308.98,106.18,19.11,5183.69,settled,False
3684,PAY0003684,4281.0,2026-05-08,2026-05-10,netbanking,11294.85,225.90,40.66,11028.29,settled,False
3685,PAY0003685,4282.0,2026-05-21,2026-05-28,ota_collect,909.87,18.20,3.28,888.39,settled,False
3686,PAY0003686,4283.0,2026-05-11,2026-06-10,card,16275.95,325.52,58.59,15891.84,settled,False
3687,PAY0003687,4284.0,2026-05-17,2026-06-01,ota_collect,4114.32,82.29,14.81,4017.22,settled,False
3688,PAY0003688,4285.0,2026-05-12,2026-05-13,upi,7381.97,147.64,26.58,7207.75,settled,False
3689,PAY0003689,4287.0,2026-05-07,2026-06-06,upi,5974.73,119.49,21.51,5833.73,settled,False
3690,PAY0003690,4288.0,2026-05-09,2026-05-10,wallet,8134.58,162.69,29.28,7942.61,settled,False
3691,PAY0003691,4289.0,2026-05-17,2026-05-19,upi,12757.54,255.15,45.93,12456.46,settled,False
3692,PAY0003692,4290.0,2026-05-15,2026-06-14,ota_collect,7931.90,158.64,28.56,7744.70,settled,False
3693,PAY0003693,4291.0,2026-05-20,2026-06-19,upi,55827.66,1116.55,200.98,54510.13,settled,False
3694,PAY0003694,4292.0,2026-05-09,2026-05-24,upi,8896.37,177.93,32.03,8686.41,settled,False
3695,PAY0003695,4293.0,2026-05-14,2026-06-13,upi,40230.96,804.62,144.83,39281.51,settled,False
3696,PAY0003696,4294.0,2026-05-17,2026-06-16,upi,122112.00,2442.24,439.60,119230.16,settled,False
3697,PAY0003697,4295.0,2026-05-15,2026-06-14,wallet,57169.13,1143.38,205.81,55819.94,settled,False
3698,PAY0003698,4296.0,2026-05-10,2026-05-25,upi,14510.72,290.21,52.24,14168.27,settled,False
3699,PAY0003699,4297.0,2026-05-13,2026-05-22,wallet,20184.40,403.69,72.66,19708.05,settled,False
3700,PAY0003700,4298.0,2026-05-21,2026-06-20,upi,61136.68,1222.73,220.09,59693.86,settled,False
3701,PAY0003701,4300.0,2026-05-07,2026-05-08,ota_collect,3346.19,66.92,12.05,3267.22,settled,False
3702,PAY0003702,4301.0,2026-05-09,2026-06-08,upi,51173.69,1023.47,184.22,49966.00,settled,False
3703,PAY0003703,4302.0,2026-05-18,2026-06-17,ota_collect,66257.52,1325.15,238.53,64693.84,settled,False
3704,PAY0003704,4304.0,2026-05-15,2026-06-14,ota_collect,7794.96,155.90,28.06,7611.00,settled,False
3705,PAY0003705,4305.0,2026-04-20,2026-05-05,ota_collect,9494.19,189.88,34.18,9270.13,settled,False
3706,PAY0003706,4306.0,2026-05-07,2026-06-06,upi,61266.08,1225.32,220.56,59820.20,settled,False
3707,PAY0003707,4307.0,2026-05-12,2026-06-11,upi,34043.06,680.86,122.55,33239.65,settled,False
3708,PAY0003708,4309.0,2026-05-13,2026-06-12,ota_collect,8904.99,178.10,32.06,8694.83,settled,False
3709,PAY0003709,4310.0,2026-05-16,2026-06-15,upi,76007.40,1520.15,273.63,74213.62,settled,False
3710,PAY0003710,4312.0,2026-05-23,2026-06-22,upi,3429.66,68.59,12.35,3348.72,settled,False
3711,PAY0003711,4313.0,2026-05-24,2026-05-31,cash,928.58,0.00,0.00,928.58,settled,False
3712,PAY0003712,4314.0,2026-05-20,2026-06-19,upi,19367.16,387.34,69.72,18910.10,settled,False
3713,PAY0003713,4315.0,2026-05-15,2026-06-14,upi,69855.84,1397.12,251.48,68207.24,settled,False
3714,PAY0003714,4316.0,2026-05-13,2026-05-22,ota_collect,7224.11,144.48,26.01,7053.62,settled,False
3715,PAY0003715,4317.0,2026-05-22,2026-06-21,upi,3582.12,71.64,12.90,3497.58,settled,False
3716,PAY0003716,4318.0,2026-05-23,2026-05-25,netbanking,6573.00,131.46,23.66,6417.88,settled,False
3717,PAY0003717,4319.0,2026-05-24,2026-06-23,card,4145.73,82.91,14.92,4047.90,settled,False
3718,PAY0003718,4320.0,2026-05-23,2026-06-22,upi,20870.52,417.41,75.13,20377.98,settled,False
3719,PAY0003719,4321.0,2026-05-18,2026-06-17,upi,94253.26,1885.07,339.31,92028.88,settled,False
3720,PAY0003720,4322.0,2026-05-01,2026-05-16,card,7527.26,150.55,27.10,7349.61,settled,False
3721,PAY0003721,4323.0,2026-05-23,2026-06-22,card,33507.67,670.15,120.63,32716.89,settled,False
3722,PAY0003722,4324.0,2026-03-24,2026-04-23,card,4265.04,85.30,15.35,4164.39,settled,False
3723,PAY0003723,4325.0,2026-04-27,2026-05-06,card,6744.84,134.90,24.28,6585.66,settled,False
3724,PAY0003724,4326.0,2026-05-25,2026-06-24,wallet,13736.80,274.74,49.45,13412.61,settled,False
3725,PAY0003725,4327.0,2026-05-13,2026-06-12,upi,83569.22,1671.38,300.85,81596.99,settled,False
3726,PAY0003726,4328.0,2026-05-15,2026-06-14,ota_collect,22799.99,456.00,82.08,22261.91,settled,False
3727,PAY0003727,4330.0,2026-05-26,2026-06-02,upi,911.99,18.24,3.28,890.47,settled,False
3728,PAY0003728,4331.0,2026-05-12,2026-05-21,upi,3543.49,70.87,12.76,3459.86,settled,False
3729,PAY0003729,4332.0,2026-05-20,2026-05-22,upi,3364.86,67.30,12.11,3285.45,settled,False
3730,PAY0003730,4333.0,2026-05-24,2026-05-26,card,12034.68,240.69,43.32,11750.67,settled,False
3731,PAY0003731,4334.0,2026-05-25,2026-06-24,ota_collect,3261.02,65.22,11.74,3184.06,settled,False
3732,PAY0003732,4335.0,2026-05-27,2026-06-03,upi,1301.16,26.02,4.68,1270.46,settled,False
3733,PAY0003733,4336.0,2026-05-28,2026-06-06,ota_collect,7729.69,154.59,27.83,7547.27,settled,False
3734,PAY0003734,4337.0,2026-05-24,2026-06-23,upi,16916.23,338.32,60.90,16517.01,settled,False
3735,PAY0003735,4338.0,2026-05-08,2026-05-09,ota_collect,6462.07,129.24,23.26,6309.57,settled,False
3736,PAY0003736,4339.0,2026-05-21,2026-06-20,upi,10178.96,203.58,36.64,9938.74,settled,False
3737,PAY0003737,4340.0,2026-05-25,2026-06-24,card,45337.20,906.74,163.21,44267.25,settled,False
3738,PAY0003738,4341.0,2026-05-21,2026-05-22,ota_collect,4306.74,86.13,15.50,4205.11,settled,False
3739,PAY0003739,4342.0,2026-05-27,2026-06-03,ota_collect,1053.68,21.07,3.79,1028.82,settled,False
3740,PAY0003740,4343.0,2026-05-23,2026-06-22,upi,108330.70,2166.61,389.99,105774.10,settled,False
3741,PAY0003741,4344.0,2026-05-04,2026-05-05,upi,18465.05,369.30,66.47,18029.28,settled,False
3742,PAY0003742,4345.0,2026-05-06,2026-05-15,card,4074.11,81.48,14.67,3977.96,settled,False
3743,PAY0003743,4346.0,2026-05-23,2026-05-25,upi,4331.68,86.63,15.59,4229.46,settled,False
3744,PAY0003744,4348.0,2026-05-14,2026-05-16,netbanking,8910.70,178.21,32.08,8700.41,settled,False
3745,PAY0003745,4349.0,2026-05-17,2026-05-18,ota_collect,19378.96,387.58,69.76,18921.62,settled,False
3746,PAY0003746,4350.0,2026-04-28,2026-05-07,netbanking,20073.75,401.48,72.27,19600.00,settled,False
3747,PAY0003747,4351.0,2026-05-15,2026-05-24,ota_collect,7918.76,158.38,28.51,7731.87,settled,False
3748,PAY0003748,4352.0,2026-05-02,2026-06-01,netbanking,19013.28,380.27,68.45,18564.56,settled,False
3749,PAY0003749,4353.0,2026-05-29,2026-06-28,upi,26452.04,529.04,95.23,25827.77,settled,False
3750,PAY0003750,4354.0,2026-05-27,2026-06-26,upi,38292.32,765.85,137.85,37388.62,settled,False
3751,PAY0003751,4355.0,2026-05-20,2026-06-19,ota_collect,6817.30,136.35,24.54,6656.41,settled,False
3752,PAY0003752,4356.0,2026-05-17,2026-05-26,ota_collect,6275.96,125.52,22.59,6127.85,settled,False
3753,PAY0003753,4357.0,2026-05-18,2026-05-19,netbanking,6648.86,132.98,23.94,6491.94,settled,False
3754,PAY0003754,4359.0,2026-05-20,2026-06-04,card,13975.98,279.52,50.31,13646.15,settled,False
3755,PAY0003755,4360.0,2026-05-26,2026-06-25,card,8948.24,178.96,32.21,8737.07,settled,False
3756,PAY0003756,4361.0,2026-05-20,2026-06-19,upi,3034.47,60.69,10.92,2962.86,settled,False
3757,PAY0003757,4362.0,2026-05-26,2026-06-25,card,6335.42,126.71,22.81,6185.90,settled,False
3758,PAY0003758,4363.0,2026-05-26,2026-06-25,upi,48888.97,977.78,176.00,47735.19,settled,False
3759,PAY0003759,4364.0,2026-05-13,2026-05-15,card,30818.02,616.36,110.94,30090.72,settled,False
3760,PAY0003760,4365.0,2026-05-29,2026-06-28,netbanking,78975.16,1579.50,284.31,77111.35,settled,False
3761,PAY0003761,4366.0,2026-05-19,2026-06-18,ota_collect,10576.98,211.54,38.08,10327.36,settled,False
3762,PAY0003762,4367.0,2026-05-27,2026-05-29,upi,3957.39,79.15,14.25,3863.99,settled,False
3763,PAY0003763,4368.0,2026-04-18,2026-04-27,ota_collect,3618.20,72.36,13.02,3532.82,settled,False
3764,PAY0003764,4369.0,2026-05-23,2026-05-25,upi,27484.05,549.68,98.94,26835.43,settled,False
3765,PAY0003765,4372.0,2026-05-31,2026-06-30,cash,32463.07,0.00,0.00,32463.07,settled,False
3766,PAY0003766,4374.0,2026-04-25,2026-04-27,ota_collect,4488.57,89.77,16.16,4382.64,settled,False
3767,PAY0003767,4375.0,2026-05-31,2026-06-30,upi,19385.48,387.71,69.79,18927.98,settled,False
3768,PAY0003768,4376.0,2026-05-14,2026-05-23,ota_collect,5322.77,106.46,19.16,5197.15,settled,False
3769,PAY0003769,4377.0,2026-06-02,2026-06-09,upi,1044.99,20.90,3.76,1020.33,settled,False
3770,PAY0003770,4378.0,2026-05-26,2026-06-25,wallet,7709.38,154.19,27.75,7527.44,settled,False
3771,PAY0003771,4379.0,2026-05-18,2026-06-02,upi,20617.80,412.36,74.22,20131.22,settled,False
3772,PAY0003772,4381.0,2026-05-21,2026-05-23,upi,11207.80,224.16,40.35,10943.29,settled,False
3773,PAY0003773,4382.0,2026-05-26,2026-05-28,cash,8959.26,0.00,0.00,8959.26,settled,False
3774,PAY0003774,4384.0,2026-05-10,2026-05-19,upi,3016.29,60.33,10.86,2945.10,settled,False
3775,PAY0003775,4385.0,2026-05-28,2026-06-27,upi,25380.94,507.62,91.37,24781.95,settled,False
3776,PAY0003776,4386.0,2026-05-23,2026-06-22,upi,14307.61,286.15,51.51,13969.95,settled,False
3777,PAY0003777,4387.0,2026-05-28,2026-06-12,netbanking,14099.73,281.99,50.76,13766.98,settled,False
3778,PAY0003778,4388.0,2026-05-23,2026-05-24,wallet,11749.82,235.00,42.30,11472.52,settled,False
3779,PAY0003779,4389.0,2026-05-18,2026-06-02,upi,5635.08,112.70,20.29,5502.09,settled,False
3780,PAY0003780,4390.0,2026-05-31,2026-06-30,netbanking,46945.12,938.90,169.00,45837.22,settled,False
3781,PAY0003781,4391.0,2026-06-01,2026-07-01,ota_collect,61962.29,1239.25,223.06,60499.98,settled,False
3782,PAY0003782,4392.0,2026-05-29,2026-06-28,upi,26566.15,531.32,95.64,25939.19,settled,False
3783,PAY0003783,4393.0,2026-06-01,2026-07-01,card,4495.67,89.91,16.18,4389.58,settled,False
3784,PAY0003784,4396.0,2026-05-31,2026-06-15,wallet,13291.69,265.83,47.85,12978.01,settled,False
3785,PAY0003785,4397.0,2026-05-23,2026-06-01,upi,3326.91,66.54,11.98,3248.39,settled,False
3786,PAY0003786,4398.0,2026-05-23,2026-06-07,netbanking,7515.00,150.30,27.05,7337.65,settled,False
3787,PAY0003787,4399.0,2026-06-02,2026-07-02,netbanking,15415.44,308.31,55.50,15051.63,settled,False
3788,PAY0003788,4400.0,2026-06-03,2026-07-03,netbanking,42868.08,857.36,154.32,41856.40,settled,False
3789,PAY0003789,4401.0,2026-06-03,2026-07-03,wallet,9285.35,185.71,33.43,9066.21,settled,False
3790,PAY0003790,4402.0,2026-05-29,2026-06-28,netbanking,8316.46,166.33,29.94,8120.19,settled,False
3791,PAY0003791,4403.0,2026-05-31,2026-06-30,card,8946.45,178.93,32.21,8735.31,settled,False
3792,PAY0003792,4404.0,2026-05-31,2026-06-30,ota_collect,7142.68,142.85,25.71,6974.12,settled,False
3793,PAY0003793,4405.0,2026-06-05,2026-06-12,upi,1657.11,33.14,5.97,1618.00,settled,False
3794,PAY0003794,4407.0,2026-05-26,2026-06-25,card,7554.53,151.09,27.20,7376.24,settled,False
3795,PAY0003795,4410.0,2026-04-02,2026-04-11,card,28821.12,576.42,103.76,28140.94,settled,False
3796,PAY0003796,4411.0,2026-06-04,2026-07-04,netbanking,18326.72,366.53,65.98,17894.21,settled,False
3797,PAY0003797,4412.0,2026-05-28,2026-06-12,netbanking,6937.76,138.76,24.98,6774.02,settled,False
3798,PAY0003798,4413.0,2026-06-05,2026-06-05,ota_collect,4251.92,85.04,15.31,4151.57,settled,False
3799,PAY0003799,4414.0,2026-05-10,2026-05-19,ota_collect,6128.71,122.57,22.06,5984.08,settled,False
3800,PAY0003800,4415.0,2026-06-05,2026-06-12,ota_collect,1078.91,21.58,3.88,1053.45,settled,False
3801,PAY0003801,4416.0,2026-05-31,2026-06-09,card,4366.69,87.33,15.72,4263.64,settled,False
3802,PAY0003802,4417.0,2026-05-30,2026-06-08,card,12899.32,257.99,46.44,12594.89,settled,False
3803,PAY0003803,4418.0,2026-06-04,2026-06-13,upi,9092.18,181.84,32.73,8877.61,settled,False
3804,PAY0003804,4419.0,2026-05-31,2026-06-30,card,6657.95,133.16,23.97,6500.82,settled,False
3805,PAY0003805,4420.0,2026-06-01,2026-07-01,card,32832.10,656.64,118.20,32057.26,settled,False
3806,PAY0003806,4423.0,2026-06-04,2026-06-13,wallet,12312.55,246.25,44.32,12021.98,settled,False
3807,PAY0003807,4424.0,2026-06-07,2026-06-07,ota_collect,4443.37,88.87,16.00,4338.50,settled,False
3808,PAY0003808,4425.0,2026-05-31,2026-06-02,card,12597.32,251.95,45.35,12300.02,settled,False
3809,PAY0003809,4426.0,2026-06-01,2026-07-01,card,14255.19,285.10,51.32,13918.77,settled,False
3810,PAY0003810,4427.0,2026-06-07,2026-06-14,ota_collect,1044.62,20.89,3.76,1019.97,settled,False
3811,PAY0003811,4428.0,2026-06-06,2026-07-06,ota_collect,6359.32,127.19,22.89,6209.24,settled,False
3812,PAY0003812,4429.0,2026-06-07,2026-07-07,ota_collect,4460.81,89.22,16.06,4355.53,settled,False
3813,PAY0003813,4430.0,2026-05-24,2026-05-26,ota_collect,35632.60,712.65,128.28,34791.67,settled,False
3814,PAY0003814,4431.0,2026-06-02,2026-07-02,upi,9864.50,197.29,35.51,9631.70,settled,False
3815,PAY0003815,4432.0,2026-05-27,2026-06-05,ota_collect,11858.55,237.17,42.69,11578.69,settled,False
3816,PAY0003816,4433.0,2026-06-04,2026-07-04,cash,3281.74,0.00,0.00,3281.74,settled,False
3817,PAY0003817,4434.0,2026-06-08,2026-06-08,upi,4238.72,84.77,15.26,4138.69,settled,False
3818,PAY0003818,4436.0,2026-06-04,2026-06-13,card,14100.63,282.01,50.76,13767.86,settled,False
3819,PAY0003819,4437.0,2026-05-30,2026-06-08,upi,13811.76,276.24,49.72,13485.80,settled,False
3820,PAY0003820,4438.0,2026-06-05,2026-07-05,netbanking,48748.11,974.96,175.49,47597.66,settled,False
3821,PAY0003821,4439.0,2026-05-30,2026-06-29,upi,67105.39,1342.11,241.58,65521.70,settled,False
3822,PAY0003822,4440.0,2026-06-01,2026-07-01,wallet,10524.96,210.50,37.89,10276.57,settled,False
3823,PAY0003823,4441.0,2026-06-07,2026-06-09,card,8191.02,163.82,29.49,7997.71,settled,False
3824,PAY0003824,4442.0,2026-06-05,2026-07-05,upi,49495.94,989.92,178.19,48327.83,settled,False
3825,PAY0003825,4443.0,2026-05-16,2026-05-25,ota_collect,12067.00,241.34,43.44,11782.22,settled,False
3826,PAY0003826,4445.0,2026-06-07,2026-07-07,upi,16585.25,331.70,59.71,16193.84,settled,False
3827,PAY0003827,4446.0,2026-06-06,2026-07-06,card,80418.52,1608.37,289.51,78520.64,settled,False
3828,PAY0003828,4447.0,2026-05-20,2026-05-29,netbanking,7001.60,140.03,25.21,6836.36,settled,False
3829,PAY0003829,4448.0,2026-05-29,2026-05-31,upi,21086.92,421.74,75.91,20589.27,settled,False
3830,PAY0003830,4449.0,2026-06-09,2026-06-16,upi,885.41,17.71,3.19,864.51,settled,False
3831,PAY0003831,4450.0,2026-06-07,2026-07-07,ota_collect,4197.80,83.96,15.11,4098.73,settled,False
3832,PAY0003832,4452.0,2026-05-21,2026-05-30,ota_collect,24815.19,496.30,89.33,24229.56,settled,False
3833,PAY0003833,4453.0,2026-06-10,2026-07-10,card,20537.40,410.75,73.94,20052.71,settled,False
3834,PAY0003834,4454.0,2026-06-07,2026-06-09,upi,10835.58,216.71,39.01,10579.86,settled,False
3835,PAY0003835,4455.0,2026-06-01,2026-07-01,upi,17249.39,344.99,62.10,16842.30,settled,False
3836,PAY0003836,4456.0,2026-06-05,2026-07-05,card,28364.88,567.30,102.11,27695.47,settled,False
3837,PAY0003837,4458.0,2026-06-10,2026-06-17,card,983.97,19.68,3.54,960.75,settled,False
3838,PAY0003838,4459.0,2026-05-30,2026-06-14,ota_collect,7876.39,157.53,28.36,7690.50,settled,False
3839,PAY0003839,4461.0,2026-05-29,2026-06-28,card,4730.00,94.60,17.03,4618.37,settled,False
3840,PAY0003840,4462.0,2026-05-28,2026-06-27,card,93549.56,1870.99,336.78,91341.79,settled,False
3841,PAY0003841,4463.0,2026-06-09,2026-06-18,upi,4219.97,84.40,15.19,4120.38,settled,False
3842,PAY0003842,4464.0,2026-05-26,2026-05-28,upi,20996.36,419.93,75.59,20500.84,settled,False
3843,PAY0003843,4465.0,2026-05-24,2026-06-08,ota_collect,4035.74,80.71,14.53,3940.50,settled,False
3844,PAY0003844,4466.0,2026-05-23,2026-06-01,upi,3627.18,72.54,13.06,3541.58,settled,False
3845,PAY0003845,4468.0,2026-06-03,2026-06-05,card,24368.68,487.37,87.73,23793.58,settled,False
3846,PAY0003846,4470.0,2026-05-21,2026-05-30,ota_collect,4241.10,84.82,15.27,4141.01,settled,False
3847,PAY0003847,4471.0,2026-06-03,2026-06-05,ota_collect,3938.64,78.77,14.18,3845.69,settled,False
3848,PAY0003848,4473.0,2026-05-23,2026-05-25,ota_collect,7600.08,152.00,27.36,7420.72,settled,False
3849,PAY0003849,4474.0,2026-06-03,2026-07-03,upi,3990.11,79.80,14.36,3895.95,settled,False
3850,PAY0003850,4475.0,2026-05-21,2026-05-22,card,7697.12,153.94,27.71,7515.47,settled,False
3851,PAY0003851,4476.0,2026-06-10,2026-07-10,upi,11698.32,233.97,42.11,11422.24,settled,False
3852,PAY0003852,4477.0,2026-06-09,2026-07-09,upi,3179.98,63.60,11.45,3104.93,settled,False
3853,PAY0003853,4478.0,2026-06-08,2026-07-08,ota_collect,67425.50,1348.51,242.73,65834.26,settled,False
3854,PAY0003854,4479.0,2026-06-10,2026-07-10,upi,12866.55,257.33,46.32,12562.90,settled,False
3855,PAY0003855,4480.0,2026-05-19,2026-05-28,netbanking,16828.20,336.56,60.58,16431.06,settled,False
3856,PAY0003856,4481.0,2026-06-09,2026-07-09,cash,48743.44,0.00,0.00,48743.44,settled,False
3857,PAY0003857,4483.0,2026-06-09,2026-07-09,ota_collect,45648.60,912.97,164.33,44571.30,settled,False
3858,PAY0003858,4484.0,2026-05-28,2026-06-12,ota_collect,4058.68,81.17,14.61,3962.90,settled,False
3859,PAY0003859,4485.0,2026-06-09,2026-06-11,card,24810.78,496.22,89.32,24225.24,settled,False
3860,PAY0003860,4486.0,2026-06-11,2026-07-11,ota_collect,42219.42,844.39,151.99,41223.04,settled,False
3861,PAY0003861,4487.0,2026-06-01,2026-06-10,card,28821.21,576.42,103.76,28141.03,settled,False
3862,PAY0003862,4488.0,2026-06-09,2026-07-09,ota_collect,4783.27,95.67,17.22,4670.38,settled,False
3863,PAY0003863,4489.0,2026-06-04,2026-07-04,ota_collect,4425.18,88.50,15.93,4320.75,settled,False
3864,PAY0003864,4490.0,2026-06-05,2026-06-07,upi,19309.92,386.20,69.52,18854.20,settled,False
3865,PAY0003865,4491.0,2026-06-05,2026-07-05,cash,12365.40,0.00,0.00,12365.40,settled,False
3866,PAY0003866,4492.0,2026-06-01,2026-06-03,card,6100.40,122.01,21.96,5956.43,settled,False
3867,PAY0003867,4493.0,2026-06-12,2026-06-19,netbanking,804.27,16.09,2.90,785.28,settled,False
3868,PAY0003868,4494.0,2026-06-12,2026-06-27,ota_collect,3571.49,71.43,12.86,3487.20,settled,False
3869,PAY0003869,4495.0,2026-06-12,2026-06-19,upi,1016.15,20.32,3.66,992.17,settled,False
3870,PAY0003870,4496.0,2026-06-09,2026-07-09,upi,42665.58,853.31,153.60,41658.67,settled,False
3871,PAY0003871,4497.0,2026-06-11,2026-07-11,card,14719.00,294.38,52.99,14371.63,settled,False
3872,PAY0003872,4498.0,2026-05-31,2026-06-09,upi,6567.20,131.34,23.64,6412.22,settled,False
3873,PAY0003873,4499.0,2026-06-12,2026-07-12,card,3100.68,62.01,11.16,3027.51,settled,False
3874,PAY0003874,4501.0,2026-06-03,2026-07-03,card,6416.14,128.32,23.10,6264.72,settled,False
3875,PAY0003875,4502.0,2026-06-13,2026-06-20,card,1290.14,25.80,4.64,1259.70,settled,False
3876,PAY0003876,4503.0,2026-06-13,2026-07-13,card,16052.30,321.05,57.79,15673.46,settled,False
3877,PAY0003877,4504.0,2026-03-13,2026-04-12,wallet,15144.82,302.90,54.52,14787.40,settled,False
3878,PAY0003878,4505.0,2026-06-13,2026-07-13,card,36122.81,722.46,130.04,35270.31,settled,False
3879,PAY0003879,4506.0,2026-06-09,2026-06-11,ota_collect,7845.84,156.92,28.25,7660.67,settled,False
3880,PAY0003880,4507.0,2026-06-10,2026-06-25,netbanking,4487.74,89.75,16.16,4381.83,settled,False
3881,PAY0003881,4508.0,2026-06-13,2026-07-13,netbanking,36353.16,727.06,130.87,35495.23,settled,False
3882,PAY0003882,4510.0,2026-06-14,2026-07-14,upi,17600.95,352.02,63.36,17185.57,settled,False
3883,PAY0003883,4511.0,2026-06-08,2026-06-10,upi,3376.59,67.53,12.16,3296.90,settled,False
3884,PAY0003884,4512.0,2026-06-12,2026-07-12,upi,21347.92,426.96,76.85,20844.11,settled,False
3885,PAY0003885,4513.0,2026-06-09,2026-06-18,ota_collect,26444.18,528.88,95.20,25820.10,settled,False
3886,PAY0003886,4514.0,2026-06-13,2026-06-15,card,6936.19,138.72,24.97,6772.50,settled,False
3887,PAY0003887,4515.0,2026-06-01,2026-07-01,ota_collect,8626.82,172.54,31.06,8423.22,settled,False
3888,PAY0003888,4516.0,2026-05-18,2026-06-02,cash,5171.37,0.00,0.00,5171.37,settled,False
3889,PAY0003889,4517.0,2026-06-12,2026-07-12,card,4973.57,99.47,17.90,4856.20,settled,False
3890,PAY0003890,4518.0,2026-06-12,2026-06-12,wallet,4546.54,90.93,16.37,4439.24,settled,False
3891,PAY0003891,4519.0,2026-06-14,2026-06-14,card,3613.78,72.28,13.01,3528.49,settled,False
3892,PAY0003892,4520.0,2026-06-08,2026-07-08,wallet,4128.65,82.57,14.86,4031.22,settled,False
3893,PAY0003893,4521.0,2026-06-02,2026-06-04,ota_collect,23891.00,477.82,86.01,23327.17,settled,False
3894,PAY0003894,4522.0,2026-06-10,2026-06-12,upi,3665.59,73.31,13.20,3579.08,settled,False
3895,PAY0003895,4523.0,2026-06-13,2026-07-13,ota_collect,8477.84,169.56,30.52,8277.76,settled,False
3896,PAY0003896,4524.0,2026-06-12,2026-07-12,upi,92506.20,1850.12,333.02,90323.06,settled,False
3897,PAY0003897,4525.0,2026-05-29,2026-06-28,upi,97758.00,1955.16,351.93,95450.91,settled,False
3898,PAY0003898,4526.0,2026-06-16,2026-06-23,netbanking,1203.36,24.07,4.33,1174.96,settled,False
3899,PAY0003899,4527.0,2026-06-12,2026-06-14,ota_collect,8381.12,167.62,30.17,8183.33,settled,False
3900,PAY0003900,4528.0,2026-06-14,2026-07-14,cash,24426.21,0.00,0.00,24426.21,settled,False
3901,PAY0003901,4529.0,2026-06-01,2026-06-10,ota_collect,9719.04,194.38,34.99,9489.67,settled,False
3902,PAY0003902,4530.0,2026-06-16,2026-07-16,card,63180.91,1263.62,227.45,61689.84,settled,False
3903,PAY0003903,4531.0,2026-06-14,2026-06-29,ota_collect,7124.08,142.48,25.65,6955.95,settled,False
3904,PAY0003904,4532.0,2026-06-14,2026-07-14,upi,13298.76,265.98,47.88,12984.90,settled,False
3905,PAY0003905,4533.0,2026-06-13,2026-07-13,card,20916.61,418.33,75.30,20422.98,settled,False
3906,PAY0003906,4534.0,2026-06-10,2026-06-25,ota_collect,30543.42,610.87,109.96,29822.59,settled,False
3907,PAY0003907,4536.0,2026-06-12,2026-07-12,ota_collect,5235.26,104.71,18.85,5111.70,settled,False
3908,PAY0003908,4538.0,2026-06-18,2026-06-25,wallet,781.49,15.63,2.81,763.05,settled,False
3909,PAY0003909,4539.0,2026-06-02,2026-06-17,upi,7879.50,157.59,28.37,7693.54,settled,False
3910,PAY0003910,4540.0,2026-06-17,2026-06-24,card,1061.80,21.24,3.82,1036.74,settled,False
3911,PAY0003911,4542.0,2026-06-11,2026-06-20,ota_collect,3582.78,71.66,12.90,3498.22,settled,False
3912,PAY0003912,4543.0,2026-05-30,2026-06-29,upi,5262.76,105.26,18.95,5138.55,settled,False
3913,PAY0003913,4544.0,2026-06-17,2026-06-24,ota_collect,1147.63,22.95,4.13,1120.55,settled,False
3914,PAY0003914,4546.0,2026-06-18,2026-06-25,netbanking,944.40,18.89,3.40,922.11,settled,False
3915,PAY0003915,4547.0,2026-06-10,2026-06-12,ota_collect,13776.50,275.53,49.60,13451.37,settled,False
3916,PAY0003916,4548.0,2026-06-09,2026-06-24,ota_collect,17924.40,358.49,64.53,17501.38,settled,False
3917,PAY0003917,4549.0,2026-06-07,2026-07-07,card,10302.24,206.04,37.09,10059.11,settled,False
3918,PAY0003918,4550.0,2026-06-13,2026-06-28,upi,3223.14,64.46,11.60,3147.08,settled,False
3919,PAY0003919,4551.0,2026-06-15,2026-06-17,ota_collect,7804.48,156.09,28.10,7620.29,settled,False
3920,PAY0003920,4553.0,2026-06-06,2026-07-06,card,5521.53,110.43,19.88,5391.22,settled,False
3921,PAY0003921,4555.0,2026-06-14,2026-07-14,wallet,19709.35,394.19,70.95,19244.21,settled,False
3922,PAY0003922,4557.0,2026-06-16,2026-07-16,card,17477.55,349.55,62.92,17065.08,settled,False
3923,PAY0003923,4558.0,2026-06-15,2026-07-15,ota_collect,32147.22,642.94,115.73,31388.55,settled,False
3924,PAY0003924,4559.0,2026-06-09,2026-07-09,card,53005.48,1060.11,190.82,51754.55,settled,False
3925,PAY0003925,4560.0,2026-06-10,2026-06-25,netbanking,7932.62,158.65,28.56,7745.41,settled,False
3926,PAY0003926,4561.0,2026-06-16,2026-07-16,upi,30843.18,616.86,111.03,30115.29,settled,False
3927,PAY0003927,4562.0,2026-06-03,2026-06-18,upi,6321.89,126.44,22.76,6172.69,settled,False
3928,PAY0003928,4563.0,2026-06-15,2026-06-24,upi,5965.41,119.31,21.48,5824.62,settled,False
3929,PAY0003929,4564.0,2026-06-13,2026-06-15,ota_collect,6582.12,131.64,23.70,6426.78,settled,False
3930,PAY0003930,4565.0,2026-06-15,2026-06-17,ota_collect,4071.13,81.42,14.66,3975.05,settled,False
3931,PAY0003931,4566.0,2026-06-18,2026-07-18,upi,13180.80,263.62,47.45,12869.73,settled,False
3932,PAY0003932,4568.0,2026-06-11,2026-06-20,card,8118.05,162.36,29.22,7926.47,settled,False
3933,PAY0003933,4569.0,2026-05-23,2026-06-22,card,6348.36,126.97,22.85,6198.54,settled,False
3934,PAY0003934,4572.0,2026-06-15,2026-06-30,card,10900.35,218.01,39.24,10643.10,settled,False
3935,PAY0003935,4573.0,2026-06-17,2026-06-19,ota_collect,7660.86,153.22,27.58,7480.06,settled,False
3936,PAY0003936,4574.0,2026-06-16,2026-07-16,card,28199.20,563.98,101.52,27533.70,settled,False
3937,PAY0003937,4575.0,2026-06-08,2026-06-17,ota_collect,3835.54,76.71,13.81,3745.02,settled,False
3938,PAY0003938,4576.0,2026-06-01,2026-07-01,netbanking,17203.11,344.06,61.93,16797.12,settled,False
3939,PAY0003939,4577.0,2026-06-09,2026-06-11,netbanking,6703.10,134.06,24.13,6544.91,settled,False
3940,PAY0003940,4578.0,2026-06-18,2026-06-20,upi,21167.04,423.34,76.20,20667.50,settled,False
3941,PAY0003941,4580.0,2026-06-21,2026-06-28,upi,1942.95,38.86,6.99,1897.10,settled,False
3942,PAY0003942,4581.0,2026-06-10,2026-07-10,cash,56251.48,0.00,0.00,56251.48,settled,False
3943,PAY0003943,4582.0,2026-06-08,2026-06-23,ota_collect,3599.87,72.00,12.96,3514.91,settled,False
3944,PAY0003944,4583.0,2026-06-20,2026-07-20,upi,8729.48,174.59,31.43,8523.46,settled,False
3945,PAY0003945,4584.0,2026-06-19,2026-07-04,netbanking,14021.08,280.42,50.48,13690.18,settled,False
3946,PAY0003946,4585.0,2026-06-16,2026-07-16,upi,16782.69,335.65,60.42,16386.62,settled,False
3947,PAY0003947,4586.0,2026-06-20,2026-07-20,upi,3847.10,76.94,13.85,3756.31,settled,False
3948,PAY0003948,4587.0,2026-06-22,2026-06-29,upi,935.91,18.72,3.37,913.82,settled,False
3949,PAY0003949,4589.0,2026-06-20,2026-07-20,upi,7754.62,155.09,27.92,7571.61,settled,False
3950,PAY0003950,4590.0,2026-06-22,2026-06-29,card,1117.13,22.34,4.02,1090.77,settled,False
3951,PAY0003951,4591.0,2026-06-19,2026-07-19,upi,2878.24,57.56,10.36,2810.32,settled,False
3952,PAY0003952,4592.0,2026-06-21,2026-07-21,card,15522.20,310.44,55.88,15155.88,settled,False
3953,PAY0003953,4593.0,2026-06-22,2026-06-29,upi,1372.01,27.44,4.94,1339.63,settled,False
3954,PAY0003954,4594.0,2026-06-19,2026-07-19,upi,7931.14,158.62,28.55,7743.97,settled,False
3955,PAY0003955,4596.0,2026-06-13,2026-06-28,upi,14102.48,282.05,50.77,13769.66,settled,False
3956,PAY0003956,4597.0,2026-06-03,2026-06-18,card,27763.85,555.28,99.95,27108.62,settled,False
3957,PAY0003957,4598.0,2026-06-05,2026-06-14,card,15250.12,305.00,54.90,14890.22,settled,False
3958,PAY0003958,4599.0,2026-06-22,2026-06-29,upi,1183.64,23.67,4.26,1155.71,settled,False
3959,PAY0003959,4600.0,2026-06-21,2026-07-21,upi,9690.89,193.82,34.89,9462.18,settled,False
3960,PAY0003960,4601.0,2026-06-13,2026-06-22,netbanking,9428.08,188.56,33.94,9205.58,settled,False
3961,PAY0003961,4602.0,2026-06-14,2026-07-14,upi,4220.65,84.41,15.19,4121.05,settled,False
3962,PAY0003962,4603.0,2026-06-05,2026-06-07,upi,5525.46,110.51,19.89,5395.06,settled,False
3963,PAY0003963,4604.0,2026-06-15,2026-07-15,ota_collect,21897.49,437.95,78.83,21380.71,settled,False
3964,PAY0003964,4605.0,2026-06-23,2026-06-30,card,1184.15,23.68,4.26,1156.21,settled,False
3965,PAY0003965,4606.0,2026-06-14,2026-07-14,ota_collect,36295.40,725.91,130.66,35438.83,settled,False
3966,PAY0003966,4607.0,2026-06-22,2026-06-24,ota_collect,8663.36,173.27,31.19,8458.90,settled,False
3967,PAY0003967,4608.0,2026-06-21,2026-07-21,netbanking,28868.91,577.38,103.93,28187.60,settled,False
3968,PAY0003968,4610.0,2026-06-20,2026-06-22,card,13055.87,261.12,47.00,12747.75,settled,False
3969,PAY0003969,4611.0,2026-06-12,2026-07-12,cash,8877.48,0.00,0.00,8877.48,settled,False
3970,PAY0003970,4612.0,2026-06-22,2026-06-24,card,7995.70,159.91,28.78,7807.01,settled,False
3971,PAY0003971,4613.0,2026-06-20,2026-07-05,card,9721.52,194.43,35.00,9492.09,settled,False
3972,PAY0003972,4614.0,2026-05-26,2026-05-27,card,12920.72,258.41,46.51,12615.80,settled,False
3973,PAY0003973,4615.0,2026-06-04,2026-06-13,card,10100.34,202.01,36.36,9861.97,settled,False
3974,PAY0003974,4616.0,2026-06-07,2026-06-16,cash,5064.92,0.00,0.00,5064.92,settled,False
3975,PAY0003975,4617.0,2026-06-12,2026-06-14,upi,12173.79,243.48,43.83,11886.48,settled,False
3976,PAY0003976,4618.0,2026-06-19,2026-06-20,upi,4309.68,86.19,15.51,4207.98,settled,False
3977,PAY0003977,4619.0,2026-05-17,2026-05-26,ota_collect,6855.53,137.11,24.68,6693.74,settled,False
3978,PAY0003978,4620.0,2026-06-15,2026-06-17,ota_collect,3289.09,65.78,11.84,3211.47,settled,False
3979,PAY0003979,4622.0,2026-06-23,2026-07-23,upi,12791.34,255.83,46.05,12489.46,settled,False
3980,PAY0003980,4623.0,2026-06-17,2026-07-17,upi,12989.25,259.79,46.76,12682.70,settled,False
3981,PAY0003981,4624.0,2026-06-22,2026-07-22,upi,5204.18,104.08,18.73,5081.37,settled,False
3982,PAY0003982,4626.0,2026-06-22,2026-07-22,card,7594.02,151.88,27.34,7414.80,settled,False
3983,PAY0003983,4627.0,2026-06-24,2026-07-01,upi,1246.30,24.93,4.49,1216.88,settled,False
3984,PAY0003984,4628.0,2026-06-08,2026-06-10,ota_collect,7334.72,146.69,26.40,7161.63,settled,False
3985,PAY0003985,4629.0,2026-06-08,2026-06-17,netbanking,18483.08,369.66,66.54,18046.88,settled,False
3986,PAY0003986,4630.0,2026-06-23,2026-07-23,card,5102.00,102.04,18.37,4981.59,settled,False
3987,PAY0003987,4631.0,2026-06-17,2026-06-19,netbanking,4179.11,83.58,15.04,4080.49,settled,False
3988,PAY0003988,4632.0,2026-06-19,2026-07-04,card,5749.66,114.99,20.70,5613.97,settled,False
3989,PAY0003989,4633.0,2026-06-21,2026-06-23,wallet,13082.37,261.65,47.10,12773.62,settled,False
3990,PAY0003990,4634.0,2026-06-17,2026-06-19,upi,7604.60,152.09,27.38,7425.13,settled,False
3991,PAY0003991,4635.0,2026-05-20,2026-05-29,upi,9920.06,198.40,35.71,9685.95,settled,False
3992,PAY0003992,4637.0,2026-06-20,2026-07-20,netbanking,28694.38,573.89,103.30,28017.19,settled,False
3993,PAY0003993,4638.0,2026-06-14,2026-06-15,ota_collect,23541.30,470.83,84.75,22985.72,settled,False
3994,PAY0003994,4639.0,2026-05-20,2026-05-29,card,7000.06,140.00,25.20,6834.86,settled,False
3995,PAY0003995,4640.0,2026-06-26,2026-06-28,netbanking,21198.52,423.97,76.31,20698.24,settled,False
3996,PAY0003996,4642.0,2026-06-27,2026-07-27,netbanking,3305.42,66.11,11.90,3227.41,settled,False
3997,PAY0003997,4643.0,2026-06-24,2026-07-24,card,15664.88,313.30,56.39,15295.19,settled,False
3998,PAY0003998,4644.0,2026-06-24,2026-07-24,ota_collect,52704.80,1054.10,189.74,51460.96,settled,False
3999,PAY0003999,4645.0,2026-06-22,2026-07-22,card,3339.04,66.78,12.02,3260.24,settled,False
4000,PAY0004000,4646.0,2026-05-26,2026-06-10,ota_collect,7453.03,149.06,26.83,7277.14,settled,False
4001,PAY0004001,4647.0,2026-05-28,2026-06-12,upi,6864.31,137.29,24.71,6702.31,settled,False
4002,PAY0004002,4648.0,2026-06-27,2026-06-27,ota_collect,2977.24,59.54,10.72,2906.98,settled,False
4003,PAY0004003,4649.0,2026-06-23,2026-07-23,card,34612.38,692.25,124.60,33795.53,settled,False
4004,PAY0004004,4650.0,2026-06-27,2026-07-27,ota_collect,3736.79,74.74,13.45,3648.60,settled,False
4005,PAY0004005,4651.0,2026-06-28,2026-07-05,ota_collect,1195.84,23.92,4.31,1167.61,settled,False
4006,PAY0004006,4652.0,2026-06-26,2026-07-26,upi,6142.17,122.84,22.11,5997.22,settled,False
4007,PAY0004007,4653.0,2026-06-27,2026-07-27,upi,26304.90,526.10,94.70,25684.10,settled,False
4008,PAY0004008,4654.0,2026-06-23,2026-07-23,card,46223.40,924.47,166.40,45132.53,settled,False
4009,PAY0004009,4655.0,2026-06-25,2026-07-25,card,81244.59,1624.89,292.48,79327.22,settled,False
4010,PAY0004010,,2026-06-27,2026-07-27,upi,10346.22,206.92,37.25,10102.05,settled,True
4011,PAY0004011,4657.0,2026-06-27,2026-07-12,netbanking,3698.26,73.97,13.31,3610.98,settled,False
4012,PAY0004012,4658.0,2026-06-27,2026-07-27,card,18690.90,373.82,67.29,18249.79,settled,False
4013,PAY0004013,4659.0,2026-06-28,2026-06-30,upi,5450.71,109.01,19.62,5322.08,settled,False
4014,PAY0004014,4660.0,2026-06-14,2026-06-15,upi,8267.60,165.35,29.76,8072.49,settled,False
4015,PAY0004015,4661.0,2026-05-20,2026-05-21,card,43645.39,872.91,157.12,42615.36,settled,False
4016,PAY0004016,4662.0,2026-05-31,2026-06-09,upi,19644.35,392.89,70.72,19180.74,settled,False
4017,PAY0004017,4663.0,2026-06-21,2026-06-30,wallet,8543.91,170.88,30.76,8342.27,settled,False
4018,PAY0004018,4664.0,2026-06-25,2026-07-25,ota_collect,33928.82,678.58,122.14,33128.10,settled,False
4019,PAY0004019,4665.0,2026-06-23,2026-07-08,upi,11705.20,234.10,42.14,11428.96,settled,False
4020,PAY0004020,4666.0,2026-06-29,2026-07-29,netbanking,9063.50,181.27,32.63,8849.60,settled,False
4021,PAY0004021,4668.0,2026-06-29,2026-07-29,upi,22198.14,443.96,79.91,21674.27,settled,False
4022,PAY0004022,4669.0,2026-06-18,2026-07-18,card,10755.54,215.11,38.72,10501.71,settled,False
4023,PAY0004023,4670.0,2026-06-19,2026-07-19,upi,20125.16,402.50,72.45,19650.21,settled,False
4024,PAY0004024,4671.0,2026-06-28,2026-07-28,card,24077.12,481.54,86.68,23508.90,settled,False
4025,PAY0004025,4672.0,2026-06-27,2026-07-06,upi,39117.92,782.36,140.82,38194.74,settled,False
4026,PAY0004026,4673.0,2026-06-15,2026-06-17,upi,23145.05,462.90,83.32,22598.83,settled,False
4027,PAY0004027,4674.0,2026-06-26,2026-07-05,upi,4830.60,96.61,17.39,4716.60,settled,False
4028,PAY0004028,4675.0,2026-06-25,2026-07-10,upi,17324.76,346.50,62.37,16915.89,settled,False
4029,PAY0004029,4676.0,2026-06-26,2026-07-26,cash,55418.51,0.00,0.00,55418.51,settled,False
4030,PAY0004030,4677.0,2026-05-03,2026-06-02,ota_collect,14539.68,290.79,52.34,14196.55,settled,False
4031,PAY0004031,4678.0,2026-06-25,2026-07-10,netbanking,21562.24,431.24,77.62,21053.38,settled,False
4032,PAY0004032,4679.0,2026-06-22,2026-06-24,card,11559.22,231.18,41.61,11286.43,settled,False
4033,PAY0004033,4680.0,2026-06-27,2026-07-12,upi,5212.18,104.24,18.76,5089.18,settled,False
4034,PAY0004034,4681.0,2026-06-18,2026-06-19,ota_collect,62285.40,1245.71,224.23,60815.46,settled,False
4035,PAY0004035,4682.0,2026-06-27,2026-07-27,upi,4537.55,90.75,16.34,4430.46,settled,False
4036,PAY0004036,4683.0,2026-06-22,2026-06-24,upi,42180.11,843.60,151.85,41184.66,settled,False
4037,PAY0004037,4685.0,2026-06-28,2026-07-28,upi,7053.52,141.07,25.39,6887.06,settled,False
4038,PAY0004038,4686.0,2026-06-12,2026-06-14,card,22743.70,454.87,81.88,22206.95,settled,False
4039,PAY0004039,4687.0,2026-06-28,2026-07-28,upi,7710.14,154.20,27.76,7528.18,settled,False
4040,PAY0004040,4688.0,2026-06-23,2026-07-08,netbanking,15430.56,308.61,55.55,15066.40,settled,False
4041,PAY0004041,4691.0,2026-06-24,2026-07-03,card,10244.80,204.90,36.88,10003.02,settled,False
4042,PAY0004042,4692.0,2026-06-30,2026-07-02,ota_collect,4528.12,90.56,16.30,4421.26,settled,False
4043,PAY0004043,4693.0,2026-06-21,2026-07-06,wallet,4319.62,86.39,15.55,4217.68,settled,False
4044,PAY0004044,4694.0,2026-06-23,2026-07-08,upi,5015.12,100.30,18.05,4896.77,settled,False
4045,PAY0004045,4695.0,2026-06-11,2026-06-26,upi,8069.50,161.39,29.05,7879.06,settled,False
4046,PAY0004046,4696.0,2026-06-28,2026-07-28,ota_collect,38445.93,768.92,138.41,37538.60,settled,False
4047,PAY0004047,4697.0,2026-05-04,2026-05-19,ota_collect,4136.69,82.73,14.89,4039.07,settled,False
4048,PAY0004048,4698.0,2026-06-06,2026-06-21,netbanking,3134.65,62.69,11.28,3060.68,settled,False
4049,PAY0004049,4699.0,2026-06-29,2026-07-14,netbanking,4481.85,89.64,16.14,4376.07,settled,False
4050,PAY0004050,4700.0,2026-06-16,2026-06-17,upi,52621.32,1052.43,189.44,51379.45,settled,False
4051,PAY0004051,4701.0,2026-06-02,2026-06-17,upi,15140.61,302.81,54.51,14783.29,settled,False
4052,PAY0004052,4702.0,2026-06-28,2026-07-13,upi,15009.12,300.18,54.03,14654.91,settled,False
4053,PAY0004053,4703.0,2026-06-22,2026-07-22,upi,10034.14,200.68,36.12,9797.34,settled,False
4054,PAY0004054,4704.0,2026-06-13,2026-06-22,upi,14070.63,281.41,50.65,13738.57,settled,False
4055,PAY0004055,4705.0,2026-06-30,2026-07-30,ota_collect,3107.65,62.15,11.19,3034.31,settled,False
4056,PAY0004056,4706.0,2026-06-28,2026-07-13,upi,8252.32,165.05,29.71,8057.56,settled,False
4057,PAY0004057,4707.0,2026-07-06,2026-07-13,card,892.46,17.85,3.21,871.40,settled,False
4058,PAY0004058,4708.0,2026-07-04,2026-07-04,upi,6469.23,129.38,23.29,6316.56,settled,False
4059,PAY0004059,4709.0,2026-06-30,2026-07-02,upi,3713.14,74.26,13.37,3625.51,settled,False
4060,PAY0004060,4710.0,2026-07-02,2026-07-17,upi,7316.76,146.34,26.34,7144.08,settled,False
4061,PAY0004061,4711.0,2026-07-01,2026-07-31,ota_collect,32922.60,658.45,118.52,32145.63,settled,False
4062,PAY0004062,4712.0,2026-07-02,2026-08-01,upi,5111.28,102.23,18.40,4990.65,settled,False
4063,PAY0004063,4713.0,2026-06-20,2026-07-05,upi,14795.04,295.90,53.26,14445.88,settled,False
4064,PAY0004064,4714.0,2026-07-05,2026-07-05,netbanking,3231.99,64.64,11.64,3155.71,settled,False
4065,PAY0004065,4715.0,2026-07-03,2026-08-02,ota_collect,2879.39,57.59,10.37,2811.43,settled,False
4066,PAY0004066,4716.0,2026-07-05,2026-07-05,card,10369.34,207.39,37.33,10124.62,settled,False
4067,PAY0004067,4717.0,2026-06-30,2026-07-02,upi,9063.18,181.26,32.63,8849.29,settled,False
4068,PAY0004068,4718.0,2026-06-30,2026-07-30,card,17157.55,343.15,61.77,16752.63,settled,False
4069,PAY0004069,4719.0,2026-07-04,2026-07-06,netbanking,14315.38,286.31,51.54,13977.53,settled,False
4070,PAY0004070,4720.0,2026-06-30,2026-07-02,card,7470.30,149.41,26.89,7294.00,settled,False
4071,PAY0004071,4721.0,2026-06-20,2026-07-05,wallet,3557.68,71.15,12.81,3473.72,settled,False
4072,PAY0004072,4722.0,2026-06-20,2026-07-05,card,3516.16,70.32,12.66,3433.18,settled,False
4073,PAY0004073,4723.0,2026-06-28,2026-07-13,card,3417.39,68.35,12.30,3336.74,settled,False
4074,PAY0004074,4725.0,2026-07-06,2026-07-13,upi,1340.96,26.82,4.83,1309.31,settled,False
4075,PAY0004075,4726.0,2026-06-04,2026-06-05,ota_collect,6431.31,128.63,23.15,6279.53,settled,False
4076,PAY0004076,4727.0,2026-07-06,2026-07-13,card,1246.14,24.92,4.49,1216.73,settled,False
4077,PAY0004077,4729.0,2026-06-25,2026-07-10,upi,6278.94,125.58,22.60,6130.76,settled,False
4078,PAY0004078,4730.0,2026-07-01,2026-07-16,card,8883.70,177.67,31.98,8674.05,settled,False
4079,PAY0004079,4731.0,2026-07-02,2026-08-01,card,20778.30,415.57,74.80,20287.93,settled,False
4080,PAY0004080,4732.0,2026-07-03,2026-07-05,upi,25404.89,508.10,91.46,24805.33,settled,False
4081,PAY0004081,4733.0,2026-06-15,2026-06-30,upi,19243.28,384.87,69.28,18789.13,settled,False
4082,PAY0004082,4734.0,2026-07-01,2026-07-16,wallet,17491.82,349.84,62.97,17079.01,settled,False
4083,PAY0004083,4736.0,2026-07-05,2026-07-07,ota_collect,7640.41,152.81,27.51,7460.09,settled,False
4084,PAY0004084,4737.0,2026-06-05,2026-06-06,upi,32553.12,651.06,117.19,31784.87,settled,False
4085,PAY0004085,4738.0,2026-07-03,2026-07-18,upi,11492.68,229.85,41.37,11221.46,settled,False
4086,PAY0004086,4742.0,2026-06-30,2026-07-15,ota_collect,23489.66,469.79,84.56,22935.31,settled,False
4087,PAY0004087,4743.0,2026-07-06,2026-07-13,upi,1015.50,20.31,3.66,991.53,settled,False
4088,PAY0004088,4744.0,2026-07-01,2026-07-31,ota_collect,53790.48,1075.81,193.65,52521.02,settled,False
4089,PAY0004089,4746.0,2026-07-01,2026-07-31,ota_collect,37391.00,747.82,134.61,36508.57,settled,False
4090,PAY0004090,4747.0,2026-06-04,2026-06-13,wallet,5160.66,103.21,18.58,5038.87,settled,False
4091,PAY0004091,4748.0,2026-07-06,2026-07-13,upi,1158.87,23.18,4.17,1131.52,settled,False
4092,PAY0004092,4749.0,2026-07-01,2026-07-03,upi,30285.81,605.72,109.03,29571.06,settled,False
4093,PAY0004093,4750.0,2026-07-07,2026-07-14,cash,1980.92,0.00,0.00,1980.92,settled,False
4094,PAY0004094,4751.0,2026-06-30,2026-07-15,wallet,13845.00,276.90,49.84,13518.26,settled,False
4095,PAY0004095,4752.0,2026-04-13,2026-05-13,ota_collect,3636.91,72.74,13.09,3551.08,settled,False
4096,PAY0004096,4753.0,2026-07-02,2026-08-01,upi,3621.13,72.42,13.04,3535.67,settled,False
4097,PAY0004097,4754.0,2026-07-01,2026-07-31,upi,25666.58,513.33,92.40,25060.85,settled,False
4098,PAY0004098,4755.0,2026-06-16,2026-07-01,ota_collect,10517.82,210.36,37.86,10269.60,settled,False
4099,PAY0004099,4756.0,2026-07-01,2026-07-16,upi,4602.42,92.05,16.57,4493.80,settled,False
4100,PAY0004100,4757.0,2026-07-07,2026-07-07,card,7659.52,153.19,27.57,7478.76,settled,False
4101,PAY0004101,4758.0,2026-07-05,2026-08-04,upi,70627.96,1412.56,254.26,68961.14,settled,False
4102,PAY0004102,4759.0,2026-06-07,2026-06-16,netbanking,7270.68,145.41,26.17,7099.10,settled,False
4103,PAY0004103,4761.0,2026-06-29,2026-07-29,upi,31603.60,632.07,113.77,30857.76,settled,False
4104,PAY0004104,4762.0,2026-06-03,2026-06-04,ota_collect,3082.84,61.66,11.10,3010.08,settled,False
4105,PAY0004105,4763.0,2026-06-30,2026-07-02,card,24923.63,498.47,89.72,24335.44,settled,False
4106,PAY0004106,4764.0,2026-07-05,2026-07-20,card,13113.42,262.27,47.21,12803.94,settled,False
4107,PAY0004107,4765.0,2026-07-01,2026-07-31,card,25652.85,513.06,92.35,25047.44,settled,False
4108,PAY0004108,4766.0,2026-06-29,2026-07-14,cash,5342.22,0.00,0.00,5342.22,settled,False
4109,PAY0004109,4767.0,2026-06-07,2026-06-16,wallet,16165.04,323.30,58.19,15783.55,settled,False
4110,PAY0004110,4769.0,2026-07-08,2026-08-07,ota_collect,44179.50,883.59,159.05,43136.86,settled,False
4111,PAY0004111,4770.0,2026-07-06,2026-07-08,ota_collect,3669.74,73.39,13.21,3583.14,settled,False
4112,PAY0004112,4771.0,2026-07-07,2026-07-14,upi,1031.43,20.63,3.71,1007.09,settled,False
4113,PAY0004113,4772.0,2026-06-16,2026-06-25,card,7419.52,148.39,26.71,7244.42,settled,False
4114,PAY0004114,4773.0,2026-07-08,2026-07-08,ota_collect,4193.70,83.87,15.10,4094.73,settled,False
4115,PAY0004115,4775.0,2026-06-05,2026-07-05,wallet,3355.22,67.10,12.08,3276.04,settled,False
4116,PAY0004116,4776.0,2026-07-02,2026-07-11,upi,21988.75,439.78,79.16,21469.81,settled,False
4117,PAY0004117,4777.0,2026-06-09,2026-06-18,wallet,7319.98,146.40,26.35,7147.23,settled,False
4118,PAY0004118,4778.0,2026-06-26,2026-07-26,card,44579.48,891.59,160.49,43527.40,settled,False
4119,PAY0004119,4780.0,2026-07-08,2026-07-15,card,1920.85,38.42,6.92,1875.51,settled,False
4120,PAY0004120,4781.0,2026-06-27,2026-06-28,upi,22492.89,449.86,80.97,21962.06,settled,False
4121,PAY0004121,4782.0,2026-06-28,2026-06-30,upi,6144.74,122.89,22.12,5999.73,settled,False
4122,PAY0004122,4783.0,2026-07-07,2026-07-07,upi,16355.20,327.10,58.88,15969.22,settled,False
4123,PAY0004123,4784.0,2026-07-04,2026-08-03,netbanking,18413.73,368.27,66.29,17979.17,settled,False
4124,PAY0004124,4785.0,2026-04-29,2026-05-29,upi,6465.28,129.31,23.28,6312.69,settled,False
4125,PAY0004125,4786.0,2026-06-29,2026-07-29,ota_collect,6909.87,138.20,24.88,6746.79,settled,False
4126,PAY0004126,4787.0,2026-07-08,2026-08-07,cash,49764.37,0.00,0.00,49764.37,settled,False
4127,PAY0004127,4788.0,2026-07-08,2026-07-10,upi,30657.42,613.15,110.37,29933.90,settled,False
4128,PAY0004128,4789.0,2026-06-28,2026-06-30,card,15747.98,314.96,56.69,15376.33,settled,False
4129,PAY0004129,4790.0,2026-07-02,2026-07-03,upi,44533.86,890.68,160.32,43482.86,settled,False
4130,PAY0004130,4792.0,2026-07-03,2026-07-18,netbanking,3374.13,67.48,12.15,3294.50,settled,False
4131,PAY0004131,4793.0,2026-06-25,2026-06-26,card,13403.08,268.06,48.25,13086.77,settled,False
4132,PAY0004132,4795.0,2026-06-10,2026-07-10,upi,12985.26,259.71,46.75,12678.80,settled,False
4133,PAY0004133,4796.0,2026-06-20,2026-06-29,upi,9365.52,187.31,33.72,9144.49,settled,False
4134,PAY0004134,4798.0,2026-07-10,2026-08-09,ota_collect,4258.41,85.17,15.33,4157.91,settled,False
4135,PAY0004135,4801.0,2026-07-03,2026-08-02,upi,56224.11,1124.48,202.41,54897.22,settled,False
4136,PAY0004136,4802.0,2026-07-04,2026-07-06,ota_collect,61550.60,1231.01,221.58,60098.01,settled,False
4137,PAY0004137,4803.0,2026-06-11,2026-06-20,netbanking,8185.48,163.71,29.47,7992.30,settled,False
4138,PAY0004138,4804.0,2026-06-27,2026-06-28,upi,23598.18,471.96,84.95,23041.27,settled,False
4139,PAY0004139,4806.0,2026-07-12,2026-07-19,ota_collect,2177.32,43.55,7.84,2125.93,settled,False
4140,PAY0004140,4807.0,2026-06-27,2026-07-27,card,20817.92,416.36,74.94,20326.62,settled,False
4141,PAY0004141,4808.0,2026-07-05,2026-08-04,wallet,6411.14,128.22,23.08,6259.84,settled,False
4142,PAY0004142,4811.0,2026-06-27,2026-07-12,upi,10351.49,207.03,37.27,10107.19,settled,False
4143,PAY0004143,4812.0,2026-07-04,2026-07-19,upi,6905.51,138.11,24.86,6742.54,settled,False
4144,PAY0004144,4813.0,2026-07-13,2026-07-20,upi,1480.11,29.60,5.33,1445.18,settled,False
4145,PAY0004145,4814.0,2026-07-07,2026-07-08,upi,17976.48,359.53,64.72,17552.23,settled,False
4146,PAY0004146,4815.0,2026-07-07,2026-08-06,upi,29613.38,592.27,106.61,28914.50,settled,False
4147,PAY0004147,4816.0,2026-07-11,2026-08-10,ota_collect,13746.51,274.93,49.49,13422.09,settled,False
4148,PAY0004148,4817.0,2026-06-30,2026-07-02,card,8540.72,170.81,30.75,8339.16,settled,False
4149,PAY0004149,4818.0,2026-07-10,2026-08-09,card,36386.98,727.74,130.99,35528.25,settled,False
4150,PAY0004150,4819.0,2026-07-12,2026-07-14,ota_collect,9347.36,186.95,33.65,9126.76,settled,False
4151,PAY0004151,4820.0,2026-07-13,2026-07-20,ota_collect,1490.22,29.80,5.36,1455.06,settled,False
4152,PAY0004152,4821.0,2026-07-08,2026-07-10,card,6925.45,138.51,24.93,6762.01,settled,False
4153,PAY0004153,4822.0,2026-06-23,2026-07-02,upi,3755.08,75.10,13.52,3666.46,settled,False
4154,PAY0004154,4823.0,2026-07-14,2026-07-21,wallet,1960.08,39.20,7.06,1913.82,settled,False
4155,PAY0004155,4825.0,2026-05-27,2026-06-26,upi,7379.88,147.60,26.57,7205.71,settled,False
4156,PAY0004156,,2026-07-09,2026-07-11,ota_collect,4498.72,89.97,16.19,4392.56,settled,True
4157,PAY0004157,4827.0,2026-06-02,2026-07-02,card,5095.60,101.91,18.34,4975.35,settled,False
4158,PAY0004158,4828.0,2026-07-13,2026-08-12,upi,5237.81,104.76,18.86,5114.19,captured,False
4159,PAY0004159,4829.0,2026-07-03,2026-07-18,upi,27171.50,543.43,97.82,26530.25,settled,False
4160,PAY0004160,4831.0,2026-07-04,2026-07-06,card,23615.40,472.31,85.02,23058.07,settled,False
4161,PAY0004161,4833.0,2026-06-02,2026-06-03,wallet,33670.08,673.40,121.21,32875.47,settled,False
4162,PAY0004162,4834.0,2026-07-05,2026-07-14,upi,6865.14,137.30,24.71,6703.13,settled,False
4163,PAY0004163,4835.0,2026-07-04,2026-07-13,card,5061.64,101.23,18.22,4942.19,settled,False
4164,PAY0004164,4836.0,2026-07-05,2026-07-14,wallet,7357.00,147.14,26.49,7183.37,settled,False
4165,PAY0004165,4838.0,2026-06-21,2026-07-06,netbanking,3586.81,71.74,12.91,3502.16,settled,False
4166,PAY0004166,4839.0,2026-07-14,2026-07-21,wallet,1200.30,24.01,4.32,1171.97,settled,False
4167,PAY0004167,4840.0,2026-07-09,2026-07-24,ota_collect,14427.88,288.56,51.94,14087.38,settled,False
4168,PAY0004168,4841.0,2026-07-12,2026-08-11,upi,14749.12,294.98,53.10,14401.04,settled,False
4169,PAY0004169,4842.0,2026-07-12,2026-07-14,ota_collect,14876.04,297.52,53.55,14524.97,settled,False
4170,PAY0004170,4843.0,2026-07-14,2026-07-16,card,8605.98,172.12,30.98,8402.88,settled,False
4171,PAY0004171,4844.0,2026-06-28,2026-06-29,upi,52141.20,1042.82,187.71,50910.67,settled,False
4172,PAY0004172,4846.0,2026-07-08,2026-07-23,upi,4049.38,80.99,14.58,3953.81,settled,False
4173,PAY0004173,4848.0,2026-07-13,2026-07-15,upi,15978.45,319.57,57.52,15601.36,settled,False
4174,PAY0004174,4850.0,2026-06-27,2026-07-27,upi,11725.26,234.51,42.21,11448.54,settled,False
4175,PAY0004175,4851.0,2026-07-10,2026-07-11,card,10638.51,212.77,38.30,10387.44,settled,False
4176,PAY0004176,4852.0,2026-07-16,2026-07-23,ota_collect,1494.35,29.89,5.38,1459.08,settled,False
4177,PAY0004177,4853.0,2026-07-14,2026-07-16,ota_collect,7228.02,144.56,26.02,7057.44,settled,False
4178,PAY0004178,4854.0,2026-06-30,2026-07-02,card,20460.60,409.21,73.66,19977.73,settled,False
4179,PAY0004179,4855.0,2026-06-25,2026-06-27,ota_collect,4568.08,91.36,16.44,4460.28,settled,False
4180,PAY0004180,4856.0,2026-06-28,2026-07-28,upi,3464.05,69.28,12.47,3382.30,settled,False
4181,PAY0004181,4857.0,2026-07-06,2026-07-21,ota_collect,6858.30,137.17,24.69,6696.44,settled,False
4182,PAY0004182,4858.0,2026-07-12,2026-07-14,ota_collect,4113.05,82.26,14.81,4015.98,settled,False
4183,PAY0004183,4859.0,2026-07-14,2026-08-13,upi,14482.47,289.65,52.14,14140.68,captured,False
4184,PAY0004184,4860.0,2026-07-08,2026-08-07,upi,30736.34,614.73,110.65,30010.96,settled,False
4185,PAY0004185,4861.0,2026-07-16,2026-07-23,ota_collect,1198.32,23.97,4.31,1170.04,settled,False
4186,PAY0004186,4862.0,2026-07-07,2026-07-16,ota_collect,16889.66,337.79,60.80,16491.07,settled,False
4187,PAY0004187,4863.0,2026-07-10,2026-08-09,card,35287.80,705.76,127.04,34455.00,settled,False
4188,PAY0004188,4864.0,2026-07-13,2026-07-22,card,17727.95,354.56,63.82,17309.57,settled,False
4189,PAY0004189,4865.0,2026-07-17,2026-07-17,card,11685.36,233.71,42.07,11409.58,settled,False
4190,PAY0004190,4866.0,2026-07-01,2026-07-02,upi,25557.99,511.16,92.01,24954.82,settled,False
4191,PAY0004191,4867.0,2026-07-12,2026-08-11,upi,26578.45,531.57,95.68,25951.20,settled,False
4192,PAY0004192,4868.0,2026-07-09,2026-07-11,ota_collect,8888.08,177.76,32.00,8678.32,settled,False
4193,PAY0004193,4869.0,2026-07-15,2026-07-17,ota_collect,3804.14,76.08,13.69,3714.37,settled,False
4194,PAY0004194,4870.0,2026-07-17,2026-07-24,ota_collect,1813.98,36.28,6.53,1771.17,settled,False
4195,PAY0004195,4871.0,2026-07-12,2026-08-11,netbanking,95870.97,1917.42,345.14,93608.41,settled,False
4196,PAY0004196,4872.0,2026-07-11,2026-07-20,ota_collect,11209.17,224.18,40.35,10944.64,settled,False
4197,PAY0004197,4873.0,2026-07-16,2026-07-23,netbanking,1164.71,23.29,4.19,1137.23,settled,False
4198,PAY0004198,4874.0,2026-07-02,2026-07-17,upi,24544.02,490.88,88.36,23964.78,settled,False
4199,PAY0004199,4875.0,2026-07-11,2026-07-20,upi,3924.54,78.49,14.13,3831.92,settled,False
4200,PAY0004200,4876.0,2026-07-04,2026-08-03,ota_collect,24847.08,496.94,89.45,24260.69,settled,False
4201,PAY0004201,4877.0,2026-07-09,2026-07-24,ota_collect,12915.72,258.31,46.50,12610.91,settled,False
4202,PAY0004202,4878.0,2026-07-15,2026-08-14,ota_collect,30593.34,611.87,110.14,29871.33,captured,False
4203,PAY0004203,4879.0,2026-07-14,2026-08-13,upi,42615.87,852.32,153.42,41610.13,captured,False
4204,PAY0004204,4880.0,2026-07-09,2026-07-11,netbanking,6766.80,135.34,24.36,6607.10,settled,False
4205,PAY0004205,4881.0,2026-06-29,2026-07-14,card,13442.28,268.85,48.39,13125.04,settled,False
4206,PAY0004206,4882.0,2026-07-07,2026-07-16,upi,2916.25,58.33,10.50,2847.42,settled,False
4207,PAY0004207,4884.0,2026-07-18,2026-07-18,card,3997.69,79.95,14.39,3903.35,settled,False
4208,PAY0004208,4885.0,2026-07-08,2026-07-17,ota_collect,3519.21,70.38,12.67,3436.16,settled,False
4209,PAY0004209,4886.0,2026-05-28,2026-05-29,card,16556.70,331.13,59.60,16165.97,settled,False
4210,PAY0004210,4887.0,2026-07-15,2026-07-30,upi,4986.35,99.73,17.95,4868.67,settled,False
4211,PAY0004211,4888.0,2026-07-15,2026-08-14,ota_collect,18181.08,363.62,65.45,17752.01,captured,False
4212,PAY0004212,4889.0,2026-04-05,2026-05-05,upi,8071.12,161.42,29.06,7880.64,settled,False
4213,PAY0004213,4890.0,2026-07-05,2026-08-04,upi,3504.19,70.08,12.61,3421.50,settled,False
4214,PAY0004214,4891.0,2026-07-15,2026-07-30,netbanking,10029.97,200.60,36.11,9793.26,settled,False
4215,PAY0004215,4892.0,2026-07-10,2026-07-25,upi,17835.49,356.71,64.21,17414.57,settled,False
4216,PAY0004216,4893.0,2026-07-10,2026-07-25,upi,51943.18,1038.86,186.99,50717.33,settled,False
4217,PAY0004217,4894.0,2026-06-17,2026-07-17,ota_collect,9262.82,185.26,33.35,9044.21,settled,False
4218,PAY0004218,4896.0,2026-07-14,2026-08-13,ota_collect,7585.22,151.70,27.31,7406.21,captured,False
4219,PAY0004219,4897.0,2026-07-20,2026-07-27,upi,931.15,18.62,3.35,909.18,settled,False
4220,PAY0004220,4898.0,2026-07-16,2026-07-16,ota_collect,4320.67,86.41,15.55,4218.71,settled,False
4221,PAY0004221,,2026-07-17,2026-07-26,card,4397.81,87.96,15.83,4294.02,settled,True
4222,PAY0004222,4901.0,2026-07-18,2026-08-02,upi,3400.53,68.01,12.24,3320.28,settled,False
4223,PAY0004223,4902.0,2026-07-04,2026-07-05,netbanking,5523.79,110.48,19.89,5393.42,settled,False
4224,PAY0004224,4903.0,2026-05-31,2026-06-30,upi,3783.44,75.67,13.62,3694.15,settled,False
4225,PAY0004225,4905.0,2026-07-04,2026-07-06,wallet,3778.25,75.56,13.60,3689.09,settled,False
4226,PAY0004226,4906.0,2026-07-21,2026-07-28,upi,1125.72,22.51,4.05,1099.16,settled,False
4227,PAY0004227,4907.0,2026-07-19,2026-08-18,cash,18171.00,0.00,0.00,18171.00,captured,False
4228,PAY0004228,4908.0,2026-07-21,2026-07-28,card,1209.94,24.20,4.36,1181.38,settled,False
4229,PAY0004229,4909.0,2026-07-11,2026-07-26,netbanking,28864.00,577.28,103.91,28182.81,settled,False
4230,PAY0004230,4911.0,2026-07-18,2026-07-20,ota_collect,14304.06,286.08,51.49,13966.49,settled,False
4231,PAY0004231,4912.0,2026-07-13,2026-08-12,ota_collect,14580.24,291.60,52.49,14236.15,settled,False
4232,PAY0004232,4913.0,2026-07-09,2026-07-11,ota_collect,17812.31,356.25,64.12,17391.94,settled,False
4233,PAY0004233,4915.0,2026-07-21,2026-07-28,ota_collect,1050.06,21.00,3.78,1025.28,settled,False
4234,PAY0004234,4916.0,2026-07-08,2026-07-17,card,27780.36,555.61,100.01,27124.74,settled,False
4235,PAY0004235,4917.0,2026-07-16,2026-08-15,netbanking,4499.02,89.98,16.20,4392.84,captured,False
4236,PAY0004236,4918.0,2026-07-07,2026-08-06,upi,66117.70,1322.35,238.02,64557.33,settled,False
4237,PAY0004237,4919.0,2026-07-19,2026-07-28,ota_collect,17283.43,345.67,62.22,16875.54,settled,False
4238,PAY0004238,4920.0,2026-06-12,2026-06-21,upi,10589.18,211.78,38.12,10339.28,settled,False
4239,PAY0004239,4921.0,2026-05-20,2026-05-21,upi,11158.02,223.16,40.17,10894.69,settled,False
4240,PAY0004240,4922.0,2026-07-03,2026-07-05,upi,40932.30,818.65,147.36,39966.29,settled,False
4241,PAY0004241,4923.0,2026-07-08,2026-07-23,upi,5205.51,104.11,18.74,5082.66,settled,False
4242,PAY0004242,4924.0,2026-06-14,2026-06-15,netbanking,25990.20,519.80,93.56,25376.84,settled,False
4243,PAY0004243,4925.0,2026-07-10,2026-07-25,upi,3537.53,70.75,12.73,3454.05,settled,False
4244,PAY0004244,4926.0,2026-07-21,2026-07-28,netbanking,1437.57,28.75,5.17,1403.65,settled,False
4245,PAY0004245,4928.0,2026-07-16,2026-07-17,upi,4612.54,92.25,16.61,4503.68,settled,False
4246,PAY0004246,4930.0,2026-07-18,2026-08-17,netbanking,16126.05,322.52,58.05,15745.48,captured,False
4247,PAY0004247,4931.0,2026-07-17,2026-08-16,card,32635.00,652.70,117.49,31864.81,captured,False
4248,PAY0004248,4932.0,2026-07-08,2026-07-10,upi,9537.00,190.74,34.33,9311.93,settled,False
4249,PAY0004249,4933.0,2026-07-19,2026-08-18,ota_collect,10363.02,207.26,37.31,10118.45,captured,False
4250,PAY0004250,4934.0,2026-07-05,2026-07-14,ota_collect,5165.45,103.31,18.60,5043.54,settled,False
4251,PAY0004251,4937.0,2026-07-06,2026-07-07,wallet,10583.40,211.67,38.10,10333.63,settled,False
4252,PAY0004252,4939.0,2026-07-22,2026-07-29,card,881.68,17.63,3.17,860.88,settled,False
4253,PAY0004253,4941.0,2026-07-16,2026-08-15,wallet,14637.39,292.75,52.70,14291.94,captured,False
4254,PAY0004254,4943.0,2026-06-20,2026-07-05,upi,16955.01,339.10,61.04,16554.87,settled,False
4255,PAY0004255,4945.0,2026-07-04,2026-07-19,netbanking,15293.73,305.87,55.06,14932.80,settled,False
4256,PAY0004256,4946.0,2026-07-14,2026-07-29,wallet,3927.34,78.55,14.14,3834.65,settled,False
4257,PAY0004257,4947.0,2026-07-13,2026-07-15,card,4171.96,83.44,15.02,4073.50,settled,False
4258,PAY0004258,4948.0,2026-07-23,2026-07-30,ota_collect,974.16,19.48,3.51,951.17,settled,False
4259,PAY0004259,4950.0,2026-06-23,2026-07-02,netbanking,4267.08,85.34,15.36,4166.38,settled,False
4260,PAY0004260,4951.0,2026-07-19,2026-08-18,netbanking,9545.68,190.91,34.36,9320.41,captured,False
4261,PAY0004261,4952.0,2026-07-23,2026-07-23,upi,12401.07,248.02,44.64,12108.41,settled,False
4262,PAY0004262,4953.0,2026-07-06,2026-07-15,card,8321.52,166.43,29.96,8125.13,settled,False
4263,PAY0004263,4954.0,2026-07-18,2026-07-19,ota_collect,13957.80,279.16,50.25,13628.39,settled,False
4264,PAY0004264,4955.0,2026-06-22,2026-07-07,wallet,13294.45,265.89,47.86,12980.70,settled,False
4265,PAY0004265,4956.0,2026-07-21,2026-07-23,ota_collect,15979.72,319.59,57.53,15602.60,settled,False
4266,PAY0004266,4957.0,2026-07-18,2026-07-20,upi,13910.31,278.21,50.08,13582.02,settled,False
4267,PAY0004267,4960.0,2026-07-15,2026-07-30,card,6325.75,126.52,22.77,6176.46,settled,False
4268,PAY0004268,4961.0,2026-07-25,2026-08-24,ota_collect,24279.02,485.58,87.40,23706.04,captured,False
4269,PAY0004269,4962.0,2026-07-17,2026-07-18,cash,3306.22,0.00,0.00,3306.22,settled,False
4270,PAY0004270,4964.0,2026-07-25,2026-08-01,ota_collect,964.31,19.29,3.47,941.55,settled,False
4271,PAY0004271,4965.0,2026-07-24,2026-08-02,upi,7515.05,150.30,27.05,7337.70,settled,False
4272,PAY0004272,4966.0,2026-07-17,2026-07-26,upi,6814.85,136.30,24.53,6654.02,settled,False
4273,PAY0004273,4967.0,2026-07-25,2026-07-25,ota_collect,4227.73,84.55,15.22,4127.96,settled,False
4274,PAY0004274,4968.0,2026-07-25,2026-08-09,ota_collect,3301.43,66.03,11.89,3223.51,settled,False
4275,PAY0004275,4969.0,2026-07-05,2026-07-20,upi,2955.76,59.12,10.64,2886.00,settled,False
4276,PAY0004276,4970.0,2026-07-16,2026-07-31,ota_collect,9538.62,190.77,34.34,9313.51,settled,False
4277,PAY0004277,4972.0,2026-07-24,2026-08-23,upi,23022.54,460.45,82.88,22479.21,captured,False
4278,PAY0004278,4973.0,2026-07-25,2026-08-24,upi,31387.49,627.75,112.99,30646.75,captured,False
4279,PAY0004279,4974.0,2026-06-20,2026-07-05,ota_collect,13377.40,267.55,48.16,13061.69,settled,False
4280,PAY0004280,4975.0,2026-07-23,2026-08-07,netbanking,16506.28,330.13,59.42,16116.73,settled,False
4281,PAY0004281,4976.0,2026-07-04,2026-07-13,upi,13391.84,267.84,48.21,13075.79,settled,False
4282,PAY0004282,4977.0,2026-06-29,2026-07-08,ota_collect,3632.13,72.64,13.08,3546.41,settled,False
4283,PAY0004283,4978.0,2026-07-21,2026-07-23,upi,4282.40,85.65,15.42,4181.33,settled,False
4284,PAY0004284,4979.0,2026-07-16,2026-08-15,wallet,7259.96,145.20,26.14,7088.62,captured,False
4285,PAY0004285,4980.0,2026-07-11,2026-07-26,ota_collect,5141.73,102.83,18.51,5020.39,settled,False
4286,PAY0004286,4981.0,2026-07-19,2026-07-21,ota_collect,4835.14,96.70,17.41,4721.03,settled,False
4287,PAY0004287,4983.0,2026-07-21,2026-08-20,ota_collect,18633.32,372.67,67.08,18193.57,captured,False
4288,PAY0004288,4984.0,2026-07-27,2026-08-03,card,1489.20,29.78,5.36,1454.06,settled,False
4289,PAY0004289,,2026-07-26,2026-08-02,upi,1375.73,27.51,4.95,1343.27,settled,True
4290,PAY0004290,4986.0,2026-07-15,2026-07-30,ota_collect,3681.29,73.63,13.25,3594.41,settled,False
4291,PAY0004291,4987.0,2026-07-24,2026-08-23,card,113568.16,2271.36,408.84,110887.96,captured,False
4292,PAY0004292,4988.0,2026-07-05,2026-07-14,netbanking,20156.75,403.13,72.56,19681.06,settled,False
4293,PAY0004293,4989.0,2026-07-24,2026-07-26,card,9067.78,181.36,32.64,8853.78,settled,False
4294,PAY0004294,4990.0,2026-07-27,2026-08-03,card,1392.96,27.86,5.01,1360.09,settled,False
4295,PAY0004295,4991.0,2026-07-09,2026-07-11,ota_collect,5540.74,110.81,19.95,5409.98,settled,False
4296,PAY0004296,4992.0,2026-07-17,2026-07-18,netbanking,7238.52,144.77,26.06,7067.69,settled,False
4297,PAY0004297,4993.0,2026-07-08,2026-07-23,upi,5492.89,109.86,19.77,5363.26,settled,False
4298,PAY0004298,4994.0,2026-07-04,2026-07-19,ota_collect,3604.73,72.09,12.98,3519.66,settled,False
4299,PAY0004299,4995.0,2026-07-12,2026-07-27,card,15755.96,315.12,56.72,15384.12,settled,False
4300,PAY0004300,4996.0,2026-07-16,2026-07-31,card,5466.25,109.33,19.68,5337.24,settled,False
4301,PAY0004301,4997.0,2026-07-19,2026-08-03,upi,3798.39,75.97,13.67,3708.75,settled,False
4302,PAY0004302,4998.0,2026-07-14,2026-07-29,upi,42299.88,846.00,152.28,41301.60,settled,False
4303,PAY0004303,4999.0,2026-07-19,2026-08-18,upi,53065.26,1061.31,191.04,51812.91,captured,False
4304,PAY0004304,5000.0,2026-07-25,2026-08-03,card,11109.87,222.20,40.00,10847.67,settled,False
4305,PAY0004305,5002.0,2026-07-10,2026-07-19,ota_collect,7274.46,145.49,26.19,7102.78,settled,False
4306,PAY0004306,5003.0,2026-07-25,2026-07-27,upi,6360.10,127.20,22.90,6210.00,settled,False
4307,PAY0004307,5004.0,2026-07-24,2026-07-26,ota_collect,39908.43,798.17,143.67,38966.59,settled,False
4308,PAY0004308,,2026-07-27,2026-07-29,upi,5605.62,112.11,20.18,5473.33,settled,True
4309,PAY0004309,5007.0,2026-05-11,2026-05-12,ota_collect,7342.55,146.85,26.43,7169.27,settled,False
4310,PAY0004310,5008.0,2026-07-23,2026-07-25,ota_collect,3473.96,69.48,12.51,3391.97,settled,False
4311,PAY0004311,5009.0,2026-07-20,2026-08-04,wallet,8843.03,176.86,31.83,8634.34,settled,False
4312,PAY0004312,5010.0,2026-07-23,2026-07-24,ota_collect,3873.90,77.48,13.95,3782.47,settled,False
4313,PAY0004313,5011.0,2026-07-27,2026-08-11,upi,20778.20,415.56,74.80,20287.84,settled,False
4314,PAY0004314,5012.0,2026-07-25,2026-07-27,netbanking,12625.50,252.51,45.45,12327.54,settled,False
4315,PAY0004315,5014.0,2026-07-05,2026-07-14,upi,25030.74,500.61,90.11,24440.02,settled,False
4316,PAY0004316,5015.0,2026-07-23,2026-08-22,card,8442.38,168.85,30.39,8243.14,captured,False
4317,PAY0004317,5016.0,2026-07-28,2026-07-30,upi,7231.14,144.62,26.03,7060.49,settled,False
4318,PAY0004318,5017.0,2026-07-28,2026-08-04,ota_collect,2056.61,41.13,7.40,2008.08,settled,False
4319,PAY0004319,5018.0,2026-07-30,2026-07-30,cash,3751.97,0.00,0.00,3751.97,settled,False
4320,PAY0004320,5019.0,2026-07-12,2026-08-11,cash,42088.68,0.00,0.00,42088.68,settled,False
4321,PAY0004321,5020.0,2026-07-26,2026-08-25,ota_collect,7823.74,156.47,28.16,7639.11,captured,False
4322,PAY0004322,5021.0,2026-07-29,2026-08-05,upi,1279.23,25.58,4.60,1249.05,settled,False
4323,PAY0004323,5023.0,2026-07-30,2026-08-06,upi,1150.07,23.00,4.14,1122.93,settled,False
4324,PAY0004324,5025.0,2026-07-26,2026-08-25,card,20618.84,412.38,74.23,20132.23,captured,False
4325,PAY0004325,5026.0,2026-07-19,2026-07-21,ota_collect,6885.59,137.71,24.79,6723.09,settled,False
4326,PAY0004326,5027.0,2026-07-23,2026-08-22,card,14842.75,296.86,53.43,14492.46,captured,False
4327,PAY0004327,5028.0,2026-07-09,2026-07-11,card,6649.90,133.00,23.94,6492.96,settled,False
4328,PAY0004328,5029.0,2026-07-20,2026-07-22,upi,25775.45,515.51,92.79,25167.15,settled,False
4329,PAY0004329,5030.0,2026-07-31,2026-08-07,card,1258.12,25.16,4.53,1228.43,settled,False
4330,PAY0004330,5031.0,2026-07-19,2026-07-28,card,11519.74,230.39,41.47,11247.88,settled,False
4331,PAY0004331,5032.0,2026-07-10,2026-08-09,cash,27445.00,0.00,0.00,27445.00,settled,False
4332,PAY0004332,5033.0,2026-07-28,2026-08-27,upi,3553.12,71.06,12.79,3469.27,captured,False
4333,PAY0004333,5034.0,2026-07-31,2026-07-31,ota_collect,10053.32,201.07,36.19,9816.06,settled,False
4334,PAY0004334,5038.0,2026-07-31,2026-08-07,ota_collect,1216.59,24.33,4.38,1187.88,settled,False
4335,PAY0004335,5039.0,2026-07-28,2026-07-30,upi,15228.76,304.58,54.82,14869.36,settled,False
4336,PAY0004336,5040.0,2026-07-09,2026-07-10,ota_collect,9150.95,183.02,32.94,8934.99,settled,False
4337,PAY0004337,5041.0,2026-07-26,2026-08-25,netbanking,8014.66,160.29,28.85,7825.52,captured,False
4338,PAY0004338,5042.0,2026-07-26,2026-07-28,card,8940.50,178.81,32.19,8729.50,settled,False
4339,PAY0004339,5043.0,2026-07-18,2026-07-20,ota_collect,12849.26,256.99,46.26,12546.01,settled,False
4340,PAY0004340,5044.0,2026-07-30,2026-08-14,ota_collect,24893.10,497.86,89.61,24305.63,captured,False
4341,PAY0004341,5045.0,2026-07-28,2026-08-06,ota_collect,12041.94,240.84,43.35,11757.75,settled,False
4342,PAY0004342,5046.0,2026-07-25,2026-07-27,upi,9296.48,185.93,33.47,9077.08,settled,False
4343,PAY0004343,5048.0,2026-07-20,2026-08-04,upi,3484.28,69.69,12.54,3402.05,settled,False
4344,PAY0004344,5049.0,2026-07-15,2026-07-16,ota_collect,7935.12,158.70,28.57,7747.85,settled,False
4345,PAY0004345,5050.0,2026-07-21,2026-08-05,upi,10707.60,214.15,38.55,10454.90,settled,False
4346,PAY0004346,5051.0,2026-07-26,2026-08-04,ota_collect,8105.60,162.11,29.18,7914.31,settled,False
4347,PAY0004347,5052.0,2026-07-27,2026-08-11,cash,3314.79,0.00,0.00,3314.79,settled,False
4348,PAY0004348,5053.0,2026-07-29,2026-07-30,ota_collect,12577.59,251.55,45.28,12280.76,settled,False
4349,PAY0004349,5054.0,2026-07-08,2026-07-09,ota_collect,12502.48,250.05,45.01,12207.42,settled,False
4350,PAY0004350,5055.0,2026-07-17,2026-07-19,ota_collect,4234.65,84.69,15.24,4134.72,settled,False
4351,PAY0004351,5056.0,2026-07-26,2026-07-27,upi,3167.19,63.34,11.40,3092.45,settled,False
4352,PAY0004352,5057.0,2026-07-27,2026-08-26,card,44808.21,896.16,161.31,43750.74,captured,False
4353,PAY0004353,5058.0,2026-08-01,2026-08-31,upi,17531.90,350.64,63.12,17118.14,captured,False
4354,PAY0004354,5059.0,2026-07-30,2026-08-29,ota_collect,7488.02,149.76,26.96,7311.30,captured,False
4355,PAY0004355,5060.0,2026-07-31,2026-08-15,upi,9868.90,197.38,35.53,9635.99,captured,False
4356,PAY0004356,5062.0,2026-07-28,2026-07-30,card,20271.50,405.43,72.98,19793.09,settled,False
4357,PAY0004357,5063.0,2026-07-28,2026-07-30,ota_collect,28763.84,575.28,103.55,28085.01,settled,False
4358,PAY0004358,5064.0,2026-08-01,2026-08-02,upi,50657.01,1013.14,182.37,49461.50,settled,False
4359,PAY0004359,5065.0,2026-07-15,2026-07-17,card,7050.50,141.01,25.38,6884.11,settled,False
4360,PAY0004360,5066.0,2026-07-17,2026-08-01,ota_collect,12661.29,253.23,45.58,12362.48,settled,False
4361,PAY0004361,5067.0,2026-08-01,2026-08-03,card,13326.00,266.52,47.97,13011.51,settled,False
4362,PAY0004362,5069.0,2026-07-18,2026-08-02,upi,7366.06,147.32,26.52,7192.22,settled,False
4363,PAY0004363,5071.0,2026-07-29,2026-08-13,ota_collect,12905.78,258.12,46.46,12601.20,captured,False
4364,PAY0004364,5072.0,2026-08-01,2026-08-03,ota_collect,17853.55,357.07,64.27,17432.21,settled,False
4365,PAY0004365,5073.0,2026-07-23,2026-08-01,ota_collect,6663.18,133.26,23.99,6505.93,settled,False
4366,PAY0004366,5074.0,2026-06-21,2026-06-22,upi,4721.19,94.42,17.00,4609.77,settled,False
4367,PAY0004367,5075.0,2026-07-30,2026-08-14,card,12909.92,258.20,46.48,12605.24,captured,False
4368,PAY0004368,5076.0,2026-07-16,2026-07-18,card,8825.58,176.51,31.77,8617.30,settled,False
4369,PAY0004369,5077.0,2026-07-28,2026-08-27,ota_collect,63350.70,1267.01,228.06,61855.63,captured,False
4370,PAY0004370,5078.0,2026-07-29,2026-08-13,upi,10467.58,209.35,37.68,10220.55,captured,False
4371,PAY0004371,5080.0,2026-08-03,2026-09-02,cash,23251.71,0.00,0.00,23251.71,captured,False
4372,PAY0004372,5081.0,2026-07-28,2026-08-27,upi,22040.82,440.82,79.35,21520.65,captured,False
4373,PAY0004373,5082.0,2026-07-17,2026-07-26,ota_collect,12361.62,247.23,44.50,12069.89,settled,False
4374,PAY0004374,5083.0,2026-07-16,2026-07-25,ota_collect,17147.99,342.96,61.73,16743.30,settled,False
4375,PAY0004375,5085.0,2026-07-22,2026-07-31,upi,4376.54,87.53,15.76,4273.25,settled,False
4376,PAY0004376,5086.0,2026-06-21,2026-06-23,netbanking,8204.42,164.09,29.54,8010.79,settled,False
4377,PAY0004377,5088.0,2026-07-29,2026-08-28,upi,93186.86,1863.74,335.47,90987.65,captured,False
4378,PAY0004378,5089.0,2026-07-29,2026-07-30,card,15452.50,309.05,55.63,15087.82,settled,False
4379,PAY0004379,5090.0,2026-07-18,2026-07-20,upi,7889.96,157.80,28.40,7703.76,settled,False
4380,PAY0004380,5091.0,2026-07-17,2026-08-16,ota_collect,10233.40,204.67,36.84,9991.89,captured,False
4381,PAY0004381,5092.0,2026-07-11,2026-07-20,ota_collect,15774.06,315.48,56.79,15401.79,settled,False
4382,PAY0004382,5094.0,2026-07-23,2026-07-25,upi,39189.69,783.79,141.08,38264.82,settled,False
4383,PAY0004383,5095.0,2026-07-20,2026-08-19,cash,9960.49,0.00,0.00,9960.49,captured,False
4384,PAY0004384,5096.0,2026-07-30,2026-08-08,card,8585.95,171.72,30.91,8383.32,settled,False
4385,PAY0004385,5098.0,2026-07-29,2026-08-07,netbanking,8066.16,161.32,29.04,7875.80,settled,False
4386,PAY0004386,5099.0,2026-07-19,2026-08-18,ota_collect,15675.33,313.51,56.43,15305.39,captured,False
4387,PAY0004387,5100.0,2026-07-30,2026-08-29,card,19592.00,391.84,70.53,19129.63,captured,False
4388,PAY0004388,5101.0,2026-07-27,2026-08-26,upi,30686.06,613.72,110.47,29961.87,captured,False
4389,PAY0004389,5102.0,2026-07-07,2026-07-08,cash,8632.66,0.00,0.00,8632.66,settled,False
4390,PAY0004390,5103.0,2026-07-29,2026-08-13,netbanking,15230.67,304.61,54.83,14871.23,captured,False
4391,PAY0004391,5104.0,2026-07-27,2026-08-26,netbanking,31781.55,635.63,114.41,31031.51,captured,False
4392,PAY0004392,5105.0,2026-06-15,2026-06-24,upi,3630.40,72.61,13.07,3544.72,settled,False
4393,PAY0004393,5106.0,2026-07-31,2026-08-30,upi,8931.46,178.63,32.15,8720.68,captured,False
4394,PAY0004394,5107.0,2026-07-23,2026-08-01,upi,41612.96,832.26,149.81,40630.89,settled,False
4395,PAY0004395,5108.0,2026-07-20,2026-08-19,ota_collect,4243.22,84.86,15.27,4143.09,captured,False
4396,PAY0004396,5109.0,2026-07-25,2026-07-27,ota_collect,5356.10,107.12,19.28,5229.70,settled,False
4397,PAY0004397,5110.0,2026-07-28,2026-08-06,wallet,24649.20,492.98,88.74,24067.48,settled,False
4398,PAY0004398,5111.0,2026-07-29,2026-08-13,upi,13022.49,260.45,46.88,12715.16,captured,False
4399,PAY0004399,5113.0,2026-08-06,2026-09-05,card,66328.16,1326.56,238.78,64762.82,captured,False
4400,PAY0004400,5115.0,2026-08-01,2026-08-10,ota_collect,10656.04,213.12,38.36,10404.56,settled,False
4401,PAY0004401,5116.0,2026-08-07,2026-08-14,ota_collect,1136.11,22.72,4.09,1109.30,captured,False
4402,PAY0004402,5117.0,2026-07-31,2026-08-09,netbanking,34203.50,684.07,123.13,33396.30,settled,False
4403,PAY0004403,5118.0,2026-06-10,2026-06-11,ota_collect,3885.46,77.71,13.99,3793.76,settled,False
4404,PAY0004404,5119.0,2026-08-01,2026-08-03,upi,12070.01,241.40,43.45,11785.16,settled,False
4405,PAY0004405,5120.0,2026-07-29,2026-08-07,ota_collect,5521.68,110.43,19.88,5391.37,settled,False
4406,PAY0004406,5121.0,2026-07-22,2026-08-21,ota_collect,126474.90,2529.50,455.31,123490.09,captured,False
4407,PAY0004407,5122.0,2026-08-03,2026-08-10,netbanking,1222.02,24.44,4.40,1193.18,settled,False
4408,PAY0004408,5123.0,2026-08-04,2026-08-13,cash,6566.40,0.00,0.00,6566.40,captured,False
4409,PAY0004409,5124.0,2026-07-14,2026-07-29,card,3921.32,78.43,14.12,3828.77,settled,False
4410,PAY0004410,5125.0,2026-08-06,2026-09-05,upi,9507.54,190.15,34.23,9283.16,captured,False
4411,PAY0004411,5126.0,2026-08-01,2026-08-16,card,6638.10,132.76,23.90,6481.44,captured,False
4412,PAY0004412,5127.0,2026-07-23,2026-08-22,upi,48189.92,963.80,173.48,47052.64,captured,False
4413,PAY0004413,5129.0,2026-07-26,2026-08-04,ota_collect,10474.59,209.49,37.71,10227.39,settled,False
4414,PAY0004414,5130.0,2026-08-04,2026-09-03,ota_collect,13506.42,270.13,48.62,13187.67,captured,False
4415,PAY0004415,5131.0,2026-08-08,2026-08-15,card,1098.59,21.97,3.95,1072.67,captured,False
4416,PAY0004416,5132.0,2026-07-23,2026-07-24,upi,25467.39,509.35,91.68,24866.36,settled,False
4417,PAY0004417,5133.0,2026-05-04,2026-06-03,upi,13080.50,261.61,47.09,12771.80,settled,False
4418,PAY0004418,5134.0,2026-08-01,2026-08-03,upi,4150.83,83.02,14.94,4052.87,settled,False
4419,PAY0004419,5135.0,2026-08-07,2026-09-06,upi,13689.29,273.79,49.28,13366.22,captured,False
4420,PAY0004420,5136.0,2026-08-03,2026-08-18,upi,7573.64,151.47,27.26,7394.91,captured,False
4421,PAY0004421,5137.0,2026-08-05,2026-08-06,card,12585.42,251.71,45.31,12288.40,settled,False
4422,PAY0004422,5138.0,2026-07-28,2026-08-06,card,3935.38,78.71,14.17,3842.50,settled,False
4423,PAY0004423,5139.0,2026-07-09,2026-07-11,card,24762.06,495.24,89.14,24177.68,settled,False
4424,PAY0004424,5140.0,2026-07-25,2026-08-24,upi,86753.77,1735.08,312.31,84706.38,captured,False
4425,PAY0004425,5141.0,2026-08-06,2026-08-08,ota_collect,25702.71,514.05,92.53,25096.13,settled,False
4426,PAY0004426,5142.0,2026-07-16,2026-07-25,upi,2988.30,59.77,10.76,2917.77,settled,False
4427,PAY0004427,5143.0,2026-08-06,2026-08-21,ota_collect,3541.97,70.84,12.75,3458.38,captured,False
4428,PAY0004428,5144.0,2026-08-08,2026-09-07,card,29322.54,586.45,105.56,28630.53,captured,False
4429,PAY0004429,5145.0,2026-07-29,2026-07-31,wallet,8564.84,171.30,30.83,8362.71,settled,False
4430,PAY0004430,5146.0,2026-07-30,2026-08-01,ota_collect,9262.86,185.26,33.35,9044.25,settled,False
4431,PAY0004431,5150.0,2026-07-08,2026-08-07,ota_collect,3797.26,75.95,13.67,3707.64,settled,False
4432,PAY0004432,5151.0,2026-07-26,2026-08-25,ota_collect,11230.38,224.61,40.43,10965.34,captured,False
4433,PAY0004433,5152.0,2026-08-04,2026-09-03,ota_collect,46387.89,927.76,167.00,45293.13,captured,False
4434,PAY0004434,5153.0,2026-08-01,2026-08-03,card,11308.32,226.17,40.71,11041.44,settled,False
4435,PAY0004435,5154.0,2026-07-30,2026-08-29,ota_collect,42520.14,850.40,153.07,41516.67,captured,False
4436,PAY0004436,5155.0,2026-08-09,2026-08-16,upi,1496.85,29.94,5.39,1461.52,captured,False
4437,PAY0004437,5156.0,2026-08-08,2026-08-10,card,24751.08,495.02,89.10,24166.96,settled,False
4438,PAY0004438,5157.0,2026-08-07,2026-08-09,upi,4252.43,85.05,15.31,4152.07,settled,False
4439,PAY0004439,5158.0,2026-08-06,2026-09-05,upi,43353.00,867.06,156.07,42329.87,captured,False
4440,PAY0004440,5159.0,2026-08-08,2026-09-07,upi,4419.13,88.38,15.91,4314.84,captured,False
4441,PAY0004441,5160.0,2026-08-04,2026-09-03,upi,36581.27,731.63,131.69,35717.95,captured,False
4442,PAY0004442,5161.0,2026-08-01,2026-08-10,ota_collect,10040.22,200.80,36.14,9803.28,settled,False
4443,PAY0004443,5162.0,2026-08-11,2026-08-18,ota_collect,1272.47,25.45,4.58,1242.44,captured,False
4444,PAY0004444,5163.0,2026-08-08,2026-08-17,upi,10937.50,218.75,39.38,10679.37,captured,False
4445,PAY0004445,5164.0,2026-07-23,2026-08-07,upi,9066.96,181.34,32.64,8852.98,settled,False
4446,PAY0004446,5165.0,2026-08-07,2026-08-16,card,5399.69,107.99,19.44,5272.26,captured,False
4447,PAY0004447,5166.0,2026-08-10,2026-09-09,upi,4897.33,97.95,17.63,4781.75,captured,False
4448,PAY0004448,5167.0,2026-08-07,2026-09-06,cash,3621.13,0.00,0.00,3621.13,captured,False
4449,PAY0004449,5168.0,2026-07-27,2026-08-05,ota_collect,10200.20,204.00,36.72,9959.48,settled,False
4450,PAY0004450,5169.0,2026-08-07,2026-08-09,netbanking,4103.90,82.08,14.77,4007.05,settled,False
4451,PAY0004451,5171.0,2026-08-11,2026-08-18,card,1411.20,28.22,5.08,1377.90,captured,False
4452,PAY0004452,5173.0,2025-11-11,2025-11-26,upi,22990.00,459.80,82.76,22447.44,settled,False
4453,PAY0004453,5174.0,2026-06-29,2026-07-14,card,5342.22,106.84,19.23,5216.15,settled,False
4454,PAY0004454,5175.0,2025-01-29,2025-02-28,ota_collect,2989.92,59.80,10.76,2919.36,settled,False
4455,PAY0004455,5177.0,2026-03-09,2026-03-24,netbanking,30289.84,605.80,109.04,29575.00,settled,False
4456,PAY0004456,5178.0,2026-07-04,2026-08-03,netbanking,24847.08,496.94,89.45,24260.69,settled,False
4457,PAY0004457,5180.0,2026-06-18,2026-07-18,ota_collect,10755.54,215.11,38.72,10501.71,settled,False
4458,PAY0004458,5182.0,2025-02-19,2025-03-21,ota_collect,14182.76,283.66,51.06,13848.04,settled,False
4459,PAY0004459,5184.0,2025-07-19,2025-08-03,upi,4219.93,84.40,15.19,4120.34,settled,False
4460,PAY0004460,5185.0,2026-07-15,2026-08-14,ota_collect,18181.08,363.62,65.45,17752.01,captured,False
4461,PAY0004461,5186.0,2026-01-10,2026-01-17,netbanking,1215.44,24.31,4.38,1186.75,settled,False
4462,PAY0004462,5188.0,2026-08-01,2026-08-03,ota_collect,12070.01,241.40,43.45,11785.16,settled,False
4463,PAY0004463,5189.0,2026-06-20,2026-07-20,ota_collect,28694.38,573.89,103.30,28017.19,settled,False
4464,PAY0004464,5191.0,2025-10-21,2025-11-05,upi,56027.28,1120.55,201.70,54705.03,settled,False
4465,PAY0004465,5192.0,2025-12-31,2026-01-30,card,39082.83,781.66,140.70,38160.47,settled,False
4466,PAY0004466,5193.0,2025-04-19,2025-04-28,upi,3830.46,76.61,13.79,3740.06,settled,False
4467,PAY0004467,5194.0,2025-12-14,2025-12-21,card,919.12,18.38,3.31,897.43,settled,False
4468,PAY0004468,5195.0,2026-04-27,2026-05-04,upi,1232.65,24.65,4.44,1203.56,settled,False
4469,PAY0004469,5197.0,2026-04-27,2026-05-04,ota_collect,1147.34,22.95,4.13,1120.26,settled,False
4470,PAY0004470,5198.0,2025-10-18,2025-10-19,card,34714.33,694.29,124.97,33895.07,settled,False
4471,PAY0004471,5199.0,2025-04-22,2025-05-22,upi,27013.86,540.28,97.25,26376.33,settled,False
4472,PAY0004472,5200.0,2026-03-12,2026-03-14,card,6388.74,127.77,23.00,6237.97,settled,False
4473,PAY0004473,5201.0,2026-02-18,2026-02-27,upi,4337.30,86.75,15.62,4234.93,settled,False
4474,PAY0004474,5202.0,2025-09-08,2025-09-08,upi,22697.00,453.94,81.71,22161.35,settled,False
4475,PAY0004475,5203.0,2025-02-18,2025-03-05,upi,8991.46,179.83,32.37,8779.26,settled,False
4476,PAY0004476,5204.0,2026-04-20,2026-05-20,wallet,10785.84,215.72,38.83,10531.29,settled,False
4477,PAY0004477,5205.0,2025-01-31,2025-02-09,upi,5034.52,100.69,18.12,4915.71,settled,False
4478,PAY0004478,5206.0,2026-05-19,2026-06-18,card,19367.16,387.34,69.72,18910.10,settled,False
4479,PAY0004479,5207.0,2026-07-16,2026-07-25,netbanking,17147.99,342.96,61.73,16743.30,settled,False
4480,PAY0004480,5208.0,2025-08-28,2025-09-04,upi,1284.47,25.69,4.62,1254.16,settled,False
4481,PAY0004481,5209.0,2026-06-08,2026-06-08,ota_collect,4238.72,84.77,15.26,4138.69,settled,False
4482,PAY0004482,5210.0,2025-10-02,2025-11-01,upi,79335.64,1586.71,285.61,77463.32,settled,False
4483,PAY0004483,5211.0,2025-08-02,2025-09-01,ota_collect,13696.02,273.92,49.31,13372.79,settled,False
4484,PAY0004484,5213.0,2025-10-10,2025-10-17,card,1116.76,22.34,4.02,1090.40,settled,False
4485,PAY0004485,5214.0,2025-08-09,2025-08-11,upi,5161.89,103.24,18.58,5040.07,settled,False
4486,PAY0004486,5215.0,2026-04-19,2026-04-21,ota_collect,37529.45,750.59,135.11,36643.75,settled,False
4487,PAY0004487,5216.0,2026-05-03,2026-05-12,upi,7575.42,151.51,27.27,7396.64,settled,False
4488,PAY0004488,5217.0,2025-09-04,2025-09-11,ota_collect,955.89,19.12,3.44,933.33,settled,False
4489,PAY0004489,5218.0,2026-02-27,2026-03-14,card,5129.96,102.60,18.47,5008.89,settled,False
4490,PAY0004490,5219.0,2026-07-29,2026-08-13,ota_collect,10467.58,209.35,37.68,10220.55,captured,False
4491,PAY0004491,5220.0,2025-07-28,2025-07-30,upi,16267.24,325.34,58.56,15883.34,settled,False
4492,PAY0004492,5221.0,2026-07-11,2026-07-20,netbanking,11209.17,224.18,40.35,10944.64,settled,False
4493,PAY0004493,5222.0,2025-04-22,2025-05-22,netbanking,7012.66,140.25,25.24,6847.17,settled,False
4494,PAY0004494,5223.0,2026-02-03,2026-02-12,ota_collect,15848.56,316.97,57.05,15474.54,settled,False
4495,PAY0004495,5224.0,2025-08-26,2025-09-25,upi,29279.04,585.58,105.40,28588.06,settled,False
4496,PAY0004496,5226.0,2026-03-04,2026-03-06,upi,10203.08,204.06,36.73,9962.29,settled,False
4497,PAY0004497,5227.0,2026-02-11,2026-03-13,upi,4127.33,82.55,14.86,4029.92,settled,False
4498,PAY0004498,5228.0,2026-02-11,2026-02-18,upi,1483.33,29.67,5.34,1448.32,settled,False
