booking_key,booking_id,guest_key,property_key,channel_key,booking_date,check_in_date,check_out_date,cancel_date,stay_type,status,is_cancelled,nights,lead_time_days,net_room_amount_inr,discount_inr,commission_inr,nightly_rate_inr,has_business_date_drift
1,BK0000001,1717,1,7,2025-02-01,2025-02-01,2025-02-01,,microstay,checked_out,False,0,0,1722.69,90.67,206.72,1722.69,False
2,BK0000002,4074,1,5,2025-01-26,2025-02-01,2025-02-06,,nightly,checked_out,False,5,6,28475.30,1498.70,0.00,5695.06,False
3,BK0000003,7461,1,6,2025-01-30,2025-02-01,2025-02-02,2025-02-01,nightly,cancelled,True,1,2,3896.24,0.00,0.00,3896.24,False
4,BK0000004,7985,1,1,2025-01-28,2025-02-01,2025-02-03,,nightly,checked_out,False,2,4,9925.42,0.00,1985.08,4962.71,False
5,BK0000005,8781,1,6,2025-01-15,2025-02-01,2025-02-03,,nightly,checked_out,False,2,17,6468.28,0.00,0.00,3234.14,False
6,BK0000006,3750,1,3,2025-01-27,2025-02-01,2025-02-06,,nightly,checked_out,False,5,5,16815.85,0.00,3026.85,3363.17,False
7,BK0000007,6129,2,7,2025-02-01,2025-02-01,2025-02-01,,microstay,checked_out,False,0,0,1286.38,0.00,154.37,1286.38,False
8,BK0000008,6086,2,6,2025-01-26,2025-02-01,2025-02-06,,nightly,checked_out,False,5,6,22622.10,0.00,0.00,4524.42,False
9,BK0000009,6814,2,6,2025-01-29,2025-02-01,2025-02-03,,nightly,checked_out,False,2,3,5877.16,1037.14,0.00,2938.58,False
10,BK0000010,317,2,1,2025-01-09,2025-02-01,2025-02-03,2025-01-11,nightly,cancelled,True,2,23,7718.10,0.00,1543.62,3859.05,False
11,BK0000011,2347,1,6,2025-01-28,2025-02-02,2025-02-06,,nightly,checked_out,False,4,5,19770.92,0.00,0.00,4942.73,False
12,BK0000012,9299,1,1,2025-01-12,2025-02-02,2025-02-03,2025-01-24,nightly,cancelled,True,1,21,3940.23,0.00,788.05,3940.23,False
13,BK0000013,8050,1,1,2025-01-19,2025-02-02,2025-02-03,,nightly,checked_out,False,1,14,3329.19,587.50,665.84,3329.19,False
14,BK0000014,9131,1,1,2025-01-31,2025-02-02,2025-02-04,,nightly,checked_out,False,2,2,8663.34,455.96,1732.67,4331.67,False
15,BK0000015,2603,1,1,2025-01-20,2025-02-02,2025-02-04,,nightly,checked_out,False,2,13,7797.50,0.00,1559.50,3898.75,False
16,BK0000016,3937,1,1,2025-01-27,2025-02-02,2025-02-05,,nightly,checked_out,False,3,6,8723.55,0.00,1744.71,2907.85,False
17,BK0000017,942,2,5,2025-01-23,2025-02-02,2025-02-05,,nightly,checked_out,False,3,10,19580.13,0.00,0.00,6526.71,False
18,BK0000018,3921,2,2,2025-01-20,2025-02-02,2025-02-03,,nightly,checked_out,False,1,13,4110.48,0.00,698.78,4110.48,False
19,BK0000019,3933,1,2,2025-01-31,2025-02-03,2025-02-04,,nightly,checked_out,False,1,3,5034.52,0.00,855.87,5034.52,False
20,BK0000020,8000,1,1,2025-01-31,2025-02-03,2025-02-04,,nightly,checked_out,False,1,3,5306.16,0.00,1061.23,5306.16,False
21,BK0000021,8834,1,5,2025-01-30,2025-02-03,2025-02-05,,nightly,checked_out,False,2,4,8531.02,0.00,0.00,4265.51,False
22,BK0000022,3543,1,6,2025-02-01,2025-02-03,2025-02-21,,nightly,checked_out,False,18,2,66909.56,3521.56,0.00,3717.20,False
23,BK0000023,6526,2,6,2025-01-21,2025-02-03,2025-02-09,,nightly,checked_out,False,6,13,31033.20,0.00,0.00,5172.20,False
24,BK0000024,7154,2,1,2024-12-26,2025-02-03,2025-02-04,2025-01-18,nightly,cancelled,True,1,39,5027.97,0.00,1005.59,5027.97,False
25,BK0000025,5624,2,5,2025-01-19,2025-02-03,2025-02-04,,nightly,checked_out,False,1,15,4475.02,0.00,0.00,4475.02,False
26,BK0000026,2176,2,1,2025-01-26,2025-02-03,2025-02-05,,nightly,no_show,False,2,8,9117.68,0.00,1823.54,4558.84,False
27,BK0000027,3342,2,1,2025-01-16,2025-02-03,2025-02-06,,nightly,checked_out,False,3,18,19869.63,1045.77,3973.93,6623.21,False
28,BK0000028,5491,2,6,2025-02-01,2025-02-03,2025-02-05,,nightly,checked_out,False,2,2,7262.32,0.00,0.00,3631.16,False
29,BK0000029,4352,2,7,2025-02-02,2025-02-03,2025-02-03,,microstay,checked_out,False,0,1,1009.94,0.00,121.19,1009.94,False
30,BK0000030,6608,2,4,2025-01-25,2025-02-03,2025-02-10,,nightly,checked_out,False,7,9,29868.30,0.00,4480.24,4266.90,False
31,BK0000031,7258,1,1,2025-01-27,2025-02-04,2025-02-05,,nightly,checked_out,False,1,8,4449.05,0.00,889.81,4449.05,False
32,BK0000032,4099,1,1,2025-02-02,2025-02-04,2025-02-06,,nightly,checked_out,False,2,2,8709.54,0.00,1741.91,4354.77,False
33,BK0000033,1848,1,1,2025-01-24,2025-02-04,2025-02-07,2025-01-27,nightly,cancelled,True,3,11,12419.49,0.00,2483.90,4139.83,False
34,BK0000034,5586,1,8,2025-02-03,2025-02-04,2025-02-08,,nightly,checked_out,False,4,1,18186.72,0.00,0.00,4546.68,False
35,BK0000035,5933,1,6,2025-01-26,2025-02-04,2025-02-14,,nightly,checked_out,False,10,9,71376.80,0.00,0.00,7137.68,False
36,BK0000036,6866,2,4,2025-01-20,2025-02-04,2025-02-09,,nightly,no_show,False,5,15,17549.80,0.00,2632.47,3509.96,False
37,BK0000037,6499,2,3,2025-01-02,2025-02-04,2025-02-05,2025-02-02,nightly,cancelled,True,1,33,4511.26,0.00,812.03,4511.26,False
38,BK0000038,6758,2,1,2025-01-31,2025-02-04,2025-02-08,,nightly,checked_out,False,4,4,13683.50,720.18,2736.70,3420.88,False
39,BK0000039,1500,2,1,2024-12-21,2025-02-04,2025-02-05,2025-02-02,nightly,cancelled,True,1,45,5152.79,0.00,1030.56,5152.79,False
40,BK0000040,7600,2,7,2025-02-03,2025-02-04,2025-02-04,,microstay,checked_out,False,0,1,2145.78,0.00,257.49,2145.78,False
41,BK0000041,9193,2,5,2025-01-31,2025-02-04,2025-02-05,,nightly,checked_out,False,1,4,4178.72,464.30,0.00,4178.72,False
42,BK0000042,9093,1,6,2025-01-28,2025-02-05,2025-02-24,,nightly,checked_out,False,19,8,85336.79,0.00,0.00,4491.41,False
43,BK0000043,5089,1,1,2025-02-02,2025-02-05,2025-02-09,,nightly,checked_out,False,4,3,12458.41,1384.27,2491.68,3114.60,False
44,BK0000044,6162,1,5,2025-02-01,2025-02-05,2025-02-08,,nightly,checked_out,False,3,4,12552.57,660.66,0.00,4184.19,False
45,BK0000045,4036,1,2,2025-02-01,2025-02-05,2025-02-06,,nightly,checked_out,False,1,4,4461.84,234.83,758.51,4461.84,False
46,BK0000046,3664,1,4,2025-01-08,2025-02-05,2025-02-08,,nightly,checked_out,False,3,28,10931.28,0.00,1639.69,3643.76,False
47,BK0000047,6991,1,1,2025-01-25,2025-02-05,2025-02-08,,nightly,checked_out,False,3,11,12149.64,0.00,2429.93,4049.88,False
48,BK0000048,1326,1,6,2025-02-02,2025-02-05,2025-02-26,,nightly,checked_out,False,21,3,66086.17,3478.22,0.00,3146.96,False
49,BK0000049,756,1,1,2025-01-20,2025-02-05,2025-02-06,,nightly,checked_out,False,1,16,5031.68,0.00,1006.34,5031.68,False
50,BK0000050,990,2,5,2025-02-01,2025-02-05,2025-02-06,,nightly,checked_out,False,1,4,4312.69,0.00,0.00,4312.69,False
51,BK0000051,9030,2,1,2025-01-30,2025-02-05,2025-02-09,,nightly,checked_out,False,4,6,28153.44,0.00,5630.69,7038.36,False
52,BK0000052,1179,2,6,2025-02-03,2025-02-05,2025-02-09,,nightly,checked_out,False,4,2,13662.32,0.00,0.00,3415.58,False
53,BK0000053,7140,2,5,2025-01-26,2025-02-05,2025-02-07,,nightly,checked_out,False,2,10,9085.62,0.00,0.00,4542.81,False
54,BK0000054,8713,2,2,2025-01-27,2025-02-05,2025-02-06,,nightly,checked_out,False,1,9,4381.98,0.00,744.94,4381.98,False
55,BK0000055,2596,2,1,2025-01-27,2025-02-05,2025-02-07,,nightly,checked_out,False,2,9,7142.60,1260.46,1428.52,3571.30,False
56,BK0000056,4306,1,4,2025-01-12,2025-02-06,2025-02-08,,nightly,checked_out,False,2,25,7804.16,0.00,1170.62,3902.08,False
57,BK0000057,7020,1,1,2025-01-25,2025-02-06,2025-02-10,,nightly,checked_out,False,4,12,19475.08,1025.00,3895.02,4868.77,False
58,BK0000058,1438,1,1,2025-01-14,2025-02-06,2025-02-11,,nightly,checked_out,False,5,23,25308.65,0.00,5061.73,5061.73,False
59,BK0000059,8081,1,5,2025-02-01,2025-02-06,2025-02-09,,nightly,checked_out,False,3,5,15238.59,0.00,0.00,5079.53,False
60,BK0000060,6968,1,2,2025-01-30,2025-02-06,2025-02-11,,nightly,checked_out,False,5,7,30582.40,5396.90,5199.01,6116.48,False
61,BK0000061,2810,1,3,2025-02-03,2025-02-06,2025-02-07,,nightly,checked_out,False,1,3,4272.82,474.76,769.11,4272.82,False
62,BK0000062,8411,1,5,2025-02-05,2025-02-06,2025-02-09,,nightly,checked_out,False,3,1,9326.99,1036.33,0.00,3109.00,False
63,BK0000063,8023,2,1,2025-01-31,2025-02-06,2025-02-08,,nightly,checked_out,False,2,6,9625.08,0.00,1925.02,4812.54,False
64,BK0000064,6259,2,7,2025-02-05,2025-02-06,2025-02-06,,microstay,checked_out,False,0,1,1152.16,60.64,138.26,1152.16,False
65,BK0000065,3599,2,6,2025-02-04,2025-02-06,2025-02-07,,nightly,checked_out,False,1,2,7079.83,0.00,0.00,7079.83,False
66,BK0000066,4555,1,2,2025-01-13,2025-02-07,2025-02-09,,nightly,checked_out,False,2,25,9486.68,0.00,1612.74,4743.34,False
67,BK0000067,6841,2,6,2025-01-30,2025-02-07,2025-02-13,,nightly,checked_out,False,6,8,22789.02,0.00,0.00,3798.17,False
68,BK0000068,697,2,2,2025-01-13,2025-02-07,2025-02-08,,nightly,checked_out,False,1,25,4159.12,0.00,707.05,4159.12,False
69,BK0000069,4081,2,6,2025-02-04,2025-02-07,2025-02-16,2025-02-05,nightly,cancelled,True,9,3,32065.02,0.00,0.00,3562.78,False
70,BK0000070,5641,1,6,2025-02-04,2025-02-08,2025-02-16,,nightly,checked_out,False,8,4,30968.56,0.00,0.00,3871.07,False
71,BK0000071,2103,1,2,2025-01-19,2025-02-08,2025-02-14,,nightly,checked_out,False,6,20,23169.06,0.00,3938.74,3861.51,False
72,BK0000072,6507,2,2,2025-01-26,2025-02-08,2025-02-10,,nightly,checked_out,False,2,13,7833.76,0.00,1331.74,3916.88,False
73,BK0000073,3275,2,5,2025-01-30,2025-02-08,2025-02-12,,nightly,checked_out,False,4,9,24367.88,0.00,0.00,6091.97,False
74,BK0000074,439,2,3,2025-02-02,2025-02-08,2025-02-12,,nightly,checked_out,False,4,6,12627.43,1403.05,2272.94,3156.86,False
75,BK0000075,4906,1,3,2025-01-23,2025-02-09,2025-02-12,2025-01-26,nightly,cancelled,True,3,17,11454.03,0.00,2061.73,3818.01,False
76,BK0000076,2695,1,5,2025-01-27,2025-02-09,2025-02-10,,nightly,checked_out,False,1,13,3628.18,0.00,0.00,3628.18,False
77,BK0000077,3641,1,2,2025-02-04,2025-02-09,2025-02-10,,nightly,checked_out,False,1,5,2989.05,0.00,508.14,2989.05,False
78,BK0000078,8022,2,5,2025-01-09,2025-02-09,2025-02-14,,nightly,checked_out,False,5,31,24821.30,0.00,0.00,4964.26,False
79,BK0000079,6065,2,6,2025-02-08,2025-02-09,2025-02-13,,nightly,checked_out,False,4,1,30059.36,0.00,0.00,7514.84,False
80,BK0000080,7191,2,5,2025-02-08,2025-02-09,2025-02-11,,nightly,checked_out,False,2,1,6105.17,678.35,0.00,3052.59,False
81,BK0000081,8954,2,1,2025-01-25,2025-02-09,2025-02-10,2025-01-27,nightly,cancelled,True,1,15,6041.08,0.00,1208.22,6041.08,False
82,BK0000082,8257,2,2,2025-02-04,2025-02-09,2025-02-10,2025-02-08,nightly,cancelled,True,1,5,3703.19,194.91,629.54,3703.19,False
83,BK0000083,7140,2,4,2024-11-30,2025-02-09,2025-02-12,,nightly,checked_out,False,3,71,18279.75,0.00,2741.96,6093.25,False
84,BK0000084,3338,1,6,2025-02-07,2025-02-10,2025-03-02,,nightly,checked_out,False,20,3,67015.09,3527.11,0.00,3350.75,False
85,BK0000085,6243,1,6,2025-02-06,2025-02-10,2025-02-27,,nightly,checked_out,False,17,4,67508.19,0.00,0.00,3971.07,False
86,BK0000086,4435,1,5,2025-02-04,2025-02-10,2025-02-11,,nightly,checked_out,False,1,6,4771.03,0.00,0.00,4771.03,False
87,BK0000087,6769,1,6,2025-02-05,2025-02-10,2025-03-03,,nightly,checked_out,False,21,5,81307.80,0.00,0.00,3871.80,False
88,BK0000088,9084,2,5,2025-02-06,2025-02-10,2025-02-18,,nightly,checked_out,False,8,4,30829.46,3425.50,0.00,3853.68,False
89,BK0000089,3354,2,2,2025-02-09,2025-02-10,2025-02-14,2025-02-10,nightly,cancelled,True,4,1,15223.90,801.26,2588.06,3805.98,False
90,BK0000090,4248,1,3,2025-02-01,2025-02-11,2025-02-13,,nightly,checked_out,False,2,10,9496.49,1055.17,1709.37,4748.25,False
91,BK0000091,6112,1,6,2025-02-06,2025-02-11,2025-02-14,,nightly,checked_out,False,3,5,11234.46,0.00,0.00,3744.82,False
92,BK0000092,1326,1,6,2025-02-07,2025-02-11,2025-02-15,,nightly,checked_out,False,4,4,20974.04,0.00,0.00,5243.51,False
93,BK0000093,434,1,6,2025-02-10,2025-02-11,2025-02-16,,nightly,checked_out,False,5,1,15255.72,2692.18,0.00,3051.14,False
94,BK0000094,1086,1,8,2025-02-09,2025-02-11,2025-02-12,,nightly,checked_out,False,1,2,4767.79,250.94,0.00,4767.79,False
95,BK0000095,6453,1,7,2025-02-11,2025-02-11,2025-02-11,2025-02-11,microstay,cancelled,True,0,0,1916.01,0.00,229.92,1916.01,False
96,BK0000096,5150,1,5,2025-01-31,2025-02-11,2025-02-12,,nightly,checked_out,False,1,11,5057.44,266.18,0.00,5057.44,False
97,BK0000097,2567,1,7,2025-02-11,2025-02-11,2025-02-11,,microstay,checked_out,False,0,0,1952.06,0.00,234.25,1952.06,False
98,BK0000098,2519,2,5,2025-02-09,2025-02-11,2025-02-12,,nightly,checked_out,False,1,2,3765.20,664.45,0.00,3765.20,False
99,BK0000099,5411,2,6,2025-02-04,2025-02-11,2025-02-15,,nightly,checked_out,False,4,7,13799.08,0.00,0.00,3449.77,False
100,BK0000100,7626,2,1,2025-02-03,2025-02-11,2025-02-12,,nightly,checked_out,False,1,8,3462.26,384.69,692.45,3462.26,False
101,BK0000101,2659,2,3,2025-01-27,2025-02-11,2025-02-12,,nightly,checked_out,False,1,15,4851.42,0.00,873.26,4851.42,False
102,BK0000102,6443,1,6,2025-01-29,2025-02-12,2025-03-05,,nightly,checked_out,False,21,14,111968.85,0.00,0.00,5331.85,False
103,BK0000103,2814,1,4,2025-01-30,2025-02-12,2025-02-13,,nightly,checked_out,False,1,13,4251.06,750.19,637.66,4251.06,False
104,BK0000104,1703,2,5,2025-02-08,2025-02-12,2025-02-13,,nightly,checked_out,False,1,4,3759.98,417.78,0.00,3759.98,False
105,BK0000105,7446,2,6,2025-01-29,2025-02-12,2025-03-05,,nightly,checked_out,False,21,14,73913.49,0.00,0.00,3519.69,False
106,BK0000106,4798,2,7,2025-02-12,2025-02-12,2025-02-12,,microstay,checked_out,False,0,0,2003.06,0.00,240.37,2003.06,False
107,BK0000107,5153,2,4,2025-02-06,2025-02-12,2025-02-15,,nightly,checked_out,False,3,6,11283.06,593.85,1692.46,3761.02,False
108,BK0000108,3097,2,1,2025-02-07,2025-02-12,2025-02-15,2025-02-07,nightly,cancelled,True,3,5,13610.31,0.00,2722.06,4536.77,False
109,BK0000109,5262,2,1,2024-12-18,2025-02-12,2025-02-14,,nightly,checked_out,False,2,56,8264.44,0.00,1652.89,4132.22,False
110,BK0000110,6205,1,1,2025-01-01,2025-02-13,2025-02-14,,nightly,checked_out,False,1,43,4436.20,492.91,887.24,4436.20,False
111,BK0000111,7484,1,6,2025-01-31,2025-02-13,2025-02-14,,nightly,checked_out,False,1,13,4361.37,769.65,0.00,4361.37,False
112,BK0000112,8793,1,5,2025-02-02,2025-02-13,2025-02-18,,nightly,checked_out,False,5,11,33783.45,0.00,0.00,6756.69,False
113,BK0000113,1555,1,1,2025-02-08,2025-02-13,2025-02-14,2025-02-10,nightly,cancelled,True,1,5,4204.26,0.00,840.85,4204.26,False
114,BK0000114,1838,2,1,2025-01-27,2025-02-13,2025-02-17,,nightly,checked_out,False,4,17,27391.20,1441.64,5478.24,6847.80,False
115,BK0000115,8358,2,6,2025-02-08,2025-02-13,2025-02-25,,nightly,checked_out,False,12,5,82763.52,0.00,0.00,6896.96,False
116,BK0000116,5250,2,5,2025-01-25,2025-02-13,2025-02-14,,nightly,checked_out,False,1,19,3984.52,209.71,0.00,3984.52,False
117,BK0000117,5812,2,1,2025-02-10,2025-02-13,2025-02-14,,nightly,checked_out,False,1,3,4256.93,0.00,851.39,4256.93,False
118,BK0000118,1019,2,6,2025-01-28,2025-02-13,2025-02-23,,nightly,checked_out,False,10,16,49352.50,0.00,0.00,4935.25,False
119,BK0000119,6012,1,2,2025-02-07,2025-02-14,2025-02-15,,nightly,checked_out,False,1,7,4837.07,0.00,822.30,4837.07,False
120,BK0000120,190,1,1,2025-02-11,2025-02-14,2025-02-16,2025-02-14,nightly,cancelled,True,2,3,7976.14,0.00,1595.23,3988.07,False
121,BK0000121,8700,2,2,2025-02-07,2025-02-14,2025-02-18,,nightly,checked_out,False,4,7,15614.08,0.00,2654.39,3903.52,False
122,BK0000122,7480,1,6,2025-02-13,2025-02-15,2025-02-18,,nightly,checked_out,False,3,2,13108.17,0.00,0.00,4369.39,False
123,BK0000123,7160,1,2,2025-01-26,2025-02-15,2025-02-16,,nightly,checked_out,False,1,20,6636.52,0.00,1128.21,6636.52,False
124,BK0000124,8500,1,7,2025-02-14,2025-02-15,2025-02-15,,microstay,checked_out,False,0,1,1094.43,0.00,131.33,1094.43,False
125,BK0000125,3265,1,2,2025-02-06,2025-02-15,2025-02-16,,nightly,checked_out,False,1,9,4425.91,232.94,752.40,4425.91,False
126,BK0000126,8016,2,2,2024-12-10,2025-02-15,2025-02-16,,nightly,checked_out,False,1,67,3210.66,0.00,545.81,3210.66,False
127,BK0000127,6884,2,5,2025-02-10,2025-02-15,2025-02-18,,nightly,checked_out,False,3,5,12365.64,0.00,0.00,4121.88,False
128,BK0000128,3321,2,8,2025-02-15,2025-02-15,2025-02-16,,nightly,checked_out,False,1,0,4466.51,235.08,0.00,4466.51,False
129,BK0000129,2210,1,5,2025-02-15,2025-02-16,2025-02-19,,nightly,checked_out,False,3,1,11559.03,608.37,0.00,3853.01,False
130,BK0000130,8750,2,4,2024-12-14,2025-02-16,2025-02-17,,nightly,checked_out,False,1,64,3849.15,0.00,577.37,3849.15,False
131,BK0000131,7259,2,5,2025-02-12,2025-02-16,2025-02-18,,nightly,checked_out,False,2,4,6545.54,727.28,0.00,3272.77,False
132,BK0000132,8577,2,2,2025-01-27,2025-02-16,2025-02-20,,nightly,checked_out,False,4,20,12347.21,1371.91,2099.03,3086.80,False
133,BK0000133,2981,2,5,2025-02-08,2025-02-16,2025-02-21,,nightly,checked_out,False,5,8,20732.70,0.00,0.00,4146.54,False
134,BK0000134,730,1,6,2025-02-13,2025-02-17,2025-02-20,,nightly,checked_out,False,3,4,12349.50,0.00,0.00,4116.50,False
135,BK0000135,2487,1,6,2025-02-11,2025-02-17,2025-03-06,,nightly,checked_out,False,17,6,64475.56,0.00,0.00,3792.68,False
136,BK0000136,1736,1,2,2025-02-05,2025-02-17,2025-02-18,,nightly,checked_out,False,1,12,4871.78,0.00,828.20,4871.78,False
137,BK0000137,3676,1,1,2025-02-12,2025-02-17,2025-02-19,2025-02-13,nightly,cancelled,True,2,5,8189.34,0.00,1637.87,4094.67,False
138,BK0000138,4567,2,5,2025-02-07,2025-02-17,2025-02-18,,nightly,checked_out,False,1,10,5186.57,0.00,0.00,5186.57,False
139,BK0000139,6934,2,6,2025-02-15,2025-02-17,2025-03-04,2025-02-15,nightly,cancelled,True,15,2,79362.00,0.00,0.00,5290.80,False
140,BK0000140,4422,2,1,2025-02-02,2025-02-17,2025-02-19,2025-02-09,nightly,cancelled,True,2,15,6757.40,0.00,1351.48,3378.70,False
141,BK0000141,2411,2,5,2025-02-12,2025-02-17,2025-02-18,,nightly,checked_out,False,1,5,6877.97,0.00,0.00,6877.97,False
142,BK0000142,2161,2,3,2025-01-16,2025-02-17,2025-02-18,2025-02-01,nightly,cancelled,True,1,32,4489.76,236.30,808.16,4489.76,False
143,BK0000143,7432,1,2,2025-01-02,2025-02-18,2025-02-24,,nightly,checked_out,False,6,47,30494.22,0.00,5184.02,5082.37,False
144,BK0000144,3652,2,1,2025-02-12,2025-02-18,2025-02-24,,nightly,checked_out,False,6,6,21407.16,0.00,4281.43,3567.86,False
145,BK0000145,4997,2,7,2025-02-17,2025-02-18,2025-02-18,,microstay,checked_out,False,0,1,1435.55,75.56,172.27,1435.55,False
146,BK0000146,5153,2,1,2025-01-23,2025-02-18,2025-02-19,,nightly,checked_out,False,1,26,4218.67,0.00,843.73,4218.67,False
147,BK0000147,4974,2,3,2025-02-11,2025-02-18,2025-02-23,,nightly,checked_out,False,5,7,23826.75,0.00,4288.81,4765.35,False
148,BK0000148,801,2,7,2025-02-17,2025-02-18,2025-02-18,,microstay,checked_out,False,0,1,2361.81,0.00,283.42,2361.81,False
149,BK0000149,7542,1,4,2025-02-13,2025-02-19,2025-02-27,,nightly,checked_out,False,8,6,30069.04,0.00,4510.36,3758.63,False
150,BK0000150,4248,1,3,2025-02-14,2025-02-19,2025-02-20,2025-02-16,nightly,cancelled,True,1,5,5380.51,0.00,968.49,5380.51,False
151,BK0000151,5729,1,3,2025-02-08,2025-02-19,2025-02-20,,nightly,checked_out,False,1,11,4741.62,0.00,853.49,4741.62,False
152,BK0000152,4739,1,1,2025-02-17,2025-02-19,2025-02-21,,nightly,checked_out,False,2,2,14609.60,0.00,2921.92,7304.80,False
153,BK0000153,7020,2,1,2025-01-30,2025-02-19,2025-02-21,,nightly,checked_out,False,2,20,16463.00,0.00,3292.60,8231.50,False
154,BK0000154,6047,2,7,2025-02-18,2025-02-19,2025-02-19,,microstay,checked_out,False,0,1,1555.78,0.00,186.69,1555.78,False
155,BK0000155,8114,1,2,2025-02-18,2025-02-20,2025-02-22,,nightly,checked_out,False,2,2,8764.32,0.00,1489.93,4382.16,False
156,BK0000156,3726,1,8,2025-02-20,2025-02-20,2025-02-21,,nightly,checked_out,False,1,0,3655.99,406.22,0.00,3655.99,False
157,BK0000157,313,1,2,2025-02-06,2025-02-20,2025-02-22,2025-02-19,nightly,cancelled,True,2,14,8839.30,0.00,1502.68,4419.65,False
158,BK0000158,5133,1,2,2025-02-09,2025-02-20,2025-02-22,2025-02-20,nightly,cancelled,True,2,11,7840.08,412.64,1332.81,3920.04,False
159,BK0000159,5291,2,2,2025-01-23,2025-02-20,2025-02-21,2025-01-24,nightly,cancelled,True,1,28,4879.62,0.00,829.54,4879.62,False
160,BK0000160,2709,2,2,2025-01-01,2025-02-20,2025-02-21,,nightly,checked_out,False,1,50,3757.63,0.00,638.80,3757.63,False
161,BK0000161,2051,2,7,2025-02-20,2025-02-20,2025-02-20,,microstay,checked_out,False,0,0,1216.15,0.00,145.94,1216.15,False
162,BK0000162,1385,2,1,2025-02-02,2025-02-20,2025-02-25,2025-02-17,nightly,cancelled,True,5,18,34892.55,1836.45,6978.51,6978.51,False
163,BK0000163,587,2,2,2025-01-16,2025-02-20,2025-02-23,,nightly,checked_out,False,3,35,14453.77,760.73,2457.14,4817.92,False
164,BK0000164,1298,2,2,2025-02-18,2025-02-20,2025-02-21,,nightly,checked_out,False,1,2,4405.81,231.88,748.99,4405.81,False
165,BK0000165,2774,1,1,2025-01-28,2025-02-21,2025-02-22,,nightly,checked_out,False,1,24,6441.93,0.00,1288.39,6441.93,False
166,BK0000166,4360,1,1,2025-02-10,2025-02-21,2025-02-22,,nightly,checked_out,False,1,11,6635.23,0.00,1327.05,6635.23,False
167,BK0000167,3136,1,2,2025-02-17,2025-02-21,2025-02-24,,nightly,checked_out,False,3,4,12611.40,0.00,2143.94,4203.80,False
168,BK0000168,7586,2,6,2025-02-16,2025-02-21,2025-02-23,,nightly,checked_out,False,2,5,8093.68,425.98,0.00,4046.84,False
169,BK0000169,1652,2,2,2025-02-01,2025-02-21,2025-02-22,,nightly,checked_out,False,1,20,4587.48,241.45,779.87,4587.48,False
170,BK0000170,3338,2,4,2025-01-17,2025-02-21,2025-02-28,2025-02-09,nightly,cancelled,True,7,35,34179.87,1798.94,5126.98,4882.84,False
171,BK0000171,2780,1,5,2025-02-16,2025-02-22,2025-02-23,,nightly,checked_out,False,1,6,3915.79,0.00,0.00,3915.79,False
172,BK0000172,8980,2,3,2025-02-17,2025-02-22,2025-02-23,,nightly,checked_out,False,1,5,3534.23,392.69,636.16,3534.23,False
173,BK0000173,5975,2,7,2025-02-22,2025-02-22,2025-02-22,,microstay,checked_out,False,0,0,886.78,46.67,106.41,886.78,False
174,BK0000174,6172,2,5,2025-02-19,2025-02-22,2025-03-01,,nightly,checked_out,False,7,3,28850.50,0.00,0.00,4121.50,False
175,BK0000175,8197,1,2,2025-02-15,2025-02-23,2025-02-24,,nightly,checked_out,False,1,8,6102.19,0.00,1037.37,6102.19,False
176,BK0000176,7364,1,7,2025-02-23,2025-02-23,2025-02-23,,microstay,checked_out,False,0,0,1363.14,0.00,163.58,1363.14,False
177,BK0000177,1279,2,2,2025-01-26,2025-02-23,2025-02-24,,nightly,checked_out,False,1,28,7168.20,0.00,1218.59,7168.20,False
178,BK0000178,863,2,1,2025-02-08,2025-02-23,2025-02-24,,nightly,checked_out,False,1,15,4961.01,0.00,992.20,4961.01,False
179,BK0000179,3321,2,2,2025-01-26,2025-02-23,2025-02-26,,nightly,checked_out,False,3,28,18630.63,0.00,3167.21,6210.21,False
180,BK0000180,1271,2,1,2025-02-12,2025-02-23,2025-02-25,,nightly,checked_out,False,2,11,9561.14,0.00,1912.23,4780.57,False
181,BK0000181,5701,2,4,2025-01-27,2025-02-23,2025-03-01,,nightly,checked_out,False,6,27,22256.52,0.00,3338.48,3709.42,False
182,BK0000182,9194,2,4,2025-02-12,2025-02-23,2025-02-25,,nightly,checked_out,False,2,11,6770.59,752.29,1015.59,3385.30,False
183,BK0000183,8128,2,1,2025-02-20,2025-02-23,2025-02-24,,nightly,checked_out,False,1,3,4219.76,0.00,843.95,4219.76,False
184,BK0000184,3480,2,2,2025-02-14,2025-02-23,2025-02-25,,nightly,checked_out,False,2,9,8911.98,990.22,1515.04,4455.99,False
185,BK0000185,2040,2,1,2025-02-01,2025-02-23,2025-02-26,2025-02-22,nightly,cancelled,True,3,22,12519.00,0.00,2503.80,4173.00,False
186,BK0000186,408,1,5,2025-02-06,2025-02-24,2025-02-25,,nightly,checked_out,False,1,18,3805.65,422.85,0.00,3805.65,False
187,BK0000187,4915,1,3,2025-02-19,2025-02-24,2025-02-28,2025-02-23,nightly,cancelled,True,4,5,20014.48,0.00,3602.61,5003.62,False
188,BK0000188,5753,1,6,2025-02-21,2025-02-24,2025-02-27,,nightly,checked_out,False,3,3,14713.07,774.37,0.00,4904.36,False
189,BK0000189,8786,2,6,2025-02-19,2025-02-24,2025-02-28,,nightly,checked_out,False,4,5,27629.28,3069.92,0.00,6907.32,False
190,BK0000190,5862,2,5,2025-02-12,2025-02-24,2025-02-25,,nightly,checked_out,False,1,12,4658.54,0.00,0.00,4658.54,False
191,BK0000191,1374,2,4,2025-02-11,2025-02-24,2025-02-25,2025-02-24,nightly,cancelled,True,1,13,4208.44,0.00,631.27,4208.44,False
192,BK0000192,3546,2,5,2025-01-27,2025-02-24,2025-02-26,,nightly,checked_out,False,2,28,8471.04,445.84,0.00,4235.52,False
193,BK0000193,2931,2,6,2025-02-21,2025-02-24,2025-02-25,,nightly,checked_out,False,1,3,5368.51,0.00,0.00,5368.51,False
194,BK0000194,6494,2,7,2025-02-23,2025-02-24,2025-02-24,,microstay,checked_out,False,0,1,1033.50,0.00,124.02,1033.50,False
195,BK0000195,7574,1,1,2025-02-21,2025-02-25,2025-02-26,2025-02-22,nightly,cancelled,True,1,4,5188.83,0.00,1037.77,5188.83,False
196,BK0000196,7067,1,6,2025-02-17,2025-02-25,2025-02-26,,nightly,checked_out,False,1,8,4779.08,0.00,0.00,4779.08,False
197,BK0000197,5562,1,7,2025-02-25,2025-02-25,2025-02-25,,microstay,checked_out,False,0,0,1160.81,0.00,139.30,1160.81,False
198,BK0000198,2785,1,1,2025-02-20,2025-02-25,2025-03-02,,nightly,checked_out,False,5,5,20815.50,0.00,4163.10,4163.10,False
199,BK0000199,7199,1,5,2025-02-09,2025-02-25,2025-02-28,,nightly,checked_out,False,3,16,20338.89,0.00,0.00,6779.63,False
200,BK0000200,2812,1,6,2025-01-20,2025-02-25,2025-03-18,,nightly,checked_out,False,21,36,115234.35,0.00,0.00,5487.35,False
201,BK0000201,1301,1,1,2025-02-18,2025-02-25,2025-02-27,,nightly,checked_out,False,2,7,8991.46,473.24,1798.29,4495.73,False
202,BK0000202,3415,1,2,2025-01-21,2025-02-25,2025-02-27,,nightly,checked_out,False,2,35,14568.36,0.00,2476.62,7284.18,False
203,BK0000203,7642,1,7,2025-02-24,2025-02-25,2025-02-25,,microstay,checked_out,False,0,1,1125.34,59.23,135.04,1125.34,False
204,BK0000204,2396,2,3,2025-02-06,2025-02-25,2025-02-26,,nightly,checked_out,False,1,19,5259.57,0.00,946.72,5259.57,False
205,BK0000205,1105,2,4,2025-02-07,2025-02-25,2025-02-28,,nightly,checked_out,False,3,18,10835.01,0.00,1625.25,3611.67,False
206,BK0000206,5721,2,7,2025-02-25,2025-02-25,2025-02-25,,microstay,checked_out,False,0,0,2052.86,108.05,246.34,2052.86,False
207,BK0000207,7713,1,6,2025-02-24,2025-02-26,2025-03-03,2025-02-25,nightly,cancelled,True,5,2,22772.15,0.00,0.00,4554.43,False
208,BK0000208,1496,1,6,2025-02-25,2025-02-26,2025-03-19,2025-02-26,nightly,cancelled,True,21,1,86285.43,0.00,0.00,4108.83,False
209,BK0000209,4151,1,3,2025-02-03,2025-02-26,2025-02-27,,nightly,checked_out,False,1,23,5055.67,0.00,910.02,5055.67,False
210,BK0000210,5500,2,6,2025-02-14,2025-02-26,2025-03-04,,nightly,checked_out,False,6,12,32593.68,0.00,0.00,5432.28,False
211,BK0000211,7926,2,3,2025-02-11,2025-02-26,2025-02-27,2025-02-21,nightly,cancelled,True,1,15,3863.70,681.83,695.47,3863.70,False
212,BK0000212,748,2,2,2025-02-18,2025-02-26,2025-02-27,2025-02-21,nightly,cancelled,True,1,8,4352.92,0.00,740.00,4352.92,False
213,BK0000213,7091,1,5,2025-02-18,2025-02-27,2025-02-28,,nightly,checked_out,False,1,9,3892.95,432.55,0.00,3892.95,False
214,BK0000214,693,1,7,2025-02-27,2025-02-27,2025-02-27,,microstay,checked_out,False,0,0,1893.01,0.00,227.16,1893.01,False
215,BK0000215,9193,1,7,2025-02-27,2025-02-27,2025-02-27,,microstay,checked_out,False,0,0,1215.58,0.00,145.87,1215.58,False
216,BK0000216,7574,1,4,2025-02-14,2025-02-27,2025-03-01,,nightly,checked_out,False,2,13,8337.16,438.80,1250.57,4168.58,False
217,BK0000217,3856,1,2,2025-01-30,2025-02-27,2025-02-28,,nightly,checked_out,False,1,28,3297.54,366.39,560.58,3297.54,False
218,BK0000218,3097,2,2,2025-02-18,2025-02-27,2025-03-01,,nightly,checked_out,False,2,9,13354.00,702.84,2270.18,6677.00,False
219,BK0000219,3505,2,5,2025-01-13,2025-02-27,2025-03-03,,nightly,checked_out,False,4,45,19517.71,1027.25,0.00,4879.43,False
220,BK0000220,7530,2,3,2025-01-22,2025-02-27,2025-02-28,,nightly,checked_out,False,1,36,6374.73,335.51,1147.45,6374.73,False
221,BK0000221,7216,2,2,2025-02-18,2025-02-27,2025-02-28,,nightly,checked_out,False,1,9,4310.12,0.00,732.72,4310.12,False
222,BK0000222,5150,1,2,2025-02-19,2025-02-28,2025-03-04,2025-02-20,nightly,cancelled,True,4,9,19521.20,0.00,3318.60,4880.30,False
223,BK0000223,1896,1,4,2025-02-24,2025-02-28,2025-03-01,,nightly,checked_out,False,1,4,5298.50,0.00,794.77,5298.50,False
224,BK0000224,6141,1,1,2025-02-22,2025-02-28,2025-03-03,,nightly,checked_out,False,3,6,9740.47,512.66,1948.09,3246.82,False
225,BK0000225,6387,2,2,2025-01-28,2025-02-28,2025-03-02,,nightly,checked_out,False,2,31,14116.90,743.00,2399.87,7058.45,False
226,BK0000226,7552,2,1,2025-02-20,2025-02-28,2025-03-07,,nightly,checked_out,False,7,8,28534.38,0.00,5706.88,4076.34,False
227,BK0000227,425,2,5,2025-02-25,2025-02-28,2025-03-01,,nightly,checked_out,False,1,3,4081.28,214.80,0.00,4081.28,False
228,BK0000228,6362,1,3,2025-02-19,2025-03-01,2025-03-03,,nightly,checked_out,False,2,10,8065.35,896.15,1451.76,4032.68,False
229,BK0000229,1987,1,3,2025-02-28,2025-03-01,2025-03-02,,nightly,checked_out,False,1,1,6341.42,0.00,1141.46,6341.42,False
230,BK0000230,1707,1,6,2025-02-26,2025-03-01,2025-03-08,,nightly,checked_out,False,7,3,28565.65,3173.96,0.00,4080.81,False
231,BK0000231,5020,1,2,2025-02-25,2025-03-01,2025-03-02,,nightly,checked_out,False,1,4,3278.42,0.00,557.33,3278.42,False
232,BK0000232,3559,1,1,2025-02-15,2025-03-01,2025-03-02,,nightly,checked_out,False,1,14,4091.42,454.60,818.28,4091.42,False
233,BK0000233,191,1,5,2025-02-16,2025-03-02,2025-03-04,,nightly,checked_out,False,2,14,7870.01,414.21,0.00,3935.01,False
234,BK0000234,5163,1,7,2025-03-01,2025-03-02,2025-03-02,,microstay,checked_out,False,0,1,1128.00,0.00,135.36,1128.00,False
235,BK0000235,7422,2,3,2025-02-15,2025-03-02,2025-03-03,,nightly,checked_out,False,1,15,3965.14,0.00,713.73,3965.14,False
236,BK0000236,7618,2,6,2025-02-28,2025-03-02,2025-03-08,,nightly,checked_out,False,6,2,45117.96,0.00,0.00,7519.66,False
237,BK0000237,2034,2,2,2025-02-25,2025-03-02,2025-03-07,,nightly,checked_out,False,5,5,19434.48,1022.87,3303.86,3886.90,False
238,BK0000238,5000,2,6,2025-02-21,2025-03-02,2025-03-05,,nightly,checked_out,False,3,9,14156.91,0.00,0.00,4718.97,False
239,BK0000239,1838,1,5,2025-02-24,2025-03-03,2025-03-07,,nightly,checked_out,False,4,7,14702.64,0.00,0.00,3675.66,False
240,BK0000240,5023,1,2,2025-02-27,2025-03-03,2025-03-08,,nightly,checked_out,False,5,4,17973.60,0.00,3055.51,3594.72,False
241,BK0000241,93,1,1,2025-02-17,2025-03-03,2025-03-05,,nightly,checked_out,False,2,14,7928.76,417.30,1585.75,3964.38,False
242,BK0000242,1071,1,1,2025-02-05,2025-03-03,2025-03-04,,nightly,checked_out,False,1,26,7416.12,0.00,1483.22,7416.12,False
243,BK0000243,4092,1,1,2025-02-27,2025-03-03,2025-03-09,,nightly,no_show,False,6,4,25628.22,0.00,5125.64,4271.37,False
244,BK0000244,6546,1,6,2025-03-01,2025-03-03,2025-03-14,,nightly,checked_out,False,11,2,46363.35,0.00,0.00,4214.85,False
245,BK0000245,3141,2,6,2025-02-27,2025-03-03,2025-03-05,,nightly,checked_out,False,2,4,7671.86,0.00,0.00,3835.93,False
246,BK0000246,8609,2,6,2025-02-21,2025-03-03,2025-03-04,,nightly,checked_out,False,1,10,6209.66,689.96,0.00,6209.66,False
247,BK0000247,1982,2,1,2025-02-14,2025-03-03,2025-03-07,,nightly,checked_out,False,4,17,21831.33,3852.59,4366.27,5457.83,False
248,BK0000248,3940,2,3,2025-02-21,2025-03-03,2025-03-04,,nightly,checked_out,False,1,10,5461.67,0.00,983.10,5461.67,False
249,BK0000249,3388,2,5,2025-02-28,2025-03-03,2025-03-11,,nightly,checked_out,False,8,3,33448.40,0.00,0.00,4181.05,False
250,BK0000250,2493,2,5,2025-02-26,2025-03-03,2025-03-04,,nightly,checked_out,False,1,5,3578.60,397.62,0.00,3578.60,False
251,BK0000251,466,1,6,2025-03-03,2025-03-04,2025-03-05,,nightly,checked_out,False,1,1,3508.43,619.14,0.00,3508.43,False
252,BK0000252,4524,1,6,2025-02-26,2025-03-04,2025-03-13,,nightly,checked_out,False,9,6,29029.38,5122.83,0.00,3225.49,False
253,BK0000253,106,1,6,2025-03-02,2025-03-04,2025-03-20,,nightly,checked_out,False,16,2,63554.09,3344.95,0.00,3972.13,False
254,BK0000254,7179,1,7,2025-03-04,2025-03-04,2025-03-04,,microstay,checked_out,False,0,0,1487.82,0.00,178.54,1487.82,False
255,BK0000255,5779,1,7,2025-03-03,2025-03-04,2025-03-04,,microstay,checked_out,False,0,1,2063.67,0.00,247.64,2063.67,False
256,BK0000256,2377,1,3,2025-03-01,2025-03-04,2025-03-05,2025-03-02,nightly,cancelled,True,1,3,7313.70,0.00,1316.47,7313.70,False
257,BK0000257,2026,2,2,2025-02-21,2025-03-04,2025-03-05,,nightly,checked_out,False,1,11,3509.37,0.00,596.59,3509.37,False
258,BK0000258,3427,2,7,2025-03-04,2025-03-04,2025-03-04,,microstay,checked_out,False,0,0,1461.89,0.00,175.43,1461.89,False
259,BK0000259,9271,1,5,2025-02-28,2025-03-05,2025-03-07,,nightly,checked_out,False,2,5,7458.91,828.77,0.00,3729.46,False
260,BK0000260,4196,1,2,2025-02-28,2025-03-05,2025-03-09,2025-03-01,nightly,cancelled,True,4,5,13076.86,688.26,2223.07,3269.22,False
261,BK0000261,4142,1,1,2025-03-01,2025-03-05,2025-03-06,,nightly,checked_out,False,1,4,3561.68,395.74,712.34,3561.68,False
262,BK0000262,8895,1,7,2025-03-05,2025-03-05,2025-03-05,,microstay,checked_out,False,0,0,1681.39,296.71,201.77,1681.39,False
263,BK0000263,1301,1,6,2025-02-26,2025-03-05,2025-03-26,,nightly,checked_out,False,21,7,92906.75,16395.31,0.00,4424.13,False
264,BK0000264,3924,1,3,2025-02-20,2025-03-05,2025-03-08,2025-02-21,nightly,cancelled,True,3,13,10134.23,533.38,1824.16,3378.08,False
265,BK0000265,3890,2,6,2025-02-27,2025-03-05,2025-03-13,,nightly,checked_out,False,8,6,34458.32,1813.60,0.00,4307.29,False
266,BK0000266,6261,2,5,2025-02-20,2025-03-05,2025-03-06,,nightly,checked_out,False,1,13,4359.73,0.00,0.00,4359.73,False
267,BK0000267,8971,2,5,2025-02-28,2025-03-05,2025-03-06,,nightly,checked_out,False,1,5,4020.68,0.00,0.00,4020.68,False
268,BK0000268,1182,2,2,2025-02-01,2025-03-05,2025-03-06,2025-02-06,nightly,cancelled,True,1,32,4529.42,0.00,770.00,4529.42,False
269,BK0000269,191,2,4,2025-03-02,2025-03-05,2025-03-08,2025-03-05,nightly,cancelled,True,3,3,11556.69,0.00,1733.50,3852.23,False
270,BK0000270,7914,1,1,2025-02-21,2025-03-06,2025-03-07,,nightly,checked_out,False,1,13,4462.76,0.00,892.55,4462.76,False
271,BK0000271,124,1,1,2025-03-03,2025-03-06,2025-03-08,,nightly,checked_out,False,2,3,11052.64,0.00,2210.53,5526.32,False
272,BK0000272,1831,1,7,2025-03-06,2025-03-06,2025-03-06,,microstay,checked_out,False,0,0,1838.57,204.28,220.63,1838.57,False
273,BK0000273,1217,1,5,2025-03-01,2025-03-06,2025-03-11,,nightly,checked_out,False,5,5,35705.85,0.00,0.00,7141.17,False
274,BK0000274,4514,1,2,2025-02-28,2025-03-06,2025-03-09,2025-02-28,nightly,cancelled,True,3,6,15654.09,0.00,2661.20,5218.03,False
275,BK0000275,202,1,6,2025-03-04,2025-03-06,2025-03-11,,nightly,checked_out,False,5,2,15573.68,819.67,0.00,3114.74,False
276,BK0000276,2673,1,2,2025-02-07,2025-03-06,2025-03-08,,nightly,checked_out,False,2,27,8149.73,428.93,1385.45,4074.87,False
277,BK0000277,7980,2,3,2025-02-22,2025-03-06,2025-03-07,,nightly,checked_out,False,1,12,7699.63,0.00,1385.93,7699.63,False
278,BK0000278,945,2,3,2025-01-31,2025-03-06,2025-03-09,2025-02-09,nightly,cancelled,True,3,34,21076.80,1109.31,3793.82,7025.60,False
279,BK0000279,3665,1,5,2025-03-05,2025-03-07,2025-03-08,,nightly,checked_out,False,1,2,3461.88,0.00,0.00,3461.88,False
280,BK0000280,102,1,6,2025-03-02,2025-03-07,2025-03-10,,nightly,checked_out,False,3,5,12581.46,0.00,0.00,4193.82,False
281,BK0000281,8248,1,2,2025-03-02,2025-03-07,2025-03-08,,nightly,checked_out,False,1,5,5701.06,1006.07,969.18,5701.06,False
282,BK0000282,7898,1,6,2025-03-05,2025-03-07,2025-03-09,,nightly,checked_out,False,2,2,8209.66,0.00,0.00,4104.83,False
283,BK0000283,5780,2,1,2025-03-02,2025-03-07,2025-03-08,,nightly,checked_out,False,1,5,4981.60,0.00,996.32,4981.60,False
284,BK0000284,3559,2,3,2025-02-18,2025-03-07,2025-03-09,,nightly,checked_out,False,2,17,7448.42,0.00,1340.72,3724.21,False
285,BK0000285,8584,2,2,2025-02-27,2025-03-07,2025-03-10,,nightly,checked_out,False,3,8,9738.88,512.57,1655.61,3246.29,False
286,BK0000286,1723,1,2,2025-03-04,2025-03-08,2025-03-10,2025-03-05,nightly,cancelled,True,2,4,11827.04,1314.12,2010.60,5913.52,False
287,BK0000287,8858,2,2,2025-02-10,2025-03-08,2025-03-09,,nightly,checked_out,False,1,26,3161.06,351.23,537.38,3161.06,False
288,BK0000288,7145,2,5,2025-02-28,2025-03-08,2025-03-09,,nightly,checked_out,False,1,8,4388.52,487.61,0.00,4388.52,False
289,BK0000289,5109,1,1,2025-02-22,2025-03-09,2025-03-10,,nightly,checked_out,False,1,15,4565.65,507.30,913.13,4565.65,False
290,BK0000290,1054,1,5,2025-03-02,2025-03-09,2025-03-10,,nightly,checked_out,False,1,7,6392.05,0.00,0.00,6392.05,False
291,BK0000291,7902,2,4,2025-03-05,2025-03-09,2025-03-18,,nightly,checked_out,False,9,4,42345.54,0.00,6351.83,4705.06,False
292,BK0000292,1058,2,7,2025-03-08,2025-03-09,2025-03-09,,microstay,checked_out,False,0,1,1268.48,140.94,152.22,1268.48,False
293,BK0000293,4662,2,3,2025-02-13,2025-03-09,2025-03-10,,nightly,checked_out,False,1,24,7289.01,0.00,1312.02,7289.01,False
294,BK0000294,7234,1,5,2025-02-27,2025-03-10,2025-03-18,,nightly,checked_out,False,8,11,23858.48,4210.32,0.00,2982.31,False
295,BK0000295,6739,1,2,2025-02-22,2025-03-10,2025-03-14,2025-02-22,nightly,cancelled,True,4,16,17924.64,0.00,3047.19,4481.16,False
296,BK0000296,1824,1,6,2025-03-07,2025-03-10,2025-03-31,,nightly,checked_out,False,21,3,92440.53,0.00,0.00,4401.93,False
297,BK0000297,2515,1,6,2025-03-07,2025-03-10,2025-03-12,,nightly,checked_out,False,2,3,9938.63,523.09,0.00,4969.32,False
298,BK0000298,6466,1,7,2025-03-07,2025-03-10,2025-03-10,,microstay,checked_out,False,0,3,1154.96,60.79,138.60,1154.96,False
299,BK0000299,8921,1,1,2025-03-06,2025-03-10,2025-03-11,,nightly,checked_out,False,1,4,3686.59,194.03,737.32,3686.59,False
300,BK0000300,1810,2,1,2025-02-10,2025-03-10,2025-03-12,2025-03-05,nightly,cancelled,True,2,28,9335.42,0.00,1867.08,4667.71,False
301,BK0000301,1622,2,2,2025-02-27,2025-03-10,2025-03-14,2025-03-06,nightly,cancelled,True,4,11,28498.20,0.00,4844.69,7124.55,False
302,BK0000302,3189,2,1,2025-03-08,2025-03-10,2025-03-11,2025-03-08,nightly,cancelled,True,1,2,7201.26,379.01,1440.25,7201.26,False
303,BK0000303,135,2,6,2025-03-07,2025-03-10,2025-03-17,,nightly,checked_out,False,7,3,51528.54,0.00,0.00,7361.22,False
304,BK0000304,9189,2,6,2025-03-09,2025-03-10,2025-03-16,,nightly,checked_out,False,6,1,22831.14,0.00,0.00,3805.19,False
305,BK0000305,7519,2,5,2025-02-16,2025-03-10,2025-03-11,,nightly,checked_out,False,1,22,6522.85,0.00,0.00,6522.85,False
306,BK0000306,611,2,7,2025-03-09,2025-03-10,2025-03-10,,microstay,checked_out,False,0,1,1048.17,0.00,125.78,1048.17,False
307,BK0000307,528,1,3,2025-03-02,2025-03-11,2025-03-13,,nightly,checked_out,False,2,9,8780.26,0.00,1580.45,4390.13,False
308,BK0000308,2249,1,5,2025-03-08,2025-03-11,2025-03-12,,nightly,checked_out,False,1,3,3451.34,0.00,0.00,3451.34,False
309,BK0000309,5210,1,6,2025-03-07,2025-03-11,2025-03-15,,nightly,checked_out,False,4,4,14309.24,0.00,0.00,3577.31,False
310,BK0000310,2062,1,1,2025-03-06,2025-03-11,2025-03-14,,nightly,checked_out,False,3,5,21125.88,0.00,4225.18,7041.96,False
311,BK0000311,7325,1,2,2025-03-03,2025-03-11,2025-03-18,,nightly,checked_out,False,7,8,46829.17,2464.69,7960.96,6689.88,False
312,BK0000312,6499,1,2,2025-03-09,2025-03-11,2025-03-13,,nightly,checked_out,False,2,2,8379.60,0.00,1424.53,4189.80,False
313,BK0000313,845,1,5,2025-03-07,2025-03-11,2025-03-17,,nightly,checked_out,False,6,4,27277.13,3030.79,0.00,4546.19,False
314,BK0000314,4882,2,2,2025-03-06,2025-03-11,2025-03-13,,nightly,checked_out,False,2,5,10420.26,0.00,1771.44,5210.13,False
315,BK0000315,2612,2,7,2025-03-10,2025-03-11,2025-03-11,,microstay,checked_out,False,0,1,1095.25,193.28,131.43,1095.25,False
316,BK0000316,4166,2,1,2025-03-06,2025-03-11,2025-03-12,,nightly,checked_out,False,1,5,3545.51,0.00,709.10,3545.51,False
317,BK0000317,175,1,2,2025-03-03,2025-03-12,2025-03-16,2025-03-09,nightly,cancelled,True,4,9,13120.18,690.54,2230.43,3280.05,False
318,BK0000318,2910,1,2,2025-03-08,2025-03-12,2025-03-13,,nightly,checked_out,False,1,4,4107.48,216.18,698.27,4107.48,False
319,BK0000319,7974,1,1,2025-03-06,2025-03-12,2025-03-13,,nightly,checked_out,False,1,6,4292.09,476.90,858.42,4292.09,False
320,BK0000320,4120,2,7,2025-03-12,2025-03-12,2025-03-12,,microstay,checked_out,False,0,0,2280.63,0.00,273.68,2280.63,False
321,BK0000321,3775,2,2,2025-03-02,2025-03-12,2025-03-17,,nightly,checked_out,False,5,10,15695.15,1743.90,2668.18,3139.03,False
322,BK0000322,1968,2,5,2025-03-02,2025-03-12,2025-03-13,,nightly,checked_out,False,1,10,4093.04,454.78,0.00,4093.04,False
323,BK0000323,7976,2,1,2025-02-25,2025-03-12,2025-03-13,,nightly,checked_out,False,1,15,4693.19,0.00,938.64,4693.19,False
324,BK0000324,1907,2,6,2025-03-09,2025-03-12,2025-03-18,,nightly,checked_out,False,6,3,24685.45,1299.23,0.00,4114.24,False
325,BK0000325,3352,2,6,2025-03-03,2025-03-12,2025-04-02,,nightly,checked_out,False,21,9,78220.31,13803.58,0.00,3724.78,False
326,BK0000326,8362,1,1,2025-03-11,2025-03-13,2025-03-15,,nightly,checked_out,False,2,2,6966.74,774.08,1393.35,3483.37,False
327,BK0000327,725,1,2,2025-02-04,2025-03-13,2025-03-14,,nightly,checked_out,False,1,37,3866.29,203.49,657.27,3866.29,False
328,BK0000328,315,1,3,2025-01-24,2025-03-13,2025-03-14,,nightly,checked_out,False,1,48,3390.60,0.00,610.31,3390.60,False
329,BK0000329,4322,2,2,2025-02-15,2025-03-13,2025-03-15,,nightly,checked_out,False,2,26,11122.32,0.00,1890.79,5561.16,False
330,BK0000330,70,2,4,2025-02-07,2025-03-13,2025-03-19,,nightly,checked_out,False,6,34,24696.54,0.00,3704.48,4116.09,False
331,BK0000331,5194,2,5,2025-03-11,2025-03-13,2025-03-15,,nightly,no_show,False,2,2,10659.44,0.00,0.00,5329.72,False
332,BK0000332,478,2,2,2025-03-03,2025-03-13,2025-03-15,,nightly,checked_out,False,2,10,13003.23,2294.69,2210.55,6501.62,False
333,BK0000333,2448,2,1,2025-03-10,2025-03-13,2025-03-15,2025-03-10,nightly,cancelled,True,2,3,13926.88,0.00,2785.38,6963.44,False
334,BK0000334,8496,2,6,2025-03-11,2025-03-13,2025-03-15,,nightly,checked_out,False,2,2,8745.40,460.28,0.00,4372.70,False
335,BK0000335,4256,2,3,2025-03-05,2025-03-13,2025-03-15,2025-03-12,nightly,cancelled,True,2,8,9302.86,0.00,1674.51,4651.43,False
336,BK0000336,6995,1,4,2025-03-04,2025-03-14,2025-03-22,,nightly,checked_out,False,8,10,51324.00,0.00,7698.60,6415.50,False
337,BK0000337,2271,1,1,2025-03-12,2025-03-14,2025-03-16,,nightly,checked_out,False,2,2,6156.82,324.04,1231.36,3078.41,False
338,BK0000338,7473,1,3,2025-03-07,2025-03-14,2025-03-16,2025-03-12,nightly,cancelled,True,2,7,7480.66,0.00,1346.52,3740.33,False
339,BK0000339,6995,2,6,2025-03-12,2025-03-14,2025-03-29,,nightly,checked_out,False,15,2,63238.80,0.00,0.00,4215.92,False
340,BK0000340,1623,2,7,2025-03-12,2025-03-14,2025-03-14,2025-03-12,microstay,cancelled,True,0,2,938.91,0.00,112.67,938.91,False
341,BK0000341,8084,2,5,2025-03-07,2025-03-14,2025-03-19,,nightly,checked_out,False,5,7,16898.05,0.00,0.00,3379.61,False
342,BK0000342,9307,2,3,2025-02-27,2025-03-14,2025-03-16,,nightly,checked_out,False,2,15,12958.98,0.00,2332.62,6479.49,False
343,BK0000343,7435,1,6,2025-03-14,2025-03-15,2025-03-21,2025-03-15,nightly,cancelled,True,6,1,24070.14,0.00,0.00,4011.69,False
344,BK0000344,2841,1,2,2025-03-05,2025-03-15,2025-03-17,,nightly,checked_out,False,2,10,8765.36,0.00,1490.11,4382.68,False
345,BK0000345,5853,1,1,2025-03-10,2025-03-15,2025-03-16,,nightly,checked_out,False,1,5,3434.30,180.75,686.86,3434.30,False
346,BK0000346,8960,1,2,2025-03-10,2025-03-15,2025-03-19,2025-03-11,nightly,cancelled,True,4,5,24187.46,2687.50,4111.87,6046.87,False
347,BK0000347,1136,1,5,2025-03-12,2025-03-15,2025-03-20,,nightly,checked_out,False,5,3,17318.45,3056.20,0.00,3463.69,False
348,BK0000348,292,2,5,2025-03-11,2025-03-15,2025-03-18,,nightly,checked_out,False,3,4,12184.74,2150.25,0.00,4061.58,False
349,BK0000349,5963,2,1,2025-03-09,2025-03-15,2025-03-20,2025-03-10,nightly,cancelled,True,5,6,19510.35,0.00,3902.07,3902.07,False
350,BK0000350,3684,2,6,2025-03-11,2025-03-15,2025-03-24,2025-03-15,nightly,cancelled,True,9,4,42377.13,0.00,0.00,4708.57,False
351,BK0000351,3365,1,8,2025-03-15,2025-03-16,2025-03-19,,nightly,checked_out,False,3,1,10158.48,0.00,0.00,3386.16,False
352,BK0000352,4609,1,2,2025-03-13,2025-03-16,2025-03-19,,nightly,checked_out,False,3,3,9368.30,1040.92,1592.61,3122.77,False
353,BK0000353,1291,1,7,2025-03-15,2025-03-16,2025-03-16,,microstay,checked_out,False,0,1,1097.52,0.00,131.70,1097.52,False
354,BK0000354,8848,1,7,2025-03-15,2025-03-16,2025-03-16,,microstay,checked_out,False,0,1,1188.54,0.00,142.62,1188.54,False
355,BK0000355,2316,2,7,2025-03-16,2025-03-16,2025-03-16,,microstay,checked_out,False,0,0,1192.20,132.47,143.06,1192.20,False
356,BK0000356,2399,2,6,2025-03-14,2025-03-16,2025-03-21,,nightly,checked_out,False,5,2,34953.20,0.00,0.00,6990.64,False
357,BK0000357,3660,2,7,2025-03-16,2025-03-16,2025-03-16,,microstay,checked_out,False,0,0,985.49,0.00,118.26,985.49,False
358,BK0000358,7317,2,3,2025-03-11,2025-03-16,2025-03-19,,nightly,checked_out,False,3,5,12386.67,0.00,2229.60,4128.89,False
359,BK0000359,4977,2,1,2025-03-13,2025-03-16,2025-03-18,,nightly,checked_out,False,2,3,13991.43,736.39,2798.29,6995.72,False
360,BK0000360,6199,1,8,2025-03-16,2025-03-17,2025-03-19,,nightly,checked_out,False,2,1,8441.79,444.31,0.00,4220.90,False
361,BK0000361,7054,1,5,2025-03-13,2025-03-17,2025-03-23,2025-03-14,nightly,cancelled,True,6,4,25573.92,0.00,0.00,4262.32,False
362,BK0000362,3887,1,2,2025-03-09,2025-03-17,2025-03-18,,nightly,checked_out,False,1,8,4096.22,0.00,696.36,4096.22,False
363,BK0000363,2300,1,4,2024-12-29,2025-03-17,2025-03-26,,nightly,checked_out,False,9,78,45505.44,0.00,6825.82,5056.16,False
364,BK0000364,7493,1,4,2025-03-11,2025-03-17,2025-03-18,,nightly,checked_out,False,1,6,5259.08,0.00,788.86,5259.08,False
365,BK0000365,7085,1,8,2025-03-16,2025-03-17,2025-03-19,,nightly,checked_out,False,2,1,8240.36,0.00,0.00,4120.18,False
366,BK0000366,5138,1,3,2025-02-27,2025-03-17,2025-03-18,,nightly,checked_out,False,1,18,3373.01,374.78,607.14,3373.01,False
367,BK0000367,871,2,7,2025-03-17,2025-03-17,2025-03-17,,microstay,checked_out,False,0,0,1521.37,0.00,182.56,1521.37,False
368,BK0000368,4602,2,1,2025-03-09,2025-03-17,2025-03-19,2025-03-17,nightly,cancelled,True,2,8,15006.84,0.00,3001.37,7503.42,False
369,BK0000369,4259,2,2,2025-03-08,2025-03-17,2025-03-18,,nightly,checked_out,False,1,9,3335.04,370.56,566.96,3335.04,False
370,BK0000370,6434,2,2,2025-03-10,2025-03-17,2025-03-18,,nightly,checked_out,False,1,7,7298.05,0.00,1240.67,7298.05,False
371,BK0000371,6405,2,3,2025-03-14,2025-03-17,2025-03-19,,nightly,checked_out,False,2,3,6225.21,691.69,1120.54,3112.61,False
372,BK0000372,6653,2,2,2025-03-14,2025-03-17,2025-03-18,2025-03-15,nightly,cancelled,True,1,3,7001.53,0.00,1190.26,7001.53,False
373,BK0000373,1253,1,4,2025-03-10,2025-03-18,2025-03-20,,nightly,checked_out,False,2,8,7002.68,368.56,1050.40,3501.34,False
374,BK0000374,6839,1,4,2025-03-11,2025-03-18,2025-03-21,,nightly,checked_out,False,3,7,16233.90,0.00,2435.09,5411.30,False
375,BK0000375,8140,1,4,2025-02-25,2025-03-18,2025-03-20,,nightly,checked_out,False,2,21,6365.29,707.25,954.79,3182.65,False
376,BK0000376,614,1,5,2025-03-16,2025-03-18,2025-03-19,,nightly,checked_out,False,1,2,4275.77,225.04,0.00,4275.77,False
377,BK0000377,8128,2,6,2025-03-10,2025-03-18,2025-03-21,,nightly,checked_out,False,3,8,15025.00,790.79,0.00,5008.33,False
378,BK0000378,3595,2,4,2025-02-24,2025-03-18,2025-03-21,,nightly,checked_out,False,3,22,12708.36,0.00,1906.25,4236.12,False
379,BK0000379,5997,2,6,2025-03-16,2025-03-18,2025-03-20,,nightly,checked_out,False,2,2,13631.78,717.46,0.00,6815.89,False
380,BK0000380,947,2,7,2025-03-16,2025-03-18,2025-03-18,,microstay,checked_out,False,0,2,1507.04,0.00,180.84,1507.04,False
381,BK0000381,6494,2,7,2025-03-18,2025-03-18,2025-03-18,,microstay,checked_out,False,0,0,2242.39,0.00,269.09,2242.39,False
382,BK0000382,8544,1,1,2025-03-04,2025-03-19,2025-03-20,,nightly,checked_out,False,1,15,3422.69,0.00,684.54,3422.69,False
383,BK0000383,9025,1,1,2025-03-07,2025-03-19,2025-03-20,,nightly,checked_out,False,1,12,3860.94,0.00,772.19,3860.94,False
384,BK0000384,5560,1,4,2025-01-14,2025-03-19,2025-03-23,,nightly,checked_out,False,4,64,17539.96,0.00,2630.99,4384.99,False
385,BK0000385,1707,1,5,2025-03-05,2025-03-19,2025-03-22,2025-03-10,nightly,cancelled,True,3,14,12434.70,0.00,0.00,4144.90,False
386,BK0000386,6129,1,1,2025-03-15,2025-03-19,2025-03-21,,nightly,checked_out,False,2,4,11966.83,629.83,2393.37,5983.42,False
387,BK0000387,6073,1,1,2025-03-15,2025-03-19,2025-03-21,,nightly,checked_out,False,2,4,10083.02,0.00,2016.60,5041.51,False
388,BK0000388,4765,1,5,2025-03-01,2025-03-19,2025-03-24,,nightly,checked_out,False,5,18,16351.80,0.00,0.00,3270.36,False
389,BK0000389,3856,1,5,2025-02-12,2025-03-19,2025-03-30,,nightly,checked_out,False,11,35,46821.94,0.00,0.00,4256.54,False
390,BK0000390,6120,2,6,2025-03-16,2025-03-19,2025-03-20,,nightly,checked_out,False,1,3,5612.94,0.00,0.00,5612.94,False
391,BK0000391,3504,2,6,2025-03-14,2025-03-19,2025-03-21,,nightly,checked_out,False,2,5,7068.06,372.00,0.00,3534.03,False
392,BK0000392,6814,2,5,2025-03-18,2025-03-19,2025-03-22,,nightly,no_show,False,3,1,13455.03,0.00,0.00,4485.01,False
393,BK0000393,269,2,2,2025-03-12,2025-03-19,2025-03-21,,nightly,checked_out,False,2,7,12697.66,2240.76,2158.60,6348.83,False
394,BK0000394,5108,2,3,2025-01-13,2025-03-19,2025-03-21,,nightly,checked_out,False,2,65,9084.34,0.00,1635.18,4542.17,False
395,BK0000395,8408,1,2,2025-03-02,2025-03-20,2025-03-22,,nightly,checked_out,False,2,18,6873.30,0.00,1168.46,3436.65,False
396,BK0000396,382,1,1,2025-03-19,2025-03-20,2025-03-21,,nightly,checked_out,False,1,1,4679.72,0.00,935.94,4679.72,False
397,BK0000397,8439,1,2,2025-03-06,2025-03-20,2025-03-22,2025-03-17,nightly,cancelled,True,2,14,7748.09,407.79,1317.18,3874.05,False
398,BK0000398,4264,1,7,2025-03-18,2025-03-20,2025-03-20,,microstay,checked_out,False,0,2,905.01,0.00,108.60,905.01,False
399,BK0000399,789,1,7,2025-03-19,2025-03-20,2025-03-20,2025-03-20,microstay,cancelled,True,0,1,1442.21,0.00,173.07,1442.21,False
400,BK0000400,1335,1,6,2025-03-15,2025-03-20,2025-03-22,,nightly,checked_out,False,2,5,6554.62,0.00,0.00,3277.31,False
401,BK0000401,1854,2,1,2025-03-08,2025-03-20,2025-03-23,,nightly,checked_out,False,3,12,10919.10,0.00,2183.82,3639.70,False
402,BK0000402,3483,2,1,2025-03-17,2025-03-20,2025-03-22,,nightly,checked_out,False,2,3,6919.08,364.16,1383.82,3459.54,False
403,BK0000403,2757,2,3,2025-03-08,2025-03-20,2025-03-21,,nightly,checked_out,False,1,12,4939.95,0.00,889.19,4939.95,False
404,BK0000404,3287,2,6,2025-03-14,2025-03-20,2025-03-21,,nightly,checked_out,False,1,6,7689.04,0.00,0.00,7689.04,False
405,BK0000405,6673,2,7,2025-03-20,2025-03-20,2025-03-20,2025-03-19,microstay,cancelled,True,0,0,1982.58,104.35,237.91,1982.58,False
406,BK0000406,6894,1,2,2025-03-17,2025-03-21,2025-03-22,2025-03-20,nightly,cancelled,True,1,4,6663.95,0.00,1132.87,6663.95,False
407,BK0000407,6568,1,7,2025-03-21,2025-03-21,2025-03-21,,microstay,checked_out,False,0,0,1262.15,66.43,151.46,1262.15,False
408,BK0000408,4574,1,1,2025-02-26,2025-03-21,2025-03-25,,nightly,checked_out,False,4,23,21169.93,3735.87,4233.99,5292.48,False
409,BK0000409,5899,1,5,2025-03-05,2025-03-21,2025-03-23,,nightly,checked_out,False,2,16,6589.98,1162.94,0.00,3294.99,False
410,BK0000410,3347,1,7,2025-03-21,2025-03-21,2025-03-21,,microstay,checked_out,False,0,0,1289.15,0.00,154.70,1289.15,False
411,BK0000411,2640,1,4,2025-03-15,2025-03-21,2025-04-05,,nightly,checked_out,False,15,6,50464.67,2656.03,7569.70,3364.31,False
412,BK0000412,6335,2,7,2025-03-21,2025-03-21,2025-03-21,,microstay,checked_out,False,0,0,1805.66,0.00,216.68,1805.66,False
413,BK0000413,654,2,1,2025-03-13,2025-03-21,2025-03-22,,nightly,checked_out,False,1,8,4132.65,0.00,826.53,4132.65,False
414,BK0000414,2545,2,5,2025-03-16,2025-03-21,2025-03-24,,nightly,checked_out,False,3,5,10629.10,559.43,0.00,3543.03,False
415,BK0000415,3217,2,1,2025-03-12,2025-03-21,2025-03-22,2025-03-18,nightly,cancelled,True,1,9,3978.22,0.00,795.64,3978.22,False
416,BK0000416,4253,2,2,2025-03-16,2025-03-22,2025-03-25,,nightly,checked_out,False,3,6,13931.03,733.21,2368.28,4643.68,False
417,BK0000417,3980,2,6,2025-03-17,2025-03-22,2025-03-26,,nightly,checked_out,False,4,5,26500.12,0.00,0.00,6625.03,False
418,BK0000418,3489,2,5,2025-03-15,2025-03-22,2025-03-24,,nightly,checked_out,False,2,7,9749.82,0.00,0.00,4874.91,False
419,BK0000419,8730,2,1,2025-03-09,2025-03-22,2025-03-25,,nightly,checked_out,False,3,13,19469.25,0.00,3893.85,6489.75,False
420,BK0000420,6791,2,8,2025-03-21,2025-03-22,2025-03-23,,nightly,checked_out,False,1,1,4100.38,215.81,0.00,4100.38,False
421,BK0000421,3415,2,3,2025-02-24,2025-03-22,2025-03-23,,nightly,checked_out,False,1,26,4425.66,232.93,796.62,4425.66,False
422,BK0000422,7307,1,3,2025-03-06,2025-03-23,2025-03-26,,nightly,checked_out,False,3,17,8507.38,945.26,1531.33,2835.79,False
423,BK0000423,3319,1,6,2025-03-21,2025-03-23,2025-04-09,,nightly,checked_out,False,17,2,81357.72,4281.99,0.00,4785.75,False
424,BK0000424,6437,1,2,2025-03-15,2025-03-23,2025-03-24,,nightly,checked_out,False,1,8,3929.62,0.00,668.04,3929.62,False
425,BK0000425,6950,1,2,2025-03-14,2025-03-24,2025-03-28,2025-03-18,nightly,cancelled,True,4,10,16644.44,0.00,2829.55,4161.11,False
426,BK0000426,664,1,6,2025-03-18,2025-03-24,2025-04-13,2025-03-19,nightly,cancelled,True,20,6,98965.60,0.00,0.00,4948.28,False
427,BK0000427,8882,1,2,2025-03-20,2025-03-24,2025-03-25,,nightly,checked_out,False,1,4,4202.48,466.94,714.42,4202.48,False
428,BK0000428,5794,2,5,2025-03-18,2025-03-24,2025-03-27,2025-03-20,nightly,cancelled,True,3,6,13800.96,0.00,0.00,4600.32,False
429,BK0000429,1521,2,5,2025-03-15,2025-03-24,2025-03-29,,nightly,checked_out,False,5,9,26224.55,0.00,0.00,5244.91,False
430,BK0000430,8010,2,7,2025-03-24,2025-03-24,2025-03-24,,microstay,checked_out,False,0,0,1986.91,0.00,238.43,1986.91,False
431,BK0000431,5199,2,6,2025-03-18,2025-03-24,2025-03-27,,nightly,checked_out,False,3,6,12875.07,0.00,0.00,4291.69,False
432,BK0000432,3438,2,6,2025-03-17,2025-03-24,2025-03-26,,nightly,checked_out,False,2,7,7394.56,0.00,0.00,3697.28,False
433,BK0000433,1664,1,6,2025-03-22,2025-03-25,2025-03-28,,nightly,checked_out,False,3,3,19544.85,0.00,0.00,6514.95,False
434,BK0000434,4951,1,2,2025-03-17,2025-03-25,2025-03-26,,nightly,checked_out,False,1,8,6456.74,717.42,1097.65,6456.74,False
435,BK0000435,77,1,5,2025-03-19,2025-03-25,2025-03-26,,nightly,checked_out,False,1,6,3159.19,351.02,0.00,3159.19,False
436,BK0000436,8693,1,1,2025-03-20,2025-03-25,2025-03-31,,nightly,checked_out,False,6,5,23772.00,0.00,4754.40,3962.00,False
437,BK0000437,58,1,2,2025-03-21,2025-03-25,2025-03-26,,nightly,checked_out,False,1,4,4366.07,0.00,742.23,4366.07,False
438,BK0000438,6214,1,6,2025-03-24,2025-03-25,2025-03-30,,nightly,checked_out,False,5,1,20203.80,0.00,0.00,4040.76,False
439,BK0000439,4904,1,6,2025-02-19,2025-03-25,2025-03-29,,nightly,checked_out,False,4,34,14182.76,0.00,0.00,3545.69,False
440,BK0000440,8546,1,7,2025-03-23,2025-03-25,2025-03-25,,microstay,checked_out,False,0,2,1494.22,0.00,179.31,1494.22,False
441,BK0000441,7733,1,1,2025-01-12,2025-03-25,2025-03-26,,nightly,checked_out,False,1,72,4634.51,0.00,926.90,4634.51,False
442,BK0000442,3489,1,1,2025-03-21,2025-03-25,2025-03-28,2025-03-25,nightly,cancelled,True,3,4,22485.06,0.00,4497.01,7495.02,False
443,BK0000443,4365,2,6,2025-03-21,2025-03-25,2025-04-11,,nightly,checked_out,False,17,4,84795.66,0.00,0.00,4987.98,False
444,BK0000444,722,2,7,2025-03-24,2025-03-25,2025-03-25,,microstay,checked_out,False,0,1,2152.69,0.00,258.32,2152.69,False
445,BK0000445,2103,2,5,2025-03-24,2025-03-25,2025-03-26,,nightly,checked_out,False,1,1,6961.50,0.00,0.00,6961.50,False
446,BK0000446,1169,2,1,2025-03-13,2025-03-25,2025-03-26,2025-03-21,nightly,cancelled,True,1,12,4260.10,0.00,852.02,4260.10,False
447,BK0000447,8439,2,7,2025-03-24,2025-03-25,2025-03-25,,microstay,checked_out,False,0,1,1042.46,0.00,125.10,1042.46,False
448,BK0000448,3604,2,4,2025-03-05,2025-03-25,2025-03-28,,nightly,checked_out,False,3,20,15558.24,0.00,2333.74,5186.08,False
449,BK0000449,4939,1,2,2025-03-08,2025-03-26,2025-03-27,,nightly,checked_out,False,1,18,4449.61,0.00,756.43,4449.61,False
450,BK0000450,3874,1,2,2025-02-13,2025-03-26,2025-03-28,,nightly,checked_out,False,2,41,8617.61,1520.75,1464.99,4308.81,False
451,BK0000451,5653,1,5,2025-03-20,2025-03-26,2025-03-28,,nightly,checked_out,False,2,6,8547.26,0.00,0.00,4273.63,False
452,BK0000452,8510,1,1,2025-02-12,2025-03-26,2025-03-28,2025-02-25,nightly,cancelled,True,2,42,10654.58,0.00,2130.92,5327.29,False
453,BK0000453,8464,1,6,2025-03-20,2025-03-26,2025-04-10,,nightly,checked_out,False,15,6,51992.41,5776.94,0.00,3466.16,False
454,BK0000454,5953,2,4,2025-03-08,2025-03-26,2025-03-29,2025-03-24,nightly,cancelled,True,3,18,13123.57,1458.17,1968.54,4374.52,False
455,BK0000455,1350,2,6,2025-03-24,2025-03-26,2025-04-16,,nightly,checked_out,False,21,2,76219.29,0.00,0.00,3629.49,False
456,BK0000456,7317,2,3,2025-03-19,2025-03-26,2025-03-28,,nightly,checked_out,False,2,7,15975.70,0.00,2875.63,7987.85,False
457,BK0000457,1560,2,4,2025-02-24,2025-03-26,2025-04-02,,nightly,checked_out,False,7,30,31074.78,1635.52,4661.22,4439.25,False
458,BK0000458,9130,2,1,2025-02-14,2025-03-26,2025-03-27,,nightly,checked_out,False,1,40,3597.82,0.00,719.56,3597.82,False
459,BK0000459,639,1,6,2025-03-25,2025-03-27,2025-03-28,,nightly,checked_out,False,1,2,4115.55,216.61,0.00,4115.55,False
460,BK0000460,4415,1,4,2025-02-14,2025-03-27,2025-03-30,,nightly,checked_out,False,3,41,14087.52,0.00,2113.13,4695.84,False
461,BK0000461,3269,1,5,2025-03-22,2025-03-27,2025-03-28,,nightly,checked_out,False,1,5,5060.30,266.33,0.00,5060.30,False
462,BK0000462,7234,1,5,2025-03-24,2025-03-27,2025-03-28,,nightly,checked_out,False,1,3,3485.32,0.00,0.00,3485.32,False
463,BK0000463,40,1,2,2025-03-16,2025-03-27,2025-03-28,,nightly,checked_out,False,1,11,6991.52,0.00,1188.56,6991.52,False
464,BK0000464,2712,1,1,2025-03-05,2025-03-27,2025-03-30,2025-03-05,nightly,cancelled,True,3,22,10393.59,0.00,2078.72,3464.53,False
465,BK0000465,344,2,4,2025-03-06,2025-03-27,2025-04-01,,nightly,checked_out,False,5,21,18511.30,0.00,2776.70,3702.26,False
466,BK0000466,6875,2,7,2025-03-26,2025-03-27,2025-03-27,,microstay,checked_out,False,0,1,1294.24,0.00,155.31,1294.24,False
467,BK0000467,3841,2,2,2024-12-22,2025-03-27,2025-03-29,,nightly,checked_out,False,2,95,14228.12,0.00,2418.78,7114.06,False
468,BK0000468,6855,2,7,2025-03-26,2025-03-27,2025-03-27,,microstay,checked_out,False,0,1,1962.94,0.00,235.55,1962.94,False
469,BK0000469,193,2,7,2025-03-26,2025-03-27,2025-03-27,,microstay,checked_out,False,0,1,996.71,0.00,119.61,996.71,False
470,BK0000470,9319,2,1,2025-03-16,2025-03-27,2025-03-28,,nightly,checked_out,False,1,11,3891.74,432.42,778.35,3891.74,False
471,BK0000471,7461,1,1,2025-03-22,2025-03-28,2025-03-29,,nightly,checked_out,False,1,6,4437.87,493.10,887.57,4437.87,False
472,BK0000472,6549,1,4,2025-03-19,2025-03-28,2025-04-05,,nightly,checked_out,False,8,9,33174.96,0.00,4976.24,4146.87,False
473,BK0000473,944,1,7,2025-03-27,2025-03-28,2025-03-28,,microstay,checked_out,False,0,1,908.59,0.00,109.03,908.59,False
474,BK0000474,4532,1,4,2025-03-10,2025-03-28,2025-03-30,,nightly,checked_out,False,2,18,8199.88,911.10,1229.98,4099.94,False
475,BK0000475,4451,1,4,2025-02-21,2025-03-28,2025-03-30,,nightly,checked_out,False,2,35,14079.38,0.00,2111.91,7039.69,False
476,BK0000476,8769,1,7,2025-03-25,2025-03-28,2025-03-28,2025-03-25,microstay,cancelled,True,0,3,857.12,95.24,102.85,857.12,False
477,BK0000477,287,2,2,2025-03-18,2025-03-28,2025-03-29,,nightly,checked_out,False,1,10,7530.26,0.00,1280.14,7530.26,False
478,BK0000478,4898,2,5,2025-03-19,2025-03-28,2025-04-01,,nightly,checked_out,False,4,9,16211.08,0.00,0.00,4052.77,False
479,BK0000479,5570,2,2,2025-02-20,2025-03-28,2025-03-30,,nightly,checked_out,False,2,36,7028.43,1240.31,1194.83,3514.22,False
480,BK0000480,3147,2,4,2025-03-20,2025-03-28,2025-04-02,2025-03-24,nightly,cancelled,True,5,8,15021.67,1669.08,2253.25,3004.33,False
481,BK0000481,4837,1,3,2025-03-24,2025-03-29,2025-04-03,,nightly,checked_out,False,5,5,19771.50,0.00,3558.87,3954.30,False
482,BK0000482,6060,1,4,2025-03-21,2025-03-29,2025-04-02,,nightly,checked_out,False,4,8,11715.70,616.62,1757.36,2928.93,False
483,BK0000483,4988,1,1,2025-02-27,2025-03-29,2025-03-30,,nightly,checked_out,False,1,30,3241.52,0.00,648.30,3241.52,False
484,BK0000484,5823,1,6,2025-03-28,2025-03-29,2025-03-31,,nightly,checked_out,False,2,1,13273.04,0.00,0.00,6636.52,False
485,BK0000485,6183,1,8,2025-03-28,2025-03-29,2025-03-30,,nightly,checked_out,False,1,1,4749.56,0.00,0.00,4749.56,False
486,BK0000486,5312,2,1,2025-03-23,2025-03-29,2025-04-01,,nightly,checked_out,False,3,6,18853.32,0.00,3770.66,6284.44,False
487,BK0000487,2005,2,2,2025-03-21,2025-03-29,2025-04-05,2025-03-27,nightly,cancelled,True,7,8,25283.44,0.00,4298.18,3611.92,False
488,BK0000488,5164,2,2,2025-03-26,2025-03-29,2025-03-30,,nightly,checked_out,False,1,3,3843.74,0.00,653.44,3843.74,False
489,BK0000489,962,2,5,2025-03-17,2025-03-29,2025-03-30,,nightly,checked_out,False,1,12,7477.88,0.00,0.00,7477.88,False
490,BK0000490,5005,2,4,2025-03-07,2025-03-29,2025-03-30,,nightly,checked_out,False,1,22,4491.68,0.00,673.75,4491.68,False
491,BK0000491,6498,2,2,2025-03-11,2025-03-29,2025-03-31,2025-03-21,nightly,cancelled,True,2,18,6779.26,356.80,1152.47,3389.63,False
492,BK0000492,966,2,8,2025-03-28,2025-03-29,2025-03-31,,nightly,checked_out,False,2,1,12094.47,1343.83,0.00,6047.24,False
493,BK0000493,3343,1,6,2025-03-18,2025-03-30,2025-04-01,,nightly,no_show,False,2,12,12793.58,0.00,0.00,6396.79,False
494,BK0000494,1707,1,1,2025-03-26,2025-03-30,2025-04-03,,nightly,checked_out,False,4,4,12836.25,675.59,2567.25,3209.06,False
495,BK0000495,7173,1,2,2025-02-20,2025-03-30,2025-04-01,,nightly,checked_out,False,2,38,7410.90,0.00,1259.85,3705.45,False
496,BK0000496,8057,1,1,2025-03-14,2025-03-30,2025-03-31,,nightly,checked_out,False,1,16,3840.20,0.00,768.04,3840.20,False
497,BK0000497,1607,1,2,2025-03-19,2025-03-30,2025-04-01,,nightly,checked_out,False,2,11,7745.34,1366.82,1316.71,3872.67,False
498,BK0000498,2986,1,6,2025-03-27,2025-03-30,2025-03-31,,nightly,checked_out,False,1,3,5000.88,0.00,0.00,5000.88,False
499,BK0000499,4256,1,1,2025-03-23,2025-03-30,2025-03-31,,nightly,checked_out,False,1,7,4312.21,226.96,862.44,4312.21,False
500,BK0000500,1412,2,3,2025-03-21,2025-03-30,2025-04-01,,nightly,checked_out,False,2,9,8474.69,941.63,1525.44,4237.35,False
501,BK0000501,1561,2,3,2025-03-24,2025-03-30,2025-03-31,,nightly,checked_out,False,1,6,3903.45,0.00,702.62,3903.45,False
502,BK0000502,8873,2,2,2025-02-12,2025-03-30,2025-03-31,,nightly,checked_out,False,1,46,3312.26,0.00,563.08,3312.26,False
503,BK0000503,3856,2,1,2025-03-17,2025-03-30,2025-04-02,,nightly,checked_out,False,3,13,21404.79,0.00,4280.96,7134.93,False
504,BK0000504,5319,2,4,2025-03-09,2025-03-30,2025-04-13,2025-03-09,nightly,cancelled,True,14,21,50135.28,2638.70,7520.29,3581.09,False
505,BK0000505,241,1,2,2025-03-25,2025-03-31,2025-04-03,,nightly,checked_out,False,3,6,11819.23,622.07,2009.27,3939.74,False
506,BK0000506,3836,1,6,2025-03-29,2025-03-31,2025-04-11,,nightly,checked_out,False,11,2,73245.26,0.00,0.00,6658.66,False
507,BK0000507,6820,1,3,2025-03-02,2025-03-31,2025-04-04,2025-03-17,nightly,cancelled,True,4,29,18128.92,0.00,3263.21,4532.23,False
508,BK0000508,864,1,6,2025-03-30,2025-03-31,2025-04-08,,nightly,checked_out,False,8,1,34751.20,0.00,0.00,4343.90,False
509,BK0000509,9025,1,4,2025-03-17,2025-03-31,2025-04-01,,nightly,checked_out,False,1,14,4187.92,0.00,628.19,4187.92,False
510,BK0000510,1319,2,4,2025-03-18,2025-03-31,2025-04-01,,nightly,checked_out,False,1,13,5151.17,271.11,772.68,5151.17,False
511,BK0000511,5150,2,1,2025-03-09,2025-03-31,2025-04-02,,nightly,checked_out,False,2,22,13584.16,0.00,2716.83,6792.08,False
512,BK0000512,1249,2,4,2025-03-24,2025-03-31,2025-04-05,,nightly,checked_out,False,5,7,19190.70,2132.30,2878.61,3838.14,False
513,BK0000513,1891,2,7,2025-03-30,2025-03-31,2025-03-31,,microstay,checked_out,False,0,1,1137.88,0.00,136.55,1137.88,False
514,BK0000514,1595,2,1,2025-02-07,2025-03-31,2025-04-01,,nightly,checked_out,False,1,52,3336.00,370.67,667.20,3336.00,False
515,BK0000515,6881,1,1,2025-03-09,2025-04-01,2025-04-04,2025-03-11,nightly,cancelled,True,3,23,11197.56,0.00,2239.51,3732.52,False
516,BK0000516,2694,1,6,2025-03-29,2025-04-01,2025-04-18,,nightly,checked_out,False,17,3,70010.93,0.00,0.00,4118.29,False
517,BK0000517,7461,2,2,2025-03-29,2025-04-01,2025-04-02,,nightly,checked_out,False,1,3,5508.76,0.00,936.49,5508.76,False
518,BK0000518,7422,2,6,2025-03-21,2025-04-01,2025-04-02,,nightly,checked_out,False,1,11,7148.87,0.00,0.00,7148.87,False
519,BK0000519,401,2,4,2025-03-22,2025-04-01,2025-04-03,,nightly,checked_out,False,2,10,9468.08,0.00,1420.21,4734.04,False
520,BK0000520,1146,2,3,2025-03-24,2025-04-01,2025-04-04,2025-03-25,nightly,cancelled,True,3,8,21421.77,1127.46,3855.92,7140.59,False
521,BK0000521,6814,2,1,2025-03-21,2025-04-01,2025-04-06,,nightly,checked_out,False,5,11,22613.95,0.00,4522.79,4522.79,False
522,BK0000522,1823,2,6,2025-03-30,2025-04-01,2025-04-10,,nightly,checked_out,False,9,2,30333.33,0.00,0.00,3370.37,False
523,BK0000523,2213,2,6,2025-03-30,2025-04-01,2025-04-04,,nightly,checked_out,False,3,2,10958.25,576.75,0.00,3652.75,False
524,BK0000524,414,1,2,2025-03-20,2025-04-02,2025-04-11,,nightly,checked_out,False,9,13,44321.85,0.00,7534.71,4924.65,False
525,BK0000525,942,1,1,2025-03-24,2025-04-02,2025-04-08,,nightly,checked_out,False,6,9,23916.66,0.00,4783.33,3986.11,False
526,BK0000526,3615,1,2,2025-03-21,2025-04-02,2025-04-03,,nightly,checked_out,False,1,12,4890.69,0.00,831.42,4890.69,False
527,BK0000527,6194,1,3,2025-03-15,2025-04-02,2025-04-04,2025-03-24,nightly,cancelled,True,2,18,10253.64,0.00,1845.66,5126.82,False
528,BK0000528,8359,1,2,2025-03-01,2025-04-02,2025-04-03,,nightly,checked_out,False,1,32,3303.24,0.00,561.55,3303.24,False
529,BK0000529,4867,2,6,2025-03-29,2025-04-02,2025-04-11,,nightly,checked_out,False,9,4,44269.74,0.00,0.00,4918.86,False
530,BK0000530,8951,2,6,2025-03-28,2025-04-02,2025-04-22,,nightly,checked_out,False,20,5,80166.60,0.00,0.00,4008.33,False
531,BK0000531,6742,1,6,2025-04-02,2025-04-03,2025-04-18,,nightly,checked_out,False,15,1,51396.19,2705.06,0.00,3426.41,False
532,BK0000532,8786,1,1,2025-04-01,2025-04-03,2025-04-06,,nightly,checked_out,False,3,2,19482.90,0.00,3896.58,6494.30,False
533,BK0000533,2103,1,2,2025-04-01,2025-04-03,2025-04-07,,nightly,checked_out,False,4,2,18431.36,0.00,3133.33,4607.84,False
534,BK0000534,684,2,5,2025-03-31,2025-04-03,2025-04-04,,nightly,checked_out,False,1,3,4390.31,0.00,0.00,4390.31,False
535,BK0000535,6719,2,3,2025-03-24,2025-04-03,2025-04-04,2025-04-01,nightly,cancelled,True,1,10,4271.39,0.00,768.85,4271.39,False
536,BK0000536,4362,2,3,2025-03-26,2025-04-03,2025-04-04,2025-04-02,nightly,cancelled,True,1,8,5537.26,977.16,996.71,5537.26,False
537,BK0000537,962,2,2,2025-03-25,2025-04-03,2025-04-05,2025-04-01,nightly,cancelled,True,2,9,8360.48,0.00,1421.28,4180.24,False
538,BK0000538,4123,2,1,2025-03-27,2025-04-03,2025-04-04,,nightly,checked_out,False,1,7,5429.22,0.00,1085.84,5429.22,False
539,BK0000539,4953,2,5,2025-03-31,2025-04-03,2025-04-05,,nightly,checked_out,False,2,3,13668.02,0.00,0.00,6834.01,False
540,BK0000540,698,1,7,2025-04-03,2025-04-04,2025-04-04,,microstay,checked_out,False,0,1,1274.32,0.00,152.92,1274.32,False
541,BK0000541,9317,1,3,2025-03-30,2025-04-04,2025-04-05,,nightly,checked_out,False,1,5,3758.45,0.00,676.52,3758.45,False
542,BK0000542,452,1,2,2025-03-12,2025-04-04,2025-04-06,,nightly,checked_out,False,2,23,6323.42,0.00,1074.98,3161.71,False
543,BK0000543,7018,2,8,2025-04-03,2025-04-04,2025-04-06,,nightly,checked_out,False,2,1,8358.46,0.00,0.00,4179.23,False
544,BK0000544,6162,2,4,2025-03-17,2025-04-04,2025-04-07,,nightly,checked_out,False,3,18,21241.29,0.00,3186.19,7080.43,False
545,BK0000545,9260,1,3,2025-03-19,2025-04-05,2025-04-07,,nightly,checked_out,False,2,17,6154.35,323.91,1107.78,3077.18,False
546,BK0000546,1659,1,7,2025-04-05,2025-04-05,2025-04-05,,microstay,checked_out,False,0,0,1054.34,0.00,126.52,1054.34,False
547,BK0000547,3324,2,6,2025-03-30,2025-04-05,2025-04-12,,nightly,checked_out,False,7,6,31206.49,0.00,0.00,4458.07,False
548,BK0000548,379,2,1,2025-03-14,2025-04-05,2025-04-06,,nightly,checked_out,False,1,22,6259.11,0.00,1251.82,6259.11,False
549,BK0000549,8670,2,2,2025-03-12,2025-04-05,2025-04-07,,nightly,checked_out,False,2,24,7435.36,0.00,1264.01,3717.68,False
550,BK0000550,8617,1,5,2025-03-29,2025-04-06,2025-04-08,,nightly,checked_out,False,2,8,8590.22,452.12,0.00,4295.11,False
551,BK0000551,6373,1,6,2025-04-02,2025-04-06,2025-04-09,,nightly,checked_out,False,3,4,10694.73,1188.30,0.00,3564.91,False
552,BK0000552,4263,1,7,2025-04-05,2025-04-06,2025-04-06,,microstay,checked_out,False,0,1,1679.13,88.38,201.50,1679.13,False
553,BK0000553,9043,1,4,2025-02-11,2025-04-06,2025-04-07,,nightly,checked_out,False,1,54,3227.12,0.00,484.07,3227.12,False
554,BK0000554,4604,1,1,2025-03-28,2025-04-06,2025-04-09,,nightly,checked_out,False,3,9,10931.58,0.00,2186.32,3643.86,False
555,BK0000555,6242,1,1,2025-04-02,2025-04-06,2025-04-08,2025-04-04,nightly,cancelled,True,2,4,7825.00,0.00,1565.00,3912.50,False
556,BK0000556,1248,1,3,2025-03-28,2025-04-06,2025-04-08,,nightly,checked_out,False,2,9,8162.20,0.00,1469.20,4081.10,False
557,BK0000557,4935,1,2,2025-04-03,2025-04-07,2025-04-12,,nightly,checked_out,False,5,4,21863.06,1150.69,3716.72,4372.61,False
558,BK0000558,1976,1,6,2025-04-06,2025-04-07,2025-04-13,,nightly,checked_out,False,6,1,21775.50,0.00,0.00,3629.25,False
559,BK0000559,2986,1,5,2025-04-04,2025-04-07,2025-04-10,,nightly,checked_out,False,3,3,9692.19,0.00,0.00,3230.73,False
560,BK0000560,631,2,7,2025-04-07,2025-04-07,2025-04-07,,microstay,checked_out,False,0,0,1724.77,0.00,206.97,1724.77,False
561,BK0000561,4239,2,6,2025-03-29,2025-04-07,2025-04-09,,nightly,checked_out,False,2,9,7877.49,414.61,0.00,3938.75,False
562,BK0000562,2823,2,6,2025-03-24,2025-04-07,2025-04-08,2025-03-30,nightly,cancelled,True,1,14,3419.90,0.00,0.00,3419.90,False
563,BK0000563,7955,2,7,2025-04-06,2025-04-07,2025-04-07,,microstay,checked_out,False,0,1,1073.56,119.28,128.83,1073.56,False
564,BK0000564,6025,1,3,2025-04-05,2025-04-08,2025-04-18,,nightly,checked_out,False,10,3,53280.60,0.00,9590.51,5328.06,False
565,BK0000565,1514,1,1,2025-04-02,2025-04-08,2025-04-10,,nightly,checked_out,False,2,6,8199.36,0.00,1639.87,4099.68,False
566,BK0000566,3771,2,2,2025-03-31,2025-04-08,2025-04-11,,nightly,checked_out,False,3,8,11913.77,627.04,2025.34,3971.26,False
567,BK0000567,5320,2,4,2025-03-23,2025-04-08,2025-04-12,2025-03-26,nightly,cancelled,True,4,16,16466.92,0.00,2470.04,4116.73,False
568,BK0000568,7461,2,1,2025-04-01,2025-04-08,2025-04-09,2025-04-01,nightly,cancelled,True,1,7,6352.27,334.33,1270.45,6352.27,False
569,BK0000569,2597,2,4,2025-04-04,2025-04-08,2025-04-10,,nightly,checked_out,False,2,4,9080.65,477.93,1362.10,4540.33,False
570,BK0000570,3940,1,6,2025-04-04,2025-04-09,2025-04-18,,nightly,checked_out,False,9,5,36553.05,0.00,0.00,4061.45,False
571,BK0000571,789,1,1,2025-03-31,2025-04-09,2025-04-12,,nightly,checked_out,False,3,9,11907.18,0.00,2381.44,3969.06,False
572,BK0000572,1475,1,1,2025-04-07,2025-04-09,2025-04-13,,nightly,checked_out,False,4,2,17163.00,0.00,3432.60,4290.75,False
573,BK0000573,6894,1,5,2025-03-18,2025-04-09,2025-04-13,,nightly,checked_out,False,4,22,16453.52,0.00,0.00,4113.38,False
574,BK0000574,9043,1,4,2025-04-02,2025-04-09,2025-04-13,,nightly,checked_out,False,4,7,25638.18,1349.38,3845.73,6409.55,False
575,BK0000575,285,1,2,2025-03-15,2025-04-09,2025-04-12,2025-04-01,nightly,cancelled,True,3,25,10647.54,0.00,1810.08,3549.18,False
576,BK0000576,749,1,2,2025-04-07,2025-04-09,2025-04-11,,nightly,checked_out,False,2,2,10050.66,0.00,1708.61,5025.33,False
577,BK0000577,7040,1,1,2025-03-21,2025-04-09,2025-04-10,2025-04-04,nightly,cancelled,True,1,19,6171.94,324.84,1234.39,6171.94,False
578,BK0000578,6532,2,1,2025-03-20,2025-04-09,2025-04-11,,nightly,checked_out,False,2,20,14161.70,0.00,2832.34,7080.85,False
579,BK0000579,3388,2,3,2025-03-17,2025-04-09,2025-04-10,2025-03-26,nightly,cancelled,True,1,23,4470.55,0.00,804.70,4470.55,False
580,BK0000580,7594,2,5,2025-02-19,2025-04-09,2025-04-10,,nightly,checked_out,False,1,49,7693.45,0.00,0.00,7693.45,False
581,BK0000581,3131,2,6,2025-04-05,2025-04-09,2025-04-13,,nightly,checked_out,False,4,4,29093.00,0.00,0.00,7273.25,False
582,BK0000582,9345,1,3,2025-01-29,2025-04-10,2025-04-11,,nightly,checked_out,False,1,71,2989.92,332.21,538.19,2989.92,False
583,BK0000583,7195,1,2,2025-04-02,2025-04-10,2025-04-11,,nightly,checked_out,False,1,8,3629.92,0.00,617.09,3629.92,False
584,BK0000584,6406,1,5,2025-04-05,2025-04-10,2025-04-15,,nightly,checked_out,False,5,5,19576.90,0.00,0.00,3915.38,False
585,BK0000585,6046,2,2,2025-04-07,2025-04-10,2025-04-12,,nightly,checked_out,False,2,3,11952.90,2109.34,2031.99,5976.45,False
586,BK0000586,4616,2,1,2025-04-07,2025-04-10,2025-04-13,,nightly,checked_out,False,3,3,10458.58,1162.07,2091.72,3486.19,False
587,BK0000587,6373,2,1,2025-04-03,2025-04-10,2025-04-11,,nightly,checked_out,False,1,7,3754.47,0.00,750.89,3754.47,False
588,BK0000588,3595,2,5,2025-04-02,2025-04-10,2025-04-11,,nightly,checked_out,False,1,8,3904.75,0.00,0.00,3904.75,False
589,BK0000589,7641,1,2,2025-04-04,2025-04-11,2025-04-24,,nightly,checked_out,False,13,7,61316.19,0.00,10423.75,4716.63,False
590,BK0000590,4322,1,1,2025-03-27,2025-04-11,2025-04-14,,nightly,checked_out,False,3,15,9433.29,0.00,1886.66,3144.43,False
591,BK0000591,8020,2,1,2025-03-12,2025-04-11,2025-04-12,,nightly,checked_out,False,1,30,4155.26,0.00,831.05,4155.26,False
592,BK0000592,847,2,4,2025-04-03,2025-04-11,2025-04-15,,nightly,checked_out,False,4,8,19170.32,0.00,2875.55,4792.58,False
593,BK0000593,4498,2,6,2025-03-30,2025-04-11,2025-04-23,,nightly,checked_out,False,12,12,46919.28,0.00,0.00,3909.94,False
594,BK0000594,6621,2,1,2025-03-31,2025-04-11,2025-04-13,,nightly,checked_out,False,2,11,7611.10,400.58,1522.22,3805.55,False
595,BK0000595,9143,2,4,2025-03-21,2025-04-11,2025-04-22,,nightly,checked_out,False,11,21,74819.03,0.00,11222.85,6801.73,False
596,BK0000596,5824,1,5,2025-04-09,2025-04-12,2025-04-14,,nightly,checked_out,False,2,3,8225.97,432.95,0.00,4112.99,False
597,BK0000597,1758,1,1,2025-04-10,2025-04-12,2025-04-13,,nightly,checked_out,False,1,2,4203.83,467.09,840.77,4203.83,False
598,BK0000598,1264,1,3,2025-03-18,2025-04-12,2025-04-14,,nightly,checked_out,False,2,25,7569.71,398.41,1362.55,3784.86,False
599,BK0000599,3856,1,5,2025-04-02,2025-04-12,2025-04-13,,nightly,checked_out,False,1,10,3231.68,0.00,0.00,3231.68,False
600,BK0000600,1923,1,3,2025-03-25,2025-04-12,2025-04-14,,nightly,checked_out,False,2,18,11629.14,0.00,2093.25,5814.57,False
601,BK0000601,654,1,3,2025-03-13,2025-04-12,2025-04-14,2025-04-03,nightly,cancelled,True,2,30,6231.54,0.00,1121.68,3115.77,False
602,BK0000602,4730,1,2,2025-03-24,2025-04-13,2025-04-14,,nightly,checked_out,False,1,20,4092.31,0.00,695.69,4092.31,False
603,BK0000603,8043,1,5,2025-04-03,2025-04-13,2025-04-15,,nightly,checked_out,False,2,10,9129.22,0.00,0.00,4564.61,False
604,BK0000604,2147,1,7,2025-04-12,2025-04-13,2025-04-13,,microstay,checked_out,False,0,1,886.65,0.00,106.40,886.65,False
605,BK0000605,4365,1,3,2025-03-29,2025-04-13,2025-04-14,,nightly,checked_out,False,1,15,5761.49,0.00,1037.07,5761.49,False
606,BK0000606,6489,1,4,2024-12-14,2025-04-13,2025-04-17,,nightly,checked_out,False,4,120,14894.28,0.00,2234.14,3723.57,False
607,BK0000607,8123,1,2,2025-04-05,2025-04-13,2025-04-14,,nightly,checked_out,False,1,8,2991.33,332.37,508.53,2991.33,False
608,BK0000608,8544,2,1,2025-04-08,2025-04-13,2025-04-16,,nightly,no_show,False,3,5,11554.29,0.00,2310.86,3851.43,False
609,BK0000609,3918,2,5,2025-04-11,2025-04-13,2025-04-15,2025-04-12,nightly,cancelled,True,2,2,6210.09,326.85,0.00,3105.05,False
610,BK0000610,4573,2,6,2025-04-10,2025-04-13,2025-04-23,,nightly,checked_out,False,10,3,49307.10,0.00,0.00,4930.71,False
611,BK0000611,4245,2,2,2025-03-04,2025-04-13,2025-04-17,,nightly,checked_out,False,4,40,25528.52,0.00,4339.85,6382.13,False
612,BK0000612,379,2,6,2025-04-12,2025-04-13,2025-04-20,,nightly,checked_out,False,7,1,26396.51,0.00,0.00,3770.93,False
613,BK0000613,6616,2,1,2025-03-29,2025-04-13,2025-04-14,,nightly,checked_out,False,1,15,6745.24,0.00,1349.05,6745.24,False
614,BK0000614,1838,1,6,2025-04-12,2025-04-14,2025-04-20,,nightly,checked_out,False,6,2,23773.14,0.00,0.00,3962.19,False
615,BK0000615,6362,1,7,2025-04-14,2025-04-14,2025-04-14,,microstay,checked_out,False,0,0,1839.55,0.00,220.75,1839.55,False
616,BK0000616,1032,1,6,2025-04-12,2025-04-14,2025-04-18,,nightly,checked_out,False,4,2,14562.12,0.00,0.00,3640.53,False
617,BK0000617,1748,1,7,2025-04-14,2025-04-14,2025-04-14,,microstay,checked_out,False,0,0,1778.56,93.61,213.43,1778.56,False
618,BK0000618,9345,2,2,2025-03-29,2025-04-14,2025-04-19,,nightly,checked_out,False,5,16,18589.15,0.00,3160.16,3717.83,False
619,BK0000619,7410,2,5,2025-04-07,2025-04-14,2025-04-15,,nightly,checked_out,False,1,7,4223.99,0.00,0.00,4223.99,False
620,BK0000620,2334,2,6,2025-04-08,2025-04-14,2025-04-22,,nightly,checked_out,False,8,6,40500.32,0.00,0.00,5062.54,False
621,BK0000621,2652,2,6,2025-04-09,2025-04-14,2025-04-23,,nightly,checked_out,False,9,5,67056.62,3529.30,0.00,7450.74,False
622,BK0000622,3623,1,5,2025-04-12,2025-04-15,2025-04-16,,nightly,checked_out,False,1,3,7145.77,0.00,0.00,7145.77,False
623,BK0000623,3530,1,1,2025-04-12,2025-04-15,2025-04-18,,nightly,checked_out,False,3,3,11740.53,0.00,2348.11,3913.51,False
624,BK0000624,7275,1,5,2025-04-05,2025-04-15,2025-04-18,,nightly,checked_out,False,3,10,13145.10,0.00,0.00,4381.70,False
625,BK0000625,8451,1,6,2025-03-30,2025-04-15,2025-04-30,,nightly,checked_out,False,15,16,52588.80,0.00,0.00,3505.92,False
626,BK0000626,7070,1,3,2025-03-29,2025-04-15,2025-04-19,,nightly,checked_out,False,4,17,19982.60,0.00,3596.87,4995.65,False
627,BK0000627,9165,1,2,2025-04-12,2025-04-15,2025-04-17,,nightly,checked_out,False,2,3,13565.47,713.97,2306.13,6782.74,False
628,BK0000628,1537,2,5,2025-04-04,2025-04-15,2025-04-19,,nightly,checked_out,False,4,11,15701.79,826.41,0.00,3925.45,False
629,BK0000629,1241,2,5,2025-04-06,2025-04-15,2025-04-16,,nightly,checked_out,False,1,9,5050.20,265.80,0.00,5050.20,False
630,BK0000630,8523,2,2,2025-03-30,2025-04-15,2025-04-20,,nightly,checked_out,False,5,16,18146.70,0.00,3084.94,3629.34,False
631,BK0000631,8440,2,7,2025-04-14,2025-04-15,2025-04-15,2025-04-15,microstay,cancelled,True,0,1,1114.66,0.00,133.76,1114.66,False
632,BK0000632,8612,1,5,2025-04-13,2025-04-16,2025-04-18,,nightly,checked_out,False,2,3,12447.18,0.00,0.00,6223.59,False
633,BK0000633,1113,1,2,2025-04-06,2025-04-16,2025-04-17,2025-04-11,nightly,cancelled,True,1,10,4751.20,250.06,807.70,4751.20,False
634,BK0000634,7108,2,2,2025-04-11,2025-04-16,2025-04-18,,nightly,checked_out,False,2,5,8271.22,0.00,1406.11,4135.61,False
635,BK0000635,3538,2,7,2025-04-16,2025-04-16,2025-04-16,,microstay,checked_out,False,0,0,1379.89,72.63,165.59,1379.89,False
636,BK0000636,5250,2,1,2025-03-27,2025-04-16,2025-04-18,2025-04-03,nightly,cancelled,True,2,20,9908.80,521.52,1981.76,4954.40,False
637,BK0000637,2365,2,5,2025-04-13,2025-04-16,2025-04-24,,nightly,checked_out,False,8,3,29144.32,0.00,0.00,3643.04,False
638,BK0000638,4510,1,2,2025-04-02,2025-04-17,2025-04-19,2025-04-09,nightly,cancelled,True,2,15,13905.54,0.00,2363.94,6952.77,False
639,BK0000639,4049,1,1,2025-04-12,2025-04-17,2025-04-18,,nightly,checked_out,False,1,5,5067.10,0.00,1013.42,5067.10,False
640,BK0000640,264,2,5,2025-04-09,2025-04-17,2025-04-18,,nightly,checked_out,False,1,8,4652.56,0.00,0.00,4652.56,False
641,BK0000641,3548,2,2,2025-04-07,2025-04-17,2025-04-19,2025-04-11,nightly,cancelled,True,2,10,15278.94,0.00,2597.42,7639.47,False
642,BK0000642,5143,2,2,2025-03-22,2025-04-17,2025-04-19,,nightly,checked_out,False,2,26,14148.40,0.00,2405.23,7074.20,False
643,BK0000643,8781,2,1,2025-04-09,2025-04-17,2025-04-24,2025-04-13,nightly,cancelled,True,7,8,34862.17,0.00,6972.43,4980.31,False
644,BK0000644,1966,1,2,2025-04-13,2025-04-18,2025-04-19,2025-04-15,nightly,cancelled,True,1,5,4145.51,0.00,704.74,4145.51,False
645,BK0000645,4512,1,8,2025-04-17,2025-04-18,2025-04-19,,nightly,checked_out,False,1,1,4063.98,0.00,0.00,4063.98,False
646,BK0000646,1838,1,6,2025-04-13,2025-04-18,2025-05-03,,nightly,checked_out,False,15,5,62380.05,0.00,0.00,4158.67,False
647,BK0000647,4513,1,3,2025-04-05,2025-04-18,2025-04-23,,nightly,checked_out,False,5,13,34735.40,0.00,6252.37,6947.08,False
648,BK0000648,940,1,1,2025-04-09,2025-04-19,2025-04-20,,nightly,checked_out,False,1,10,3087.62,544.87,617.52,3087.62,False
649,BK0000649,6465,1,1,2025-04-05,2025-04-19,2025-04-20,,nightly,checked_out,False,1,14,4121.39,0.00,824.28,4121.39,False
650,BK0000650,5562,1,2,2025-04-16,2025-04-19,2025-04-21,,nightly,checked_out,False,2,3,6180.18,0.00,1050.63,3090.09,False
651,BK0000651,4200,1,4,2025-03-01,2025-04-19,2025-04-28,2025-03-29,nightly,cancelled,True,9,49,34352.37,0.00,5152.86,3816.93,False
652,BK0000652,6760,1,5,2025-04-12,2025-04-19,2025-04-23,,nightly,checked_out,False,4,7,18893.72,0.00,0.00,4723.43,False
653,BK0000653,8815,1,2,2025-04-17,2025-04-19,2025-04-22,,nightly,checked_out,False,3,2,13418.06,706.21,2281.07,4472.69,False
654,BK0000654,8898,2,1,2025-04-07,2025-04-19,2025-04-21,,nightly,checked_out,False,2,12,10642.31,1878.05,2128.46,5321.16,False
655,BK0000655,6825,2,4,2025-03-17,2025-04-19,2025-04-25,,nightly,checked_out,False,6,33,20619.74,2291.08,3092.96,3436.62,False
656,BK0000656,4478,2,2,2025-04-12,2025-04-19,2025-04-21,,nightly,checked_out,False,2,7,9770.28,0.00,1660.95,4885.14,False
657,BK0000657,7495,2,3,2025-03-09,2025-04-19,2025-04-21,2025-04-12,nightly,cancelled,True,2,41,14359.44,0.00,2584.70,7179.72,False
658,BK0000658,9194,1,2,2025-03-23,2025-04-20,2025-04-21,,nightly,checked_out,False,1,28,5886.52,309.82,1000.71,5886.52,False
659,BK0000659,5650,1,2,2025-04-10,2025-04-20,2025-04-21,,nightly,checked_out,False,1,10,3579.83,0.00,608.57,3579.83,False
660,BK0000660,3156,1,3,2025-04-03,2025-04-20,2025-04-21,2025-04-08,nightly,cancelled,True,1,17,4065.27,0.00,731.75,4065.27,False
661,BK0000661,6429,1,5,2025-04-18,2025-04-20,2025-04-23,,nightly,checked_out,False,3,2,13793.82,0.00,0.00,4597.94,False
662,BK0000662,3183,1,5,2025-04-17,2025-04-20,2025-04-21,,nightly,checked_out,False,1,3,3845.47,0.00,0.00,3845.47,False
663,BK0000663,4988,2,2,2025-03-20,2025-04-20,2025-04-24,,nightly,checked_out,False,4,31,12969.67,2288.77,2204.84,3242.42,False
664,BK0000664,6124,1,5,2025-04-07,2025-04-21,2025-04-24,,nightly,checked_out,False,3,14,11675.67,0.00,0.00,3891.89,False
665,BK0000665,8385,1,6,2025-04-19,2025-04-21,2025-04-27,2025-04-20,nightly,cancelled,True,6,2,28653.96,0.00,0.00,4775.66,False
666,BK0000666,6667,1,1,2025-04-16,2025-04-21,2025-04-23,,nightly,checked_out,False,2,5,7682.00,404.32,1536.40,3841.00,False
667,BK0000667,7275,1,4,2025-04-18,2025-04-21,2025-04-24,,nightly,checked_out,False,3,3,21893.64,0.00,3284.05,7297.88,False
668,BK0000668,4988,2,2,2025-04-10,2025-04-21,2025-04-26,,nightly,checked_out,False,5,11,16951.65,0.00,2881.78,3390.33,False
669,BK0000669,8334,2,5,2025-04-17,2025-04-21,2025-04-22,,nightly,checked_out,False,1,4,6750.19,0.00,0.00,6750.19,False
670,BK0000670,1687,2,7,2025-04-20,2025-04-21,2025-04-21,2025-04-21,microstay,cancelled,True,0,1,1158.18,0.00,138.98,1158.18,False
671,BK0000671,6434,2,5,2025-04-12,2025-04-21,2025-04-22,,nightly,checked_out,False,1,9,4469.67,0.00,0.00,4469.67,False
672,BK0000672,8279,1,5,2025-04-15,2025-04-22,2025-04-23,,nightly,checked_out,False,1,7,3376.66,177.72,0.00,3376.66,False
673,BK0000673,7357,1,2,2025-04-16,2025-04-22,2025-04-23,,nightly,checked_out,False,1,6,3638.14,404.24,618.48,3638.14,False
674,BK0000674,7026,1,1,2025-04-14,2025-04-22,2025-04-24,,nightly,checked_out,False,2,8,6233.99,692.67,1246.80,3117.00,False
675,BK0000675,8849,1,5,2025-04-16,2025-04-22,2025-04-23,,nightly,checked_out,False,1,6,4383.16,230.69,0.00,4383.16,False
676,BK0000676,4103,1,1,2025-04-14,2025-04-22,2025-04-25,,nightly,checked_out,False,3,8,13755.75,0.00,2751.15,4585.25,False
677,BK0000677,739,2,1,2025-04-10,2025-04-22,2025-04-23,,nightly,checked_out,False,1,12,4733.02,525.89,946.60,4733.02,False
678,BK0000678,1722,2,5,2025-04-19,2025-04-22,2025-04-23,2025-04-22,nightly,cancelled,True,1,3,3617.40,638.37,0.00,3617.40,False
679,BK0000679,5000,2,1,2025-04-06,2025-04-22,2025-04-27,,nightly,checked_out,False,5,16,17013.01,1890.34,3402.60,3402.60,False
680,BK0000680,4243,2,8,2025-04-21,2025-04-22,2025-04-23,,nightly,checked_out,False,1,1,6912.73,363.83,0.00,6912.73,False
681,BK0000681,3204,2,1,2025-04-16,2025-04-22,2025-04-24,,nightly,checked_out,False,2,6,8637.90,0.00,1727.58,4318.95,False
682,BK0000682,376,2,5,2025-04-19,2025-04-22,2025-04-23,,nightly,checked_out,False,1,3,6739.20,0.00,0.00,6739.20,False
683,BK0000683,6347,2,1,2025-04-21,2025-04-22,2025-04-29,,nightly,checked_out,False,7,1,25612.85,4519.91,5122.57,3658.98,False
684,BK0000684,3288,1,4,2025-01-30,2025-04-23,2025-04-30,,nightly,checked_out,False,7,83,42013.69,4668.19,6302.05,6001.96,False
685,BK0000685,6093,1,1,2025-04-16,2025-04-23,2025-04-29,,nightly,checked_out,False,6,7,26819.06,4732.78,5363.81,4469.84,False
686,BK0000686,6060,1,6,2025-04-21,2025-04-23,2025-04-24,,nightly,checked_out,False,1,2,3719.33,195.75,0.00,3719.33,False
687,BK0000687,4922,1,8,2025-04-22,2025-04-23,2025-04-24,,nightly,checked_out,False,1,1,4572.85,240.68,0.00,4572.85,False
688,BK0000688,6353,1,2,2025-04-10,2025-04-23,2025-04-24,,nightly,checked_out,False,1,13,5176.05,0.00,879.93,5176.05,False
689,BK0000689,3110,2,5,2025-04-22,2025-04-23,2025-04-27,,nightly,checked_out,False,4,1,22035.52,0.00,0.00,5508.88,False
690,BK0000690,5164,2,5,2025-04-17,2025-04-23,2025-04-25,,nightly,checked_out,False,2,6,12984.84,0.00,0.00,6492.42,False
691,BK0000691,4502,2,2,2025-04-12,2025-04-23,2025-04-24,,nightly,checked_out,False,1,11,7979.62,0.00,1356.54,7979.62,False
692,BK0000692,4858,2,2,2025-04-07,2025-04-23,2025-04-25,,nightly,checked_out,False,2,16,13619.75,716.83,2315.36,6809.88,False
693,BK0000693,2127,1,1,2025-04-02,2025-04-24,2025-04-26,,nightly,checked_out,False,2,22,12117.83,1346.43,2423.57,6058.92,False
694,BK0000694,8576,1,7,2025-04-23,2025-04-24,2025-04-24,,microstay,checked_out,False,0,1,1194.07,0.00,143.29,1194.07,False
695,BK0000695,1971,1,2,2025-04-10,2025-04-24,2025-04-25,,nightly,checked_out,False,1,14,5274.69,277.62,896.70,5274.69,False
696,BK0000696,5136,1,2,2025-03-25,2025-04-24,2025-04-25,,nightly,checked_out,False,1,30,3539.83,0.00,601.77,3539.83,False
697,BK0000697,4471,1,6,2025-04-22,2025-04-24,2025-04-29,,nightly,checked_out,False,5,2,17496.35,0.00,0.00,3499.27,False
698,BK0000698,2519,1,7,2025-04-23,2025-04-24,2025-04-24,,microstay,checked_out,False,0,1,953.28,0.00,114.39,953.28,False
699,BK0000699,6567,1,6,2025-04-21,2025-04-24,2025-04-27,,nightly,checked_out,False,3,3,12598.05,0.00,0.00,4199.35,False
700,BK0000700,1454,1,4,2025-02-27,2025-04-24,2025-04-26,,nightly,checked_out,False,2,56,7825.72,0.00,1173.86,3912.86,False
701,BK0000701,1802,2,1,2025-04-09,2025-04-24,2025-04-27,,nightly,checked_out,False,3,15,10623.18,559.11,2124.64,3541.06,False
702,BK0000702,4798,2,1,2025-04-18,2025-04-24,2025-04-27,,nightly,checked_out,False,3,6,22451.04,0.00,4490.21,7483.68,False
703,BK0000703,1616,2,4,2025-04-15,2025-04-24,2025-04-28,2025-04-24,nightly,cancelled,True,4,9,14191.40,2504.36,2128.71,3547.85,False
704,BK0000704,1125,2,2,2025-04-13,2025-04-24,2025-04-25,2025-04-17,nightly,cancelled,True,1,11,4785.81,0.00,813.59,4785.81,False
705,BK0000705,5891,1,2,2025-03-28,2025-04-25,2025-04-27,,nightly,checked_out,False,2,28,9390.92,0.00,1596.46,4695.46,False
706,BK0000706,5047,1,4,2025-04-16,2025-04-25,2025-04-28,,nightly,checked_out,False,3,9,10882.86,1209.21,1632.43,3627.62,False
707,BK0000707,3549,1,4,2025-04-08,2025-04-25,2025-04-26,,nightly,checked_out,False,1,17,3823.30,674.70,573.50,3823.30,False
708,BK0000708,7894,1,5,2025-04-23,2025-04-25,2025-04-27,,nightly,checked_out,False,2,2,6498.18,0.00,0.00,3249.09,False
709,BK0000709,966,2,2,2025-04-11,2025-04-25,2025-04-26,,nightly,checked_out,False,1,14,6767.65,0.00,1150.50,6767.65,False
710,BK0000710,1122,2,4,2025-04-13,2025-04-25,2025-05-04,,nightly,checked_out,False,9,12,45240.21,0.00,6786.03,5026.69,False
711,BK0000711,4576,2,5,2025-04-21,2025-04-25,2025-04-25,,nightly,checked_out,False,0,4,12231.27,0.00,0.00,12231.27,False
712,BK0000712,3570,2,3,2025-04-22,2025-04-25,2025-04-26,,nightly,checked_out,False,1,3,3843.00,427.00,691.74,3843.00,False
713,BK0000713,8118,1,6,2025-04-15,2025-04-26,2025-05-02,,nightly,checked_out,False,6,11,22762.74,0.00,0.00,3793.79,False
714,BK0000714,7074,1,4,2025-04-22,2025-04-26,2025-04-29,,nightly,checked_out,False,3,4,14098.23,0.00,2114.73,4699.41,False
715,BK0000715,8101,2,6,2025-04-25,2025-04-26,2025-05-04,,nightly,checked_out,False,8,1,46984.19,2472.85,0.00,5873.02,False
716,BK0000716,1412,2,5,2025-04-14,2025-04-26,2025-04-27,,nightly,checked_out,False,1,12,3343.72,0.00,0.00,3343.72,False
717,BK0000717,3041,1,6,2025-03-19,2025-04-27,2025-05-01,,nightly,checked_out,False,4,39,24611.52,0.00,0.00,6152.88,False
718,BK0000718,1777,1,5,2025-04-10,2025-04-27,2025-05-02,2025-04-10,nightly,cancelled,True,5,17,20632.65,0.00,0.00,4126.53,False
719,BK0000719,3765,1,7,2025-04-27,2025-04-27,2025-04-27,,microstay,checked_out,False,0,0,1162.05,129.12,139.45,1162.05,False
720,BK0000720,4476,2,3,2025-03-18,2025-04-27,2025-04-29,,nightly,checked_out,False,2,40,6147.50,0.00,1106.55,3073.75,False
721,BK0000721,1616,2,3,2025-04-22,2025-04-27,2025-04-29,,nightly,checked_out,False,2,5,7588.02,0.00,1365.84,3794.01,False
722,BK0000722,855,2,3,2025-04-20,2025-04-27,2025-04-28,,nightly,checked_out,False,1,7,3397.82,0.00,611.61,3397.82,False
723,BK0000723,7016,2,6,2025-03-26,2025-04-27,2025-05-09,2025-04-17,nightly,cancelled,True,12,32,38006.28,0.00,0.00,3167.19,False
724,BK0000724,1768,1,1,2025-04-01,2025-04-28,2025-04-29,,nightly,checked_out,False,1,27,4270.60,0.00,854.12,4270.60,False
725,BK0000725,4892,1,7,2025-04-28,2025-04-28,2025-04-28,,microstay,checked_out,False,0,0,1139.23,0.00,136.71,1139.23,False
726,BK0000726,5246,1,1,2025-04-24,2025-04-28,2025-04-29,,nightly,checked_out,False,1,4,3799.54,199.98,759.91,3799.54,False
727,BK0000727,2810,1,2,2025-03-18,2025-04-28,2025-05-03,2025-03-23,nightly,cancelled,True,5,41,21143.60,0.00,3594.41,4228.72,False
728,BK0000728,244,1,6,2025-04-27,2025-04-28,2025-05-05,,nightly,checked_out,False,7,1,37962.32,1998.02,0.00,5423.19,False
729,BK0000729,3062,1,6,2025-04-22,2025-04-28,2025-05-04,,nightly,checked_out,False,6,6,27013.86,0.00,0.00,4502.31,False
730,BK0000730,4009,1,4,2025-04-12,2025-04-28,2025-05-02,,nightly,checked_out,False,4,16,15877.48,0.00,2381.62,3969.37,False
731,BK0000731,3649,1,5,2025-04-11,2025-04-28,2025-05-05,2025-04-27,nightly,cancelled,True,7,17,29403.08,0.00,0.00,4200.44,False
732,BK0000732,6754,1,1,2025-04-24,2025-04-28,2025-04-29,,nightly,checked_out,False,1,4,3094.31,546.06,618.86,3094.31,False
733,BK0000733,7769,2,2,2025-04-23,2025-04-28,2025-04-29,,nightly,checked_out,False,1,5,3041.15,536.67,517.00,3041.15,False
734,BK0000734,3289,2,3,2025-04-23,2025-04-28,2025-04-29,,nightly,checked_out,False,1,5,6830.78,359.52,1229.54,6830.78,False
735,BK0000735,5738,2,6,2025-04-22,2025-04-28,2025-05-19,,nightly,checked_out,False,21,6,68794.68,7643.85,0.00,3275.94,False
736,BK0000736,1573,2,5,2025-03-21,2025-04-28,2025-05-02,,nightly,checked_out,False,4,38,28381.21,1493.75,0.00,7095.30,False
737,BK0000737,3907,2,4,2025-03-30,2025-04-28,2025-05-02,,nightly,checked_out,False,4,29,17955.36,0.00,2693.30,4488.84,False
738,BK0000738,4205,1,5,2025-04-27,2025-04-29,2025-05-04,,nightly,checked_out,False,5,2,24287.25,0.00,0.00,4857.45,False
739,BK0000739,6098,1,6,2025-04-21,2025-04-29,2025-05-07,,nightly,checked_out,False,8,8,32366.88,0.00,0.00,4045.86,False
740,BK0000740,3013,1,2,2025-04-19,2025-04-29,2025-04-30,,nightly,checked_out,False,1,10,3830.46,201.60,651.18,3830.46,False
741,BK0000741,452,2,3,2025-04-05,2025-04-29,2025-04-30,,nightly,checked_out,False,1,24,4593.46,510.39,826.82,4593.46,False
742,BK0000742,8169,2,1,2025-04-25,2025-04-29,2025-05-02,,nightly,checked_out,False,3,4,12518.16,0.00,2503.63,4172.72,False
743,BK0000743,2864,2,1,2025-04-25,2025-04-29,2025-04-30,,nightly,checked_out,False,1,4,4375.96,0.00,875.19,4375.96,False
744,BK0000744,6471,2,1,2025-04-14,2025-04-29,2025-04-30,,nightly,checked_out,False,1,15,4205.35,0.00,841.07,4205.35,False
745,BK0000745,3940,2,6,2025-04-26,2025-04-29,2025-05-04,,nightly,checked_out,False,5,3,34810.25,0.00,0.00,6962.05,False
746,BK0000746,6143,2,3,2025-04-13,2025-04-29,2025-05-01,,nightly,checked_out,False,2,16,10554.22,0.00,1899.76,5277.11,False
747,BK0000747,5447,1,5,2025-04-27,2025-04-30,2025-05-01,,nightly,checked_out,False,1,3,3792.97,0.00,0.00,3792.97,False
748,BK0000748,8248,1,3,2025-04-17,2025-04-30,2025-05-02,,nightly,checked_out,False,2,13,7693.06,404.90,1384.75,3846.53,False
749,BK0000749,1248,1,2,2025-04-19,2025-04-30,2025-05-04,,nightly,checked_out,False,4,11,12845.48,1427.28,2183.73,3211.37,False
750,BK0000750,624,1,6,2025-04-28,2025-04-30,2025-05-05,,nightly,checked_out,False,5,2,16807.60,0.00,0.00,3361.52,False
751,BK0000751,5776,1,1,2025-04-24,2025-04-30,2025-05-01,,nightly,checked_out,False,1,6,5351.98,0.00,1070.40,5351.98,False
752,BK0000752,1120,2,2,2025-04-26,2025-04-30,2025-05-02,,nightly,checked_out,False,2,4,9341.80,0.00,1588.11,4670.90,False
753,BK0000753,8567,2,6,2025-04-22,2025-04-30,2025-05-02,,nightly,checked_out,False,2,8,8443.38,0.00,0.00,4221.69,False
754,BK0000754,4159,2,4,2025-04-14,2025-04-30,2025-05-04,,nightly,checked_out,False,4,16,17253.92,0.00,2588.09,4313.48,False
755,BK0000755,5316,2,4,2025-04-05,2025-04-30,2025-05-04,,nightly,checked_out,False,4,25,17184.12,0.00,2577.62,4296.03,False
756,BK0000756,7331,2,2,2025-02-27,2025-04-30,2025-05-02,,nightly,checked_out,False,2,62,7178.72,0.00,1220.38,3589.36,False
757,BK0000757,7355,1,2,2025-03-29,2025-05-01,2025-05-03,,nightly,checked_out,False,2,33,10869.12,1918.08,1847.75,5434.56,False
758,BK0000758,4322,1,6,2025-04-28,2025-05-01,2025-05-02,2025-04-29,nightly,cancelled,True,1,3,4591.79,0.00,0.00,4591.79,False
759,BK0000759,2739,1,7,2025-04-30,2025-05-01,2025-05-01,,microstay,checked_out,False,0,1,1109.37,0.00,133.12,1109.37,False
760,BK0000760,2962,2,1,2025-04-17,2025-05-01,2025-05-02,,nightly,checked_out,False,1,14,3174.79,0.00,634.96,3174.79,False
761,BK0000761,5284,2,5,2025-04-28,2025-05-01,2025-05-02,,nightly,checked_out,False,1,3,4747.14,249.85,0.00,4747.14,False
762,BK0000762,7926,1,5,2025-04-06,2025-05-02,2025-05-03,,nightly,checked_out,False,1,26,4099.94,215.79,0.00,4099.94,False
763,BK0000763,3992,2,4,2025-04-06,2025-05-02,2025-05-06,,nightly,checked_out,False,4,26,17310.96,1923.44,2596.64,4327.74,False
764,BK0000764,8239,2,6,2025-04-29,2025-05-02,2025-05-04,,nightly,checked_out,False,2,3,8302.85,1465.21,0.00,4151.43,False
765,BK0000765,2028,1,5,2025-04-21,2025-05-03,2025-05-04,,nightly,checked_out,False,1,12,5523.70,613.74,0.00,5523.70,False
766,BK0000766,8553,2,2,2025-04-21,2025-05-03,2025-05-04,,nightly,checked_out,False,1,12,3291.63,0.00,559.58,3291.63,False
767,BK0000767,3030,2,4,2025-04-28,2025-05-03,2025-05-12,,nightly,checked_out,False,9,5,30166.92,0.00,4525.04,3351.88,False
768,BK0000768,9266,2,1,2025-04-18,2025-05-03,2025-05-05,,nightly,checked_out,False,2,15,7531.16,396.38,1506.23,3765.58,False
769,BK0000769,1964,2,5,2025-04-28,2025-05-03,2025-05-07,,nightly,checked_out,False,4,5,15558.00,0.00,0.00,3889.50,False
770,BK0000770,1245,1,1,2025-05-02,2025-05-04,2025-05-05,,nightly,checked_out,False,1,2,5450.37,961.83,1090.07,5450.37,False
771,BK0000771,5341,1,4,2025-03-04,2025-05-04,2025-05-10,2025-04-16,nightly,cancelled,True,6,61,18176.16,0.00,2726.42,3029.36,False
772,BK0000772,3097,2,6,2025-04-29,2025-05-04,2025-05-06,,nightly,checked_out,False,2,5,5999.19,315.75,0.00,2999.60,False
773,BK0000773,4997,2,5,2025-04-30,2025-05-04,2025-05-07,2025-05-04,nightly,cancelled,True,3,4,19577.02,1030.37,0.00,6525.67,False
774,BK0000774,3777,1,1,2025-04-24,2025-05-05,2025-05-07,,nightly,checked_out,False,2,11,13038.10,0.00,2607.62,6519.05,False
775,BK0000775,5414,1,6,2025-04-29,2025-05-05,2025-05-06,,nightly,checked_out,False,1,6,3419.07,0.00,0.00,3419.07,False
776,BK0000776,8467,1,6,2025-05-01,2025-05-05,2025-05-11,,nightly,checked_out,False,6,4,29789.40,0.00,0.00,4964.90,False
777,BK0000777,7494,1,2,2025-04-12,2025-05-05,2025-05-06,,nightly,checked_out,False,1,23,3870.11,203.69,657.92,3870.11,False
778,BK0000778,4711,2,5,2025-04-27,2025-05-05,2025-05-06,,nightly,checked_out,False,1,8,4123.64,0.00,0.00,4123.64,False
779,BK0000779,7821,2,6,2025-05-01,2025-05-05,2025-05-08,,nightly,checked_out,False,3,4,22252.14,0.00,0.00,7417.38,False
780,BK0000780,7060,2,5,2025-04-29,2025-05-05,2025-05-06,2025-05-01,nightly,cancelled,True,1,6,3900.77,433.42,0.00,3900.77,False
781,BK0000781,6129,2,6,2025-05-01,2025-05-05,2025-05-17,,nightly,checked_out,False,12,4,46747.87,2460.41,0.00,3895.66,False
782,BK0000782,6904,2,7,2025-05-05,2025-05-05,2025-05-05,,microstay,checked_out,False,0,0,1369.85,72.10,164.38,1369.85,False
783,BK0000783,7136,2,6,2025-05-02,2025-05-05,2025-05-16,,nightly,checked_out,False,11,3,43373.98,4819.33,0.00,3943.09,False
784,BK0000784,1428,1,7,2025-05-06,2025-05-06,2025-05-06,,microstay,checked_out,False,0,0,949.19,0.00,113.90,949.19,False
785,BK0000785,6894,1,5,2025-05-01,2025-05-06,2025-05-07,,nightly,checked_out,False,1,5,4003.35,444.82,0.00,4003.35,False
786,BK0000786,7965,1,2,2025-04-29,2025-05-06,2025-05-07,,nightly,checked_out,False,1,7,4101.31,0.00,697.22,4101.31,False
787,BK0000787,7647,2,5,2025-04-29,2025-05-06,2025-05-08,2025-05-02,nightly,cancelled,True,2,7,10801.38,0.00,0.00,5400.69,False
788,BK0000788,4286,2,1,2025-05-04,2025-05-06,2025-05-07,,nightly,checked_out,False,1,2,4904.68,258.14,980.94,4904.68,False
789,BK0000789,4365,2,2,2025-04-27,2025-05-06,2025-05-07,2025-04-27,nightly,cancelled,True,1,9,4727.48,248.82,803.67,4727.48,False
790,BK0000790,9270,1,5,2025-05-05,2025-05-07,2025-05-09,,nightly,checked_out,False,2,2,7229.79,803.31,0.00,3614.90,False
791,BK0000791,981,1,5,2025-04-22,2025-05-07,2025-05-12,,nightly,checked_out,False,5,15,26625.80,0.00,0.00,5325.16,False
792,BK0000792,1610,2,5,2025-04-30,2025-05-07,2025-05-11,,nightly,checked_out,False,4,7,20467.32,0.00,0.00,5116.83,False
793,BK0000793,2309,2,6,2025-05-06,2025-05-07,2025-05-20,,nightly,checked_out,False,13,1,51563.10,2713.85,0.00,3966.39,False
794,BK0000794,2866,2,6,2025-05-01,2025-05-07,2025-05-18,,nightly,checked_out,False,11,6,67486.52,7498.50,0.00,6135.14,False
795,BK0000795,2535,2,6,2025-05-07,2025-05-07,2025-05-08,,nightly,checked_out,False,1,0,3491.27,616.11,0.00,3491.27,False
796,BK0000796,5150,2,2,2025-04-08,2025-05-07,2025-05-08,2025-05-07,nightly,cancelled,True,1,29,7964.76,0.00,1354.01,7964.76,False
797,BK0000797,2829,2,1,2025-04-28,2025-05-07,2025-05-08,,nightly,checked_out,False,1,9,3420.59,0.00,684.12,3420.59,False
798,BK0000798,5856,1,6,2025-04-27,2025-05-08,2025-05-12,,nightly,checked_out,False,4,11,18977.96,0.00,0.00,4744.49,False
799,BK0000799,8128,1,4,2025-03-26,2025-05-08,2025-05-18,,nightly,checked_out,False,10,43,63229.20,0.00,9484.38,6322.92,False
800,BK0000800,4042,1,5,2025-04-30,2025-05-08,2025-05-09,,nightly,checked_out,False,1,8,3929.92,0.00,0.00,3929.92,False
801,BK0000801,3774,1,2,2025-04-27,2025-05-08,2025-05-09,,nightly,checked_out,False,1,11,6902.91,0.00,1173.49,6902.91,False
802,BK0000802,8997,2,1,2025-05-06,2025-05-08,2025-05-10,2025-05-08,nightly,cancelled,True,2,2,8217.10,0.00,1643.42,4108.55,False
803,BK0000803,4098,2,5,2025-05-02,2025-05-08,2025-05-09,,nightly,checked_out,False,1,6,3537.73,0.00,0.00,3537.73,False
804,BK0000804,5150,2,8,2025-05-08,2025-05-08,2025-05-09,,nightly,checked_out,False,1,0,3835.62,0.00,0.00,3835.62,False
805,BK0000805,2154,2,3,2025-04-30,2025-05-08,2025-05-16,,nightly,checked_out,False,8,8,61321.44,0.00,11037.86,7665.18,False
806,BK0000806,7264,2,2,2025-04-15,2025-05-08,2025-05-09,2025-05-02,nightly,cancelled,True,1,23,2926.47,516.43,497.50,2926.47,False
807,BK0000807,7470,2,2,2025-04-25,2025-05-08,2025-05-10,2025-05-01,nightly,cancelled,True,2,13,13218.68,695.72,2247.18,6609.34,False
808,BK0000808,7954,2,3,2025-05-02,2025-05-08,2025-05-10,,nightly,checked_out,False,2,6,7925.76,0.00,1426.64,3962.88,False
809,BK0000809,3160,1,4,2025-04-02,2025-05-09,2025-05-10,,nightly,checked_out,False,1,37,3172.60,166.98,475.89,3172.60,False
810,BK0000810,1243,1,4,2025-04-25,2025-05-09,2025-05-10,2025-05-09,nightly,cancelled,True,1,14,3187.14,167.74,478.07,3187.14,False
811,BK0000811,2261,2,1,2025-04-28,2025-05-09,2025-05-12,,nightly,checked_out,False,3,11,15737.28,0.00,3147.46,5245.76,False
812,BK0000812,4988,2,2,2025-05-06,2025-05-09,2025-05-10,,nightly,checked_out,False,1,3,6785.04,0.00,1153.46,6785.04,False
813,BK0000813,6581,1,7,2025-05-10,2025-05-10,2025-05-10,,microstay,checked_out,False,0,0,918.82,0.00,110.26,918.82,False
814,BK0000814,9025,1,6,2025-05-08,2025-05-10,2025-05-19,,nightly,checked_out,False,9,2,32791.72,3643.52,0.00,3643.52,False
815,BK0000815,8187,1,1,2025-04-27,2025-05-10,2025-05-13,,nightly,checked_out,False,3,13,10857.45,571.44,2171.49,3619.15,False
816,BK0000816,967,1,7,2025-05-10,2025-05-10,2025-05-10,,microstay,checked_out,False,0,0,1183.78,62.30,142.05,1183.78,False
817,BK0000817,2897,2,4,2025-04-15,2025-05-10,2025-05-13,,nightly,checked_out,False,3,25,18849.60,0.00,2827.44,6283.20,False
818,BK0000818,1596,2,6,2025-04-29,2025-05-10,2025-05-13,,nightly,checked_out,False,3,11,14136.96,0.00,0.00,4712.32,False
819,BK0000819,8277,1,1,2025-04-21,2025-05-11,2025-05-14,,nightly,no_show,False,3,20,14929.86,0.00,2985.97,4976.62,False
820,BK0000820,510,1,2,2025-04-20,2025-05-11,2025-05-13,,nightly,checked_out,False,2,21,7405.27,389.75,1258.90,3702.64,False
821,BK0000821,3321,1,6,2025-05-10,2025-05-11,2025-05-19,,nightly,checked_out,False,8,1,25881.84,0.00,0.00,3235.23,False
822,BK0000822,2419,1,1,2025-04-23,2025-05-11,2025-05-12,,nightly,checked_out,False,1,18,3379.36,0.00,675.87,3379.36,False
823,BK0000823,1919,1,5,2025-05-10,2025-05-11,2025-05-12,,nightly,checked_out,False,1,1,3609.11,0.00,0.00,3609.11,False
824,BK0000824,7711,2,3,2025-04-21,2025-05-11,2025-05-13,2025-05-08,nightly,cancelled,True,2,20,6536.70,0.00,1176.61,3268.35,False
825,BK0000825,2929,2,1,2025-05-03,2025-05-11,2025-05-13,2025-05-06,nightly,cancelled,True,2,8,12081.16,0.00,2416.23,6040.58,False
826,BK0000826,6913,1,7,2025-05-12,2025-05-12,2025-05-12,,microstay,checked_out,False,0,0,1620.51,180.06,194.46,1620.51,False
827,BK0000827,567,1,2,2025-05-01,2025-05-12,2025-05-15,2025-05-10,nightly,cancelled,True,3,11,21343.88,1123.36,3628.46,7114.63,False
828,BK0000828,326,1,2,2025-05-02,2025-05-12,2025-05-18,,nightly,checked_out,False,6,10,21172.36,1114.34,3599.30,3528.73,False
829,BK0000829,3803,1,1,2025-05-03,2025-05-12,2025-05-13,,nightly,checked_out,False,1,9,4550.35,239.49,910.07,4550.35,False
830,BK0000830,3552,1,5,2025-05-08,2025-05-12,2025-05-16,,nightly,checked_out,False,4,4,19672.68,0.00,0.00,4918.17,False
831,BK0000831,4249,2,1,2025-05-07,2025-05-12,2025-05-13,,nightly,checked_out,False,1,5,4266.72,0.00,853.34,4266.72,False
832,BK0000832,1170,2,4,2025-04-20,2025-05-12,2025-05-13,,nightly,checked_out,False,1,22,3443.53,0.00,516.53,3443.53,False
833,BK0000833,270,2,5,2025-05-04,2025-05-12,2025-05-13,2025-05-08,nightly,cancelled,True,1,8,7108.47,0.00,0.00,7108.47,False
834,BK0000834,8142,2,6,2025-05-10,2025-05-12,2025-05-14,,nightly,checked_out,False,2,2,6683.96,0.00,0.00,3341.98,False
835,BK0000835,4433,2,2,2025-04-28,2025-05-12,2025-05-14,2025-05-10,nightly,cancelled,True,2,14,8560.44,0.00,1455.27,4280.22,False
836,BK0000836,4290,1,6,2025-05-09,2025-05-13,2025-05-27,,nightly,checked_out,False,14,4,57904.84,0.00,0.00,4136.06,False
837,BK0000837,6954,1,3,2025-04-11,2025-05-13,2025-05-15,2025-04-28,nightly,cancelled,True,2,32,6359.96,334.74,1144.79,3179.98,False
838,BK0000838,3942,1,5,2025-05-04,2025-05-13,2025-05-17,,nightly,checked_out,False,4,9,20018.12,0.00,0.00,5004.53,False
839,BK0000839,2959,1,6,2025-05-10,2025-05-13,2025-05-14,,nightly,checked_out,False,1,3,3027.50,0.00,0.00,3027.50,False
840,BK0000840,4225,1,1,2025-05-02,2025-05-13,2025-05-16,,nightly,checked_out,False,3,11,9745.98,0.00,1949.20,3248.66,False
841,BK0000841,2532,1,1,2025-05-01,2025-05-13,2025-05-17,,nightly,checked_out,False,4,12,16549.34,871.02,3309.87,4137.34,False
842,BK0000842,2529,2,2,2025-04-23,2025-05-13,2025-05-15,,nightly,checked_out,False,2,20,10244.30,0.00,1741.53,5122.15,False
843,BK0000843,5335,2,5,2025-05-08,2025-05-13,2025-05-16,,nightly,checked_out,False,3,5,12983.13,0.00,0.00,4327.71,False
844,BK0000844,2667,2,8,2025-05-12,2025-05-13,2025-05-14,,nightly,checked_out,False,1,1,5195.63,0.00,0.00,5195.63,False
845,BK0000845,5272,2,2,2025-04-06,2025-05-13,2025-05-15,2025-04-09,nightly,cancelled,True,2,37,8509.62,0.00,1446.64,4254.81,False
846,BK0000846,550,1,2,2025-05-01,2025-05-14,2025-05-17,,nightly,checked_out,False,3,13,10566.30,0.00,1796.27,3522.10,False
847,BK0000847,1395,1,5,2025-04-27,2025-05-14,2025-05-16,,nightly,checked_out,False,2,17,8665.54,0.00,0.00,4332.77,False
848,BK0000848,1285,1,3,2025-04-22,2025-05-14,2025-05-16,,nightly,checked_out,False,2,22,7012.66,779.18,1262.28,3506.33,False
849,BK0000849,4192,1,2,2025-05-10,2025-05-14,2025-05-18,,nightly,checked_out,False,4,4,22315.96,0.00,3793.71,5578.99,False
850,BK0000850,4500,1,4,2025-05-06,2025-05-14,2025-05-23,2025-05-06,nightly,cancelled,True,9,8,45090.18,0.00,6763.53,5010.02,False
851,BK0000851,8584,1,1,2025-05-07,2025-05-14,2025-05-15,,nightly,checked_out,False,1,7,4072.53,214.34,814.51,4072.53,False
852,BK0000852,3906,1,5,2025-04-26,2025-05-14,2025-05-19,,nightly,checked_out,False,5,18,21852.10,3856.25,0.00,4370.42,False
853,BK0000853,5521,2,3,2025-05-05,2025-05-14,2025-05-21,,nightly,checked_out,False,7,9,34804.42,0.00,6264.80,4972.06,False
854,BK0000854,1518,2,2,2025-05-08,2025-05-14,2025-05-15,2025-05-08,nightly,cancelled,True,1,6,5265.41,0.00,895.12,5265.41,False
855,BK0000855,5588,2,2,2025-05-11,2025-05-14,2025-05-15,,nightly,checked_out,False,1,3,6694.29,0.00,1138.03,6694.29,False
856,BK0000856,1622,2,5,2025-05-07,2025-05-14,2025-05-15,,nightly,checked_out,False,1,7,3309.68,0.00,0.00,3309.68,False
857,BK0000857,6173,2,5,2025-05-10,2025-05-14,2025-05-15,,nightly,checked_out,False,1,4,4102.87,0.00,0.00,4102.87,False
858,BK0000858,7277,2,5,2025-04-29,2025-05-14,2025-05-15,,nightly,checked_out,False,1,15,4997.03,263.00,0.00,4997.03,False
859,BK0000859,4675,2,2,2025-04-21,2025-05-14,2025-05-15,2025-04-23,nightly,cancelled,True,1,23,4772.11,251.16,811.26,4772.11,False
860,BK0000860,5575,2,5,2025-03-02,2025-05-14,2025-05-18,,nightly,checked_out,False,4,73,14098.72,0.00,0.00,3524.68,False
861,BK0000861,6499,1,6,2025-05-14,2025-05-15,2025-05-24,,nightly,checked_out,False,9,1,59610.96,0.00,0.00,6623.44,False
862,BK0000862,2412,1,1,2025-05-12,2025-05-15,2025-05-16,,nightly,checked_out,False,1,3,4130.66,0.00,826.13,4130.66,False
863,BK0000863,7575,2,6,2025-05-14,2025-05-15,2025-05-26,,nightly,checked_out,False,11,1,75549.21,0.00,0.00,6868.11,False
864,BK0000864,3383,2,6,2025-05-07,2025-05-15,2025-05-17,,nightly,checked_out,False,2,8,8777.32,975.26,0.00,4388.66,False
865,BK0000865,1780,2,4,2025-04-04,2025-05-15,2025-05-21,,nightly,no_show,False,6,41,30034.02,0.00,4505.10,5005.67,False
866,BK0000866,5869,2,1,2025-05-05,2025-05-15,2025-05-16,,nightly,checked_out,False,1,10,3134.38,348.27,626.88,3134.38,False
867,BK0000867,5109,2,1,2025-05-07,2025-05-15,2025-05-18,,nightly,checked_out,False,3,8,11925.45,627.66,2385.09,3975.15,False
868,BK0000868,907,1,8,2025-05-16,2025-05-16,2025-05-17,2025-05-16,nightly,cancelled,True,1,0,3098.97,0.00,0.00,3098.97,False
869,BK0000869,6792,1,5,2025-05-04,2025-05-16,2025-05-23,,nightly,checked_out,False,7,12,30736.63,3415.18,0.00,4390.95,False
870,BK0000870,2287,1,5,2025-05-13,2025-05-16,2025-05-19,,nightly,checked_out,False,3,3,12117.42,0.00,0.00,4039.14,False
871,BK0000871,4880,1,6,2025-05-05,2025-05-16,2025-05-22,2025-05-09,nightly,cancelled,True,6,11,25931.04,0.00,0.00,4321.84,False
872,BK0000872,4286,1,5,2025-04-26,2025-05-16,2025-05-19,2025-05-09,nightly,cancelled,True,3,20,11290.11,0.00,0.00,3763.37,False
873,BK0000873,2640,1,2,2025-05-05,2025-05-16,2025-05-17,,nightly,checked_out,False,1,11,3704.59,0.00,629.78,3704.59,False
874,BK0000874,7504,2,7,2025-05-15,2025-05-16,2025-05-16,2025-05-15,microstay,cancelled,True,0,1,1788.08,0.00,214.57,1788.08,False
875,BK0000875,2639,2,5,2025-04-23,2025-05-16,2025-05-17,,nightly,checked_out,False,1,23,3230.56,0.00,0.00,3230.56,False
876,BK0000876,7203,1,6,2025-05-10,2025-05-17,2025-06-02,,nightly,checked_out,False,16,7,58973.28,0.00,0.00,3685.83,False
877,BK0000877,325,1,6,2025-05-13,2025-05-17,2025-05-18,,nightly,checked_out,False,1,4,3666.71,0.00,0.00,3666.71,False
878,BK0000878,2592,1,6,2025-05-16,2025-05-17,2025-05-23,2025-05-17,nightly,cancelled,True,6,1,17353.74,0.00,0.00,2892.29,False
879,BK0000879,4440,2,7,2025-05-17,2025-05-17,2025-05-17,,microstay,checked_out,False,0,0,910.52,0.00,109.26,910.52,False
880,BK0000880,4194,2,2,2025-04-22,2025-05-17,2025-05-19,2025-04-27,nightly,cancelled,True,2,25,7101.97,789.11,1207.33,3550.99,False
881,BK0000881,2532,2,6,2025-05-13,2025-05-17,2025-05-29,,nightly,checked_out,False,12,4,41599.06,2189.42,0.00,3466.59,False
882,BK0000882,6405,2,1,2025-05-02,2025-05-17,2025-05-19,,nightly,checked_out,False,2,15,8182.74,0.00,1636.55,4091.37,False
883,BK0000883,507,2,5,2025-05-05,2025-05-17,2025-05-18,,nightly,checked_out,False,1,12,4667.12,0.00,0.00,4667.12,False
884,BK0000884,6814,1,1,2025-05-13,2025-05-18,2025-05-25,,nightly,checked_out,False,7,5,42448.56,0.00,8489.71,6064.08,False
885,BK0000885,3388,1,3,2025-04-30,2025-05-18,2025-05-20,,nightly,checked_out,False,2,18,7499.72,0.00,1349.95,3749.86,False
886,BK0000886,4252,2,5,2025-05-11,2025-05-18,2025-05-26,,nightly,checked_out,False,8,7,28522.24,0.00,0.00,3565.28,False
887,BK0000887,7067,2,6,2025-05-14,2025-05-18,2025-05-26,,nightly,checked_out,False,8,4,25444.64,0.00,0.00,3180.58,False
888,BK0000888,6118,2,5,2025-05-11,2025-05-18,2025-05-23,,nightly,checked_out,False,5,7,34138.05,0.00,0.00,6827.61,False
889,BK0000889,2202,1,1,2025-05-15,2025-05-19,2025-05-20,,nightly,checked_out,False,1,4,3521.70,0.00,704.34,3521.70,False
890,BK0000890,6863,1,6,2025-05-14,2025-05-19,2025-05-20,,nightly,checked_out,False,1,5,3302.57,0.00,0.00,3302.57,False
891,BK0000891,6582,1,1,2025-03-10,2025-05-19,2025-05-20,2025-05-19,nightly,cancelled,True,1,70,4432.00,782.12,886.40,4432.00,False
892,BK0000892,5136,1,1,2025-05-16,2025-05-19,2025-05-23,,nightly,checked_out,False,4,3,16161.88,0.00,3232.38,4040.47,False
893,BK0000893,5376,2,4,2025-05-11,2025-05-19,2025-05-20,,nightly,checked_out,False,1,8,3786.72,0.00,568.01,3786.72,False
894,BK0000894,5481,2,6,2025-05-18,2025-05-19,2025-05-20,,nightly,checked_out,False,1,1,3897.07,205.11,0.00,3897.07,False
895,BK0000895,3944,2,1,2025-05-15,2025-05-19,2025-05-22,,nightly,checked_out,False,3,4,15383.37,0.00,3076.67,5127.79,False
896,BK0000896,2126,2,3,2025-03-30,2025-05-19,2025-05-25,,nightly,checked_out,False,6,50,22051.02,0.00,3969.18,3675.17,False
897,BK0000897,3781,2,2,2025-05-05,2025-05-19,2025-05-20,,nightly,checked_out,False,1,14,6711.50,0.00,1140.95,6711.50,False
898,BK0000898,261,2,5,2025-05-18,2025-05-19,2025-05-21,,nightly,checked_out,False,2,1,7447.86,827.54,0.00,3723.93,False
899,BK0000899,1374,2,1,2025-05-14,2025-05-19,2025-05-21,2025-05-14,nightly,cancelled,True,2,5,13338.45,1482.05,2667.69,6669.23,False
900,BK0000900,4006,1,5,2025-05-02,2025-05-20,2025-05-28,2025-05-18,nightly,cancelled,True,8,18,41379.76,0.00,0.00,5172.47,False
901,BK0000901,8734,1,5,2025-05-07,2025-05-20,2025-05-21,,nightly,checked_out,False,1,13,4221.81,222.20,0.00,4221.81,False
902,BK0000902,2354,1,7,2025-05-19,2025-05-20,2025-05-20,,microstay,checked_out,False,0,1,1394.08,0.00,167.29,1394.08,False
903,BK0000903,5106,1,3,2025-05-09,2025-05-20,2025-05-22,,nightly,checked_out,False,2,11,8068.10,0.00,1452.26,4034.05,False
904,BK0000904,2640,1,6,2025-05-17,2025-05-20,2025-05-23,,nightly,checked_out,False,3,3,9845.37,0.00,0.00,3281.79,False
905,BK0000905,9252,2,2,2025-05-08,2025-05-20,2025-05-21,,nightly,checked_out,False,1,12,3723.26,413.69,632.95,3723.26,False
906,BK0000906,2540,2,4,2025-05-02,2025-05-20,2025-05-21,,nightly,checked_out,False,1,18,3467.05,0.00,520.06,3467.05,False
907,BK0000907,2013,2,8,2025-05-20,2025-05-20,2025-05-26,,nightly,checked_out,False,6,0,27517.74,0.00,0.00,4586.29,False
908,BK0000908,2434,2,6,2025-05-17,2025-05-20,2025-05-30,,nightly,checked_out,False,10,3,62129.33,3269.97,0.00,6212.93,False
909,BK0000909,8346,1,4,2025-05-10,2025-05-21,2025-05-29,,nightly,checked_out,False,8,11,26353.12,0.00,3952.97,3294.14,False
910,BK0000910,6885,1,2,2025-04-29,2025-05-21,2025-05-22,2025-05-06,nightly,cancelled,True,1,22,6427.06,0.00,1092.60,6427.06,False
911,BK0000911,3523,2,2,2025-05-17,2025-05-21,2025-05-23,,nightly,checked_out,False,2,4,8521.94,0.00,1448.73,4260.97,False
912,BK0000912,5536,2,1,2025-05-15,2025-05-21,2025-05-22,,nightly,checked_out,False,1,6,3434.26,0.00,686.85,3434.26,False
913,BK0000913,3652,2,6,2025-05-19,2025-05-21,2025-05-31,,nightly,checked_out,False,10,2,45626.03,2401.37,0.00,4562.60,False
914,BK0000914,4286,2,1,2025-05-04,2025-05-21,2025-05-22,,nightly,checked_out,False,1,17,4951.33,0.00,990.27,4951.33,False
915,BK0000915,3953,2,7,2025-05-20,2025-05-21,2025-05-21,,microstay,checked_out,False,0,1,1092.05,57.48,131.05,1092.05,False
916,BK0000916,2420,1,3,2025-05-18,2025-05-22,2025-05-23,,nightly,checked_out,False,1,4,4816.67,0.00,867.00,4816.67,False
917,BK0000917,8781,1,2,2025-04-19,2025-05-22,2025-05-23,,nightly,checked_out,False,1,33,3849.48,202.60,654.41,3849.48,False
918,BK0000918,5422,1,6,2025-05-18,2025-05-22,2025-05-25,,nightly,checked_out,False,3,4,14379.45,0.00,0.00,4793.15,False
919,BK0000919,3803,2,4,2025-04-22,2025-05-22,2025-05-23,,nightly,checked_out,False,1,30,5306.04,0.00,795.91,5306.04,False
920,BK0000920,6042,2,7,2025-05-22,2025-05-22,2025-05-22,2025-05-21,microstay,cancelled,True,0,0,967.08,0.00,116.05,967.08,False
921,BK0000921,5033,2,6,2025-05-20,2025-05-22,2025-05-24,,nightly,checked_out,False,2,2,7064.64,0.00,0.00,3532.32,False
922,BK0000922,5483,2,3,2025-05-19,2025-05-22,2025-05-24,,nightly,checked_out,False,2,3,7992.98,0.00,1438.74,3996.49,False
923,BK0000923,208,2,6,2025-05-10,2025-05-22,2025-05-23,,nightly,checked_out,False,1,12,5155.22,0.00,0.00,5155.22,False
924,BK0000924,8781,1,5,2025-05-08,2025-05-23,2025-05-30,,nightly,checked_out,False,7,15,20739.86,3659.97,0.00,2962.84,False
925,BK0000925,5449,2,5,2025-05-18,2025-05-23,2025-05-25,,nightly,checked_out,False,2,5,7512.60,0.00,0.00,3756.30,False
926,BK0000926,9131,2,1,2025-05-11,2025-05-23,2025-05-24,,nightly,checked_out,False,1,12,4557.42,0.00,911.48,4557.42,False
927,BK0000927,2848,2,5,2025-05-21,2025-05-23,2025-05-26,,nightly,checked_out,False,3,2,13959.21,0.00,0.00,4653.07,False
928,BK0000928,4132,1,7,2025-05-24,2025-05-24,2025-05-24,,microstay,checked_out,False,0,0,852.84,0.00,102.34,852.84,False
929,BK0000929,7335,1,1,2025-05-21,2025-05-24,2025-05-26,,nightly,checked_out,False,2,3,11403.28,0.00,2280.66,5701.64,False
930,BK0000930,9287,2,6,2025-04-17,2025-05-24,2025-05-27,,nightly,checked_out,False,3,37,13732.26,0.00,0.00,4577.42,False
931,BK0000931,8994,2,1,2025-05-02,2025-05-24,2025-05-26,2025-05-09,nightly,cancelled,True,2,22,5948.54,313.08,1189.71,2974.27,False
932,BK0000932,9125,2,7,2025-05-24,2025-05-24,2025-05-24,,microstay,checked_out,False,0,0,968.58,0.00,116.23,968.58,False
933,BK0000933,3094,2,1,2025-05-21,2025-05-24,2025-05-25,,nightly,checked_out,False,1,3,6898.78,0.00,1379.76,6898.78,False
934,BK0000934,8956,2,2,2025-05-11,2025-05-24,2025-05-25,2025-05-15,nightly,cancelled,True,1,13,4392.41,231.18,746.71,4392.41,False
935,BK0000935,1621,2,2,2025-05-16,2025-05-24,2025-05-25,,nightly,checked_out,False,1,8,3189.28,354.36,542.18,3189.28,False
936,BK0000936,278,1,1,2025-05-21,2025-05-25,2025-05-27,,nightly,checked_out,False,2,4,9821.60,0.00,1964.32,4910.80,False
937,BK0000937,1318,1,6,2025-05-13,2025-05-25,2025-06-11,,nightly,checked_out,False,17,12,60588.82,3188.89,0.00,3564.05,False
938,BK0000938,5781,1,2,2025-04-26,2025-05-25,2025-05-29,2025-05-16,nightly,cancelled,True,4,29,16275.52,0.00,2766.84,4068.88,False
939,BK0000939,4783,1,6,2025-05-10,2025-05-25,2025-05-28,,nightly,checked_out,False,3,15,10110.27,0.00,0.00,3370.09,False
940,BK0000940,8095,2,1,2025-05-04,2025-05-25,2025-05-30,,nightly,checked_out,False,5,21,19539.40,0.00,3907.88,3907.88,False
941,BK0000941,3683,2,2,2025-05-03,2025-05-25,2025-05-26,,nightly,checked_out,False,1,22,3070.62,0.00,522.01,3070.62,False
942,BK0000942,1848,2,6,2025-05-19,2025-05-25,2025-05-26,,nightly,checked_out,False,1,6,6969.10,0.00,0.00,6969.10,False
943,BK0000943,2755,1,6,2025-05-23,2025-05-26,2025-05-28,,nightly,checked_out,False,2,3,10427.88,0.00,0.00,5213.94,False
944,BK0000944,3313,2,7,2025-05-21,2025-05-26,2025-05-26,,microstay,checked_out,False,0,5,1129.24,0.00,135.51,1129.24,False
945,BK0000945,888,2,5,2025-05-14,2025-05-26,2025-05-28,,nightly,checked_out,False,2,12,6880.62,0.00,0.00,3440.31,False
946,BK0000946,2911,2,7,2025-05-26,2025-05-26,2025-05-26,2025-05-26,microstay,cancelled,True,0,0,1696.34,188.48,203.56,1696.34,False
947,BK0000947,7387,1,5,2025-05-25,2025-05-27,2025-05-28,,nightly,checked_out,False,1,2,3658.02,192.53,0.00,3658.02,False
948,BK0000948,643,1,2,2025-05-18,2025-05-27,2025-05-28,,nightly,no_show,False,1,9,6173.17,685.91,1049.44,6173.17,False
949,BK0000949,654,1,7,2025-05-27,2025-05-27,2025-05-27,,microstay,checked_out,False,0,0,1862.76,0.00,223.53,1862.76,False
950,BK0000950,1854,1,6,2025-05-20,2025-05-27,2025-06-01,,nightly,checked_out,False,5,7,25494.55,0.00,0.00,5098.91,False
951,BK0000951,8432,1,1,2025-05-21,2025-05-27,2025-05-28,,nightly,checked_out,False,1,6,3980.90,442.32,796.18,3980.90,False
952,BK0000952,2179,1,6,2025-05-25,2025-05-27,2025-05-31,2025-05-26,nightly,cancelled,True,4,2,14471.36,0.00,0.00,3617.84,False
953,BK0000953,8116,1,5,2025-05-10,2025-05-27,2025-05-29,,nightly,checked_out,False,2,17,9209.70,484.72,0.00,4604.85,False
954,BK0000954,8351,1,3,2025-05-13,2025-05-27,2025-05-28,,nightly,checked_out,False,1,14,3476.81,0.00,625.83,3476.81,False
955,BK0000955,4258,1,1,2025-05-19,2025-05-27,2025-05-29,,nightly,checked_out,False,2,8,9674.70,0.00,1934.94,4837.35,False
956,BK0000956,926,1,6,2025-05-23,2025-05-27,2025-06-06,,nightly,checked_out,False,10,4,41406.00,0.00,0.00,4140.60,False
957,BK0000957,945,2,5,2025-05-20,2025-05-27,2025-05-28,,nightly,checked_out,False,1,7,4205.66,0.00,0.00,4205.66,False
958,BK0000958,6087,2,2,2025-05-12,2025-05-27,2025-05-28,,nightly,checked_out,False,1,15,2974.23,330.47,505.62,2974.23,False
959,BK0000959,6680,2,2,2025-05-12,2025-05-27,2025-05-28,,nightly,checked_out,False,1,15,3826.02,0.00,650.42,3826.02,False
960,BK0000960,6241,2,1,2025-05-17,2025-05-27,2025-05-28,,nightly,checked_out,False,1,10,5030.45,0.00,1006.09,5030.45,False
961,BK0000961,7116,2,2,2025-05-17,2025-05-27,2025-05-31,,nightly,checked_out,False,4,10,15981.23,1775.69,2716.81,3995.31,False
962,BK0000962,7162,1,5,2025-05-19,2025-05-28,2025-06-04,,nightly,checked_out,False,7,9,48760.53,0.00,0.00,6965.79,False
963,BK0000963,1132,1,4,2025-04-22,2025-05-28,2025-05-31,,nightly,checked_out,False,3,36,12871.50,0.00,1930.72,4290.50,False
964,BK0000964,2888,1,2,2025-04-28,2025-05-28,2025-05-30,2025-05-10,nightly,cancelled,True,2,30,8872.25,985.81,1508.28,4436.13,False
965,BK0000965,6287,1,2,2025-05-17,2025-05-28,2025-06-02,2025-05-27,nightly,cancelled,True,5,11,19754.35,0.00,3358.24,3950.87,False
966,BK0000966,116,1,5,2025-05-22,2025-05-28,2025-05-30,,nightly,checked_out,False,2,6,7210.10,0.00,0.00,3605.05,False
967,BK0000967,6935,1,6,2025-05-27,2025-05-28,2025-05-29,,nightly,checked_out,False,1,1,4160.61,0.00,0.00,4160.61,False
968,BK0000968,589,1,6,2025-05-26,2025-05-28,2025-05-30,,nightly,checked_out,False,2,2,9298.42,1033.16,0.00,4649.21,False
969,BK0000969,4868,1,6,2025-05-25,2025-05-28,2025-05-29,,nightly,checked_out,False,1,3,3974.07,0.00,0.00,3974.07,False
970,BK0000970,4245,2,6,2025-05-13,2025-05-28,2025-06-03,,nightly,checked_out,False,6,15,40014.48,0.00,0.00,6669.08,False
971,BK0000971,6042,2,6,2025-05-12,2025-05-28,2025-06-13,,nightly,checked_out,False,16,16,67849.76,0.00,0.00,4240.61,False
972,BK0000972,3765,2,3,2025-05-25,2025-05-28,2025-06-04,,nightly,checked_out,False,7,3,24587.15,0.00,4425.69,3512.45,False
973,BK0000973,847,2,4,2025-05-26,2025-05-28,2025-05-31,,nightly,checked_out,False,3,2,10208.07,0.00,1531.21,3402.69,False
974,BK0000974,9220,1,1,2025-05-23,2025-05-29,2025-05-30,,nightly,checked_out,False,1,6,3429.98,0.00,686.00,3429.98,False
975,BK0000975,866,1,1,2025-05-24,2025-05-29,2025-05-30,,nightly,checked_out,False,1,5,3485.47,0.00,697.09,3485.47,False
976,BK0000976,5383,1,5,2025-05-22,2025-05-29,2025-06-02,,nightly,checked_out,False,4,7,15424.84,0.00,0.00,3856.21,False
977,BK0000977,6437,1,5,2025-05-27,2025-05-29,2025-05-30,,nightly,checked_out,False,1,2,4839.94,0.00,0.00,4839.94,False
978,BK0000978,8464,2,1,2025-05-16,2025-05-29,2025-06-01,2025-05-22,nightly,cancelled,True,3,13,10426.23,0.00,2085.25,3475.41,False
979,BK0000979,8686,1,5,2025-05-09,2025-05-30,2025-06-04,,nightly,checked_out,False,5,21,15241.51,802.19,0.00,3048.30,False
980,BK0000980,197,1,2,2025-05-09,2025-05-30,2025-05-31,,nightly,checked_out,False,1,21,4801.61,0.00,816.27,4801.61,False
981,BK0000981,7931,1,5,2025-05-23,2025-05-30,2025-06-02,,nightly,checked_out,False,3,7,14174.99,746.05,0.00,4725.00,False
982,BK0000982,9267,2,1,2025-05-08,2025-05-30,2025-06-02,,nightly,checked_out,False,3,22,11490.57,0.00,2298.11,3830.19,False
983,BK0000983,651,2,3,2025-05-08,2025-05-30,2025-06-04,2025-05-30,nightly,cancelled,True,5,22,19256.79,1013.51,3466.22,3851.36,False
984,BK0000984,3678,2,4,2025-05-26,2025-05-30,2025-06-02,,nightly,checked_out,False,3,4,12557.13,0.00,1883.57,4185.71,False
985,BK0000985,6290,2,7,2025-05-29,2025-05-30,2025-05-30,,microstay,checked_out,False,0,1,1667.03,185.23,200.04,1667.03,False
986,BK0000986,5842,2,5,2025-05-17,2025-05-30,2025-05-31,,nightly,checked_out,False,1,13,4594.16,0.00,0.00,4594.16,False
987,BK0000987,6362,1,2,2025-05-26,2025-05-31,2025-06-03,,nightly,checked_out,False,3,5,16519.88,869.47,2808.38,5506.63,False
988,BK0000988,7682,1,1,2025-05-14,2025-05-31,2025-06-02,2025-05-15,nightly,cancelled,True,2,17,7366.98,0.00,1473.40,3683.49,False
989,BK0000989,8861,2,1,2025-05-28,2025-05-31,2025-06-01,,nightly,checked_out,False,1,3,3038.69,0.00,607.74,3038.69,False
990,BK0000990,1241,1,4,2025-05-21,2025-06-01,2025-06-04,,nightly,checked_out,False,3,11,9812.25,0.00,1471.84,3270.75,False
991,BK0000991,7918,1,6,2025-05-25,2025-06-01,2025-06-04,,nightly,checked_out,False,3,7,13004.81,684.46,0.00,4334.94,False
992,BK0000992,6786,2,6,2025-05-13,2025-06-01,2025-06-03,,nightly,checked_out,False,2,19,9619.52,0.00,0.00,4809.76,False
993,BK0000993,1487,2,5,2025-05-24,2025-06-01,2025-06-05,,nightly,checked_out,False,4,8,15881.61,835.87,0.00,3970.40,False
994,BK0000994,6385,1,1,2025-05-30,2025-06-02,2025-06-03,,nightly,checked_out,False,1,3,3799.41,422.16,759.88,3799.41,False
995,BK0000995,5063,1,6,2025-05-28,2025-06-02,2025-06-07,,nightly,checked_out,False,5,5,17403.25,0.00,0.00,3480.65,False
996,BK0000996,1864,2,2,2025-05-23,2025-06-02,2025-06-03,2025-05-25,nightly,cancelled,True,1,10,7022.22,0.00,1193.78,7022.22,False
997,BK0000997,7381,2,2,2025-05-22,2025-06-02,2025-06-03,,nightly,checked_out,False,1,11,6579.42,0.00,1118.50,6579.42,False
998,BK0000998,9171,2,7,2025-06-02,2025-06-02,2025-06-02,,microstay,checked_out,False,0,0,1234.03,0.00,148.08,1234.03,False
999,BK0000999,1487,2,5,2025-05-20,2025-06-02,2025-06-03,,nightly,checked_out,False,1,13,3948.70,0.00,0.00,3948.70,False
1000,BK0001000,5421,2,1,2025-05-15,2025-06-02,2025-06-06,2025-05-16,nightly,cancelled,True,4,18,26821.56,0.00,5364.31,6705.39,False
1001,BK0001001,8940,2,5,2025-05-28,2025-06-02,2025-06-04,,nightly,checked_out,False,2,5,6150.98,683.44,0.00,3075.49,False
1002,BK0001002,4360,1,1,2025-05-27,2025-06-03,2025-06-04,,nightly,checked_out,False,1,7,4183.79,0.00,836.76,4183.79,False
1003,BK0001003,5953,1,3,2025-06-01,2025-06-03,2025-06-05,,nightly,checked_out,False,2,2,8641.60,0.00,1555.49,4320.80,False
1004,BK0001004,4889,1,7,2025-06-03,2025-06-03,2025-06-03,,microstay,checked_out,False,0,0,1328.31,0.00,159.40,1328.31,False
1005,BK0001005,3748,1,5,2025-05-25,2025-06-03,2025-06-07,,nightly,checked_out,False,4,9,17057.92,0.00,0.00,4264.48,False
1006,BK0001006,2674,1,1,2025-05-28,2025-06-03,2025-06-05,,nightly,checked_out,False,2,6,6560.34,0.00,1312.07,3280.17,False
1007,BK0001007,7200,2,5,2025-05-25,2025-06-03,2025-06-08,,nightly,checked_out,False,5,9,20477.63,1077.77,0.00,4095.53,False
1008,BK0001008,3538,2,5,2025-05-30,2025-06-03,2025-06-07,,nightly,checked_out,False,4,4,17085.96,0.00,0.00,4271.49,False
1009,BK0001009,2813,2,2,2025-06-01,2025-06-03,2025-06-10,,nightly,checked_out,False,7,2,43917.62,4879.73,7466.00,6273.95,False
1010,BK0001010,4759,2,8,2025-06-02,2025-06-03,2025-06-04,,nightly,checked_out,False,1,1,5138.19,0.00,0.00,5138.19,False
1011,BK0001011,1147,1,6,2025-05-24,2025-06-04,2025-06-13,,nightly,checked_out,False,9,11,42576.48,0.00,0.00,4730.72,False
1012,BK0001012,6153,1,8,2025-06-03,2025-06-04,2025-06-05,,nightly,checked_out,False,1,1,3311.71,174.30,0.00,3311.71,False
1013,BK0001013,2669,1,7,2025-06-03,2025-06-04,2025-06-04,2025-06-03,microstay,cancelled,True,0,1,1252.71,0.00,150.33,1252.71,False
1014,BK0001014,1180,1,1,2025-05-30,2025-06-04,2025-06-06,2025-06-01,nightly,cancelled,True,2,5,8328.82,0.00,1665.76,4164.41,False
1015,BK0001015,5221,2,7,2025-06-03,2025-06-04,2025-06-04,,microstay,checked_out,False,0,1,2085.95,0.00,250.31,2085.95,False
1016,BK0001016,3841,2,6,2025-06-03,2025-06-04,2025-06-23,,nightly,checked_out,False,19,1,127448.34,6707.81,0.00,6707.81,False
1017,BK0001017,9014,2,8,2025-06-04,2025-06-04,2025-06-05,,nightly,checked_out,False,1,0,4291.15,0.00,0.00,4291.15,False
1018,BK0001018,1412,2,7,2025-06-04,2025-06-04,2025-06-04,,microstay,checked_out,False,0,0,1500.71,0.00,180.09,1500.71,False
1019,BK0001019,1999,2,1,2025-05-27,2025-06-04,2025-06-07,,nightly,checked_out,False,3,8,10475.58,0.00,2095.12,3491.86,False
1020,BK0001020,6498,2,2,2025-03-28,2025-06-04,2025-06-06,2025-05-18,nightly,cancelled,True,2,68,8180.52,0.00,1390.69,4090.26,False
1021,BK0001021,8316,2,7,2025-06-04,2025-06-04,2025-06-04,2025-06-03,microstay,cancelled,True,0,0,1423.17,0.00,170.78,1423.17,False
1022,BK0001022,6556,1,3,2025-05-31,2025-06-05,2025-06-06,,nightly,checked_out,False,1,5,3063.94,340.44,551.51,3063.94,False
1023,BK0001023,5454,1,5,2025-05-28,2025-06-05,2025-06-07,,nightly,checked_out,False,2,8,10438.70,0.00,0.00,5219.35,False
1024,BK0001024,114,1,3,2025-05-10,2025-06-05,2025-06-07,,nightly,checked_out,False,2,26,8199.50,0.00,1475.91,4099.75,False
1025,BK0001025,3558,1,5,2025-05-17,2025-06-05,2025-06-10,,nightly,checked_out,False,5,19,16852.05,0.00,0.00,3370.41,False
1026,BK0001026,6194,2,1,2025-05-27,2025-06-05,2025-06-06,,nightly,checked_out,False,1,9,4148.01,0.00,829.60,4148.01,False
1027,BK0001027,2894,2,5,2025-06-02,2025-06-05,2025-06-07,,nightly,checked_out,False,2,3,9464.24,0.00,0.00,4732.12,False
1028,BK0001028,2013,2,4,2025-05-28,2025-06-05,2025-06-06,,nightly,checked_out,False,1,8,3401.14,179.01,510.17,3401.14,False
1029,BK0001029,7543,2,6,2025-06-03,2025-06-05,2025-06-14,,nightly,checked_out,False,9,2,37733.89,1985.99,0.00,4192.65,False
1030,BK0001030,2154,2,4,2025-05-03,2025-06-05,2025-06-06,,nightly,checked_out,False,1,33,4774.74,0.00,716.21,4774.74,False
1031,BK0001031,8947,2,5,2025-05-26,2025-06-05,2025-06-06,,nightly,checked_out,False,1,10,4732.92,249.10,0.00,4732.92,False
1032,BK0001032,3523,1,5,2025-05-16,2025-06-06,2025-06-09,2025-05-30,nightly,cancelled,True,3,21,13737.87,0.00,0.00,4579.29,False
1033,BK0001033,7823,1,1,2025-06-02,2025-06-06,2025-06-10,,nightly,checked_out,False,4,4,19373.16,0.00,3874.63,4843.29,False
1034,BK0001034,2243,1,1,2025-05-11,2025-06-06,2025-06-07,,nightly,checked_out,False,1,26,3160.77,0.00,632.15,3160.77,False
1035,BK0001035,3675,1,6,2025-06-05,2025-06-06,2025-06-09,,nightly,checked_out,False,3,1,11894.79,0.00,0.00,3964.93,False
1036,BK0001036,6814,1,6,2025-06-02,2025-06-06,2025-06-12,,nightly,checked_out,False,6,4,24727.98,0.00,0.00,4121.33,False
1037,BK0001037,3551,1,6,2025-05-16,2025-06-06,2025-06-14,2025-05-25,nightly,cancelled,True,8,21,23529.16,4152.20,0.00,2941.15,False
1038,BK0001038,5937,2,7,2025-06-06,2025-06-06,2025-06-06,,microstay,checked_out,False,0,0,1333.66,0.00,160.04,1333.66,False
1039,BK0001039,5891,2,6,2025-06-01,2025-06-06,2025-06-12,,nightly,checked_out,False,6,5,26281.62,0.00,0.00,4380.27,False
1040,BK0001040,5087,2,7,2025-06-06,2025-06-06,2025-06-06,,microstay,checked_out,False,0,0,853.10,44.90,102.37,853.10,False
1041,BK0001041,3226,2,2,2025-05-29,2025-06-06,2025-06-07,,nightly,no_show,False,1,8,4908.38,0.00,834.42,4908.38,False
1042,BK0001042,970,2,6,2025-06-03,2025-06-07,2025-06-14,,nightly,checked_out,False,7,4,29931.86,0.00,0.00,4275.98,False
1043,BK0001043,6498,2,6,2025-06-04,2025-06-07,2025-06-26,,nightly,checked_out,False,19,3,60485.36,0.00,0.00,3183.44,False
1044,BK0001044,3707,2,5,2025-06-04,2025-06-07,2025-06-08,,nightly,checked_out,False,1,3,6252.92,0.00,0.00,6252.92,False
1045,BK0001045,1157,1,5,2025-06-06,2025-06-08,2025-06-14,,nightly,checked_out,False,6,2,27864.34,1466.54,0.00,4644.06,False
1046,BK0001046,6273,1,1,2025-06-05,2025-06-08,2025-06-10,2025-06-07,nightly,cancelled,True,2,3,7879.48,0.00,1575.90,3939.74,False
1047,BK0001047,8423,1,1,2025-05-10,2025-06-08,2025-06-12,,nightly,checked_out,False,4,29,12639.75,665.25,2527.95,3159.94,False
1048,BK0001048,3557,2,2,2025-05-24,2025-06-08,2025-06-09,,nightly,checked_out,False,1,15,2820.14,497.67,479.42,2820.14,False
1049,BK0001049,3649,2,6,2025-06-05,2025-06-08,2025-06-10,,nightly,checked_out,False,2,3,13171.58,0.00,0.00,6585.79,False
1050,BK0001050,4194,2,3,2025-05-26,2025-06-08,2025-06-08,,nightly,checked_out,False,0,13,4357.58,229.35,784.36,4357.58,False
1051,BK0001051,2955,1,2,2025-05-31,2025-06-09,2025-06-10,,nightly,checked_out,False,1,9,4175.98,0.00,709.92,4175.98,False
1052,BK0001052,4454,2,5,2025-06-06,2025-06-09,2025-06-10,,nightly,checked_out,False,1,3,5489.91,0.00,0.00,5489.91,False
1053,BK0001053,5657,2,1,2025-05-24,2025-06-09,2025-06-10,,nightly,no_show,False,1,16,3160.22,351.14,632.04,3160.22,False
1054,BK0001054,1884,2,5,2025-06-07,2025-06-09,2025-06-14,2025-06-08,nightly,cancelled,True,5,2,19303.95,0.00,0.00,3860.79,False
1055,BK0001055,1326,1,3,2025-06-05,2025-06-10,2025-06-16,,nightly,checked_out,False,6,5,26486.82,0.00,4767.63,4414.47,False
1056,BK0001056,6511,1,8,2025-06-09,2025-06-10,2025-06-11,,nightly,checked_out,False,1,1,5969.87,663.32,0.00,5969.87,False
1057,BK0001057,192,1,2,2025-06-05,2025-06-10,2025-06-12,,nightly,checked_out,False,2,5,8791.64,462.72,1494.58,4395.82,False
1058,BK0001058,7702,1,6,2025-06-08,2025-06-10,2025-06-12,,nightly,checked_out,False,2,2,7953.12,883.68,0.00,3976.56,False
1059,BK0001059,8291,1,2,2025-05-11,2025-06-10,2025-06-12,,nightly,checked_out,False,2,30,9376.68,0.00,1594.04,4688.34,False
1060,BK0001060,4486,1,3,2025-05-29,2025-06-10,2025-06-13,,nightly,no_show,False,3,12,13023.66,0.00,2344.26,4341.22,False
1061,BK0001061,6858,1,2,2025-06-07,2025-06-10,2025-06-13,,nightly,checked_out,False,3,3,9674.13,509.16,1644.60,3224.71,False
1062,BK0001062,5403,1,5,2025-06-08,2025-06-10,2025-06-11,,nightly,checked_out,False,1,2,3120.33,346.70,0.00,3120.33,False
1063,BK0001063,5153,1,6,2025-05-31,2025-06-10,2025-06-17,,nightly,checked_out,False,7,10,24541.23,0.00,0.00,3505.89,False
1064,BK0001064,9213,2,6,2025-06-07,2025-06-10,2025-06-15,,nightly,checked_out,False,5,3,20666.65,0.00,0.00,4133.33,False
1065,BK0001065,7873,2,2,2025-05-30,2025-06-10,2025-06-14,2025-06-09,nightly,cancelled,True,4,11,17814.08,0.00,3028.39,4453.52,False
1066,BK0001066,3420,2,3,2025-05-29,2025-06-10,2025-06-12,,nightly,checked_out,False,2,12,10376.86,0.00,1867.83,5188.43,False
1067,BK0001067,587,2,2,2025-05-09,2025-06-10,2025-06-11,,nightly,checked_out,False,1,32,5631.75,0.00,957.40,5631.75,False
1068,BK0001068,4889,1,7,2025-06-11,2025-06-11,2025-06-11,,microstay,checked_out,False,0,0,1499.54,0.00,179.94,1499.54,False
1069,BK0001069,2991,1,6,2025-06-09,2025-06-11,2025-06-12,,nightly,checked_out,False,1,2,3403.11,0.00,0.00,3403.11,False
1070,BK0001070,699,1,5,2025-06-08,2025-06-11,2025-06-12,,nightly,checked_out,False,1,3,4054.67,0.00,0.00,4054.67,False
1071,BK0001071,8983,1,5,2025-06-02,2025-06-11,2025-06-17,,nightly,checked_out,False,6,9,33375.11,5889.73,0.00,5562.52,False
1072,BK0001072,1659,1,5,2025-06-06,2025-06-11,2025-06-15,,nightly,checked_out,False,4,5,28005.12,0.00,0.00,7001.28,False
1073,BK0001073,4020,2,5,2025-05-30,2025-06-11,2025-06-13,2025-05-31,nightly,cancelled,True,2,12,8380.40,0.00,0.00,4190.20,False
1074,BK0001074,4253,2,6,2025-06-05,2025-06-11,2025-06-17,,nightly,checked_out,False,6,6,22118.18,2457.58,0.00,3686.36,False
1075,BK0001075,4553,2,2,2025-06-02,2025-06-11,2025-06-12,,nightly,checked_out,False,1,9,3417.20,0.00,580.92,3417.20,False
1076,BK0001076,6466,2,2,2025-04-26,2025-06-11,2025-06-12,,nightly,checked_out,False,1,46,3679.81,193.67,625.57,3679.81,False
1077,BK0001077,949,2,3,2025-06-04,2025-06-11,2025-06-12,2025-06-07,nightly,cancelled,True,1,7,3816.62,0.00,686.99,3816.62,False
1078,BK0001078,4399,2,2,2025-06-04,2025-06-11,2025-06-12,2025-06-08,nightly,cancelled,True,1,7,7700.60,405.30,1309.10,7700.60,False
1079,BK0001079,5277,2,5,2025-06-04,2025-06-11,2025-06-13,,nightly,checked_out,False,2,7,13672.48,0.00,0.00,6836.24,False
1080,BK0001080,975,1,5,2025-05-28,2025-06-12,2025-06-13,,nightly,checked_out,False,1,15,3660.78,406.75,0.00,3660.78,False
1081,BK0001081,5165,1,1,2025-04-20,2025-06-12,2025-06-13,,nightly,checked_out,False,1,53,5310.80,0.00,1062.16,5310.80,False
1082,BK0001082,1421,1,2,2025-06-05,2025-06-12,2025-06-17,,nightly,checked_out,False,5,7,21256.40,0.00,3613.59,4251.28,False
1083,BK0001083,2431,1,1,2025-06-03,2025-06-12,2025-06-13,,nightly,checked_out,False,1,9,3693.88,0.00,738.78,3693.88,False
1084,BK0001084,5602,1,3,2025-05-30,2025-06-12,2025-06-13,,nightly,checked_out,False,1,13,4947.09,0.00,890.48,4947.09,False
1085,BK0001085,405,1,1,2025-06-04,2025-06-12,2025-06-13,,nightly,checked_out,False,1,8,4013.51,0.00,802.70,4013.51,False
1086,BK0001086,1649,1,5,2025-06-06,2025-06-12,2025-06-13,,nightly,checked_out,False,1,6,3292.42,173.29,0.00,3292.42,False
1087,BK0001087,5905,2,1,2025-05-13,2025-06-12,2025-06-13,2025-05-30,nightly,cancelled,True,1,30,7219.40,0.00,1443.88,7219.40,False
1088,BK0001088,8805,2,6,2025-06-08,2025-06-12,2025-06-23,,nightly,checked_out,False,11,4,37567.93,4174.21,0.00,3415.27,False
1089,BK0001089,5891,2,4,2025-05-31,2025-06-12,2025-06-14,,nightly,checked_out,False,2,12,8988.26,1586.16,1348.24,4494.13,False
1090,BK0001090,2378,2,5,2025-05-26,2025-06-12,2025-06-19,2025-05-28,nightly,cancelled,True,7,17,25153.10,0.00,0.00,3593.30,False
1091,BK0001091,5153,1,2,2025-06-07,2025-06-13,2025-06-16,,nightly,checked_out,False,3,6,11331.60,596.40,1926.37,3777.20,False
1092,BK0001092,7499,1,1,2025-06-09,2025-06-13,2025-06-19,,nightly,checked_out,False,6,4,30527.58,0.00,6105.52,5087.93,False
1093,BK0001093,1524,2,3,2025-06-02,2025-06-13,2025-06-14,,nightly,checked_out,False,1,11,4239.38,0.00,763.09,4239.38,False
1094,BK0001094,7821,2,3,2025-05-27,2025-06-13,2025-06-17,,nightly,checked_out,False,4,17,24227.66,1275.14,4360.98,6056.92,False
1095,BK0001095,3183,2,6,2025-06-08,2025-06-13,2025-06-14,,nightly,checked_out,False,1,5,6008.54,667.62,0.00,6008.54,False
1096,BK0001096,1487,1,7,2025-06-14,2025-06-14,2025-06-14,,microstay,checked_out,False,0,0,1176.79,207.67,141.21,1176.79,False
1097,BK0001097,1910,2,1,2025-06-01,2025-06-14,2025-06-17,,nightly,checked_out,False,3,13,12366.90,0.00,2473.38,4122.30,False
1098,BK0001098,7085,2,6,2025-06-04,2025-06-14,2025-06-15,2025-06-09,nightly,cancelled,True,1,10,3226.60,0.00,0.00,3226.60,False
1099,BK0001099,7700,2,1,2025-06-05,2025-06-14,2025-06-15,,nightly,checked_out,False,1,9,5241.12,0.00,1048.22,5241.12,False
1100,BK0001100,1927,2,5,2025-06-01,2025-06-14,2025-06-15,,nightly,checked_out,False,1,13,3665.75,192.93,0.00,3665.75,False
1101,BK0001101,7497,1,6,2025-06-02,2025-06-15,2025-06-19,,nightly,checked_out,False,4,13,15818.52,0.00,0.00,3954.63,False
1102,BK0001102,7671,1,2,2025-06-09,2025-06-15,2025-06-18,2025-06-13,nightly,cancelled,True,3,6,11442.39,0.00,1945.21,3814.13,False
1103,BK0001103,1412,1,6,2025-05-16,2025-06-15,2025-06-17,,nightly,checked_out,False,2,30,9576.62,0.00,0.00,4788.31,False
1104,BK0001104,9143,2,1,2025-06-09,2025-06-15,2025-06-16,,nightly,checked_out,False,1,6,4168.03,0.00,833.61,4168.03,False
1105,BK0001105,2079,2,6,2025-05-28,2025-06-15,2025-06-19,,nightly,checked_out,False,4,18,20251.36,0.00,0.00,5062.84,False
1106,BK0001106,6974,2,2,2025-06-13,2025-06-15,2025-06-19,,nightly,checked_out,False,4,2,19832.44,0.00,3371.51,4958.11,False
1107,BK0001107,4731,2,5,2025-06-09,2025-06-15,2025-06-21,,nightly,checked_out,False,6,6,29618.52,0.00,0.00,4936.42,False
1108,BK0001108,5696,2,7,2025-06-15,2025-06-15,2025-06-15,,microstay,checked_out,False,0,0,1043.20,115.91,125.18,1043.20,False
1109,BK0001109,1999,2,1,2025-06-06,2025-06-15,2025-06-16,,nightly,checked_out,False,1,9,3494.30,388.26,698.86,3494.30,False
1110,BK0001110,498,2,1,2025-06-14,2025-06-15,2025-06-18,2025-06-15,nightly,cancelled,True,3,1,10670.01,0.00,2134.00,3556.67,False
1111,BK0001111,6551,1,5,2025-06-09,2025-06-16,2025-06-21,,nightly,checked_out,False,5,7,15486.03,1720.67,0.00,3097.21,False
1112,BK0001112,2802,1,1,2025-06-05,2025-06-16,2025-06-17,,nightly,checked_out,False,1,11,4685.94,0.00,937.19,4685.94,False
1113,BK0001113,192,1,3,2025-06-14,2025-06-16,2025-06-27,,nightly,checked_out,False,11,2,46700.28,0.00,8406.05,4245.48,False
1114,BK0001114,2262,1,1,2025-06-12,2025-06-16,2025-06-17,,nightly,checked_out,False,1,4,3265.87,0.00,653.17,3265.87,False
1115,BK0001115,5879,1,1,2025-06-14,2025-06-16,2025-06-19,,nightly,checked_out,False,3,2,15956.40,0.00,3191.28,5318.80,False
1116,BK0001116,647,1,5,2025-06-01,2025-06-16,2025-06-17,,nightly,checked_out,False,1,15,4213.35,0.00,0.00,4213.35,False
1117,BK0001117,2986,1,6,2025-06-08,2025-06-16,2025-07-07,,nightly,checked_out,False,21,8,91970.34,0.00,0.00,4379.54,False
1118,BK0001118,7515,1,4,2025-06-11,2025-06-16,2025-06-17,,nightly,checked_out,False,1,5,4321.80,0.00,648.27,4321.80,False
1119,BK0001119,6724,2,4,2025-06-04,2025-06-16,2025-06-18,,nightly,checked_out,False,2,12,8380.66,0.00,1257.10,4190.33,False
1120,BK0001120,114,2,4,2025-05-18,2025-06-16,2025-06-22,,nightly,checked_out,False,6,29,25438.80,0.00,3815.82,4239.80,False
1121,BK0001121,2561,2,5,2025-05-28,2025-06-16,2025-06-24,,nightly,checked_out,False,8,19,57899.68,0.00,0.00,7237.46,False
1122,BK0001122,4737,2,1,2025-05-10,2025-06-16,2025-06-17,2025-06-03,nightly,cancelled,True,1,37,3604.33,189.70,720.87,3604.33,False
1123,BK0001123,9053,2,8,2025-06-16,2025-06-16,2025-06-17,,nightly,checked_out,False,1,0,3750.82,0.00,0.00,3750.82,False
1124,BK0001124,3427,2,6,2025-06-14,2025-06-16,2025-06-25,,nightly,checked_out,False,9,2,39095.01,0.00,0.00,4343.89,False
1125,BK0001125,6114,2,3,2025-06-03,2025-06-16,2025-06-18,2025-06-14,nightly,cancelled,True,2,13,14189.20,0.00,2554.06,7094.60,False
1126,BK0001126,5646,1,3,2025-04-08,2025-06-17,2025-06-18,2025-04-08,nightly,cancelled,True,1,70,6524.47,0.00,1174.40,6524.47,False
1127,BK0001127,1147,1,5,2025-06-09,2025-06-17,2025-06-19,,nightly,checked_out,False,2,8,7020.56,1238.92,0.00,3510.28,False
1128,BK0001128,5957,1,6,2025-06-10,2025-06-17,2025-07-05,,nightly,checked_out,False,18,7,67146.30,0.00,0.00,3730.35,False
1129,BK0001129,5637,1,5,2025-06-07,2025-06-17,2025-06-18,,nightly,checked_out,False,1,10,3036.15,535.79,0.00,3036.15,False
1130,BK0001130,212,2,2,2025-06-11,2025-06-17,2025-06-19,,nightly,checked_out,False,2,6,14755.78,0.00,2508.48,7377.89,False
1131,BK0001131,1622,2,3,2025-05-10,2025-06-17,2025-06-18,,nightly,checked_out,False,1,38,3568.43,0.00,642.32,3568.43,False
1132,BK0001132,2096,2,6,2025-06-13,2025-06-17,2025-06-19,2025-06-14,nightly,cancelled,True,2,4,7129.14,1258.08,0.00,3564.57,False
1133,BK0001133,3788,2,2,2025-06-08,2025-06-17,2025-06-21,,nightly,no_show,False,4,9,16286.50,857.18,2768.70,4071.63,False
1134,BK0001134,3258,2,5,2025-06-11,2025-06-17,2025-06-18,,nightly,checked_out,False,1,6,4336.24,0.00,0.00,4336.24,False
1135,BK0001135,6766,1,7,2025-06-16,2025-06-18,2025-06-18,,microstay,checked_out,False,0,2,1871.00,98.47,224.52,1871.00,False
1136,BK0001136,4248,1,2,2025-05-26,2025-06-18,2025-06-20,,nightly,checked_out,False,2,23,9213.84,484.94,1566.35,4606.92,False
1137,BK0001137,243,1,6,2025-06-14,2025-06-18,2025-06-21,,nightly,checked_out,False,3,4,13255.32,0.00,0.00,4418.44,False
1138,BK0001138,5087,1,5,2025-05-24,2025-06-18,2025-06-19,,nightly,checked_out,False,1,25,3417.18,0.00,0.00,3417.18,False
1139,BK0001139,3204,2,2,2025-06-14,2025-06-18,2025-06-21,,nightly,checked_out,False,3,4,13765.59,0.00,2340.15,4588.53,False
1140,BK0001140,3020,2,7,2025-06-17,2025-06-18,2025-06-18,,microstay,checked_out,False,0,1,1052.05,0.00,126.25,1052.05,False
1141,BK0001141,2943,2,2,2025-05-16,2025-06-18,2025-06-19,,nightly,checked_out,False,1,33,4378.30,0.00,744.31,4378.30,False
1142,BK0001142,691,2,1,2025-06-09,2025-06-18,2025-06-20,2025-06-11,nightly,cancelled,True,2,9,6646.88,349.84,1329.38,3323.44,False
1143,BK0001143,262,1,3,2025-06-13,2025-06-19,2025-06-21,,nightly,checked_out,False,2,6,7215.34,379.76,1298.76,3607.67,False
1144,BK0001144,1711,1,6,2025-06-13,2025-06-19,2025-06-23,,nightly,checked_out,False,4,6,25679.11,1351.53,0.00,6419.78,False
1145,BK0001145,3060,1,3,2025-06-07,2025-06-19,2025-06-20,,nightly,checked_out,False,1,12,3249.06,0.00,584.83,3249.06,False
1146,BK0001146,7357,1,2,2025-05-29,2025-06-19,2025-06-21,,nightly,checked_out,False,2,21,7075.52,0.00,1202.84,3537.76,False
1147,BK0001147,3578,1,3,2025-06-11,2025-06-19,2025-06-22,,nightly,checked_out,False,3,8,17275.31,3048.58,3109.56,5758.44,False
1148,BK0001148,7686,2,5,2025-06-17,2025-06-19,2025-06-20,,nightly,checked_out,False,1,2,4212.50,0.00,0.00,4212.50,False
1149,BK0001149,1448,2,5,2025-06-17,2025-06-19,2025-06-29,2025-06-19,nightly,cancelled,True,10,2,41870.68,2203.72,0.00,4187.07,False
1150,BK0001150,6174,2,1,2025-06-09,2025-06-19,2025-06-21,,nightly,checked_out,False,2,10,6970.90,0.00,1394.18,3485.45,False
1151,BK0001151,6689,2,1,2025-06-08,2025-06-19,2025-06-20,,nightly,checked_out,False,1,11,5077.57,0.00,1015.51,5077.57,False
1152,BK0001152,7674,2,6,2025-05-29,2025-06-19,2025-06-23,,nightly,checked_out,False,4,21,19919.40,0.00,0.00,4979.85,False
1153,BK0001153,528,1,5,2025-06-09,2025-06-20,2025-06-24,,nightly,checked_out,False,4,11,19503.12,0.00,0.00,4875.78,False
1154,BK0001154,4874,1,1,2025-06-18,2025-06-20,2025-06-25,2025-06-20,nightly,cancelled,True,5,2,19513.70,0.00,3902.74,3902.74,False
1155,BK0001155,6199,2,5,2025-06-16,2025-06-20,2025-06-21,,nightly,checked_out,False,1,4,4231.51,222.71,0.00,4231.51,False
1156,BK0001156,280,2,1,2025-06-16,2025-06-20,2025-06-21,,nightly,checked_out,False,1,4,4164.47,0.00,832.89,4164.47,False
1157,BK0001157,7148,2,3,2025-06-10,2025-06-20,2025-06-22,,nightly,checked_out,False,2,10,13184.98,0.00,2373.30,6592.49,False
1158,BK0001158,3189,1,8,2025-06-20,2025-06-21,2025-06-22,,nightly,checked_out,False,1,1,4484.74,236.04,0.00,4484.74,False
1159,BK0001159,8063,1,3,2025-06-14,2025-06-21,2025-06-22,2025-06-15,nightly,cancelled,True,1,7,6191.84,325.89,1114.53,6191.84,False
1160,BK0001160,942,1,6,2025-06-06,2025-06-21,2025-06-22,,nightly,checked_out,False,1,15,3240.81,0.00,0.00,3240.81,False
1161,BK0001161,8931,2,8,2025-06-20,2025-06-21,2025-06-23,,nightly,checked_out,False,2,1,10230.30,0.00,0.00,5115.15,False
1162,BK0001162,2640,2,5,2025-06-18,2025-06-21,2025-06-30,,nightly,checked_out,False,9,3,40205.16,0.00,0.00,4467.24,False
1163,BK0001163,5283,2,1,2025-06-06,2025-06-21,2025-06-22,2025-06-16,nightly,cancelled,True,1,15,4855.50,0.00,971.10,4855.50,False
1164,BK0001164,9095,2,1,2025-06-15,2025-06-21,2025-06-22,,nightly,checked_out,False,1,6,3197.82,355.31,639.56,3197.82,False
1165,BK0001165,4708,2,1,2025-06-01,2025-06-21,2025-06-22,,nightly,checked_out,False,1,20,3687.05,0.00,737.41,3687.05,False
1166,BK0001166,294,1,1,2025-06-12,2025-06-22,2025-06-23,,nightly,checked_out,False,1,10,3815.05,423.89,763.01,3815.05,False
1167,BK0001167,847,1,4,2025-06-05,2025-06-22,2025-06-28,,nightly,checked_out,False,6,17,23366.64,0.00,3505.00,3894.44,False
1168,BK0001168,3289,1,3,2025-05-30,2025-06-22,2025-06-25,,nightly,checked_out,False,3,23,10159.38,0.00,1828.69,3386.46,False
1169,BK0001169,6515,1,2,2025-06-11,2025-06-22,2025-06-23,,nightly,checked_out,False,1,11,3760.55,0.00,639.29,3760.55,False
1170,BK0001170,7156,1,5,2025-06-19,2025-06-22,2025-06-26,,nightly,checked_out,False,4,3,12164.37,640.23,0.00,3041.09,False
1171,BK0001171,7250,2,8,2025-06-22,2025-06-22,2025-06-23,,nightly,checked_out,False,1,0,3518.58,0.00,0.00,3518.58,False
1172,BK0001172,702,2,5,2025-06-13,2025-06-22,2025-06-23,,nightly,checked_out,False,1,9,3551.04,0.00,0.00,3551.04,False
1173,BK0001173,7231,2,8,2025-06-19,2025-06-22,2025-06-24,,nightly,checked_out,False,2,3,8001.30,0.00,0.00,4000.65,False
1174,BK0001174,4829,2,3,2025-06-05,2025-06-22,2025-06-23,2025-06-12,nightly,cancelled,True,1,17,3837.53,0.00,690.76,3837.53,False
1175,BK0001175,2022,1,5,2025-06-16,2025-06-23,2025-06-28,,nightly,no_show,False,5,7,24874.75,0.00,0.00,4974.95,False
1176,BK0001176,8091,1,1,2025-06-17,2025-06-23,2025-06-24,2025-06-20,nightly,cancelled,True,1,6,4998.70,0.00,999.74,4998.70,False
1177,BK0001177,5496,1,2,2025-03-14,2025-06-23,2025-06-25,,nightly,checked_out,False,2,101,12324.79,648.67,2095.21,6162.40,False
1178,BK0001178,8999,1,2,2025-06-05,2025-06-23,2025-06-25,,nightly,checked_out,False,2,18,8174.94,0.00,1389.74,4087.47,False
1179,BK0001179,3183,1,7,2025-06-23,2025-06-23,2025-06-23,,microstay,checked_out,False,0,0,1332.34,0.00,159.88,1332.34,False
1180,BK0001180,856,1,2,2025-06-17,2025-06-23,2025-06-30,,nightly,checked_out,False,7,6,21814.52,0.00,3708.47,3116.36,False
1181,BK0001181,3110,1,1,2025-06-17,2025-06-23,2025-06-26,2025-06-22,nightly,cancelled,True,3,6,10478.28,0.00,2095.66,3492.76,False
1182,BK0001182,4352,1,5,2025-06-14,2025-06-23,2025-06-25,,nightly,checked_out,False,2,9,12152.16,1350.24,0.00,6076.08,False
1183,BK0001183,7426,2,1,2025-06-10,2025-06-23,2025-06-25,,nightly,checked_out,False,2,13,7079.48,372.60,1415.90,3539.74,False
1184,BK0001184,4951,2,1,2025-06-10,2025-06-23,2025-06-25,,nightly,checked_out,False,2,13,14700.26,0.00,2940.05,7350.13,False
1185,BK0001185,6355,2,1,2025-06-10,2025-06-23,2025-06-24,,nightly,checked_out,False,1,13,4994.40,0.00,998.88,4994.40,False
1186,BK0001186,5136,2,2,2025-06-17,2025-06-23,2025-06-24,,nightly,checked_out,False,1,6,4148.55,0.00,705.25,4148.55,False
1187,BK0001187,5225,1,2,2025-06-18,2025-06-24,2025-06-29,,nightly,checked_out,False,5,6,21864.70,0.00,3717.00,4372.94,False
1188,BK0001188,4352,1,2,2025-05-02,2025-06-24,2025-06-25,,nightly,checked_out,False,1,53,4596.01,510.67,781.32,4596.01,False
1189,BK0001189,940,2,1,2025-06-06,2025-06-24,2025-06-25,,nightly,checked_out,False,1,18,4754.94,528.33,950.99,4754.94,False
1190,BK0001190,8372,2,6,2025-06-22,2025-06-24,2025-06-25,,nightly,checked_out,False,1,2,4525.64,0.00,0.00,4525.64,False
1191,BK0001191,6371,2,1,2025-06-10,2025-06-24,2025-06-25,,nightly,checked_out,False,1,14,6939.97,0.00,1387.99,6939.97,False
1192,BK0001192,8667,2,3,2025-06-08,2025-06-24,2025-06-27,,nightly,checked_out,False,3,16,12804.54,0.00,2304.82,4268.18,False
1193,BK0001193,465,2,1,2025-06-05,2025-06-24,2025-06-26,,nightly,checked_out,False,2,19,11974.45,630.23,2394.89,5987.23,False
1194,BK0001194,4384,2,5,2025-06-20,2025-06-24,2025-06-27,,nightly,checked_out,False,3,4,11880.72,0.00,0.00,3960.24,False
1195,BK0001195,8428,1,1,2025-06-04,2025-06-25,2025-06-27,,nightly,checked_out,False,2,21,7908.83,416.25,1581.77,3954.42,False
1196,BK0001196,8781,1,5,2025-06-20,2025-06-25,2025-06-28,,nightly,checked_out,False,3,5,14538.90,765.21,0.00,4846.30,False
1197,BK0001197,8971,1,2,2025-06-11,2025-06-25,2025-06-26,,nightly,checked_out,False,1,14,2881.42,320.16,489.84,2881.42,False
1198,BK0001198,8869,1,6,2025-06-21,2025-06-25,2025-06-28,,nightly,checked_out,False,3,4,20369.64,0.00,0.00,6789.88,False
1199,BK0001199,4940,1,1,2025-06-20,2025-06-25,2025-07-01,,nightly,checked_out,False,6,5,25928.28,0.00,5185.66,4321.38,False
1200,BK0001200,9136,2,3,2025-06-20,2025-06-25,2025-06-26,,nightly,checked_out,False,1,5,3625.31,190.81,652.56,3625.31,False
1201,BK0001201,2942,2,5,2025-06-18,2025-06-25,2025-06-28,,nightly,checked_out,False,3,7,16227.51,0.00,0.00,5409.17,False
1202,BK0001202,7869,1,5,2025-06-20,2025-06-26,2025-06-28,,nightly,checked_out,False,2,6,6311.06,332.16,0.00,3155.53,False
1203,BK0001203,1603,1,5,2025-06-23,2025-06-26,2025-06-29,,nightly,checked_out,False,3,3,17838.69,938.88,0.00,5946.23,False
1204,BK0001204,8509,1,1,2025-06-24,2025-06-26,2025-06-28,,nightly,checked_out,False,2,2,9985.94,0.00,1997.19,4992.97,False
1205,BK0001205,5236,2,7,2025-06-25,2025-06-26,2025-06-26,,microstay,checked_out,False,0,1,1095.51,0.00,131.46,1095.51,False
1206,BK0001206,6017,2,2,2025-06-12,2025-06-26,2025-06-27,,nightly,checked_out,False,1,14,3984.31,0.00,677.33,3984.31,False
1207,BK0001207,4205,2,2,2025-06-24,2025-06-26,2025-06-27,,nightly,checked_out,False,1,2,7701.71,0.00,1309.29,7701.71,False
1208,BK0001208,1428,2,6,2025-06-16,2025-06-26,2025-06-29,,nightly,checked_out,False,3,10,9115.52,1012.84,0.00,3038.51,False
1209,BK0001209,405,2,6,2025-06-23,2025-06-26,2025-06-30,,nightly,checked_out,False,4,3,27989.92,0.00,0.00,6997.48,False
1210,BK0001210,7634,2,1,2025-06-15,2025-06-26,2025-06-30,2025-06-21,nightly,cancelled,True,4,11,14570.28,0.00,2914.06,3642.57,False
1211,BK0001211,8685,1,4,2025-06-05,2025-06-27,2025-06-28,,nightly,checked_out,False,1,22,3200.81,168.46,480.12,3200.81,False
1212,BK0001212,6711,1,4,2025-06-22,2025-06-27,2025-06-29,,nightly,checked_out,False,2,5,7915.58,0.00,1187.34,3957.79,False
1213,BK0001213,9101,1,7,2025-06-27,2025-06-27,2025-06-27,,microstay,checked_out,False,0,0,1129.31,59.44,135.52,1129.31,False
1214,BK0001214,3652,1,2,2025-06-01,2025-06-27,2025-06-28,,nightly,checked_out,False,1,26,4779.57,0.00,812.53,4779.57,False
1215,BK0001215,3189,2,6,2025-06-25,2025-06-27,2025-06-30,,nightly,checked_out,False,3,2,12848.43,0.00,0.00,4282.81,False
1216,BK0001216,522,2,5,2025-06-22,2025-06-27,2025-06-29,,nightly,checked_out,False,2,5,7414.60,390.24,0.00,3707.30,False
1217,BK0001217,7374,1,7,2025-06-27,2025-06-28,2025-06-28,,microstay,checked_out,False,0,1,1308.59,0.00,157.03,1308.59,False
1218,BK0001218,7725,1,7,2025-06-27,2025-06-28,2025-06-28,,microstay,checked_out,False,0,1,891.99,0.00,107.04,891.99,False
1219,BK0001219,8663,1,2,2025-06-14,2025-06-28,2025-06-30,,nightly,checked_out,False,2,14,7920.62,0.00,1346.51,3960.31,False
1220,BK0001220,8623,1,2,2025-06-11,2025-06-28,2025-06-29,,nightly,checked_out,False,1,17,4077.47,453.05,693.17,4077.47,False
1221,BK0001221,526,1,4,2025-06-20,2025-06-28,2025-06-29,,nightly,checked_out,False,1,8,3746.14,0.00,561.92,3746.14,False
1222,BK0001222,9213,1,1,2025-06-17,2025-06-28,2025-07-01,,nightly,checked_out,False,3,11,14655.03,0.00,2931.01,4885.01,False
1223,BK0001223,8505,2,6,2025-05-31,2025-06-28,2025-06-29,,nightly,checked_out,False,1,28,5752.11,0.00,0.00,5752.11,False
1224,BK0001224,1505,2,5,2025-06-21,2025-06-28,2025-06-29,,nightly,checked_out,False,1,7,3573.04,0.00,0.00,3573.04,False
1225,BK0001225,4174,2,7,2025-06-28,2025-06-28,2025-06-28,,microstay,checked_out,False,0,0,972.64,0.00,116.72,972.64,False
1226,BK0001226,3689,2,7,2025-06-28,2025-06-28,2025-06-28,,microstay,checked_out,False,0,0,993.49,110.39,119.22,993.49,False
1227,BK0001227,5474,2,8,2025-06-28,2025-06-28,2025-06-29,,nightly,checked_out,False,1,0,3792.80,0.00,0.00,3792.80,False
1228,BK0001228,3856,1,2,2025-06-16,2025-06-29,2025-06-30,,nightly,checked_out,False,1,13,4451.49,0.00,756.75,4451.49,False
1229,BK0001229,9259,1,3,2025-06-19,2025-06-29,2025-07-05,,nightly,checked_out,False,6,10,22950.54,0.00,4131.10,3825.09,False
1230,BK0001230,4752,1,6,2025-06-26,2025-06-29,2025-07-03,,nightly,checked_out,False,4,3,25755.24,0.00,0.00,6438.81,False
1231,BK0001231,258,1,5,2025-06-17,2025-06-29,2025-06-30,,nightly,checked_out,False,1,12,3619.51,638.74,0.00,3619.51,False
1232,BK0001232,961,2,5,2025-06-08,2025-06-29,2025-07-01,,nightly,checked_out,False,2,21,6592.54,0.00,0.00,3296.27,False
1233,BK0001233,7848,2,3,2025-06-26,2025-06-29,2025-06-30,2025-06-26,nightly,cancelled,True,1,3,5405.09,600.57,972.92,5405.09,False
1234,BK0001234,8093,1,1,2025-06-07,2025-06-30,2025-07-01,,nightly,checked_out,False,1,23,4085.95,215.05,817.19,4085.95,False
1235,BK0001235,5555,1,2,2025-06-12,2025-06-30,2025-07-01,,nightly,checked_out,False,1,18,3503.62,0.00,595.62,3503.62,False
1236,BK0001236,8128,1,1,2025-06-15,2025-06-30,2025-07-02,,nightly,checked_out,False,2,15,9750.32,0.00,1950.06,4875.16,False
1237,BK0001237,3533,1,2,2025-06-17,2025-06-30,2025-07-01,,nightly,checked_out,False,1,13,3563.32,0.00,605.76,3563.32,False
1238,BK0001238,4339,1,2,2025-06-29,2025-06-30,2025-07-01,,nightly,checked_out,False,1,1,4353.72,0.00,740.13,4353.72,False
1239,BK0001239,135,1,5,2025-06-29,2025-06-30,2025-07-02,,nightly,checked_out,False,2,1,10617.44,0.00,0.00,5308.72,False
1240,BK0001240,5215,1,5,2025-06-29,2025-06-30,2025-07-03,,nightly,checked_out,False,3,1,11773.22,2077.63,0.00,3924.41,False
1241,BK0001241,3769,2,7,2025-06-30,2025-06-30,2025-06-30,2025-06-29,microstay,cancelled,True,0,0,1221.42,0.00,146.57,1221.42,False
1242,BK0001242,7236,2,6,2025-06-23,2025-06-30,2025-07-01,,nightly,checked_out,False,1,7,4528.61,0.00,0.00,4528.61,False
1243,BK0001243,2213,2,2,2025-05-03,2025-06-30,2025-07-01,,nightly,checked_out,False,1,58,4656.21,0.00,791.56,4656.21,False
1244,BK0001244,1984,2,1,2025-06-24,2025-06-30,2025-07-01,,nightly,checked_out,False,1,6,7468.40,0.00,1493.68,7468.40,False
1245,BK0001245,5443,2,7,2025-06-29,2025-06-30,2025-06-30,,microstay,checked_out,False,0,1,1447.01,0.00,173.64,1447.01,False
1246,BK0001246,2087,2,6,2025-06-22,2025-06-30,2025-07-03,,nightly,checked_out,False,3,8,12133.28,638.59,0.00,4044.43,False
1247,BK0001247,2991,2,5,2025-06-15,2025-06-30,2025-07-03,,nightly,checked_out,False,3,15,16370.82,0.00,0.00,5456.94,False
1248,BK0001248,3374,1,1,2025-06-06,2025-07-01,2025-07-02,,nightly,checked_out,False,1,25,3305.68,0.00,661.14,3305.68,False
1249,BK0001249,2607,1,1,2025-06-14,2025-07-01,2025-07-03,,nightly,checked_out,False,2,17,12589.25,662.59,2517.85,6294.63,False
1250,BK0001250,4716,1,5,2025-06-27,2025-07-01,2025-07-03,,nightly,checked_out,False,2,4,7090.21,373.17,0.00,3545.11,False
1251,BK0001251,6434,1,2,2025-06-27,2025-07-01,2025-07-02,,nightly,checked_out,False,1,4,3983.43,209.65,677.18,3983.43,False
1252,BK0001252,7429,1,2,2025-06-22,2025-07-01,2025-07-02,2025-06-25,nightly,cancelled,True,1,9,4239.58,0.00,720.73,4239.58,False
1253,BK0001253,1907,2,7,2025-06-30,2025-07-01,2025-07-01,,microstay,checked_out,False,0,1,1568.68,0.00,188.24,1568.68,False
1254,BK0001254,1758,2,1,2025-06-17,2025-07-01,2025-07-04,,nightly,checked_out,False,3,14,11478.81,0.00,2295.76,3826.27,False
1255,BK0001255,9131,2,5,2025-06-22,2025-07-01,2025-07-03,,nightly,checked_out,False,2,9,16296.10,0.00,0.00,8148.05,False
1256,BK0001256,4041,2,5,2025-06-27,2025-07-01,2025-07-02,,nightly,checked_out,False,1,4,6884.09,362.32,0.00,6884.09,False
1257,BK0001257,6559,2,2,2025-06-20,2025-07-01,2025-07-02,,nightly,checked_out,False,1,11,4561.29,0.00,775.42,4561.29,False
1258,BK0001258,4265,1,1,2025-06-29,2025-07-02,2025-07-03,2025-06-30,nightly,cancelled,True,1,3,3473.90,0.00,694.78,3473.90,False
1259,BK0001259,9066,1,2,2025-05-28,2025-07-02,2025-07-04,,nightly,checked_out,False,2,35,9192.79,483.83,1562.77,4596.40,False
1260,BK0001260,900,1,1,2025-06-29,2025-07-02,2025-07-04,,nightly,checked_out,False,2,3,6826.84,0.00,1365.37,3413.42,False
1261,BK0001261,878,1,3,2025-06-26,2025-07-02,2025-07-03,,nightly,checked_out,False,1,6,3736.46,415.16,672.56,3736.46,False
1262,BK0001262,1028,1,5,2025-06-26,2025-07-02,2025-07-05,,nightly,checked_out,False,3,6,12790.65,0.00,0.00,4263.55,False
1263,BK0001263,3043,1,5,2025-06-28,2025-07-02,2025-07-04,,nightly,checked_out,False,2,4,9337.84,1037.54,0.00,4668.92,False
1264,BK0001264,7573,1,3,2025-06-26,2025-07-02,2025-07-03,,nightly,checked_out,False,1,6,3772.04,198.53,678.97,3772.04,False
1265,BK0001265,285,2,8,2025-07-02,2025-07-02,2025-07-03,,nightly,checked_out,False,1,0,4871.92,541.32,0.00,4871.92,False
1266,BK0001266,5855,2,3,2025-05-28,2025-07-02,2025-07-03,,nightly,checked_out,False,1,35,5464.52,0.00,983.61,5464.52,False
1267,BK0001267,873,2,5,2025-06-17,2025-07-02,2025-07-03,,nightly,checked_out,False,1,15,3775.73,0.00,0.00,3775.73,False
1268,BK0001268,5150,2,6,2025-07-01,2025-07-02,2025-07-04,,nightly,checked_out,False,2,1,15183.02,0.00,0.00,7591.51,False
1269,BK0001269,527,2,5,2025-05-31,2025-07-02,2025-07-03,,nightly,checked_out,False,1,32,3693.84,194.41,0.00,3693.84,False
1270,BK0001270,7996,1,3,2025-06-14,2025-07-03,2025-07-05,2025-06-15,nightly,cancelled,True,2,19,8525.98,0.00,1534.68,4262.99,False
1271,BK0001271,4780,1,2,2025-05-18,2025-07-03,2025-07-04,2025-06-05,nightly,cancelled,True,1,46,4010.38,211.07,681.76,4010.38,False
1272,BK0001272,9359,1,1,2025-07-01,2025-07-03,2025-07-04,,nightly,checked_out,False,1,2,3529.24,0.00,705.85,3529.24,False
1273,BK0001273,7161,1,5,2025-06-26,2025-07-03,2025-07-08,,nightly,checked_out,False,5,7,20501.25,0.00,0.00,4100.25,False
1274,BK0001274,1456,2,7,2025-07-02,2025-07-03,2025-07-03,,microstay,checked_out,False,0,1,1022.45,0.00,122.69,1022.45,False
1275,BK0001275,5496,2,6,2025-06-27,2025-07-03,2025-07-11,,nightly,checked_out,False,8,6,57632.96,0.00,0.00,7204.12,False
1276,BK0001276,7638,1,7,2025-07-04,2025-07-04,2025-07-04,,microstay,checked_out,False,0,0,1002.49,52.76,120.30,1002.49,False
1277,BK0001277,4536,1,1,2025-06-28,2025-07-04,2025-07-08,,nightly,checked_out,False,4,6,17830.92,0.00,3566.18,4457.73,False
1278,BK0001278,8359,1,4,2025-06-15,2025-07-04,2025-07-05,2025-06-22,nightly,cancelled,True,1,19,4422.71,0.00,663.41,4422.71,False
1279,BK0001279,1525,2,3,2025-06-24,2025-07-04,2025-07-09,2025-07-03,nightly,cancelled,True,5,10,24249.05,0.00,4364.83,4849.81,False
1280,BK0001280,7020,2,2,2025-06-05,2025-07-04,2025-07-05,2025-06-12,nightly,cancelled,True,1,29,4119.36,0.00,700.29,4119.36,False
1281,BK0001281,4709,2,5,2025-06-24,2025-07-04,2025-07-21,,nightly,checked_out,False,17,10,70370.31,0.00,0.00,4139.43,False
1282,BK0001282,1815,1,6,2025-06-14,2025-07-05,2025-07-11,,nightly,checked_out,False,6,21,26361.72,0.00,0.00,4393.62,False
1283,BK0001283,6469,1,6,2025-06-25,2025-07-05,2025-07-20,,nightly,checked_out,False,15,10,46089.06,2425.74,0.00,3072.60,False
1284,BK0001284,5507,2,2,2025-06-27,2025-07-05,2025-07-06,2025-06-29,nightly,cancelled,True,1,8,5700.52,300.03,969.09,5700.52,False
1285,BK0001285,7869,1,7,2025-07-05,2025-07-06,2025-07-06,,microstay,checked_out,False,0,1,1838.54,0.00,220.62,1838.54,False
1286,BK0001286,1122,1,5,2025-06-29,2025-07-06,2025-07-09,,nightly,checked_out,False,3,7,10256.70,0.00,0.00,3418.90,False
1287,BK0001287,614,1,5,2025-07-03,2025-07-06,2025-07-14,,nightly,checked_out,False,8,3,30151.76,0.00,0.00,3768.97,False
1288,BK0001288,2183,1,5,2025-06-26,2025-07-06,2025-07-07,,nightly,checked_out,False,1,10,4192.04,465.78,0.00,4192.04,False
1289,BK0001289,6630,1,2,2025-06-13,2025-07-06,2025-07-09,,nightly,checked_out,False,3,23,11115.03,0.00,1889.56,3705.01,False
1290,BK0001290,5900,2,1,2025-07-02,2025-07-06,2025-07-08,,nightly,checked_out,False,2,4,8399.30,0.00,1679.86,4199.65,False
1291,BK0001291,7007,2,6,2025-07-04,2025-07-06,2025-07-12,,nightly,checked_out,False,6,2,24448.26,0.00,0.00,4074.71,False
1292,BK0001292,8087,2,6,2025-07-02,2025-07-06,2025-07-14,,nightly,checked_out,False,8,4,52817.36,0.00,0.00,6602.17,False
1293,BK0001293,8791,2,1,2025-06-20,2025-07-06,2025-07-08,,nightly,checked_out,False,2,16,8995.93,999.55,1799.19,4497.97,False
1294,BK0001294,1513,2,1,2025-06-24,2025-07-06,2025-07-10,,nightly,checked_out,False,4,12,18697.20,0.00,3739.44,4674.30,False
1295,BK0001295,8775,1,5,2025-06-30,2025-07-07,2025-07-14,,nightly,checked_out,False,7,7,37287.67,0.00,0.00,5326.81,False
1296,BK0001296,6178,1,2,2025-06-24,2025-07-07,2025-07-08,,nightly,checked_out,False,1,13,4737.59,526.40,805.39,4737.59,False
1297,BK0001297,5329,1,6,2025-07-06,2025-07-07,2025-07-17,,nightly,checked_out,False,10,1,35015.20,0.00,0.00,3501.52,False
1298,BK0001298,5472,1,6,2025-07-06,2025-07-07,2025-07-12,,nightly,checked_out,False,5,1,17168.05,0.00,0.00,3433.61,False
1299,BK0001299,1967,1,4,2025-06-21,2025-07-07,2025-07-08,2025-06-24,nightly,cancelled,True,1,16,3860.03,203.16,579.00,3860.03,False
1300,BK0001300,2032,1,3,2025-06-05,2025-07-07,2025-07-12,2025-07-02,nightly,cancelled,True,5,32,28085.10,0.00,5055.32,5617.02,False
1301,BK0001301,208,2,4,2025-06-25,2025-07-07,2025-07-08,,nightly,checked_out,False,1,12,7482.27,393.80,1122.34,7482.27,False
1302,BK0001302,7428,2,5,2025-06-30,2025-07-07,2025-07-08,,nightly,checked_out,False,1,7,4482.89,0.00,0.00,4482.89,False
1303,BK0001303,1397,2,1,2025-07-05,2025-07-07,2025-07-08,,nightly,checked_out,False,1,2,4302.06,0.00,860.41,4302.06,False
1304,BK0001304,7234,2,2,2025-06-25,2025-07-07,2025-07-08,,nightly,checked_out,False,1,12,3409.40,0.00,579.60,3409.40,False
1305,BK0001305,8577,2,4,2025-04-29,2025-07-07,2025-07-16,2025-05-16,nightly,cancelled,True,9,69,53727.38,5969.71,8059.11,5969.71,False
1306,BK0001306,6642,1,2,2025-06-17,2025-07-08,2025-07-09,,nightly,checked_out,False,1,21,6809.07,0.00,1157.54,6809.07,False
1307,BK0001307,190,1,3,2025-05-31,2025-07-08,2025-07-12,,nightly,checked_out,False,4,38,16378.20,0.00,2948.08,4094.55,False
1308,BK0001308,4907,1,2,2025-06-21,2025-07-08,2025-07-10,2025-07-04,nightly,cancelled,True,2,17,14123.68,0.00,2401.03,7061.84,False
1309,BK0001309,4587,1,8,2025-07-07,2025-07-08,2025-07-09,,nightly,checked_out,False,1,1,4284.17,0.00,0.00,4284.17,False
1310,BK0001310,4921,2,5,2025-07-03,2025-07-08,2025-07-09,,nightly,checked_out,False,1,5,3533.31,0.00,0.00,3533.31,False
1311,BK0001311,4152,2,6,2025-07-02,2025-07-08,2025-07-15,,nightly,checked_out,False,7,6,25412.63,2823.62,0.00,3630.38,False
1312,BK0001312,6795,2,7,2025-07-07,2025-07-08,2025-07-08,,microstay,checked_out,False,0,1,1168.99,0.00,140.28,1168.99,False
1313,BK0001313,2497,2,3,2025-06-22,2025-07-08,2025-07-09,,nightly,checked_out,False,1,16,3608.47,0.00,649.52,3608.47,False
1314,BK0001314,3226,2,8,2025-07-08,2025-07-08,2025-07-10,,nightly,checked_out,False,2,0,8566.89,450.89,0.00,4283.45,False
1315,BK0001315,2640,1,1,2025-07-05,2025-07-09,2025-07-10,,nightly,checked_out,False,1,4,6436.38,715.15,1287.28,6436.38,False
1316,BK0001316,2716,1,1,2025-07-01,2025-07-09,2025-07-10,,nightly,checked_out,False,1,8,4456.19,0.00,891.24,4456.19,False
1317,BK0001317,70,1,5,2025-06-28,2025-07-09,2025-07-10,,nightly,checked_out,False,1,11,4188.54,0.00,0.00,4188.54,False
1318,BK0001318,2334,1,5,2025-07-07,2025-07-09,2025-07-10,,nightly,checked_out,False,1,2,3497.74,0.00,0.00,3497.74,False
1319,BK0001319,5082,1,7,2025-07-09,2025-07-09,2025-07-09,,microstay,checked_out,False,0,0,1366.46,71.92,163.98,1366.46,False
1320,BK0001320,4414,1,2,2025-06-13,2025-07-09,2025-07-10,,nightly,checked_out,False,1,26,3987.84,209.89,677.93,3987.84,False
1321,BK0001321,7207,2,3,2025-06-30,2025-07-09,2025-07-12,,nightly,checked_out,False,3,9,9893.55,520.71,1780.84,3297.85,False
1322,BK0001322,2505,2,5,2025-06-02,2025-07-09,2025-07-19,,nightly,checked_out,False,10,37,74455.30,0.00,0.00,7445.53,False
1323,BK0001323,6290,2,1,2025-06-22,2025-07-09,2025-07-10,2025-06-30,nightly,cancelled,True,1,17,5074.07,563.79,1014.81,5074.07,False
1324,BK0001324,9249,2,6,2025-07-06,2025-07-09,2025-07-11,,nightly,checked_out,False,2,3,7655.70,0.00,0.00,3827.85,False
1325,BK0001325,7448,1,4,2025-06-20,2025-07-10,2025-07-13,2025-06-26,nightly,cancelled,True,3,20,10127.59,533.03,1519.14,3375.86,False
1326,BK0001326,4865,1,1,2025-07-10,2025-07-10,2025-07-14,,nightly,checked_out,False,4,0,17685.84,0.00,3537.17,4421.46,False
1327,BK0001327,5414,1,5,2025-07-09,2025-07-10,2025-07-11,,nightly,no_show,False,1,1,6736.80,0.00,0.00,6736.80,False
1328,BK0001328,437,1,2,2025-06-30,2025-07-10,2025-07-11,,nightly,checked_out,False,1,10,4156.57,0.00,706.62,4156.57,False
1329,BK0001329,6109,1,2,2025-05-31,2025-07-10,2025-07-11,,nightly,checked_out,False,1,40,4187.00,0.00,711.79,4187.00,False
1330,BK0001330,8090,1,1,2025-06-27,2025-07-10,2025-07-11,,nightly,checked_out,False,1,13,3472.38,0.00,694.48,3472.38,False
1331,BK0001331,8344,1,6,2025-07-01,2025-07-10,2025-07-13,,nightly,checked_out,False,3,9,17927.78,1991.98,0.00,5975.93,False
1332,BK0001332,5082,1,3,2025-06-28,2025-07-10,2025-07-13,2025-07-04,nightly,cancelled,True,3,12,12659.52,0.00,2278.71,4219.84,False
1333,BK0001333,2812,1,3,2025-07-01,2025-07-10,2025-07-14,,nightly,no_show,False,4,9,17281.56,909.56,3110.68,4320.39,False
1334,BK0001334,2044,2,5,2025-07-09,2025-07-10,2025-07-15,,nightly,checked_out,False,5,1,21609.17,3813.38,0.00,4321.83,False
1335,BK0001335,5028,2,2,2025-06-28,2025-07-10,2025-07-11,2025-07-04,nightly,cancelled,True,1,12,5458.92,0.00,928.02,5458.92,False
1336,BK0001336,2981,2,1,2025-07-01,2025-07-10,2025-07-12,,nightly,checked_out,False,2,9,9147.44,1614.26,1829.49,4573.72,False
1337,BK0001337,6287,1,6,2025-07-06,2025-07-11,2025-07-12,,nightly,checked_out,False,1,5,5080.42,0.00,0.00,5080.42,False
1338,BK0001338,8618,1,1,2025-06-20,2025-07-11,2025-07-15,,nightly,checked_out,False,4,21,13486.68,0.00,2697.34,3371.67,False
1339,BK0001339,8410,1,5,2025-06-30,2025-07-11,2025-07-13,,nightly,checked_out,False,2,11,8932.19,992.47,0.00,4466.10,False
1340,BK0001340,2199,1,3,2025-06-27,2025-07-11,2025-07-12,,nightly,checked_out,False,1,14,4777.87,0.00,860.02,4777.87,False
1341,BK0001341,4422,1,3,2025-07-06,2025-07-11,2025-07-13,,nightly,checked_out,False,2,5,8257.36,0.00,1486.32,4128.68,False
1342,BK0001342,8584,1,3,2025-06-19,2025-07-11,2025-07-13,,nightly,checked_out,False,2,22,8003.44,0.00,1440.62,4001.72,False
1343,BK0001343,181,2,8,2025-07-11,2025-07-11,2025-07-12,,nightly,checked_out,False,1,0,4138.87,0.00,0.00,4138.87,False
1344,BK0001344,6820,1,2,2025-07-01,2025-07-12,2025-07-14,,nightly,checked_out,False,2,11,8008.85,1413.33,1361.50,4004.43,False
1345,BK0001345,1454,1,8,2025-07-10,2025-07-12,2025-07-13,,nightly,checked_out,False,1,2,5213.40,579.27,0.00,5213.40,False
1346,BK0001346,1318,1,4,2025-07-01,2025-07-12,2025-07-16,,nightly,checked_out,False,4,11,20328.32,0.00,3049.25,5082.08,False
1347,BK0001347,529,1,3,2025-07-09,2025-07-12,2025-07-13,,nightly,checked_out,False,1,3,3200.55,0.00,576.10,3200.55,False
1348,BK0001348,2028,1,2,2025-07-04,2025-07-12,2025-07-18,,nightly,checked_out,False,6,8,21548.22,1134.12,3663.20,3591.37,False
1349,BK0001349,985,2,7,2025-07-11,2025-07-12,2025-07-12,,microstay,checked_out,False,0,1,1129.59,0.00,135.55,1129.59,False
1350,BK0001350,6693,2,6,2025-07-09,2025-07-12,2025-07-16,,nightly,checked_out,False,4,3,16434.48,0.00,0.00,4108.62,False
1351,BK0001351,4245,1,2,2025-06-28,2025-07-13,2025-07-19,2025-07-02,nightly,cancelled,True,6,15,17537.83,3094.91,2981.43,2922.97,False
1352,BK0001352,8574,1,1,2025-07-11,2025-07-13,2025-07-14,,nightly,checked_out,False,1,2,3918.75,0.00,783.75,3918.75,False
1353,BK0001353,7013,1,2,2025-07-04,2025-07-13,2025-07-16,,nightly,checked_out,False,3,9,13509.20,711.01,2296.56,4503.07,False
1354,BK0001354,5489,1,2,2025-05-27,2025-07-13,2025-07-14,2025-06-02,nightly,cancelled,True,1,47,4522.04,0.00,768.75,4522.04,False
1355,BK0001355,6314,1,1,2025-07-01,2025-07-13,2025-07-16,,nightly,checked_out,False,3,12,17637.68,928.30,3527.54,5879.23,False
1356,BK0001356,5186,2,5,2025-07-01,2025-07-13,2025-07-17,,nightly,checked_out,False,4,12,26495.64,0.00,0.00,6623.91,False
1357,BK0001357,6124,2,8,2025-07-13,2025-07-13,2025-07-18,,nightly,checked_out,False,5,0,15745.23,1749.47,0.00,3149.05,False
1358,BK0001358,8423,2,2,2025-07-07,2025-07-13,2025-07-14,,nightly,checked_out,False,1,6,4718.10,0.00,802.08,4718.10,False
1359,BK0001359,628,1,8,2025-07-14,2025-07-14,2025-07-15,,nightly,checked_out,False,1,0,3309.33,0.00,0.00,3309.33,False
1360,BK0001360,2854,1,2,2025-07-07,2025-07-14,2025-07-15,,nightly,checked_out,False,1,7,3850.44,679.49,654.57,3850.44,False
1361,BK0001361,4967,1,1,2025-06-21,2025-07-14,2025-07-15,,nightly,checked_out,False,1,23,6183.88,1091.27,1236.78,6183.88,False
1362,BK0001362,1996,1,5,2025-07-07,2025-07-14,2025-07-16,,nightly,checked_out,False,2,7,9120.86,0.00,0.00,4560.43,False
1363,BK0001363,6385,1,6,2025-07-06,2025-07-14,2025-07-22,,nightly,checked_out,False,8,8,36039.36,0.00,0.00,4504.92,False
1364,BK0001364,6240,1,7,2025-07-14,2025-07-14,2025-07-14,,microstay,checked_out,False,0,0,1159.13,0.00,139.10,1159.13,False
1365,BK0001365,4021,2,6,2025-06-04,2025-07-14,2025-07-24,,nightly,checked_out,False,10,40,41297.00,0.00,0.00,4129.70,False
1366,BK0001366,4863,2,6,2025-07-11,2025-07-14,2025-07-23,,nightly,checked_out,False,9,3,63851.76,0.00,0.00,7094.64,False
1367,BK0001367,9194,2,5,2025-07-02,2025-07-14,2025-07-20,,nightly,checked_out,False,6,12,21989.70,0.00,0.00,3664.95,False
1368,BK0001368,4192,1,2,2025-06-30,2025-07-15,2025-07-20,,nightly,checked_out,False,5,15,17890.83,941.62,3041.44,3578.17,False
1369,BK0001369,141,1,2,2025-06-11,2025-07-15,2025-07-22,,nightly,checked_out,False,7,34,29432.20,0.00,5003.47,4204.60,False
1370,BK0001370,6779,1,2,2025-07-04,2025-07-15,2025-07-16,,nightly,checked_out,False,1,11,7452.15,0.00,1266.87,7452.15,False
1371,BK0001371,4572,1,3,2025-06-27,2025-07-15,2025-07-16,,nightly,checked_out,False,1,18,4128.95,217.31,743.21,4128.95,False
1372,BK0001372,6862,1,4,2025-03-17,2025-07-15,2025-07-16,,nightly,checked_out,False,1,120,4775.99,251.37,716.40,4775.99,False
1373,BK0001373,5745,1,2,2025-07-11,2025-07-15,2025-07-16,,nightly,checked_out,False,1,4,4901.46,0.00,833.25,4901.46,False
1374,BK0001374,1177,1,7,2025-07-15,2025-07-15,2025-07-15,,microstay,checked_out,False,0,0,1169.90,0.00,140.39,1169.90,False
1375,BK0001375,4917,1,6,2025-07-12,2025-07-15,2025-07-24,,nightly,checked_out,False,9,3,33562.35,0.00,0.00,3729.15,False
1376,BK0001376,7085,2,1,2025-06-24,2025-07-15,2025-07-18,,nightly,checked_out,False,3,21,12526.86,659.31,2505.37,4175.62,False
1377,BK0001377,1442,2,1,2025-06-07,2025-07-15,2025-07-16,,nightly,checked_out,False,1,38,4189.71,0.00,837.94,4189.71,False
1378,BK0001378,6187,2,1,2025-07-08,2025-07-15,2025-07-17,2025-07-14,nightly,cancelled,True,2,7,9539.95,1059.99,1907.99,4769.98,False
1379,BK0001379,5199,2,1,2025-07-04,2025-07-15,2025-07-19,,nightly,checked_out,False,4,11,19657.63,1034.61,3931.53,4914.41,False
1380,BK0001380,3538,2,2,2025-07-06,2025-07-15,2025-07-20,2025-07-13,nightly,cancelled,True,5,9,28315.25,0.00,4813.59,5663.05,False
1381,BK0001381,2167,2,6,2025-07-03,2025-07-15,2025-07-18,,nightly,checked_out,False,3,12,16686.54,0.00,0.00,5562.18,False
1382,BK0001382,971,2,2,2025-07-05,2025-07-15,2025-07-16,2025-07-13,nightly,cancelled,True,1,10,5462.63,0.00,928.65,5462.63,False
1383,BK0001383,7887,2,1,2025-07-14,2025-07-15,2025-07-16,,nightly,checked_out,False,1,1,5582.83,0.00,1116.57,5582.83,False
1384,BK0001384,1411,1,5,2025-07-11,2025-07-16,2025-07-21,,nightly,checked_out,False,5,5,25132.45,0.00,0.00,5026.49,False
1385,BK0001385,5928,1,6,2025-07-05,2025-07-16,2025-07-18,,nightly,checked_out,False,2,11,10373.92,0.00,0.00,5186.96,False
1386,BK0001386,2001,1,6,2025-07-14,2025-07-16,2025-07-24,,nightly,checked_out,False,8,2,46422.43,5158.05,0.00,5802.80,False
1387,BK0001387,9055,1,1,2025-07-08,2025-07-16,2025-07-17,,nightly,checked_out,False,1,8,4919.57,258.92,983.91,4919.57,False
1388,BK0001388,1744,1,6,2025-07-11,2025-07-16,2025-07-17,,nightly,checked_out,False,1,5,4027.35,0.00,0.00,4027.35,False
1389,BK0001389,4806,1,1,2025-07-10,2025-07-16,2025-07-17,,nightly,checked_out,False,1,6,5945.21,1049.16,1189.04,5945.21,False
1390,BK0001390,2841,1,5,2025-07-06,2025-07-16,2025-07-17,,nightly,checked_out,False,1,10,4109.75,0.00,0.00,4109.75,False
1391,BK0001391,1561,1,1,2025-07-12,2025-07-16,2025-07-18,,nightly,checked_out,False,2,4,8648.98,0.00,1729.80,4324.49,False
1392,BK0001392,2497,2,5,2025-06-21,2025-07-16,2025-07-17,,nightly,checked_out,False,1,25,4429.81,0.00,0.00,4429.81,False
1393,BK0001393,1961,2,4,2025-07-11,2025-07-16,2025-07-22,2025-07-12,nightly,cancelled,True,6,5,24490.14,0.00,3673.52,4081.69,False
1394,BK0001394,3675,2,6,2025-07-15,2025-07-16,2025-07-23,,nightly,checked_out,False,7,1,36055.25,0.00,0.00,5150.75,False
1395,BK0001395,4771,2,2,2025-07-07,2025-07-16,2025-07-19,,nightly,checked_out,False,3,9,11919.33,0.00,2026.29,3973.11,False
1396,BK0001396,5246,2,2,2025-07-08,2025-07-16,2025-07-19,,nightly,checked_out,False,3,8,11022.22,1945.10,1873.78,3674.07,False
1397,BK0001397,4579,1,3,2025-07-08,2025-07-17,2025-07-18,,nightly,checked_out,False,1,9,5474.52,0.00,985.41,5474.52,False
1398,BK0001398,6222,1,6,2025-07-09,2025-07-17,2025-07-20,,nightly,checked_out,False,3,8,15738.81,0.00,0.00,5246.27,False
1399,BK0001399,7083,1,2,2025-07-10,2025-07-17,2025-07-21,,nightly,checked_out,False,4,7,17318.52,0.00,2944.15,4329.63,False
1400,BK0001400,7111,1,5,2025-07-11,2025-07-17,2025-07-22,,nightly,checked_out,False,5,6,17701.30,0.00,0.00,3540.26,False
1401,BK0001401,8455,1,4,2025-07-09,2025-07-17,2025-07-18,,nightly,checked_out,False,1,8,6621.70,0.00,993.25,6621.70,False
1402,BK0001402,104,1,1,2025-07-13,2025-07-17,2025-07-18,,nightly,checked_out,False,1,4,4133.73,0.00,826.75,4133.73,False
1403,BK0001403,432,2,5,2025-07-14,2025-07-17,2025-07-27,,nightly,checked_out,False,10,3,60111.34,3163.76,0.00,6011.13,False
1404,BK0001404,5420,2,5,2025-07-01,2025-07-17,2025-07-25,,nightly,checked_out,False,8,16,29800.37,3311.15,0.00,3725.05,False
1405,BK0001405,7151,1,2,2025-07-08,2025-07-18,2025-07-20,,nightly,checked_out,False,2,10,8442.86,0.00,1435.29,4221.43,False
1406,BK0001406,4806,1,2,2025-07-12,2025-07-18,2025-07-19,,nightly,checked_out,False,1,6,4503.27,237.01,765.56,4503.27,False
1407,BK0001407,8955,1,1,2025-07-06,2025-07-18,2025-07-20,,nightly,checked_out,False,2,12,7318.67,813.19,1463.73,3659.34,False
1408,BK0001408,3759,1,1,2025-07-11,2025-07-18,2025-07-19,2025-07-13,nightly,cancelled,True,1,7,4009.22,0.00,801.84,4009.22,False
1409,BK0001409,4973,2,1,2025-07-12,2025-07-18,2025-07-19,,nightly,checked_out,False,1,6,4242.11,0.00,848.42,4242.11,False
1410,BK0001410,5356,2,6,2025-07-16,2025-07-18,2025-07-20,,nightly,checked_out,False,2,2,6823.68,0.00,0.00,3411.84,False
1411,BK0001411,33,2,2,2025-06-09,2025-07-18,2025-07-20,,nightly,checked_out,False,2,39,10637.14,0.00,1808.31,5318.57,False
1412,BK0001412,2782,2,3,2025-05-13,2025-07-18,2025-07-19,2025-06-08,nightly,cancelled,True,1,66,3341.51,0.00,601.47,3341.51,False
1413,BK0001413,8767,1,5,2025-07-01,2025-07-19,2025-07-24,,nightly,checked_out,False,5,18,19665.73,3470.42,0.00,3933.15,False
1414,BK0001414,276,1,2,2025-06-21,2025-07-19,2025-07-20,,nightly,checked_out,False,1,28,4271.34,224.81,726.13,4271.34,False
1415,BK0001415,1848,1,5,2025-07-09,2025-07-19,2025-07-21,,nightly,checked_out,False,2,10,7608.24,0.00,0.00,3804.12,False
1416,BK0001416,5500,1,2,2025-07-15,2025-07-19,2025-07-20,,nightly,checked_out,False,1,4,6278.10,0.00,1067.28,6278.10,False
1417,BK0001417,7240,2,5,2025-07-14,2025-07-19,2025-07-27,,nightly,checked_out,False,8,5,40046.48,0.00,0.00,5005.81,False
1418,BK0001418,9079,1,1,2025-07-16,2025-07-20,2025-07-20,,nightly,checked_out,False,0,4,4516.23,0.00,903.25,4516.23,False
1419,BK0001419,3415,1,1,2025-07-10,2025-07-20,2025-07-21,2025-07-14,nightly,cancelled,True,1,10,4027.81,211.99,805.56,4027.81,False
1420,BK0001420,2003,1,5,2025-07-13,2025-07-20,2025-07-25,,nightly,checked_out,False,5,7,15385.30,0.00,0.00,3077.06,False
1421,BK0001421,1917,2,5,2025-07-19,2025-07-20,2025-07-22,,nightly,checked_out,False,2,1,9513.50,0.00,0.00,4756.75,False
1422,BK0001422,1704,2,7,2025-07-20,2025-07-20,2025-07-20,,microstay,checked_out,False,0,0,1173.45,0.00,140.81,1173.45,False
1423,BK0001423,9194,2,4,2025-06-25,2025-07-20,2025-07-21,,nightly,checked_out,False,1,25,3838.00,0.00,575.70,3838.00,False
1424,BK0001424,7759,2,1,2025-07-18,2025-07-20,2025-07-22,,nightly,checked_out,False,2,2,15365.86,0.00,3073.17,7682.93,False
1425,BK0001425,8140,2,6,2025-07-18,2025-07-20,2025-07-23,,nightly,checked_out,False,3,2,8960.78,1581.31,0.00,2986.93,False
1426,BK0001426,2384,2,6,2025-07-10,2025-07-20,2025-07-22,,nightly,checked_out,False,2,10,6961.98,0.00,0.00,3480.99,False
1427,BK0001427,1906,1,2,2025-06-26,2025-07-21,2025-07-22,2025-07-07,nightly,cancelled,True,1,25,3474.48,182.87,590.66,3474.48,False
1428,BK0001428,4421,1,2,2025-07-17,2025-07-21,2025-07-22,,nightly,checked_out,False,1,4,4010.95,211.10,681.86,4010.95,False
1429,BK0001429,4946,1,7,2025-07-21,2025-07-21,2025-07-21,,microstay,checked_out,False,0,0,1933.06,0.00,231.97,1933.06,False
1430,BK0001430,205,1,1,2025-07-06,2025-07-21,2025-07-22,2025-07-07,nightly,cancelled,True,1,15,4667.52,518.61,933.50,4667.52,False
1431,BK0001431,261,1,7,2025-07-21,2025-07-21,2025-07-21,,microstay,checked_out,False,0,0,1028.05,0.00,123.37,1028.05,False
1432,BK0001432,7269,1,1,2025-07-18,2025-07-21,2025-07-24,,nightly,checked_out,False,3,3,14880.60,0.00,2976.12,4960.20,False
1433,BK0001433,2751,2,2,2025-06-21,2025-07-21,2025-07-24,,nightly,checked_out,False,3,30,11373.83,1263.76,1933.55,3791.28,False
1434,BK0001434,8144,2,6,2025-07-16,2025-07-21,2025-07-22,,nightly,checked_out,False,1,5,4190.81,0.00,0.00,4190.81,False
1435,BK0001435,7780,2,6,2025-07-13,2025-07-21,2025-07-23,,nightly,checked_out,False,2,8,6491.65,1145.59,0.00,3245.83,False
1436,BK0001436,4312,2,1,2025-07-09,2025-07-21,2025-07-25,,nightly,checked_out,False,4,12,16710.56,0.00,3342.11,4177.64,False
1437,BK0001437,6141,2,1,2025-07-04,2025-07-21,2025-07-23,2025-07-13,nightly,cancelled,True,2,17,14440.16,0.00,2888.03,7220.08,False
1438,BK0001438,279,1,5,2025-07-20,2025-07-22,2025-07-30,,nightly,checked_out,False,8,2,33852.24,0.00,0.00,4231.53,False
1439,BK0001439,2506,1,6,2025-07-02,2025-07-22,2025-07-30,,nightly,checked_out,False,8,20,35458.40,0.00,0.00,4432.30,False
1440,BK0001440,6343,1,6,2025-07-01,2025-07-22,2025-08-07,,nightly,checked_out,False,16,21,110668.00,0.00,0.00,6916.75,False
1441,BK0001441,6990,1,4,2025-07-16,2025-07-22,2025-07-24,,nightly,checked_out,False,2,6,8475.30,0.00,1271.29,4237.65,False
1442,BK0001442,3788,1,2,2025-06-23,2025-07-22,2025-07-26,,nightly,checked_out,False,4,29,20578.04,0.00,3498.27,5144.51,False
1443,BK0001443,2329,1,2,2025-07-18,2025-07-22,2025-07-23,,nightly,checked_out,False,1,4,4238.34,0.00,720.52,4238.34,False
1444,BK0001444,7670,1,2,2025-07-16,2025-07-22,2025-07-27,,nightly,checked_out,False,5,6,16476.15,0.00,2800.95,3295.23,False
1445,BK0001445,3072,2,5,2025-07-20,2025-07-22,2025-07-23,,nightly,checked_out,False,1,2,4421.42,491.27,0.00,4421.42,False
1446,BK0001446,1716,2,7,2025-07-21,2025-07-22,2025-07-22,,microstay,checked_out,False,0,1,1069.27,0.00,128.31,1069.27,False
1447,BK0001447,7573,2,8,2025-07-21,2025-07-22,2025-07-23,,nightly,checked_out,False,1,1,6756.24,750.69,0.00,6756.24,False
1448,BK0001448,6723,2,8,2025-07-22,2025-07-22,2025-07-25,,nightly,checked_out,False,3,0,11203.19,1244.80,0.00,3734.40,False
1449,BK0001449,3896,2,1,2025-07-14,2025-07-22,2025-07-23,2025-07-14,nightly,cancelled,True,1,8,4891.01,0.00,978.20,4891.01,False
1450,BK0001450,6042,1,4,2025-07-14,2025-07-23,2025-07-24,2025-07-16,nightly,cancelled,True,1,9,3599.35,0.00,539.90,3599.35,False
1451,BK0001451,1204,1,8,2025-07-23,2025-07-23,2025-07-24,,nightly,checked_out,False,1,0,4190.56,0.00,0.00,4190.56,False
1452,BK0001452,2716,1,5,2025-07-19,2025-07-23,2025-07-24,,nightly,checked_out,False,1,4,3020.30,533.00,0.00,3020.30,False
1453,BK0001453,7510,1,3,2025-07-13,2025-07-23,2025-07-27,,nightly,checked_out,False,4,10,19063.50,1003.34,3431.43,4765.88,False
1454,BK0001454,8881,1,1,2025-07-11,2025-07-23,2025-07-24,,nightly,checked_out,False,1,12,4242.55,0.00,848.51,4242.55,False
1455,BK0001455,5338,1,6,2025-07-17,2025-07-23,2025-08-02,,nightly,checked_out,False,10,6,44896.10,0.00,0.00,4489.61,False
1456,BK0001456,654,1,2,2025-07-11,2025-07-23,2025-07-26,2025-07-14,nightly,cancelled,True,3,12,10918.62,0.00,1856.17,3639.54,False
1457,BK0001457,749,2,1,2025-07-03,2025-07-23,2025-07-24,2025-07-03,nightly,cancelled,True,1,20,5257.72,0.00,1051.54,5257.72,False
1458,BK0001458,7115,2,1,2025-07-08,2025-07-23,2025-07-25,2025-07-18,nightly,cancelled,True,2,15,8601.40,0.00,1720.28,4300.70,False
1459,BK0001459,6817,2,7,2025-07-22,2025-07-23,2025-07-23,,microstay,checked_out,False,0,1,1363.18,71.75,163.58,1363.18,False
1460,BK0001460,2645,2,5,2025-07-22,2025-07-23,2025-07-28,,nightly,checked_out,False,5,1,35179.10,0.00,0.00,7035.82,False
1461,BK0001461,5246,2,5,2025-07-12,2025-07-23,2025-07-29,,nightly,checked_out,False,6,11,45119.03,2374.69,0.00,7519.84,False
1462,BK0001462,6744,1,6,2025-07-20,2025-07-24,2025-07-29,,nightly,checked_out,False,5,4,20301.65,0.00,0.00,4060.33,False
1463,BK0001463,3338,1,1,2025-07-17,2025-07-24,2025-07-25,,nightly,checked_out,False,1,7,6164.41,684.93,1232.88,6164.41,False
1464,BK0001464,8561,1,8,2025-07-24,2025-07-24,2025-07-25,2025-07-23,nightly,cancelled,True,1,0,3461.17,182.17,0.00,3461.17,False
1465,BK0001465,4926,1,5,2025-07-06,2025-07-24,2025-07-26,,nightly,checked_out,False,2,18,8249.90,0.00,0.00,4124.95,False
1466,BK0001466,7250,1,4,2025-07-14,2025-07-24,2025-07-26,,nightly,checked_out,False,2,10,8405.16,442.38,1260.77,4202.58,False
1467,BK0001467,8921,1,1,2025-07-21,2025-07-24,2025-07-27,,nightly,checked_out,False,3,3,14724.54,0.00,2944.91,4908.18,False
1468,BK0001468,6876,2,5,2025-07-17,2025-07-24,2025-07-25,,nightly,checked_out,False,1,7,3632.48,0.00,0.00,3632.48,False
1469,BK0001469,907,2,1,2025-07-22,2025-07-24,2025-07-27,,nightly,checked_out,False,3,2,11132.25,0.00,2226.45,3710.75,False
1470,BK0001470,240,2,1,2025-07-16,2025-07-24,2025-07-25,,nightly,checked_out,False,1,8,4039.06,0.00,807.81,4039.06,False
1471,BK0001471,3154,1,6,2025-07-23,2025-07-25,2025-07-26,,nightly,checked_out,False,1,2,3232.27,170.12,0.00,3232.27,False
1472,BK0001472,8128,1,7,2025-07-25,2025-07-25,2025-07-25,,microstay,checked_out,False,0,0,1319.26,0.00,158.31,1319.26,False
1473,BK0001473,5087,1,6,2025-07-10,2025-07-25,2025-07-26,,nightly,checked_out,False,1,15,3336.56,0.00,0.00,3336.56,False
1474,BK0001474,1937,1,7,2025-07-25,2025-07-25,2025-07-25,,microstay,checked_out,False,0,0,1678.89,88.36,201.47,1678.89,False
1475,BK0001475,7516,1,2,2025-07-02,2025-07-25,2025-07-27,,nightly,checked_out,False,2,23,6443.20,0.00,1095.34,3221.60,False
1476,BK0001476,3015,2,6,2025-07-20,2025-07-25,2025-07-27,,nightly,checked_out,False,2,5,6613.00,1167.00,0.00,3306.50,False
1477,BK0001477,8730,2,2,2025-05-06,2025-07-25,2025-07-27,2025-07-18,nightly,cancelled,True,2,80,13727.54,0.00,2333.68,6863.77,False
1478,BK0001478,4298,2,2,2025-07-10,2025-07-25,2025-07-26,,nightly,checked_out,False,1,15,3312.80,0.00,563.18,3312.80,False
1479,BK0001479,8118,2,1,2025-07-21,2025-07-25,2025-07-26,,nightly,checked_out,False,1,4,3896.58,205.08,779.32,3896.58,False
1480,BK0001480,8272,2,7,2025-07-24,2025-07-25,2025-07-25,,microstay,checked_out,False,0,1,1055.18,0.00,126.62,1055.18,False
1481,BK0001481,7035,2,1,2025-07-23,2025-07-25,2025-07-26,,nightly,checked_out,False,1,2,3536.01,0.00,707.20,3536.01,False
1482,BK0001482,6129,1,6,2025-07-20,2025-07-26,2025-07-27,,nightly,checked_out,False,1,6,5047.89,0.00,0.00,5047.89,False
1483,BK0001483,9218,2,1,2025-06-04,2025-07-26,2025-07-28,,nightly,checked_out,False,2,52,9948.00,0.00,1989.60,4974.00,False
1484,BK0001484,4056,2,2,2025-07-05,2025-07-26,2025-07-27,2025-07-18,nightly,cancelled,True,1,21,3948.34,0.00,671.22,3948.34,False
1485,BK0001485,3632,1,7,2025-07-27,2025-07-27,2025-07-27,,microstay,checked_out,False,0,0,919.77,0.00,110.37,919.77,False
1486,BK0001486,2530,1,6,2025-07-11,2025-07-27,2025-08-01,,nightly,checked_out,False,5,16,14653.93,1628.22,0.00,2930.79,False
1487,BK0001487,2077,1,6,2025-07-16,2025-07-27,2025-07-28,,nightly,no_show,False,1,11,3174.80,0.00,0.00,3174.80,False
1488,BK0001488,2079,1,1,2025-07-23,2025-07-27,2025-07-28,2025-07-27,nightly,cancelled,True,1,4,4088.17,0.00,817.63,4088.17,False
1489,BK0001489,6362,2,1,2025-07-12,2025-07-27,2025-07-28,,nightly,checked_out,False,1,15,4046.93,0.00,809.39,4046.93,False
1490,BK0001490,8544,2,2,2025-06-22,2025-07-27,2025-07-29,,nightly,checked_out,False,2,35,9529.52,0.00,1620.02,4764.76,False
1491,BK0001491,8102,2,1,2025-07-25,2025-07-27,2025-07-28,,nightly,checked_out,False,1,2,4102.54,0.00,820.51,4102.54,False
1492,BK0001492,1299,2,6,2025-07-24,2025-07-27,2025-07-29,,nightly,checked_out,False,2,3,6337.96,0.00,0.00,3168.98,False
1493,BK0001493,3988,2,4,2025-06-26,2025-07-27,2025-07-28,,nightly,checked_out,False,1,31,3511.14,0.00,526.67,3511.14,False
1494,BK0001494,6229,2,3,2025-07-20,2025-07-27,2025-07-30,2025-07-23,nightly,cancelled,True,3,7,13875.54,0.00,2497.60,4625.18,False
1495,BK0001495,9106,2,6,2025-07-24,2025-07-27,2025-08-04,,nightly,checked_out,False,8,3,31192.88,0.00,0.00,3899.11,False
1496,BK0001496,1397,1,6,2025-07-22,2025-07-28,2025-07-29,2025-07-26,nightly,cancelled,True,1,6,4128.94,458.77,0.00,4128.94,False
1497,BK0001497,8109,1,5,2025-07-09,2025-07-28,2025-08-05,,nightly,checked_out,False,8,19,28342.64,0.00,0.00,3542.83,False
1498,BK0001498,379,1,3,2025-06-18,2025-07-28,2025-07-30,,nightly,checked_out,False,2,40,7993.44,0.00,1438.82,3996.72,False
1499,BK0001499,5158,1,6,2025-07-23,2025-07-28,2025-07-29,,nightly,checked_out,False,1,5,4705.59,0.00,0.00,4705.59,False
1500,BK0001500,8807,1,7,2025-07-24,2025-07-28,2025-07-28,,microstay,checked_out,False,0,4,1178.12,130.90,141.37,1178.12,False
1501,BK0001501,7887,1,6,2025-07-20,2025-07-28,2025-08-04,,nightly,checked_out,False,7,8,30350.04,0.00,0.00,4335.72,False
1502,BK0001502,3240,1,3,2025-07-14,2025-07-28,2025-07-29,,nightly,checked_out,False,1,14,3594.57,0.00,647.02,3594.57,False
1503,BK0001503,8702,1,5,2025-07-16,2025-07-28,2025-07-30,,nightly,checked_out,False,2,12,6814.64,0.00,0.00,3407.32,False
1504,BK0001504,8584,2,5,2025-07-21,2025-07-28,2025-07-31,,nightly,checked_out,False,3,7,13711.23,0.00,0.00,4570.41,False
1505,BK0001505,3267,2,1,2025-07-06,2025-07-28,2025-08-02,2025-07-10,nightly,cancelled,True,5,22,23476.16,1235.59,4695.23,4695.23,False
1506,BK0001506,646,2,5,2025-07-25,2025-07-28,2025-08-05,,nightly,checked_out,False,8,3,32653.20,0.00,0.00,4081.65,False
1507,BK0001507,7948,2,7,2025-07-27,2025-07-28,2025-07-28,,microstay,checked_out,False,0,1,1020.42,0.00,122.45,1020.42,False
1508,BK0001508,6129,1,7,2025-07-29,2025-07-29,2025-07-29,,microstay,checked_out,False,0,0,1314.48,146.05,157.74,1314.48,False
1509,BK0001509,3650,1,2,2025-07-14,2025-07-29,2025-07-31,2025-07-17,nightly,cancelled,True,2,15,7789.43,409.97,1324.20,3894.72,False
1510,BK0001510,7670,1,1,2025-07-11,2025-07-29,2025-07-30,,nightly,checked_out,False,1,18,4159.97,0.00,831.99,4159.97,False
1511,BK0001511,2121,1,6,2025-07-27,2025-07-29,2025-08-12,,nightly,checked_out,False,14,2,65624.08,7291.56,0.00,4687.43,False
1512,BK0001512,8353,1,1,2025-07-12,2025-07-29,2025-07-30,,nightly,checked_out,False,1,17,3512.76,0.00,702.55,3512.76,False
1513,BK0001513,6224,1,5,2025-07-21,2025-07-29,2025-08-01,,nightly,checked_out,False,3,8,18402.04,2044.67,0.00,6134.01,False
1514,BK0001514,8603,1,1,2025-07-22,2025-07-29,2025-07-31,,nightly,checked_out,False,2,7,10945.86,0.00,2189.17,5472.93,False
1515,BK0001515,97,1,7,2025-07-29,2025-07-29,2025-07-29,,microstay,checked_out,False,0,0,1523.12,0.00,182.77,1523.12,False
1516,BK0001516,7171,2,6,2025-07-28,2025-07-29,2025-07-30,,nightly,checked_out,False,1,1,4831.42,0.00,0.00,4831.42,False
1517,BK0001517,3857,2,2,2025-07-12,2025-07-29,2025-07-30,,nightly,checked_out,False,1,17,3654.58,0.00,621.28,3654.58,False
1518,BK0001518,967,2,1,2025-06-29,2025-07-29,2025-07-30,,nightly,checked_out,False,1,30,5167.22,271.96,1033.44,5167.22,False
1519,BK0001519,7764,1,5,2025-07-22,2025-07-30,2025-08-01,,nightly,checked_out,False,2,8,8831.08,0.00,0.00,4415.54,False
1520,BK0001520,7296,1,1,2025-07-17,2025-07-30,2025-08-04,,nightly,checked_out,False,5,13,26279.20,0.00,5255.84,5255.84,False
1521,BK0001521,6398,2,1,2025-07-27,2025-07-30,2025-08-01,,nightly,checked_out,False,2,3,11029.44,0.00,2205.89,5514.72,False
1522,BK0001522,6632,2,3,2025-07-25,2025-07-30,2025-07-31,,nightly,checked_out,False,1,5,5538.21,0.00,996.88,5538.21,False
1523,BK0001523,3041,2,6,2025-07-26,2025-07-30,2025-07-31,,nightly,checked_out,False,1,4,6327.29,703.03,0.00,6327.29,False
1524,BK0001524,897,2,5,2025-06-16,2025-07-30,2025-08-06,,nightly,checked_out,False,7,44,30820.16,0.00,0.00,4402.88,False
1525,BK0001525,1349,2,3,2025-06-21,2025-07-30,2025-07-31,2025-06-23,nightly,cancelled,True,1,39,4335.63,0.00,780.41,4335.63,False
1526,BK0001526,783,2,7,2025-07-29,2025-07-30,2025-07-30,,microstay,checked_out,False,0,1,1388.65,73.09,166.64,1388.65,False
1527,BK0001527,3687,2,1,2025-07-24,2025-07-30,2025-08-02,2025-07-30,nightly,cancelled,True,3,6,11019.57,0.00,2203.91,3673.19,False
1528,BK0001528,8152,2,2,2025-07-16,2025-07-30,2025-08-01,,nightly,checked_out,False,2,14,6742.93,749.21,1146.30,3371.47,False
1529,BK0001529,8003,2,6,2025-07-20,2025-07-30,2025-08-08,,nightly,checked_out,False,9,10,32716.49,1721.92,0.00,3635.17,False
1530,BK0001530,4850,1,1,2025-07-15,2025-07-31,2025-08-04,,nightly,checked_out,False,4,16,13605.04,0.00,2721.01,3401.26,False
1531,BK0001531,8599,1,5,2025-07-25,2025-07-31,2025-08-03,,nightly,checked_out,False,3,6,11040.23,1948.27,0.00,3680.08,False
1532,BK0001532,2249,1,1,2025-07-22,2025-07-31,2025-08-01,,nightly,checked_out,False,1,9,4006.25,210.86,801.25,4006.25,False
1533,BK0001533,1279,1,5,2025-07-28,2025-07-31,2025-08-04,,nightly,checked_out,False,4,3,16267.24,0.00,0.00,4066.81,False
1534,BK0001534,1095,1,3,2025-07-20,2025-07-31,2025-08-01,,nightly,checked_out,False,1,11,4863.39,540.38,875.41,4863.39,False
1535,BK0001535,5661,2,3,2025-07-12,2025-07-31,2025-08-03,,nightly,checked_out,False,3,19,22770.51,0.00,4098.69,7590.17,False
1536,BK0001536,7145,2,1,2025-07-24,2025-07-31,2025-08-08,,nightly,checked_out,False,8,7,30776.32,0.00,6155.26,3847.04,False
1537,BK0001537,5373,2,5,2025-07-22,2025-07-31,2025-08-01,,nightly,checked_out,False,1,9,5415.34,0.00,0.00,5415.34,False
1538,BK0001538,1446,2,5,2025-07-24,2025-07-31,2025-08-01,,nightly,checked_out,False,1,7,6968.31,0.00,0.00,6968.31,False
1539,BK0001539,6724,1,5,2025-07-09,2025-08-01,2025-08-03,,nightly,checked_out,False,2,23,6580.62,0.00,0.00,3290.31,False
1540,BK0001540,6354,1,1,2025-07-26,2025-08-01,2025-08-03,,nightly,no_show,False,2,6,8029.42,0.00,1605.88,4014.71,False
1541,BK0001541,1366,1,5,2025-07-27,2025-08-01,2025-08-03,,nightly,no_show,False,2,5,10512.64,0.00,0.00,5256.32,False
1542,BK0001542,8869,1,6,2025-07-25,2025-08-01,2025-08-09,,nightly,checked_out,False,8,7,28181.20,0.00,0.00,3522.65,False
1543,BK0001543,7099,1,2,2025-07-27,2025-08-01,2025-08-02,,nightly,checked_out,False,1,5,4163.60,0.00,707.81,4163.60,False
1544,BK0001544,8117,2,6,2025-07-23,2025-08-01,2025-08-05,,nightly,checked_out,False,4,9,27342.48,0.00,0.00,6835.62,False
1545,BK0001545,7948,2,1,2025-07-08,2025-08-01,2025-08-03,,nightly,checked_out,False,2,24,14010.92,0.00,2802.18,7005.46,False
1546,BK0001546,5218,2,1,2025-07-24,2025-08-01,2025-08-04,,nightly,checked_out,False,3,8,14706.57,0.00,2941.31,4902.19,False
1547,BK0001547,7415,2,3,2025-07-20,2025-08-01,2025-08-06,,nightly,checked_out,False,5,12,25892.85,0.00,4660.71,5178.57,False
1548,BK0001548,1910,2,2,2025-07-24,2025-08-01,2025-08-03,,nightly,checked_out,False,2,8,8805.64,0.00,1496.96,4402.82,False
1549,BK0001549,7201,2,8,2025-07-30,2025-08-01,2025-08-03,,nightly,checked_out,False,2,2,6805.50,0.00,0.00,3402.75,False
1550,BK0001550,4730,2,1,2025-07-25,2025-08-01,2025-08-03,,nightly,checked_out,False,2,7,8083.48,0.00,1616.70,4041.74,False
1551,BK0001551,7131,2,5,2025-07-27,2025-08-01,2025-08-07,,nightly,checked_out,False,6,5,25315.79,4467.49,0.00,4219.30,False
1552,BK0001552,7039,1,1,2025-07-27,2025-08-02,2025-08-03,,nightly,checked_out,False,1,6,4149.12,218.37,829.82,4149.12,False
1553,BK0001553,287,1,1,2025-07-24,2025-08-02,2025-08-05,,nightly,checked_out,False,3,9,16864.59,887.61,3372.92,5621.53,False
1554,BK0001554,1483,2,2,2025-07-17,2025-08-03,2025-08-04,,nightly,checked_out,False,1,17,6295.31,0.00,1070.20,6295.31,False
1555,BK0001555,5066,1,7,2025-08-04,2025-08-04,2025-08-04,,microstay,checked_out,False,0,0,1410.71,74.25,169.29,1410.71,False
1556,BK0001556,5081,1,1,2025-07-22,2025-08-04,2025-08-05,,nightly,checked_out,False,1,13,5110.20,0.00,1022.04,5110.20,False
1557,BK0001557,6437,1,5,2025-07-22,2025-08-04,2025-08-05,,nightly,checked_out,False,1,13,4257.09,0.00,0.00,4257.09,False
1558,BK0001558,7519,1,6,2025-07-17,2025-08-04,2025-08-05,,nightly,checked_out,False,1,18,4333.80,0.00,0.00,4333.80,False
1559,BK0001559,272,1,5,2025-07-25,2025-08-04,2025-08-06,,nightly,checked_out,False,2,10,8627.30,0.00,0.00,4313.65,False
1560,BK0001560,7250,1,6,2025-07-30,2025-08-04,2025-08-08,,nightly,checked_out,False,4,5,18752.20,986.96,0.00,4688.05,False
1561,BK0001561,8573,1,6,2025-07-23,2025-08-04,2025-08-09,,nightly,checked_out,False,5,12,21699.10,0.00,0.00,4339.82,False
1562,BK0001562,1594,2,4,2025-06-04,2025-08-04,2025-08-05,,nightly,checked_out,False,1,61,3533.18,0.00,529.98,3533.18,False
1563,BK0001563,5054,2,5,2025-07-15,2025-08-04,2025-08-07,,nightly,checked_out,False,3,20,13482.93,0.00,0.00,4494.31,False
1564,BK0001564,4960,2,6,2025-07-26,2025-08-04,2025-08-06,,nightly,checked_out,False,2,9,8908.98,0.00,0.00,4454.49,False
1565,BK0001565,6363,1,1,2025-08-01,2025-08-05,2025-08-07,,nightly,checked_out,False,2,4,8117.27,427.23,1623.45,4058.64,False
1566,BK0001566,2602,1,2,2025-06-26,2025-08-05,2025-08-11,,nightly,checked_out,False,6,40,20986.68,0.00,3567.74,3497.78,False
1567,BK0001567,2411,1,5,2025-08-02,2025-08-05,2025-08-06,,nightly,checked_out,False,1,3,5123.07,269.64,0.00,5123.07,False
1568,BK0001568,2497,1,1,2025-07-19,2025-08-05,2025-08-06,,nightly,checked_out,False,1,17,4219.93,0.00,843.99,4219.93,False
1569,BK0001569,5082,1,3,2025-06-08,2025-08-05,2025-08-06,,nightly,checked_out,False,1,58,5317.19,0.00,957.09,5317.19,False
1570,BK0001570,7568,1,5,2025-07-29,2025-08-05,2025-08-07,,nightly,checked_out,False,2,7,7324.26,0.00,0.00,3662.13,False
1571,BK0001571,7764,2,6,2025-07-26,2025-08-05,2025-08-06,,nightly,checked_out,False,1,10,4156.66,218.77,0.00,4156.66,False
1572,BK0001572,9235,2,1,2025-07-19,2025-08-05,2025-08-09,,nightly,checked_out,False,4,17,23115.76,0.00,4623.15,5778.94,False
1573,BK0001573,1977,2,3,2025-07-17,2025-08-05,2025-08-09,,nightly,checked_out,False,4,19,14439.80,0.00,2599.16,3609.95,False
1574,BK0001574,4806,2,6,2025-08-02,2025-08-05,2025-08-07,,nightly,checked_out,False,2,3,13696.02,720.84,0.00,6848.01,False
1575,BK0001575,4889,2,5,2025-08-02,2025-08-05,2025-08-08,,nightly,checked_out,False,3,3,19776.81,1040.88,0.00,6592.27,False
1576,BK0001576,1659,1,7,2025-08-06,2025-08-06,2025-08-06,,microstay,checked_out,False,0,0,998.92,52.57,119.87,998.92,False
1577,BK0001577,4385,1,8,2025-08-05,2025-08-06,2025-08-09,,nightly,checked_out,False,3,1,15673.65,0.00,0.00,5224.55,False
1578,BK0001578,7824,1,5,2025-06-07,2025-08-06,2025-08-09,,nightly,checked_out,False,3,60,20126.22,0.00,0.00,6708.74,False
1579,BK0001579,1157,1,6,2025-07-24,2025-08-06,2025-08-08,,nightly,checked_out,False,2,13,9196.10,0.00,0.00,4598.05,False
1580,BK0001580,96,2,4,2025-07-22,2025-08-06,2025-08-13,,nightly,checked_out,False,7,15,35361.91,1861.15,5304.29,5051.70,False
1581,BK0001581,5953,2,2,2025-08-01,2025-08-06,2025-08-08,2025-08-03,nightly,cancelled,True,2,5,7517.22,0.00,1277.93,3758.61,False
1582,BK0001582,605,2,7,2025-08-05,2025-08-06,2025-08-06,,microstay,checked_out,False,0,1,1261.26,0.00,151.35,1261.26,False
1583,BK0001583,7574,2,7,2025-08-06,2025-08-06,2025-08-06,,microstay,checked_out,False,0,0,1248.92,0.00,149.87,1248.92,False
1584,BK0001584,3130,2,4,2025-07-13,2025-08-06,2025-08-13,2025-07-19,nightly,cancelled,True,7,24,28478.71,3164.30,4271.81,4068.39,False
1585,BK0001585,805,2,3,2025-07-20,2025-08-06,2025-08-07,,nightly,checked_out,False,1,17,4302.95,0.00,774.53,4302.95,False
1586,BK0001586,8648,2,4,2025-04-23,2025-08-06,2025-08-11,2025-07-02,nightly,cancelled,True,5,105,19453.99,3433.06,2918.10,3890.80,False
1587,BK0001587,2474,2,1,2025-04-29,2025-08-06,2025-08-07,,nightly,checked_out,False,1,99,4175.68,0.00,835.14,4175.68,False
1588,BK0001588,1308,2,2,2025-07-27,2025-08-06,2025-08-11,,nightly,checked_out,False,5,10,35004.05,0.00,5950.69,7000.81,False
1589,BK0001589,2669,1,1,2025-07-31,2025-08-07,2025-08-13,,nightly,checked_out,False,6,7,20469.00,0.00,4093.80,3411.50,False
1590,BK0001590,1999,1,5,2025-08-06,2025-08-07,2025-08-08,,nightly,checked_out,False,1,1,4362.54,484.73,0.00,4362.54,False
1591,BK0001591,2150,1,1,2025-08-01,2025-08-07,2025-08-11,,nightly,checked_out,False,4,6,14776.47,2607.61,2955.29,3694.12,False
1592,BK0001592,2927,1,6,2025-08-05,2025-08-07,2025-08-10,,nightly,checked_out,False,3,2,13484.67,0.00,0.00,4494.89,False
1593,BK0001593,1625,1,7,2025-08-07,2025-08-07,2025-08-07,2025-08-07,microstay,cancelled,True,0,0,1008.67,0.00,121.04,1008.67,False
1594,BK0001594,3427,2,2,2025-07-28,2025-08-07,2025-08-09,,nightly,checked_out,False,2,10,8958.84,0.00,1523.00,4479.42,False
1595,BK0001595,3696,1,5,2025-08-02,2025-08-08,2025-08-09,,nightly,checked_out,False,1,6,3338.47,0.00,0.00,3338.47,False
1596,BK0001596,5078,1,1,2025-07-29,2025-08-08,2025-08-11,,nightly,checked_out,False,3,10,12600.84,0.00,2520.17,4200.28,False
1597,BK0001597,926,1,3,2025-07-14,2025-08-08,2025-08-10,,nightly,checked_out,False,2,25,7542.58,0.00,1357.66,3771.29,False
1598,BK0001598,4425,1,6,2025-08-06,2025-08-08,2025-08-20,,nightly,checked_out,False,12,2,60640.92,0.00,0.00,5053.41,False
1599,BK0001599,1065,2,2,2025-07-20,2025-08-08,2025-08-10,,nightly,checked_out,False,2,19,8879.12,0.00,1509.45,4439.56,False
1600,BK0001600,7020,2,3,2025-07-24,2025-08-08,2025-08-10,,nightly,checked_out,False,2,15,7201.62,0.00,1296.29,3600.81,False
1601,BK0001601,1998,2,5,2025-08-06,2025-08-08,2025-08-12,,nightly,checked_out,False,4,2,15850.37,834.23,0.00,3962.59,False
1602,BK0001602,8490,2,7,2025-08-07,2025-08-08,2025-08-08,,microstay,checked_out,False,0,1,1690.75,187.86,202.89,1690.75,False
1603,BK0001603,5058,2,2,2025-07-31,2025-08-08,2025-08-10,2025-08-08,nightly,cancelled,True,2,8,5952.60,1050.46,1011.94,2976.30,False
1604,BK0001604,7995,1,5,2025-08-03,2025-08-09,2025-08-17,,nightly,checked_out,False,8,6,30613.12,0.00,0.00,3826.64,False
1605,BK0001605,3284,1,5,2025-08-08,2025-08-09,2025-08-10,,nightly,checked_out,False,1,1,3556.06,0.00,0.00,3556.06,False
1606,BK0001606,7473,1,2,2025-08-04,2025-08-09,2025-08-11,,nightly,checked_out,False,2,5,10801.73,1200.19,1836.29,5400.87,False
1607,BK0001607,2379,1,1,2025-08-07,2025-08-09,2025-08-10,,nightly,checked_out,False,1,2,3663.41,192.81,732.68,3663.41,False
1608,BK0001608,7422,1,2,2025-08-04,2025-08-09,2025-08-17,2025-08-08,nightly,cancelled,True,8,5,36448.64,0.00,6196.27,4556.08,False
1609,BK0001609,7412,1,1,2025-08-04,2025-08-09,2025-08-11,,nightly,checked_out,False,2,5,10499.93,1852.93,2099.99,5249.97,False
1610,BK0001610,4118,1,1,2025-07-31,2025-08-09,2025-08-10,,nightly,no_show,False,1,9,3239.72,0.00,647.94,3239.72,False
1611,BK0001611,9082,2,2,2025-07-23,2025-08-09,2025-08-15,2025-08-08,nightly,cancelled,True,6,17,35401.37,3933.49,6018.23,5900.23,False
1612,BK0001612,3559,2,1,2025-08-04,2025-08-09,2025-08-13,,nightly,checked_out,False,4,5,21100.72,2344.52,4220.14,5275.18,False
1613,BK0001613,5132,1,5,2025-08-07,2025-08-10,2025-08-15,,nightly,checked_out,False,5,3,14846.41,781.39,0.00,2969.28,False
1614,BK0001614,6320,2,6,2025-08-07,2025-08-10,2025-08-17,,nightly,checked_out,False,7,3,26670.28,0.00,0.00,3810.04,False
1615,BK0001615,1558,2,5,2025-08-08,2025-08-10,2025-08-11,,nightly,checked_out,False,1,2,3094.28,162.86,0.00,3094.28,False
1616,BK0001616,7086,2,6,2025-08-03,2025-08-10,2025-08-12,,nightly,checked_out,False,2,7,6946.68,0.00,0.00,3473.34,False
1617,BK0001617,3321,2,2,2025-07-26,2025-08-10,2025-08-11,2025-08-01,nightly,cancelled,True,1,15,6545.76,0.00,1112.78,6545.76,False
1618,BK0001618,3633,2,6,2025-08-02,2025-08-10,2025-08-31,,nightly,checked_out,False,21,8,102619.65,0.00,0.00,4886.65,False
1619,BK0001619,6891,2,1,2025-08-04,2025-08-10,2025-08-15,,nightly,checked_out,False,5,6,22793.40,2532.60,4558.68,4558.68,False
1620,BK0001620,7876,1,8,2025-08-11,2025-08-11,2025-08-12,,nightly,checked_out,False,1,0,7451.83,0.00,0.00,7451.83,False
1621,BK0001621,6723,1,1,2025-07-28,2025-08-11,2025-08-13,,nightly,checked_out,False,2,14,6612.46,734.72,1322.49,3306.23,False
1622,BK0001622,4331,1,5,2025-08-02,2025-08-11,2025-08-12,,nightly,checked_out,False,1,9,4969.73,0.00,0.00,4969.73,False
1623,BK0001623,8725,1,6,2025-08-09,2025-08-11,2025-08-24,,nightly,checked_out,False,13,2,40441.99,4493.55,0.00,3110.92,False
1624,BK0001624,2244,1,1,2025-07-17,2025-08-11,2025-08-15,2025-07-30,nightly,cancelled,True,4,25,14052.92,0.00,2810.58,3513.23,False
1625,BK0001625,9113,1,7,2025-08-11,2025-08-11,2025-08-11,,microstay,checked_out,False,0,0,1123.25,124.81,134.79,1123.25,False
1626,BK0001626,7516,2,4,2025-07-30,2025-08-11,2025-08-13,,nightly,checked_out,False,2,12,16325.40,0.00,2448.81,8162.70,False
1627,BK0001627,1909,2,1,2025-08-08,2025-08-11,2025-08-13,,nightly,checked_out,False,2,3,15651.33,823.75,3130.27,7825.67,False
1628,BK0001628,2540,2,5,2025-08-10,2025-08-11,2025-08-15,,nightly,checked_out,False,4,1,17818.00,0.00,0.00,4454.50,False
1629,BK0001629,5976,2,6,2025-08-07,2025-08-11,2025-08-12,,nightly,checked_out,False,1,4,4671.76,0.00,0.00,4671.76,False
1630,BK0001630,3967,2,3,2025-07-15,2025-08-11,2025-08-13,,nightly,checked_out,False,2,27,6824.96,0.00,1228.49,3412.48,False
1631,BK0001631,4385,2,1,2025-06-29,2025-08-11,2025-08-12,,nightly,checked_out,False,1,43,3690.86,0.00,738.17,3690.86,False
1632,BK0001632,8112,2,4,2025-05-14,2025-08-11,2025-08-12,2025-05-17,nightly,cancelled,True,1,89,7200.80,0.00,1080.12,7200.80,False
1633,BK0001633,131,1,2,2025-07-30,2025-08-12,2025-08-14,,nightly,checked_out,False,2,13,7452.90,828.10,1266.99,3726.45,False
1634,BK0001634,2888,2,5,2025-08-07,2025-08-12,2025-08-13,,nightly,checked_out,False,1,5,3369.12,374.35,0.00,3369.12,False
1635,BK0001635,5853,2,2,2025-07-26,2025-08-12,2025-08-20,2025-08-08,nightly,cancelled,True,8,17,31341.84,0.00,5328.11,3917.73,False
1636,BK0001636,5575,2,4,2025-07-11,2025-08-12,2025-08-25,2025-08-03,nightly,cancelled,True,13,32,55097.38,0.00,8264.61,4238.26,False
1637,BK0001637,2164,2,6,2025-08-04,2025-08-12,2025-08-14,,nightly,checked_out,False,2,8,8681.68,0.00,0.00,4340.84,False
1638,BK0001638,96,2,5,2025-08-06,2025-08-12,2025-08-22,,nightly,checked_out,False,10,6,37888.66,1994.14,0.00,3788.87,False
1639,BK0001639,491,1,1,2025-08-10,2025-08-13,2025-08-16,,nightly,checked_out,False,3,3,12821.67,0.00,2564.33,4273.89,False
1640,BK0001640,745,1,5,2025-08-11,2025-08-13,2025-08-18,,nightly,checked_out,False,5,2,32764.69,1724.46,0.00,6552.94,False
1641,BK0001641,3106,1,6,2025-08-10,2025-08-13,2025-08-16,,nightly,checked_out,False,3,3,14772.00,0.00,0.00,4924.00,False
1642,BK0001642,5218,1,6,2025-08-10,2025-08-13,2025-08-15,,nightly,checked_out,False,2,3,10635.64,0.00,0.00,5317.82,False
1643,BK0001643,6795,2,1,2025-08-12,2025-08-13,2025-08-15,,nightly,checked_out,False,2,1,13830.48,0.00,2766.10,6915.24,False
1644,BK0001644,1572,2,1,2025-07-17,2025-08-13,2025-08-16,,nightly,checked_out,False,3,27,12111.51,0.00,2422.30,4037.17,False
1645,BK0001645,5838,2,2,2025-07-28,2025-08-13,2025-08-14,,nightly,checked_out,False,1,16,3783.26,0.00,643.15,3783.26,False
1646,BK0001646,2010,2,7,2025-08-12,2025-08-13,2025-08-13,2025-08-13,microstay,cancelled,True,0,1,903.41,47.55,108.41,903.41,False
1647,BK0001647,3427,2,6,2025-08-02,2025-08-13,2025-08-22,,nightly,checked_out,False,9,11,51603.48,0.00,0.00,5733.72,False
1648,BK0001648,4202,2,5,2025-07-28,2025-08-13,2025-08-14,,nightly,checked_out,False,1,16,3666.77,0.00,0.00,3666.77,False
1649,BK0001649,5087,2,2,2025-08-03,2025-08-13,2025-08-18,,nightly,checked_out,False,5,10,34986.05,0.00,5947.63,6997.21,False
1650,BK0001650,2617,2,6,2025-07-28,2025-08-13,2025-08-14,,nightly,checked_out,False,1,16,3929.45,436.61,0.00,3929.45,False
1651,BK0001651,5717,1,5,2025-08-01,2025-08-14,2025-08-17,,nightly,checked_out,False,3,13,10099.08,0.00,0.00,3366.36,False
1652,BK0001652,8955,1,6,2025-08-13,2025-08-14,2025-08-16,,nightly,checked_out,False,2,1,7297.06,810.78,0.00,3648.53,False
1653,BK0001653,7170,1,6,2025-08-10,2025-08-14,2025-09-04,,nightly,no_show,False,21,4,75042.03,0.00,0.00,3573.43,False
1654,BK0001654,5022,1,1,2025-07-30,2025-08-14,2025-08-16,,nightly,checked_out,False,2,15,6934.39,364.97,1386.88,3467.20,False
1655,BK0001655,1960,1,2,2025-08-10,2025-08-14,2025-08-16,,nightly,checked_out,False,2,4,8608.82,0.00,1463.50,4304.41,False
1656,BK0001656,1708,1,1,2025-08-06,2025-08-14,2025-08-18,,nightly,checked_out,False,4,8,17584.45,1953.83,3516.89,4396.11,False
1657,BK0001657,3841,2,7,2025-08-14,2025-08-14,2025-08-14,,microstay,checked_out,False,0,0,945.86,105.10,113.50,945.86,False
1658,BK0001658,2230,2,6,2025-08-12,2025-08-14,2025-08-23,,nightly,checked_out,False,9,2,38931.93,0.00,0.00,4325.77,False
1659,BK0001659,2618,2,5,2025-08-13,2025-08-14,2025-08-16,,nightly,checked_out,False,2,1,15420.00,0.00,0.00,7710.00,False
1660,BK0001660,2925,2,5,2025-08-11,2025-08-14,2025-08-16,,nightly,checked_out,False,2,3,8336.06,438.74,0.00,4168.03,False
1661,BK0001661,5696,2,6,2025-08-07,2025-08-14,2025-09-04,,nightly,checked_out,False,21,7,77583.87,0.00,0.00,3694.47,False
1662,BK0001662,1140,2,2,2025-08-07,2025-08-14,2025-08-15,2025-08-11,nightly,cancelled,True,1,7,3266.43,0.00,555.29,3266.43,False
1663,BK0001663,6385,1,5,2025-08-13,2025-08-15,2025-08-18,,nightly,checked_out,False,3,2,14788.14,778.32,0.00,4929.38,False
1664,BK0001664,7351,1,7,2025-08-14,2025-08-15,2025-08-15,,microstay,checked_out,False,0,1,1122.75,0.00,134.73,1122.75,False
1665,BK0001665,4649,1,1,2025-08-04,2025-08-15,2025-08-17,,nightly,checked_out,False,2,11,12827.34,0.00,2565.47,6413.67,False
1666,BK0001666,8690,1,5,2025-08-08,2025-08-15,2025-08-26,,nightly,checked_out,False,11,7,35946.22,1891.91,0.00,3267.84,False
1667,BK0001667,3794,2,1,2025-08-10,2025-08-15,2025-08-16,,nightly,checked_out,False,1,5,3016.73,335.19,603.35,3016.73,False
1668,BK0001668,6907,2,4,2025-08-08,2025-08-15,2025-08-20,,nightly,checked_out,False,5,7,20453.05,0.00,3067.96,4090.61,False
1669,BK0001669,4723,2,6,2025-08-05,2025-08-15,2025-08-17,2025-08-13,nightly,cancelled,True,2,10,7873.54,414.40,0.00,3936.77,False
1670,BK0001670,8637,2,2,2025-07-30,2025-08-15,2025-08-16,,nightly,checked_out,False,1,16,5043.49,0.00,857.39,5043.49,False
1671,BK0001671,2563,2,3,2025-08-05,2025-08-15,2025-08-20,,nightly,checked_out,False,5,10,32476.03,1709.27,5845.69,6495.21,False
1672,BK0001672,5702,1,4,2025-04-18,2025-08-16,2025-08-17,,nightly,checked_out,False,1,120,4276.31,475.14,641.45,4276.31,False
1673,BK0001673,6831,1,6,2025-08-13,2025-08-16,2025-08-17,,nightly,checked_out,False,1,3,3546.94,625.93,0.00,3546.94,False
1674,BK0001674,7111,1,3,2025-07-19,2025-08-16,2025-08-17,,nightly,checked_out,False,1,28,3405.61,378.40,613.01,3405.61,False
1675,BK0001675,598,1,5,2025-08-03,2025-08-16,2025-08-18,,nightly,checked_out,False,2,13,8113.82,0.00,0.00,4056.91,False
1676,BK0001676,7465,2,4,2025-08-08,2025-08-16,2025-08-20,2025-08-09,nightly,cancelled,True,4,8,24698.59,2744.29,3704.79,6174.65,False
1677,BK0001677,4633,1,8,2025-08-17,2025-08-17,2025-08-20,,nightly,checked_out,False,3,0,8985.03,1585.59,0.00,2995.01,False
1678,BK0001678,8177,1,4,2025-07-10,2025-08-17,2025-08-24,,nightly,checked_out,False,7,38,25058.57,2784.28,3758.79,3579.80,False
1679,BK0001679,4956,2,2,2025-08-06,2025-08-17,2025-08-20,,nightly,no_show,False,3,11,10655.66,1183.96,1811.46,3551.89,False
1680,BK0001680,6381,1,5,2025-08-13,2025-08-18,2025-08-21,,nightly,checked_out,False,3,5,20122.08,0.00,0.00,6707.36,False
1681,BK0001681,9079,1,5,2025-08-08,2025-08-18,2025-08-19,,nightly,checked_out,False,1,10,4589.06,0.00,0.00,4589.06,False
1682,BK0001682,7898,1,6,2025-08-06,2025-08-18,2025-09-06,,nightly,checked_out,False,19,12,125344.61,6597.09,0.00,6597.08,False
1683,BK0001683,7642,1,5,2025-08-13,2025-08-18,2025-08-21,,nightly,checked_out,False,3,5,15202.95,0.00,0.00,5067.65,False
1684,BK0001684,5392,1,5,2025-08-13,2025-08-18,2025-08-19,,nightly,checked_out,False,1,5,3727.08,0.00,0.00,3727.08,False
1685,BK0001685,7488,1,2,2025-08-12,2025-08-18,2025-08-19,2025-08-12,nightly,cancelled,True,1,6,4924.38,259.18,837.14,4924.38,False
1686,BK0001686,4389,2,5,2025-08-17,2025-08-18,2025-08-23,,nightly,checked_out,False,5,1,30562.69,3395.86,0.00,6112.54,False
1687,BK0001687,58,2,7,2025-08-17,2025-08-18,2025-08-18,,microstay,checked_out,False,0,1,1286.97,0.00,154.44,1286.97,False
1688,BK0001688,3577,2,1,2025-08-15,2025-08-18,2025-08-19,,nightly,checked_out,False,1,3,4630.14,0.00,926.03,4630.14,False
1689,BK0001689,5216,2,4,2025-07-23,2025-08-18,2025-08-19,,nightly,checked_out,False,1,26,3353.64,372.63,503.05,3353.64,False
1690,BK0001690,6359,2,1,2025-08-09,2025-08-18,2025-08-19,2025-08-11,nightly,cancelled,True,1,9,5426.65,285.61,1085.33,5426.65,False
1691,BK0001691,8680,2,2,2025-07-27,2025-08-18,2025-08-19,,nightly,checked_out,False,1,22,6904.42,363.39,1173.75,6904.42,False
1692,BK0001692,6213,2,6,2025-08-10,2025-08-18,2025-08-22,,nightly,checked_out,False,4,8,22223.48,0.00,0.00,5555.87,False
1693,BK0001693,2269,1,5,2025-08-10,2025-08-19,2025-08-22,,nightly,checked_out,False,3,9,10713.51,0.00,0.00,3571.17,False
1694,BK0001694,5508,1,3,2025-07-30,2025-08-19,2025-08-22,,nightly,checked_out,False,3,20,13527.24,0.00,2434.90,4509.08,False
1695,BK0001695,7926,1,5,2025-08-13,2025-08-19,2025-08-23,,nightly,checked_out,False,4,6,21792.40,0.00,0.00,5448.10,False
1696,BK0001696,582,1,6,2025-08-16,2025-08-19,2025-08-20,,nightly,checked_out,False,1,3,4343.89,228.63,0.00,4343.89,False
1697,BK0001697,7067,1,2,2025-07-23,2025-08-19,2025-08-23,,nightly,checked_out,False,4,27,21679.48,0.00,3685.51,5419.87,False
1698,BK0001698,7703,1,1,2025-08-13,2025-08-19,2025-08-20,,nightly,checked_out,False,1,6,4220.00,222.11,844.00,4220.00,False
1699,BK0001699,1197,1,4,2025-08-09,2025-08-19,2025-08-24,,nightly,checked_out,False,5,10,22179.80,0.00,3326.97,4435.96,False
1700,BK0001700,3028,2,1,2025-08-15,2025-08-19,2025-08-20,,nightly,checked_out,False,1,4,7594.39,0.00,1518.88,7594.39,False
1701,BK0001701,8640,2,1,2025-07-27,2025-08-19,2025-08-22,,nightly,checked_out,False,3,23,11086.35,0.00,2217.27,3695.45,False
1702,BK0001702,669,2,1,2025-08-06,2025-08-19,2025-08-21,,nightly,checked_out,False,2,13,8722.34,0.00,1744.47,4361.17,False
1703,BK0001703,5344,2,7,2025-08-19,2025-08-19,2025-08-19,,microstay,checked_out,False,0,0,1198.77,0.00,143.85,1198.77,False
1704,BK0001704,7018,1,1,2025-08-11,2025-08-20,2025-08-21,,nightly,checked_out,False,1,9,4255.06,0.00,851.01,4255.06,False
1705,BK0001705,4857,1,5,2025-08-15,2025-08-20,2025-08-22,,nightly,checked_out,False,2,5,8728.40,0.00,0.00,4364.20,False
1706,BK0001706,7162,2,4,2025-08-03,2025-08-20,2025-08-22,2025-08-05,nightly,cancelled,True,2,17,8711.18,0.00,1306.68,4355.59,False
1707,BK0001707,8582,2,4,2025-07-22,2025-08-20,2025-08-24,,nightly,checked_out,False,4,29,18903.33,994.91,2835.50,4725.83,False
1708,BK0001708,3977,2,7,2025-08-19,2025-08-20,2025-08-20,,microstay,checked_out,False,0,1,1297.67,0.00,155.72,1297.67,False
1709,BK0001709,6073,2,4,2025-08-12,2025-08-20,2025-08-22,,nightly,checked_out,False,2,8,14311.20,0.00,2146.68,7155.60,False
1710,BK0001710,3859,2,5,2025-08-19,2025-08-20,2025-08-23,,nightly,checked_out,False,3,1,11136.08,1965.19,0.00,3712.03,False
1711,BK0001711,8845,1,2,2025-07-26,2025-08-21,2025-08-22,,nightly,checked_out,False,1,26,6515.09,0.00,1107.57,6515.09,False
1712,BK0001712,4889,1,2,2025-08-13,2025-08-21,2025-08-24,2025-08-20,nightly,cancelled,True,3,8,15603.33,0.00,2652.57,5201.11,False
1713,BK0001713,4321,1,6,2025-08-17,2025-08-21,2025-08-24,,nightly,no_show,False,3,4,16473.21,0.00,0.00,5491.07,False
1714,BK0001714,3739,1,3,2025-08-13,2025-08-21,2025-08-23,2025-08-13,nightly,cancelled,True,2,8,10226.10,0.00,1840.70,5113.05,False
1715,BK0001715,2524,1,7,2025-08-21,2025-08-21,2025-08-21,,microstay,checked_out,False,0,0,1383.07,0.00,165.97,1383.07,False
1716,BK0001716,8588,2,5,2025-08-18,2025-08-21,2025-08-23,,nightly,checked_out,False,2,3,8534.14,0.00,0.00,4267.07,False
1717,BK0001717,7686,2,1,2025-08-20,2025-08-21,2025-08-22,,nightly,checked_out,False,1,1,6922.01,0.00,1384.40,6922.01,False
1718,BK0001718,5359,2,2,2025-08-01,2025-08-21,2025-08-25,2025-08-05,nightly,cancelled,True,4,20,16793.92,0.00,2854.97,4198.48,False
1719,BK0001719,5569,1,4,2025-08-04,2025-08-22,2025-08-23,,nightly,checked_out,False,1,18,3983.15,0.00,597.47,3983.15,False
1720,BK0001720,5780,1,1,2025-07-30,2025-08-22,2025-08-23,2025-08-21,nightly,cancelled,True,1,23,4286.15,0.00,857.23,4286.15,False
1721,BK0001721,6437,1,2,2025-08-07,2025-08-22,2025-08-23,,nightly,checked_out,False,1,15,4100.52,0.00,697.09,4100.52,False
1722,BK0001722,8534,1,2,2025-08-13,2025-08-22,2025-08-26,,nightly,checked_out,False,4,9,27293.16,0.00,4639.84,6823.29,False
1723,BK0001723,2085,1,2,2025-08-10,2025-08-22,2025-08-24,,nightly,checked_out,False,2,12,6556.92,345.10,1114.68,3278.46,False
1724,BK0001724,6472,1,1,2025-08-05,2025-08-22,2025-08-24,,nightly,checked_out,False,2,17,8301.13,922.35,1660.23,4150.57,False
1725,BK0001725,5826,2,4,2025-08-01,2025-08-22,2025-08-28,,nightly,checked_out,False,6,21,47092.20,0.00,7063.83,7848.70,False
1726,BK0001726,2640,2,2,2025-08-15,2025-08-22,2025-08-23,,nightly,checked_out,False,1,7,3516.92,185.10,597.88,3516.92,False
1727,BK0001727,6859,2,5,2025-08-21,2025-08-22,2025-08-23,,nightly,checked_out,False,1,1,4843.88,254.94,0.00,4843.88,False
1728,BK0001728,8935,2,6,2025-08-19,2025-08-22,2025-08-24,,nightly,checked_out,False,2,3,13571.40,0.00,0.00,6785.70,False
1729,BK0001729,7329,2,5,2025-08-06,2025-08-22,2025-08-24,,nightly,checked_out,False,2,16,10619.18,0.00,0.00,5309.59,False
1730,BK0001730,3321,2,1,2025-08-06,2025-08-22,2025-08-24,2025-08-18,nightly,cancelled,True,2,16,8336.38,0.00,1667.28,4168.19,False
1731,BK0001731,6329,2,3,2025-08-11,2025-08-22,2025-08-24,,nightly,checked_out,False,2,11,9283.58,0.00,1671.04,4641.79,False
1732,BK0001732,498,1,4,2025-07-25,2025-08-23,2025-08-24,,nightly,checked_out,False,1,29,5073.64,0.00,761.05,5073.64,False
1733,BK0001733,4024,1,7,2025-08-23,2025-08-23,2025-08-23,,microstay,checked_out,False,0,0,1201.77,133.53,144.21,1201.77,False
1734,BK0001734,2552,1,2,2025-08-03,2025-08-23,2025-08-25,,nightly,checked_out,False,2,20,7403.88,0.00,1258.66,3701.94,False
1735,BK0001735,1982,1,2,2025-07-22,2025-08-23,2025-08-28,2025-08-19,nightly,cancelled,True,5,32,19851.90,0.00,3374.82,3970.38,False
1736,BK0001736,5317,1,6,2025-08-22,2025-08-23,2025-09-05,,nightly,checked_out,False,13,1,46625.28,0.00,0.00,3586.56,False
1737,BK0001737,6033,1,2,2025-08-06,2025-08-23,2025-08-26,,nightly,checked_out,False,3,17,11943.33,0.00,2030.37,3981.11,False
1738,BK0001738,5935,1,1,2025-08-08,2025-08-23,2025-08-25,,nightly,checked_out,False,2,15,7691.06,0.00,1538.21,3845.53,False
1739,BK0001739,3230,2,7,2025-08-22,2025-08-23,2025-08-23,,microstay,checked_out,False,0,1,1750.96,194.55,210.12,1750.96,False
1740,BK0001740,1971,1,6,2025-08-21,2025-08-24,2025-08-29,,nightly,checked_out,False,5,3,21443.13,2382.57,0.00,4288.63,False
1741,BK0001741,3052,1,2,2025-08-19,2025-08-24,2025-08-25,,nightly,checked_out,False,1,5,3919.59,0.00,666.33,3919.59,False
1742,BK0001742,6290,1,2,2025-08-07,2025-08-24,2025-08-25,,nightly,checked_out,False,1,17,4738.00,0.00,805.46,4738.00,False
1743,BK0001743,2959,1,2,2025-07-31,2025-08-24,2025-08-27,,nightly,checked_out,False,3,24,8923.77,991.53,1517.04,2974.59,False
1744,BK0001744,3597,1,5,2025-08-14,2025-08-24,2025-08-26,,nightly,checked_out,False,2,10,6780.28,0.00,0.00,3390.14,False
1745,BK0001745,3705,2,2,2025-08-16,2025-08-24,2025-08-27,,nightly,checked_out,False,3,8,9647.11,507.74,1640.01,3215.70,False
1746,BK0001746,3944,2,1,2025-08-15,2025-08-24,2025-08-31,,nightly,checked_out,False,7,9,30574.39,0.00,6114.88,4367.77,False
1747,BK0001747,3190,1,6,2025-08-23,2025-08-25,2025-08-29,,nightly,checked_out,False,4,2,16680.36,0.00,0.00,4170.09,False
1748,BK0001748,5014,1,7,2025-08-25,2025-08-25,2025-08-25,,microstay,checked_out,False,0,0,1501.83,0.00,180.22,1501.83,False
1749,BK0001749,8464,1,6,2025-08-24,2025-08-25,2025-08-28,,nightly,checked_out,False,3,1,13244.16,0.00,0.00,4414.72,False
1750,BK0001750,1139,1,5,2025-08-10,2025-08-25,2025-08-26,,nightly,checked_out,False,1,15,4966.05,551.78,0.00,4966.05,False
1751,BK0001751,1919,1,1,2025-08-21,2025-08-25,2025-08-27,,nightly,checked_out,False,2,4,7995.90,0.00,1599.18,3997.95,False
1752,BK0001752,6539,1,2,2025-08-04,2025-08-25,2025-08-26,,nightly,checked_out,False,1,21,4944.21,0.00,840.52,4944.21,False
1753,BK0001753,7473,1,1,2025-08-18,2025-08-25,2025-08-27,,nightly,checked_out,False,2,7,8863.82,0.00,1772.76,4431.91,False
1754,BK0001754,3670,2,7,2025-08-24,2025-08-25,2025-08-25,,microstay,checked_out,False,0,1,1000.72,0.00,120.09,1000.72,False
1755,BK0001755,8955,2,2,2025-08-17,2025-08-25,2025-08-30,,nightly,checked_out,False,5,8,22546.85,0.00,3832.96,4509.37,False
1756,BK0001756,714,1,7,2025-08-25,2025-08-26,2025-08-26,,microstay,checked_out,False,0,1,1845.21,97.12,221.43,1845.21,False
1757,BK0001757,8769,1,7,2025-08-25,2025-08-26,2025-08-26,,microstay,checked_out,False,0,1,1220.00,0.00,146.40,1220.00,False
1758,BK0001758,8267,1,6,2025-08-25,2025-08-26,2025-08-29,,nightly,checked_out,False,3,1,14624.25,0.00,0.00,4874.75,False
1759,BK0001759,7592,1,1,2025-07-19,2025-08-26,2025-09-04,,nightly,checked_out,False,9,38,30940.38,0.00,6188.08,3437.82,False
1760,BK0001760,1349,1,3,2025-08-23,2025-08-26,2025-08-27,,nightly,checked_out,False,1,3,5277.47,0.00,949.94,5277.47,False
1761,BK0001761,6216,1,5,2025-08-21,2025-08-26,2025-08-31,,nightly,checked_out,False,5,5,27698.75,0.00,0.00,5539.75,False
1762,BK0001762,2313,2,2,2025-08-23,2025-08-26,2025-08-29,,nightly,checked_out,False,3,3,14815.61,779.77,2518.65,4938.54,False
1763,BK0001763,1910,2,1,2025-08-19,2025-08-26,2025-08-27,,nightly,checked_out,False,1,7,6355.31,706.14,1271.06,6355.31,False
1764,BK0001764,7795,2,6,2025-08-17,2025-08-26,2025-08-28,,nightly,checked_out,False,2,9,9375.55,493.45,0.00,4687.78,False
1765,BK0001765,8597,2,7,2025-08-26,2025-08-26,2025-08-26,,microstay,checked_out,False,0,0,1026.32,0.00,123.16,1026.32,False
1766,BK0001766,1157,1,1,2025-08-14,2025-08-27,2025-08-28,,nightly,checked_out,False,1,13,4159.72,0.00,831.94,4159.72,False
1767,BK0001767,4123,1,2,2025-08-20,2025-08-27,2025-08-28,,nightly,checked_out,False,1,7,6953.84,0.00,1182.15,6953.84,False
1768,BK0001768,7234,1,6,2025-08-13,2025-08-27,2025-09-11,,nightly,checked_out,False,15,14,53912.85,0.00,0.00,3594.19,False
1769,BK0001769,6564,1,6,2025-08-25,2025-08-27,2025-09-02,,nightly,checked_out,False,6,2,29761.56,0.00,0.00,4960.26,False
1770,BK0001770,8594,2,1,2025-08-21,2025-08-27,2025-08-28,,nightly,checked_out,False,1,6,6961.64,0.00,1392.33,6961.64,False
1771,BK0001771,2616,2,1,2025-08-14,2025-08-27,2025-08-30,,nightly,checked_out,False,3,13,11314.35,0.00,2262.87,3771.45,False
1772,BK0001772,3856,2,2,2025-08-19,2025-08-27,2025-08-29,,nightly,checked_out,False,2,8,7058.03,1245.53,1199.87,3529.02,False
1773,BK0001773,918,2,5,2025-06-29,2025-08-27,2025-08-29,,nightly,checked_out,False,2,59,8466.20,0.00,0.00,4233.10,False
1774,BK0001774,3942,2,2,2025-08-22,2025-08-27,2025-08-28,,nightly,checked_out,False,1,5,3538.14,0.00,601.48,3538.14,False
1775,BK0001775,512,1,7,2025-08-28,2025-08-28,2025-08-28,,microstay,checked_out,False,0,0,1284.47,0.00,154.14,1284.47,False
1776,BK0001776,6212,1,1,2025-08-03,2025-08-28,2025-08-29,,nightly,checked_out,False,1,25,3667.87,0.00,733.57,3667.87,False
1777,BK0001777,3489,2,6,2025-08-26,2025-08-28,2025-09-01,,nightly,checked_out,False,4,2,29279.04,0.00,0.00,7319.76,False
1778,BK0001778,8692,1,5,2025-08-28,2025-08-29,2025-09-02,,nightly,checked_out,False,4,1,16018.20,0.00,0.00,4004.55,False
1779,BK0001779,7893,1,2,2025-08-25,2025-08-29,2025-09-04,,nightly,checked_out,False,6,4,30590.34,0.00,5200.36,5098.39,False
1780,BK0001780,2970,1,5,2025-08-19,2025-08-29,2025-08-31,,nightly,checked_out,False,2,10,9547.90,0.00,0.00,4773.95,False
1781,BK0001781,9021,1,6,2025-08-20,2025-08-29,2025-09-06,,nightly,checked_out,False,8,9,31518.08,0.00,0.00,3939.76,False
1782,BK0001782,5129,2,1,2025-08-09,2025-08-29,2025-08-30,,nightly,checked_out,False,1,20,6975.61,0.00,1395.12,6975.61,False
1783,BK0001783,5150,2,6,2025-08-25,2025-08-29,2025-09-01,,nightly,checked_out,False,3,4,14397.24,0.00,0.00,4799.08,False
1784,BK0001784,7636,2,5,2025-08-09,2025-08-29,2025-08-30,,nightly,checked_out,False,1,20,5161.89,0.00,0.00,5161.89,False
1785,BK0001785,3765,1,2,2025-08-22,2025-08-30,2025-08-31,,nightly,checked_out,False,1,8,3506.85,184.57,596.16,3506.85,False
1786,BK0001786,6494,1,3,2025-07-03,2025-08-30,2025-09-02,2025-08-23,nightly,cancelled,True,3,58,13394.43,0.00,2411.00,4464.81,False
1787,BK0001787,6210,2,5,2025-08-18,2025-08-30,2025-09-01,,nightly,checked_out,False,2,12,7682.34,0.00,0.00,3841.17,False
1788,BK0001788,4358,2,6,2025-08-29,2025-08-30,2025-09-06,,nightly,checked_out,False,7,1,29891.68,0.00,0.00,4270.24,False
1789,BK0001789,5345,2,6,2025-08-29,2025-08-30,2025-09-02,,nightly,checked_out,False,3,1,17707.11,1967.46,0.00,5902.37,False
1790,BK0001790,5299,2,5,2025-08-23,2025-08-30,2025-09-03,,nightly,checked_out,False,4,7,13500.52,0.00,0.00,3375.13,False
1791,BK0001791,1521,2,1,2025-08-27,2025-08-30,2025-09-04,,nightly,checked_out,False,5,3,20201.65,3565.00,4040.33,4040.33,False
1792,BK0001792,5028,2,6,2025-08-22,2025-08-30,2025-09-12,,nightly,checked_out,False,13,8,85336.15,4491.38,0.00,6564.32,False
1793,BK0001793,3524,1,6,2025-08-29,2025-08-31,2025-09-02,,nightly,checked_out,False,2,2,8247.80,0.00,0.00,4123.90,False
1794,BK0001794,6753,1,6,2025-08-28,2025-08-31,2025-09-01,,nightly,checked_out,False,1,3,3552.34,394.70,0.00,3552.34,False
1795,BK0001795,5224,1,1,2025-08-21,2025-08-31,2025-09-01,,nightly,checked_out,False,1,10,3680.44,408.94,736.09,3680.44,False
1796,BK0001796,4534,1,6,2025-08-25,2025-08-31,2025-09-02,,nightly,checked_out,False,2,6,9029.64,0.00,0.00,4514.82,False
1797,BK0001797,1340,1,7,2025-08-30,2025-08-31,2025-08-31,,microstay,checked_out,False,0,1,1744.22,0.00,209.31,1744.22,False
1798,BK0001798,1268,2,2,2025-08-26,2025-08-31,2025-09-02,,nightly,checked_out,False,2,5,8053.08,0.00,1369.02,4026.54,False
1799,BK0001799,2711,2,2,2025-07-30,2025-08-31,2025-09-01,2025-08-11,nightly,cancelled,True,1,32,3559.94,187.37,605.19,3559.94,False
1800,BK0001800,2377,2,1,2025-08-20,2025-08-31,2025-09-01,,nightly,checked_out,False,1,11,3403.78,0.00,680.76,3403.78,False
1801,BK0001801,9079,2,2,2025-08-16,2025-08-31,2025-09-01,,nightly,checked_out,False,1,15,4913.11,258.58,835.23,4913.11,False
1802,BK0001802,4669,1,7,2025-08-30,2025-09-01,2025-09-01,,microstay,checked_out,False,0,2,1294.58,0.00,155.35,1294.58,False
1803,BK0001803,1974,1,4,2025-08-01,2025-09-01,2025-09-04,,nightly,checked_out,False,3,31,15821.10,0.00,2373.16,5273.70,False
1804,BK0001804,1848,1,2,2025-08-27,2025-09-01,2025-09-02,,nightly,checked_out,False,1,5,4375.41,230.28,743.82,4375.41,False
1805,BK0001805,4805,1,1,2025-08-14,2025-09-01,2025-09-03,,nightly,checked_out,False,2,18,6275.75,697.31,1255.15,3137.88,False
1806,BK0001806,1760,1,1,2025-08-15,2025-09-01,2025-09-02,,nightly,checked_out,False,1,17,6919.19,0.00,1383.84,6919.19,False
1807,BK0001807,8317,2,1,2025-08-27,2025-09-01,2025-09-02,,nightly,checked_out,False,1,5,4147.69,0.00,829.54,4147.69,False
1808,BK0001808,6804,1,2,2025-07-25,2025-09-02,2025-09-04,,nightly,checked_out,False,2,39,10718.52,0.00,1822.15,5359.26,False
1809,BK0001809,2701,1,7,2025-09-01,2025-09-02,2025-09-02,,microstay,checked_out,False,0,1,1174.99,0.00,141.00,1174.99,False
1810,BK0001810,4584,1,7,2025-09-02,2025-09-02,2025-09-02,,microstay,checked_out,False,0,0,1052.78,185.79,126.33,1052.78,False
1811,BK0001811,8446,2,1,2025-08-31,2025-09-02,2025-09-03,,nightly,checked_out,False,1,2,3947.60,0.00,789.52,3947.60,False
1812,BK0001812,2256,2,2,2025-08-13,2025-09-02,2025-09-04,2025-08-23,nightly,cancelled,True,2,20,14386.80,0.00,2445.76,7193.40,False
1813,BK0001813,5853,2,6,2025-08-24,2025-09-02,2025-09-09,,nightly,checked_out,False,7,9,24447.59,2716.40,0.00,3492.51,False
1814,BK0001814,4798,2,5,2025-08-27,2025-09-02,2025-09-03,,nightly,checked_out,False,1,6,4452.03,0.00,0.00,4452.03,False
1815,BK0001815,1998,2,6,2025-08-29,2025-09-02,2025-09-06,,nightly,checked_out,False,4,4,29499.36,0.00,0.00,7374.84,False
1816,BK0001816,2212,1,7,2025-09-03,2025-09-03,2025-09-03,,microstay,checked_out,False,0,0,1209.14,0.00,145.10,1209.14,False
1817,BK0001817,1263,1,2,2025-09-01,2025-09-03,2025-09-05,,nightly,checked_out,False,2,2,6921.75,1221.49,1176.70,3460.88,False
1818,BK0001818,1522,1,6,2025-08-29,2025-09-03,2025-09-05,,nightly,checked_out,False,2,5,7413.35,823.71,0.00,3706.68,False
1819,BK0001819,4111,1,5,2025-08-22,2025-09-03,2025-09-04,,nightly,checked_out,False,1,12,3566.90,0.00,0.00,3566.90,False
1820,BK0001820,3803,1,3,2025-08-28,2025-09-03,2025-09-05,,nightly,checked_out,False,2,6,9898.90,0.00,1781.80,4949.45,False
1821,BK0001821,9079,2,2,2025-08-26,2025-09-03,2025-09-05,,nightly,checked_out,False,2,8,8112.24,426.96,1379.08,4056.12,False
1822,BK0001822,4557,2,2,2025-08-20,2025-09-03,2025-09-06,,nightly,checked_out,False,3,14,21541.29,0.00,3662.02,7180.43,False
1823,BK0001823,5190,2,1,2025-08-26,2025-09-03,2025-09-04,,nightly,checked_out,False,1,8,3593.28,0.00,718.66,3593.28,False
1824,BK0001824,6065,2,5,2025-08-27,2025-09-03,2025-09-05,,nightly,checked_out,False,2,7,7805.60,410.82,0.00,3902.80,False
1825,BK0001825,3999,2,2,2025-06-14,2025-09-03,2025-09-04,2025-07-18,nightly,cancelled,True,1,81,4446.51,0.00,755.91,4446.51,False
1826,BK0001826,2190,2,1,2025-08-20,2025-09-03,2025-09-04,,nightly,checked_out,False,1,14,5645.02,0.00,1129.00,5645.02,False
1827,BK0001827,2770,1,5,2025-08-25,2025-09-04,2025-09-08,,nightly,checked_out,False,4,10,12199.88,2152.92,0.00,3049.97,False
1828,BK0001828,2,1,8,2025-09-02,2025-09-04,2025-09-05,,nightly,checked_out,False,1,2,3986.60,0.00,0.00,3986.60,False
1829,BK0001829,2561,1,2,2025-08-25,2025-09-04,2025-09-05,,nightly,checked_out,False,1,10,5304.84,0.00,901.82,5304.84,False
1830,BK0001830,6626,1,7,2025-09-04,2025-09-04,2025-09-04,,microstay,checked_out,False,0,0,955.89,0.00,114.71,955.89,False
1831,BK0001831,4958,1,1,2025-08-21,2025-09-04,2025-09-09,,nightly,checked_out,False,5,14,24379.74,2708.86,4875.95,4875.95,False
1832,BK0001832,128,1,5,2025-09-02,2025-09-04,2025-09-10,,nightly,checked_out,False,6,2,21052.44,0.00,0.00,3508.74,False
1833,BK0001833,1488,1,1,2025-08-21,2025-09-04,2025-09-10,2025-09-01,nightly,cancelled,True,6,14,31623.60,0.00,6324.72,5270.60,False
1834,BK0001834,2448,1,4,2025-05-07,2025-09-04,2025-09-06,,nightly,checked_out,False,2,120,8346.83,439.31,1252.02,4173.42,False
1835,BK0001835,7626,2,7,2025-09-03,2025-09-04,2025-09-04,,microstay,checked_out,False,0,1,1562.76,0.00,187.53,1562.76,False
1836,BK0001836,2736,2,5,2025-08-19,2025-09-04,2025-09-10,,nightly,checked_out,False,6,16,22908.78,0.00,0.00,3818.13,False
1837,BK0001837,6535,2,2,2025-09-03,2025-09-04,2025-09-06,,nightly,checked_out,False,2,1,11479.48,0.00,1951.51,5739.74,False
1838,BK0001838,431,2,1,2025-08-30,2025-09-04,2025-09-05,,nightly,checked_out,False,1,5,4087.95,215.16,817.59,4087.95,False
1839,BK0001839,1626,2,5,2025-08-30,2025-09-04,2025-09-05,,nightly,checked_out,False,1,5,3975.99,441.78,0.00,3975.99,False
1840,BK0001840,3097,1,5,2025-08-23,2025-09-05,2025-09-06,,nightly,checked_out,False,1,13,4257.95,0.00,0.00,4257.95,False
1841,BK0001841,861,1,2,2025-07-24,2025-09-05,2025-09-07,2025-08-28,nightly,cancelled,True,2,43,7681.00,404.26,1305.77,3840.50,False
1842,BK0001842,7375,1,7,2025-09-05,2025-09-05,2025-09-05,,microstay,checked_out,False,0,0,1269.04,66.79,152.28,1269.04,False
1843,BK0001843,3942,1,6,2025-09-04,2025-09-05,2025-09-06,,nightly,checked_out,False,1,1,4837.76,0.00,0.00,4837.76,False
1844,BK0001844,4425,1,4,2025-07-16,2025-09-05,2025-09-07,,nightly,checked_out,False,2,51,8682.82,0.00,1302.42,4341.41,False
1845,BK0001845,5084,1,3,2025-08-30,2025-09-05,2025-09-06,,nightly,checked_out,False,1,6,6112.99,321.74,1100.34,6112.99,False
1846,BK0001846,7942,1,6,2025-09-01,2025-09-05,2025-09-06,,nightly,checked_out,False,1,4,3998.14,0.00,0.00,3998.14,False
1847,BK0001847,3682,1,6,2025-07-30,2025-09-05,2025-09-06,,nightly,checked_out,False,1,37,3420.74,603.66,0.00,3420.74,False
1848,BK0001848,1559,2,1,2025-08-31,2025-09-05,2025-09-06,,nightly,checked_out,False,1,5,4932.19,259.59,986.44,4932.19,False
1849,BK0001849,8505,2,1,2025-08-31,2025-09-05,2025-09-08,,nightly,checked_out,False,3,5,10247.67,0.00,2049.53,3415.89,False
1850,BK0001850,7489,2,3,2025-08-29,2025-09-05,2025-09-07,,nightly,checked_out,False,2,7,8791.42,0.00,1582.46,4395.71,False
1851,BK0001851,4913,1,5,2025-09-02,2025-09-06,2025-09-07,,nightly,checked_out,False,1,4,3891.35,0.00,0.00,3891.35,False
1852,BK0001852,3892,1,6,2025-08-17,2025-09-06,2025-09-08,,nightly,checked_out,False,2,20,9912.08,0.00,0.00,4956.04,False
1853,BK0001853,4900,1,2,2025-08-22,2025-09-06,2025-09-08,,nightly,checked_out,False,2,15,13054.70,0.00,2219.30,6527.35,False
1854,BK0001854,3981,1,1,2025-08-28,2025-09-06,2025-09-11,,nightly,checked_out,False,5,9,21426.05,0.00,4285.21,4285.21,False
1855,BK0001855,5935,1,1,2025-08-24,2025-09-06,2025-09-11,,nightly,checked_out,False,5,13,20858.65,0.00,4171.73,4171.73,False
1856,BK0001856,2254,1,6,2025-09-01,2025-09-06,2025-09-11,,nightly,checked_out,False,5,5,19502.50,0.00,0.00,3900.50,False
1857,BK0001857,5788,1,2,2025-07-29,2025-09-06,2025-09-07,,nightly,checked_out,False,1,39,4533.95,0.00,770.77,4533.95,False
1858,BK0001858,7357,1,2,2025-08-13,2025-09-06,2025-09-12,,nightly,checked_out,False,6,24,19912.32,0.00,3385.09,3318.72,False
1859,BK0001859,7602,2,4,2025-07-27,2025-09-06,2025-09-14,,nightly,checked_out,False,8,41,52955.68,0.00,7943.35,6619.46,False
1860,BK0001860,2072,2,1,2025-08-28,2025-09-06,2025-09-08,,nightly,checked_out,False,2,9,8079.06,0.00,1615.81,4039.53,False
1861,BK0001861,1397,2,2,2025-08-07,2025-09-06,2025-09-07,2025-09-01,nightly,cancelled,True,1,30,6430.52,0.00,1093.19,6430.52,False
1862,BK0001862,2550,2,2,2025-07-20,2025-09-06,2025-09-07,2025-08-08,nightly,cancelled,True,1,48,3924.34,206.54,667.14,3924.34,False
1863,BK0001863,4023,2,1,2025-09-04,2025-09-06,2025-09-09,,nightly,checked_out,False,3,2,13942.20,733.80,2788.44,4647.40,False
1864,BK0001864,9358,1,6,2025-08-30,2025-09-07,2025-09-17,,nightly,checked_out,False,10,8,42724.49,7539.61,0.00,4272.45,False
1865,BK0001865,3347,2,2,2025-09-02,2025-09-07,2025-09-08,,nightly,checked_out,False,1,5,4497.24,236.70,764.53,4497.24,False
1866,BK0001866,7346,2,4,2025-05-10,2025-09-07,2025-09-08,,nightly,checked_out,False,1,120,3559.55,187.34,533.93,3559.55,False
1867,BK0001867,100,2,2,2025-08-31,2025-09-07,2025-09-09,,nightly,checked_out,False,2,7,8032.84,0.00,1365.58,4016.42,False
1868,BK0001868,780,2,5,2025-08-30,2025-09-07,2025-09-09,,nightly,checked_out,False,2,8,8438.02,0.00,0.00,4219.01,False
1869,BK0001869,2784,2,1,2025-08-31,2025-09-07,2025-09-09,,nightly,checked_out,False,2,7,10049.78,0.00,2009.96,5024.89,False
1870,BK0001870,142,1,1,2025-08-14,2025-09-08,2025-09-12,,nightly,checked_out,False,4,25,20220.45,1064.23,4044.09,5055.11,False
1871,BK0001871,1999,1,5,2025-09-04,2025-09-08,2025-09-10,,nightly,checked_out,False,2,4,8280.50,0.00,0.00,4140.25,False
1872,BK0001872,2759,1,2,2025-08-04,2025-09-08,2025-09-11,2025-08-23,nightly,cancelled,True,3,35,14616.99,769.32,2484.89,4872.33,False
1873,BK0001873,5920,1,6,2025-09-03,2025-09-08,2025-09-13,,nightly,checked_out,False,5,5,26417.30,0.00,0.00,5283.46,False
1874,BK0001874,8624,1,5,2025-08-31,2025-09-08,2025-09-10,,nightly,checked_out,False,2,8,8841.92,0.00,0.00,4420.96,False
1875,BK0001875,6810,1,1,2025-08-28,2025-09-08,2025-09-09,,nightly,checked_out,False,1,11,3598.81,0.00,719.76,3598.81,False
1876,BK0001876,7089,1,5,2025-08-29,2025-09-08,2025-09-17,,nightly,checked_out,False,9,10,66943.26,0.00,0.00,7438.14,False
1877,BK0001877,9226,1,4,2025-07-21,2025-09-08,2025-09-09,,nightly,checked_out,False,1,49,6614.91,0.00,992.24,6614.91,False
1878,BK0001878,1609,1,6,2025-09-01,2025-09-08,2025-09-14,,nightly,checked_out,False,6,7,21421.02,3780.18,0.00,3570.17,False
1879,BK0001879,9060,2,1,2025-09-03,2025-09-08,2025-09-09,,nightly,checked_out,False,1,5,4574.34,0.00,914.87,4574.34,False
1880,BK0001880,379,2,4,2025-09-03,2025-09-08,2025-09-09,,nightly,checked_out,False,1,5,7468.52,393.08,1120.28,7468.52,False
1881,BK0001881,2571,2,1,2025-09-03,2025-09-08,2025-09-13,,nightly,checked_out,False,5,5,20184.84,1062.36,4036.97,4036.97,False
1882,BK0001882,7911,2,1,2025-08-21,2025-09-08,2025-09-09,,nightly,checked_out,False,1,18,3480.99,0.00,696.20,3480.99,False
1883,BK0001883,1758,1,2,2025-08-20,2025-09-09,2025-09-16,,nightly,checked_out,False,7,20,37842.07,0.00,6433.15,5406.01,False
1884,BK0001884,6541,1,1,2025-09-04,2025-09-09,2025-09-10,2025-09-05,nightly,cancelled,True,1,5,3850.13,0.00,770.03,3850.13,False
1885,BK0001885,4463,1,7,2025-09-09,2025-09-09,2025-09-09,,microstay,checked_out,False,0,0,990.99,0.00,118.92,990.99,False
1886,BK0001886,6290,1,6,2025-09-02,2025-09-09,2025-09-12,2025-09-05,nightly,cancelled,True,3,7,16109.61,0.00,0.00,5369.87,False
1887,BK0001887,7552,1,1,2025-09-06,2025-09-09,2025-09-12,,nightly,checked_out,False,3,3,22361.64,0.00,4472.33,7453.88,False
1888,BK0001888,1326,1,1,2025-08-27,2025-09-09,2025-09-11,2025-09-02,nightly,cancelled,True,2,13,10633.02,0.00,2126.60,5316.51,False
1889,BK0001889,6068,1,2,2025-09-05,2025-09-09,2025-09-13,2025-09-06,nightly,cancelled,True,4,4,14880.68,0.00,2529.72,3720.17,False
1890,BK0001890,957,2,6,2025-09-02,2025-09-09,2025-09-14,,nightly,checked_out,False,5,7,23412.70,0.00,0.00,4682.54,False
1891,BK0001891,3628,2,8,2025-09-08,2025-09-09,2025-09-13,,nightly,checked_out,False,4,1,22697.00,0.00,0.00,5674.25,False
1892,BK0001892,4987,2,5,2025-09-04,2025-09-09,2025-09-14,,nightly,checked_out,False,5,5,18733.30,0.00,0.00,3746.66,False
1893,BK0001893,9079,2,2,2025-07-08,2025-09-09,2025-09-11,,nightly,checked_out,False,2,63,13190.42,1465.60,2242.37,6595.21,False
1894,BK0001894,897,1,5,2025-08-28,2025-09-10,2025-09-12,,nightly,checked_out,False,2,13,8522.20,0.00,0.00,4261.10,False
1895,BK0001895,5000,1,6,2025-09-08,2025-09-10,2025-09-14,,nightly,checked_out,False,4,2,14875.24,0.00,0.00,3718.81,False
1896,BK0001896,7357,1,6,2025-09-07,2025-09-10,2025-09-14,,nightly,checked_out,False,4,3,13144.28,1460.48,0.00,3286.07,False
1897,BK0001897,6891,1,1,2025-08-29,2025-09-10,2025-09-12,,nightly,checked_out,False,2,12,8494.44,0.00,1698.89,4247.22,False
1898,BK0001898,1323,2,5,2025-09-03,2025-09-10,2025-09-11,,nightly,checked_out,False,1,7,4137.72,0.00,0.00,4137.72,False
1899,BK0001899,2905,2,1,2025-09-01,2025-09-10,2025-09-13,,nightly,checked_out,False,3,9,10466.17,550.85,2093.23,3488.72,False
1900,BK0001900,58,2,7,2025-09-04,2025-09-10,2025-09-10,,microstay,checked_out,False,0,6,1453.68,0.00,174.44,1453.68,False
1901,BK0001901,359,2,6,2025-09-03,2025-09-10,2025-09-18,,nightly,checked_out,False,8,7,34940.72,0.00,0.00,4367.59,False
1902,BK0001902,5400,1,3,2025-09-02,2025-09-11,2025-09-15,,nightly,checked_out,False,4,9,16596.08,0.00,2987.29,4149.02,False
1903,BK0001903,3388,1,2,2025-09-02,2025-09-11,2025-09-14,2025-09-10,nightly,cancelled,True,3,9,16994.64,0.00,2889.09,5664.88,False
1904,BK0001904,6745,1,6,2025-09-08,2025-09-11,2025-09-12,,nightly,checked_out,False,1,3,4130.82,0.00,0.00,4130.82,False
1905,BK0001905,1622,1,7,2025-09-10,2025-09-11,2025-09-11,,microstay,checked_out,False,0,1,900.56,47.40,108.07,900.56,False
1906,BK0001906,2506,2,1,2025-09-04,2025-09-11,2025-09-15,,nightly,checked_out,False,4,7,13237.99,1470.89,2647.60,3309.50,False
1907,BK0001907,7182,2,6,2025-09-02,2025-09-11,2025-09-17,,nightly,checked_out,False,6,9,29678.52,0.00,0.00,4946.42,False
1908,BK0001908,7600,2,5,2025-08-12,2025-09-11,2025-09-12,,nightly,checked_out,False,1,30,6326.45,332.97,0.00,6326.45,False
1909,BK0001909,3517,2,1,2025-09-04,2025-09-11,2025-09-16,,nightly,checked_out,False,5,7,21688.21,1141.49,4337.64,4337.64,False
1910,BK0001910,3489,2,2,2025-08-13,2025-09-11,2025-09-12,,nightly,checked_out,False,1,29,5005.55,556.17,850.94,5005.55,False
1911,BK0001911,148,2,1,2025-08-20,2025-09-11,2025-09-17,,nightly,checked_out,False,6,22,27502.98,0.00,5500.60,4583.83,False
1912,BK0001912,1356,1,3,2025-09-08,2025-09-12,2025-09-13,2025-09-12,nightly,cancelled,True,1,4,3441.84,0.00,619.53,3441.84,False
1913,BK0001913,8898,1,2,2025-09-04,2025-09-12,2025-09-16,,nightly,no_show,False,4,8,17984.64,946.56,3057.39,4496.16,False
1914,BK0001914,4806,1,4,2025-08-29,2025-09-12,2025-10-03,,nightly,checked_out,False,21,14,69351.03,0.00,10402.65,3302.43,False
1915,BK0001915,7573,1,5,2025-09-05,2025-09-12,2025-09-15,2025-09-10,nightly,cancelled,True,3,7,12056.91,0.00,0.00,4018.97,False
1916,BK0001916,6009,1,2,2025-09-10,2025-09-12,2025-09-13,,nightly,checked_out,False,1,2,6242.43,328.55,1061.21,6242.43,False
1917,BK0001917,4627,1,6,2025-09-08,2025-09-13,2025-09-16,,nightly,checked_out,False,3,5,12107.91,0.00,0.00,4035.97,False
1918,BK0001918,8403,1,3,2025-08-19,2025-09-13,2025-09-14,2025-09-08,nightly,cancelled,True,1,25,3422.90,0.00,616.12,3422.90,False
1919,BK0001919,8179,1,6,2025-09-04,2025-09-13,2025-09-15,,nightly,checked_out,False,2,9,8441.71,1489.71,0.00,4220.86,False
1920,BK0001920,34,1,5,2025-09-02,2025-09-13,2025-09-14,2025-09-09,nightly,cancelled,True,1,11,3836.14,0.00,0.00,3836.14,False
1921,BK0001921,2981,1,2,2025-09-12,2025-09-14,2025-09-18,2025-09-14,nightly,cancelled,True,4,2,18471.80,0.00,3140.21,4617.95,False
1922,BK0001922,5261,1,5,2025-09-12,2025-09-14,2025-09-15,,nightly,checked_out,False,1,2,3495.15,0.00,0.00,3495.15,False
1923,BK0001923,6409,1,6,2025-09-06,2025-09-14,2025-09-27,,nightly,checked_out,False,13,8,48500.40,0.00,0.00,3730.80,False
1924,BK0001924,6571,1,3,2025-09-02,2025-09-14,2025-09-15,,nightly,checked_out,False,1,12,3708.93,0.00,667.61,3708.93,False
1925,BK0001925,8571,1,6,2025-09-11,2025-09-14,2025-09-20,,nightly,checked_out,False,6,3,24629.64,0.00,0.00,4104.94,False
1926,BK0001926,2737,2,7,2025-09-13,2025-09-14,2025-09-14,,microstay,checked_out,False,0,1,1981.89,0.00,237.83,1981.89,False
1927,BK0001927,6723,2,1,2025-07-31,2025-09-14,2025-09-15,,nightly,checked_out,False,1,45,3345.62,0.00,669.12,3345.62,False
1928,BK0001928,8166,2,4,2025-09-07,2025-09-14,2025-09-15,,nightly,checked_out,False,1,7,5060.40,0.00,759.06,5060.40,False
1929,BK0001929,1560,1,1,2025-09-10,2025-09-15,2025-09-16,,nightly,checked_out,False,1,5,3921.38,0.00,784.28,3921.38,False
1930,BK0001930,1348,1,5,2025-08-13,2025-09-15,2025-09-16,2025-09-10,nightly,cancelled,True,1,33,4356.32,0.00,0.00,4356.32,False
1931,BK0001931,2963,1,4,2025-09-10,2025-09-15,2025-09-25,,nightly,checked_out,False,10,5,38456.01,4272.89,5768.40,3845.60,False
1932,BK0001932,3338,1,5,2025-09-05,2025-09-15,2025-09-21,,nightly,checked_out,False,6,10,31780.92,0.00,0.00,5296.82,False
1933,BK0001933,6048,2,2,2025-08-28,2025-09-15,2025-09-16,2025-09-02,nightly,cancelled,True,1,18,6786.09,0.00,1153.64,6786.09,False
1934,BK0001934,4534,2,6,2025-09-14,2025-09-15,2025-09-16,,nightly,checked_out,False,1,1,7509.62,0.00,0.00,7509.62,False
1935,BK0001935,6329,2,1,2025-09-04,2025-09-15,2025-09-17,,nightly,checked_out,False,2,11,9445.02,0.00,1889.00,4722.51,False
1936,BK0001936,4622,2,8,2025-09-14,2025-09-15,2025-09-17,,nightly,checked_out,False,2,1,7492.10,0.00,0.00,3746.05,False
1937,BK0001937,7267,2,5,2025-09-11,2025-09-15,2025-09-21,,nightly,checked_out,False,6,4,21537.30,0.00,0.00,3589.55,False
1938,BK0001938,8269,2,2,2025-07-22,2025-09-15,2025-09-17,,nightly,checked_out,False,2,55,10787.34,0.00,1833.85,5393.67,False
1939,BK0001939,5853,1,2,2025-05-22,2025-09-16,2025-09-18,,nightly,checked_out,False,2,117,13704.78,0.00,2329.81,6852.39,False
1940,BK0001940,2900,1,4,2025-09-10,2025-09-16,2025-09-19,,nightly,checked_out,False,3,6,13285.53,0.00,1992.83,4428.51,False
1941,BK0001941,7948,1,2,2025-09-13,2025-09-16,2025-09-17,2025-09-13,nightly,cancelled,True,1,3,4358.79,0.00,740.99,4358.79,False
1942,BK0001942,6578,1,7,2025-09-15,2025-09-16,2025-09-16,,microstay,checked_out,False,0,1,1593.38,0.00,191.21,1593.38,False
1943,BK0001943,331,1,3,2025-09-08,2025-09-16,2025-09-21,,nightly,checked_out,False,5,8,22653.39,3997.66,4077.61,4530.68,False
1944,BK0001944,6721,1,2,2025-09-09,2025-09-16,2025-09-18,,nightly,checked_out,False,2,7,8667.65,963.07,1473.50,4333.83,False
1945,BK0001945,2890,1,3,2025-09-07,2025-09-16,2025-09-17,,nightly,checked_out,False,1,9,3759.60,0.00,676.73,3759.60,False
1946,BK0001946,2091,1,6,2025-09-04,2025-09-16,2025-09-24,2025-09-09,nightly,cancelled,True,8,12,34346.64,0.00,0.00,4293.33,False
1947,BK0001947,1967,2,1,2025-07-19,2025-09-16,2025-09-20,,nightly,checked_out,False,4,59,25469.91,4494.69,5093.98,6367.48,False
1948,BK0001948,5041,2,2,2025-09-08,2025-09-16,2025-09-17,,nightly,no_show,False,1,8,4387.09,0.00,745.81,4387.09,False
1949,BK0001949,7153,2,3,2025-09-08,2025-09-16,2025-09-22,2025-09-09,nightly,cancelled,True,6,8,25878.28,1362.02,4658.09,4313.05,False
1950,BK0001950,6508,2,5,2025-09-11,2025-09-16,2025-09-18,,nightly,checked_out,False,2,5,9337.10,0.00,0.00,4668.55,False
1951,BK0001951,2216,2,6,2025-09-14,2025-09-16,2025-09-18,,nightly,checked_out,False,2,2,10317.12,0.00,0.00,5158.56,False
1952,BK0001952,6868,2,4,2025-08-30,2025-09-16,2025-09-25,2025-09-11,nightly,cancelled,True,9,17,67627.98,0.00,10144.20,7514.22,False
1953,BK0001953,6607,2,7,2025-09-15,2025-09-16,2025-09-16,,microstay,checked_out,False,0,1,1911.61,0.00,229.39,1911.61,False
1954,BK0001954,7039,2,8,2025-09-15,2025-09-16,2025-09-17,,nightly,checked_out,False,1,1,6996.40,368.23,0.00,6996.40,False
1955,BK0001955,7085,2,4,2025-08-31,2025-09-16,2025-09-19,,nightly,checked_out,False,3,16,10880.47,572.66,1632.07,3626.82,False
1956,BK0001956,942,1,2,2025-05-20,2025-09-17,2025-09-20,2025-09-03,nightly,cancelled,True,3,120,12209.43,0.00,2075.60,4069.81,False
1957,BK0001957,4458,1,2,2025-08-09,2025-09-17,2025-09-26,2025-09-14,nightly,cancelled,True,9,39,38797.29,0.00,6595.54,4310.81,False
1958,BK0001958,3841,1,2,2025-08-29,2025-09-17,2025-09-21,,nightly,checked_out,False,4,19,28133.80,0.00,4782.75,7033.45,False
1959,BK0001959,9126,1,2,2025-09-11,2025-09-17,2025-09-20,,nightly,checked_out,False,3,6,11927.13,0.00,2027.61,3975.71,False
1960,BK0001960,5070,1,1,2025-09-14,2025-09-17,2025-09-21,,nightly,checked_out,False,4,3,18507.82,2056.42,3701.56,4626.96,False
1961,BK0001961,2967,1,2,2025-09-04,2025-09-17,2025-09-18,,nightly,checked_out,False,1,13,3390.12,0.00,576.32,3390.12,False
1962,BK0001962,5249,1,6,2025-09-12,2025-09-17,2025-09-20,,nightly,checked_out,False,3,5,10212.10,1134.68,0.00,3404.03,False
1963,BK0001963,191,1,6,2025-09-15,2025-09-17,2025-09-20,,nightly,checked_out,False,3,2,12700.48,668.45,0.00,4233.49,False
1964,BK0001964,8064,2,2,2025-08-20,2025-09-17,2025-09-20,,nightly,checked_out,False,3,28,12933.03,0.00,2198.62,4311.01,False
1965,BK0001965,7820,2,1,2025-08-29,2025-09-17,2025-09-22,,nightly,checked_out,False,5,19,20827.57,2314.18,4165.51,4165.51,False
1966,BK0001966,8430,2,5,2025-09-14,2025-09-17,2025-09-19,,nightly,checked_out,False,2,3,7226.12,0.00,0.00,3613.06,False
1967,BK0001967,8692,2,5,2025-09-01,2025-09-17,2025-09-21,,nightly,checked_out,False,4,16,29182.12,0.00,0.00,7295.53,False
1968,BK0001968,5932,2,5,2025-09-03,2025-09-17,2025-09-24,2025-09-12,nightly,cancelled,True,7,14,29845.27,0.00,0.00,4263.61,False
1969,BK0001969,255,2,2,2025-08-30,2025-09-17,2025-09-19,2025-09-01,nightly,cancelled,True,2,18,15703.96,826.52,2669.67,7851.98,False
1970,BK0001970,4103,1,5,2025-09-13,2025-09-18,2025-09-22,,nightly,checked_out,False,4,5,28652.44,0.00,0.00,7163.11,False
1971,BK0001971,9226,1,2,2025-09-08,2025-09-18,2025-09-21,,nightly,checked_out,False,3,10,10246.89,539.31,1741.97,3415.63,False
1972,BK0001972,7954,1,3,2025-08-22,2025-09-18,2025-09-19,2025-09-02,nightly,cancelled,True,1,27,3632.46,0.00,653.84,3632.46,False
1973,BK0001973,3893,1,5,2025-09-14,2025-09-18,2025-09-23,,nightly,checked_out,False,5,4,26781.85,0.00,0.00,5356.37,False
1974,BK0001974,1680,1,1,2025-09-11,2025-09-18,2025-09-19,,nightly,checked_out,False,1,7,4235.48,0.00,847.10,4235.48,False
1975,BK0001975,5196,1,3,2025-09-13,2025-09-18,2025-09-22,2025-09-16,nightly,cancelled,True,4,5,14392.16,757.48,2590.59,3598.04,False
1976,BK0001976,861,1,2,2025-09-07,2025-09-18,2025-09-23,2025-09-16,nightly,cancelled,True,5,11,33858.30,0.00,5755.91,6771.66,False
1977,BK0001977,1697,2,4,2025-09-14,2025-09-18,2025-09-19,,nightly,no_show,False,1,4,5936.90,0.00,890.53,5936.90,False
1978,BK0001978,5825,2,4,2025-08-15,2025-09-18,2025-09-20,,nightly,checked_out,False,2,34,8741.02,0.00,1311.15,4370.51,False
1979,BK0001979,5254,2,1,2025-09-09,2025-09-18,2025-09-20,,nightly,checked_out,False,2,9,13493.42,0.00,2698.68,6746.71,False
1980,BK0001980,4354,2,3,2025-08-28,2025-09-18,2025-09-23,2025-08-30,nightly,cancelled,True,5,21,21955.80,0.00,3952.04,4391.16,False
1981,BK0001981,2348,1,7,2025-09-18,2025-09-19,2025-09-19,,microstay,checked_out,False,0,1,1151.57,0.00,138.19,1151.57,False
1982,BK0001982,1726,1,1,2025-09-14,2025-09-19,2025-09-21,2025-09-18,nightly,cancelled,True,2,5,10315.04,0.00,2063.01,5157.52,False
1983,BK0001983,2212,1,2,2025-09-12,2025-09-19,2025-09-20,,nightly,checked_out,False,1,7,3956.73,0.00,672.64,3956.73,False
1984,BK0001984,5522,1,2,2025-08-13,2025-09-19,2025-09-21,2025-08-24,nightly,cancelled,True,2,37,5679.75,1002.31,965.56,2839.88,False
1985,BK0001985,5468,2,2,2025-09-07,2025-09-19,2025-09-20,,nightly,checked_out,False,1,12,4350.20,0.00,739.53,4350.20,False
1986,BK0001986,160,2,6,2025-09-17,2025-09-19,2025-10-01,,nightly,checked_out,False,12,2,42512.76,0.00,0.00,3542.73,False
1987,BK0001987,2739,2,2,2025-09-13,2025-09-19,2025-09-22,,nightly,checked_out,False,3,6,16030.26,0.00,2725.14,5343.42,False
1988,BK0001988,8577,1,2,2025-05-23,2025-09-20,2025-09-21,,nightly,checked_out,False,1,120,3904.70,0.00,663.80,3904.70,False
1989,BK0001989,7674,1,1,2025-09-15,2025-09-20,2025-09-21,,nightly,checked_out,False,1,5,3664.23,0.00,732.85,3664.23,False
1990,BK0001990,7223,1,6,2025-09-16,2025-09-20,2025-09-22,,nightly,checked_out,False,2,4,7002.38,0.00,0.00,3501.19,False
1991,BK0001991,5539,1,6,2025-09-18,2025-09-20,2025-09-24,,nightly,checked_out,False,4,2,12987.20,0.00,0.00,3246.80,False
1992,BK0001992,5939,1,1,2025-08-30,2025-09-20,2025-09-23,,nightly,checked_out,False,3,21,10346.83,1825.91,2069.37,3448.94,False
1993,BK0001993,6578,2,6,2025-08-05,2025-09-20,2025-10-11,,nightly,checked_out,False,21,46,71957.59,7995.29,0.00,3426.55,False
1994,BK0001994,6763,2,6,2025-09-08,2025-09-20,2025-09-23,,nightly,checked_out,False,3,12,11464.09,1273.79,0.00,3821.36,False
1995,BK0001995,4789,2,2,2025-09-17,2025-09-20,2025-09-23,,nightly,checked_out,False,3,3,13494.18,710.22,2294.01,4498.06,False
1996,BK0001996,910,2,5,2025-09-10,2025-09-20,2025-09-24,,nightly,checked_out,False,4,10,14783.04,0.00,0.00,3695.76,False
1997,BK0001997,191,1,2,2025-09-03,2025-09-21,2025-09-22,2025-09-06,nightly,cancelled,True,1,18,3706.39,0.00,630.09,3706.39,False
1998,BK0001998,9220,1,1,2025-08-23,2025-09-21,2025-09-23,2025-09-21,nightly,cancelled,True,2,29,9885.36,520.28,1977.07,4942.68,False
1999,BK0001999,7328,2,5,2025-09-16,2025-09-21,2025-09-22,,nightly,checked_out,False,1,5,3353.32,176.49,0.00,3353.32,False
2000,BK0002000,9169,2,3,2025-08-17,2025-09-21,2025-09-23,,nightly,checked_out,False,2,35,13624.06,0.00,2452.33,6812.03,False
2001,BK0002001,3415,2,4,2025-09-10,2025-09-21,2025-09-22,,nightly,checked_out,False,1,11,4931.43,0.00,739.71,4931.43,False
2002,BK0002002,900,2,6,2025-09-15,2025-09-21,2025-09-23,,nightly,checked_out,False,2,6,12967.70,0.00,0.00,6483.85,False
2003,BK0002003,7231,2,5,2025-09-19,2025-09-21,2025-09-23,,nightly,checked_out,False,2,2,6813.72,0.00,0.00,3406.86,False
2004,BK0002004,1091,2,1,2025-09-18,2025-09-21,2025-09-22,,nightly,checked_out,False,1,3,6185.72,325.56,1237.14,6185.72,False
2005,BK0002005,7943,1,1,2025-09-19,2025-09-22,2025-09-23,,nightly,checked_out,False,1,3,3345.24,0.00,669.05,3345.24,False
2006,BK0002006,2528,1,2,2025-09-14,2025-09-22,2025-09-23,,nightly,checked_out,False,1,8,5180.77,0.00,880.73,5180.77,False
2007,BK0002007,5110,1,7,2025-09-21,2025-09-22,2025-09-22,,microstay,checked_out,False,0,1,992.06,0.00,119.05,992.06,False
2008,BK0002008,4150,1,1,2025-09-16,2025-09-22,2025-09-28,,nightly,checked_out,False,6,6,32640.00,0.00,6528.00,5440.00,False
2009,BK0002009,3347,1,6,2025-09-19,2025-09-22,2025-10-03,,nightly,checked_out,False,11,3,55604.14,2926.53,0.00,5054.92,False
2010,BK0002010,2594,1,1,2025-09-17,2025-09-22,2025-09-25,,nightly,checked_out,False,3,5,12825.48,0.00,2565.10,4275.16,False
2011,BK0002011,5061,1,1,2025-09-12,2025-09-22,2025-09-25,,nightly,checked_out,False,3,10,13195.35,0.00,2639.07,4398.45,False
2012,BK0002012,454,1,6,2025-09-15,2025-09-22,2025-09-25,,nightly,checked_out,False,3,7,12666.27,0.00,0.00,4222.09,False
2013,BK0002013,2810,1,5,2025-07-29,2025-09-22,2025-09-23,,nightly,checked_out,False,1,55,7360.69,0.00,0.00,7360.69,False
2014,BK0002014,3183,1,2,2025-09-17,2025-09-22,2025-09-25,,nightly,checked_out,False,3,5,19781.08,1041.11,3362.78,6593.69,False
2015,BK0002015,5699,2,6,2025-09-11,2025-09-22,2025-09-23,,nightly,checked_out,False,1,11,7420.88,0.00,0.00,7420.88,False
2016,BK0002016,6231,2,1,2025-09-13,2025-09-22,2025-09-23,,nightly,checked_out,False,1,9,4476.90,0.00,895.38,4476.90,False
2017,BK0002017,4415,2,3,2025-09-14,2025-09-22,2025-09-24,,nightly,checked_out,False,2,8,10840.14,0.00,1951.23,5420.07,False
2018,BK0002018,174,2,7,2025-09-22,2025-09-22,2025-09-22,,microstay,checked_out,False,0,0,1484.07,0.00,178.09,1484.07,False
2019,BK0002019,2090,2,2,2025-09-17,2025-09-22,2025-09-28,2025-09-18,nightly,cancelled,True,6,5,23250.12,0.00,3952.52,3875.02,False
2020,BK0002020,58,2,1,2025-09-10,2025-09-22,2025-09-23,,nightly,checked_out,False,1,12,3650.51,644.21,730.10,3650.51,False
2021,BK0002021,6466,2,3,2025-08-13,2025-09-22,2025-09-24,,nightly,checked_out,False,2,40,7297.84,0.00,1313.61,3648.92,False
2022,BK0002022,1481,1,8,2025-09-23,2025-09-23,2025-09-24,,nightly,checked_out,False,1,0,5382.39,0.00,0.00,5382.39,False
2023,BK0002023,3679,1,3,2025-08-16,2025-09-23,2025-09-24,,nightly,checked_out,False,1,38,4998.36,0.00,899.70,4998.36,False
2024,BK0002024,6646,1,2,2025-08-01,2025-09-23,2025-09-25,,nightly,checked_out,False,2,53,13325.94,0.00,2265.41,6662.97,False
2025,BK0002025,2986,1,1,2025-09-07,2025-09-23,2025-09-27,,nightly,checked_out,False,4,16,13225.07,1469.45,2645.01,3306.27,False
2026,BK0002026,3002,1,2,2025-09-16,2025-09-23,2025-09-25,2025-09-23,nightly,cancelled,True,2,7,7127.70,375.14,1211.71,3563.85,False
2027,BK0002027,2898,1,1,2025-09-01,2025-09-23,2025-09-26,2025-09-11,nightly,cancelled,True,3,22,14439.00,0.00,2887.80,4813.00,False
2028,BK0002028,3028,1,1,2025-09-02,2025-09-23,2025-09-24,,nightly,checked_out,False,1,21,3328.09,369.79,665.62,3328.09,False
2029,BK0002029,8313,1,1,2025-09-06,2025-09-23,2025-09-27,,nightly,checked_out,False,4,17,14996.58,2646.46,2999.32,3749.15,False
2030,BK0002030,6724,2,5,2025-09-21,2025-09-23,2025-09-27,,nightly,checked_out,False,4,2,26910.92,0.00,0.00,6727.73,False
2031,BK0002031,8742,2,2,2025-08-23,2025-09-23,2025-09-26,2025-09-21,nightly,cancelled,True,3,31,12737.22,0.00,2165.33,4245.74,False
2032,BK0002032,8168,2,4,2025-09-21,2025-09-23,2025-09-26,,nightly,checked_out,False,3,2,11633.82,0.00,1745.07,3877.94,False
2033,BK0002033,6887,2,6,2025-09-19,2025-09-23,2025-09-30,,nightly,checked_out,False,7,4,29256.01,0.00,0.00,4179.43,False
2034,BK0002034,4868,1,7,2025-09-24,2025-09-24,2025-09-24,2025-09-23,microstay,cancelled,True,0,0,1205.08,0.00,144.61,1205.08,False
2035,BK0002035,602,1,1,2025-09-13,2025-09-24,2025-09-25,,nightly,no_show,False,1,11,4253.63,472.63,850.73,4253.63,False
2036,BK0002036,1061,2,2,2025-09-11,2025-09-24,2025-09-27,,nightly,checked_out,False,3,13,12339.35,1371.04,2097.69,4113.12,False
2037,BK0002037,434,2,1,2025-09-21,2025-09-24,2025-09-25,2025-09-23,nightly,cancelled,True,1,3,3415.72,179.77,683.14,3415.72,False
2038,BK0002038,2532,2,5,2025-09-18,2025-09-24,2025-09-26,,nightly,checked_out,False,2,6,13884.38,0.00,0.00,6942.19,False
2039,BK0002039,7038,1,1,2025-09-20,2025-09-25,2025-09-27,,nightly,checked_out,False,2,5,11648.72,0.00,2329.74,5824.36,False
2040,BK0002040,4890,1,7,2025-09-24,2025-09-25,2025-09-25,,microstay,checked_out,False,0,1,1911.63,100.61,229.40,1911.63,False
2041,BK0002041,3015,1,5,2025-09-24,2025-09-25,2025-09-27,,nightly,checked_out,False,2,1,8783.04,0.00,0.00,4391.52,False
2042,BK0002042,2247,1,1,2025-09-16,2025-09-25,2025-09-27,2025-09-22,nightly,cancelled,True,2,9,10025.94,0.00,2005.19,5012.97,False
2043,BK0002043,6616,1,3,2025-09-20,2025-09-25,2025-10-02,,nightly,checked_out,False,7,5,27416.69,1442.98,4935.00,3916.67,False
2044,BK0002044,724,2,2,2025-09-17,2025-09-25,2025-09-28,,nightly,checked_out,False,3,8,21314.27,1121.80,3623.43,7104.76,False
2045,BK0002045,4988,2,4,2025-09-22,2025-09-25,2025-09-28,,nightly,checked_out,False,3,3,12689.82,667.89,1903.47,4229.94,False
2046,BK0002046,8464,2,7,2025-09-24,2025-09-25,2025-09-25,2025-09-25,microstay,cancelled,True,0,1,2206.25,0.00,264.75,2206.25,False
2047,BK0002047,500,2,6,2025-09-20,2025-09-25,2025-09-27,,nightly,checked_out,False,2,5,6740.58,0.00,0.00,3370.29,False
2048,BK0002048,3505,2,7,2025-09-23,2025-09-25,2025-09-25,,microstay,checked_out,False,0,2,1509.63,0.00,181.16,1509.63,False
2049,BK0002049,6236,1,6,2025-09-24,2025-09-26,2025-09-28,,nightly,checked_out,False,2,2,13233.30,0.00,0.00,6616.65,False
2050,BK0002050,6047,2,3,2025-09-23,2025-09-26,2025-09-27,,nightly,checked_out,False,1,3,5159.39,0.00,928.69,5159.39,False
2051,BK0002051,4192,2,5,2025-09-08,2025-09-26,2025-09-30,,nightly,checked_out,False,4,18,14665.52,0.00,0.00,3666.38,False
2052,BK0002052,4894,1,8,2025-09-27,2025-09-27,2025-09-28,,nightly,checked_out,False,1,0,3824.47,0.00,0.00,3824.47,False
2053,BK0002053,4352,1,2,2025-09-25,2025-09-27,2025-09-30,,nightly,checked_out,False,3,2,15430.50,0.00,2623.18,5143.50,False
2054,BK0002054,3828,1,4,2025-09-10,2025-09-27,2025-10-05,,nightly,checked_out,False,8,17,48261.52,0.00,7239.23,6032.69,False
2055,BK0002055,5109,2,2,2025-09-20,2025-09-27,2025-09-30,,nightly,checked_out,False,3,7,12977.79,1441.98,2206.22,4325.93,False
2056,BK0002056,1164,2,4,2025-08-31,2025-09-27,2025-09-28,,nightly,checked_out,False,1,27,5307.30,0.00,796.10,5307.30,False
2057,BK0002057,4909,1,3,2025-09-19,2025-09-28,2025-10-01,,nightly,checked_out,False,3,9,12349.56,0.00,2222.92,4116.52,False
2058,BK0002058,4440,1,6,2025-09-20,2025-09-28,2025-10-04,,nightly,checked_out,False,6,8,21387.62,2376.40,0.00,3564.60,False
2059,BK0002059,6124,2,5,2025-09-19,2025-09-28,2025-10-01,2025-09-24,nightly,cancelled,True,3,9,10143.83,533.89,0.00,3381.28,False
2060,BK0002060,9256,2,3,2025-09-20,2025-09-28,2025-09-29,,nightly,checked_out,False,1,8,6807.13,0.00,1225.28,6807.13,False
2061,BK0002061,3988,2,1,2025-09-19,2025-09-28,2025-09-29,,nightly,checked_out,False,1,9,5238.33,0.00,1047.67,5238.33,False
2062,BK0002062,4686,2,2,2025-09-04,2025-09-28,2025-09-29,,nightly,checked_out,False,1,24,4316.49,0.00,733.80,4316.49,False
2063,BK0002063,239,2,6,2025-09-25,2025-09-28,2025-10-07,,nightly,checked_out,False,9,3,62140.86,0.00,0.00,6904.54,False
2064,BK0002064,560,2,6,2025-09-27,2025-09-28,2025-10-07,,nightly,checked_out,False,9,1,29433.69,0.00,0.00,3270.41,False
2065,BK0002065,3971,2,1,2025-09-25,2025-09-28,2025-09-30,,nightly,checked_out,False,2,3,11322.11,1258.01,2264.42,5661.06,False
2066,BK0002066,5215,2,2,2025-08-15,2025-09-28,2025-09-29,2025-09-19,nightly,cancelled,True,1,44,3601.86,0.00,612.32,3601.86,False
2067,BK0002067,9330,1,2,2025-09-25,2025-09-29,2025-10-01,,nightly,checked_out,False,2,4,8717.38,0.00,1481.95,4358.69,False
2068,BK0002068,2716,1,6,2025-09-24,2025-09-29,2025-10-06,,nightly,checked_out,False,7,5,31816.89,3535.21,0.00,4545.27,False
2069,BK0002069,2245,1,1,2025-09-19,2025-09-29,2025-09-30,,nightly,checked_out,False,1,10,6800.47,0.00,1360.09,6800.47,False
2070,BK0002070,7670,1,1,2025-09-11,2025-09-29,2025-10-01,,nightly,checked_out,False,2,18,8569.20,0.00,1713.84,4284.60,False
2071,BK0002071,6878,1,1,2025-09-26,2025-09-29,2025-10-01,,nightly,checked_out,False,2,3,6911.19,363.75,1382.24,3455.60,False
2072,BK0002072,5145,1,2,2025-09-22,2025-09-29,2025-10-02,2025-09-25,nightly,cancelled,True,3,7,12061.50,0.00,2050.45,4020.50,False
2073,BK0002073,4659,1,1,2025-09-23,2025-09-29,2025-09-30,,nightly,checked_out,False,1,6,4261.26,0.00,852.25,4261.26,False
2074,BK0002074,9358,1,3,2025-09-20,2025-09-29,2025-09-30,,nightly,checked_out,False,1,9,3721.90,0.00,669.94,3721.90,False
2075,BK0002075,7824,1,1,2025-09-23,2025-09-29,2025-09-30,2025-09-26,nightly,cancelled,True,1,6,4119.22,0.00,823.84,4119.22,False
2076,BK0002076,7667,2,4,2025-08-30,2025-09-29,2025-10-05,,nightly,checked_out,False,6,30,32177.88,0.00,4826.68,5362.98,False
2077,BK0002077,539,2,6,2025-09-27,2025-09-29,2025-09-30,,nightly,checked_out,False,1,2,8537.58,0.00,0.00,8537.58,False
2078,BK0002078,4534,1,1,2025-08-29,2025-09-30,2025-10-01,2025-09-30,nightly,cancelled,True,1,32,3796.83,670.03,759.37,3796.83,False
2079,BK0002079,36,1,8,2025-09-29,2025-09-30,2025-10-01,,nightly,checked_out,False,1,1,4970.38,552.26,0.00,4970.38,False
2080,BK0002080,728,1,6,2025-09-22,2025-09-30,2025-10-04,2025-09-23,nightly,cancelled,True,4,8,13968.12,735.16,0.00,3492.03,False
2081,BK0002081,3678,1,6,2025-09-22,2025-09-30,2025-10-05,,nightly,checked_out,False,5,8,17931.06,943.74,0.00,3586.21,False
2082,BK0002082,4265,1,6,2025-09-19,2025-09-30,2025-10-16,,nightly,checked_out,False,16,11,69768.15,3672.01,0.00,4360.51,False
2083,BK0002083,408,2,1,2025-09-24,2025-09-30,2025-10-04,,nightly,checked_out,False,4,6,29135.24,0.00,5827.05,7283.81,False
2084,BK0002084,4928,2,1,2025-09-20,2025-09-30,2025-10-03,2025-09-21,nightly,cancelled,True,3,10,13664.91,0.00,2732.98,4554.97,False
2085,BK0002085,5528,2,8,2025-09-29,2025-09-30,2025-10-04,,nightly,checked_out,False,4,1,33879.04,0.00,0.00,8469.76,False
2086,BK0002086,6884,2,6,2025-09-26,2025-09-30,2025-10-04,,nightly,checked_out,False,4,4,21336.24,0.00,0.00,5334.06,False
2087,BK0002087,3889,2,5,2025-09-27,2025-09-30,2025-10-02,,nightly,checked_out,False,2,3,11259.82,0.00,0.00,5629.91,False
2088,BK0002088,8044,1,1,2025-09-11,2025-10-01,2025-10-03,,nightly,checked_out,False,2,20,7478.36,0.00,1495.67,3739.18,False
2089,BK0002089,4607,1,5,2025-09-13,2025-10-01,2025-10-03,,nightly,checked_out,False,2,18,7865.07,413.95,0.00,3932.54,False
2090,BK0002090,6097,1,4,2025-09-25,2025-10-01,2025-10-02,,nightly,checked_out,False,1,6,5888.89,1039.21,883.33,5888.89,False
2091,BK0002091,629,1,3,2025-09-22,2025-10-01,2025-10-03,,nightly,checked_out,False,2,9,9889.80,520.52,1780.16,4944.90,False
2092,BK0002092,8921,1,7,2025-10-01,2025-10-01,2025-10-01,,microstay,checked_out,False,0,0,923.55,102.62,110.83,923.55,False
2093,BK0002093,6718,1,5,2025-09-27,2025-10-01,2025-10-03,,nightly,checked_out,False,2,4,7902.08,0.00,0.00,3951.04,False
2094,BK0002094,6129,1,1,2025-09-02,2025-10-01,2025-10-02,2025-09-14,nightly,cancelled,True,1,29,4044.61,0.00,808.92,4044.61,False
2095,BK0002095,1340,1,2,2025-09-15,2025-10-01,2025-10-05,,nightly,checked_out,False,4,16,16908.76,0.00,2874.49,4227.19,False
2096,BK0002096,5218,2,6,2025-09-23,2025-10-01,2025-10-07,,nightly,checked_out,False,6,8,25395.36,0.00,0.00,4232.56,False
2097,BK0002097,1142,2,1,2025-09-20,2025-10-01,2025-10-02,2025-09-27,nightly,cancelled,True,1,11,4517.52,237.76,903.50,4517.52,False
2098,BK0002098,1241,1,5,2025-09-29,2025-10-02,2025-10-07,,nightly,checked_out,False,5,3,34752.05,0.00,0.00,6950.41,False
2099,BK0002099,2097,1,2,2025-09-19,2025-10-02,2025-10-04,,nightly,checked_out,False,2,13,9734.76,0.00,1654.91,4867.38,False
2100,BK0002100,8779,1,2,2025-09-28,2025-10-02,2025-10-05,,nightly,checked_out,False,3,4,11063.37,0.00,1880.77,3687.79,False
2101,BK0002101,2221,1,6,2025-09-20,2025-10-02,2025-10-06,,nightly,checked_out,False,4,12,17797.44,0.00,0.00,4449.36,False
2102,BK0002102,7452,2,1,2025-09-26,2025-10-02,2025-10-04,2025-09-26,nightly,cancelled,True,2,6,13159.37,1462.15,2631.87,6579.69,False
2103,BK0002103,1315,2,7,2025-10-02,2025-10-02,2025-10-02,,microstay,checked_out,False,0,0,1205.68,0.00,144.68,1205.68,False
2104,BK0002104,299,2,1,2025-09-20,2025-10-02,2025-10-03,,nightly,checked_out,False,1,12,4239.84,223.15,847.97,4239.84,False
2105,BK0002105,5900,2,5,2025-08-31,2025-10-02,2025-10-03,,nightly,checked_out,False,1,32,3305.91,174.00,0.00,3305.91,False
2106,BK0002106,3534,1,5,2025-09-28,2025-10-03,2025-10-04,,nightly,checked_out,False,1,5,3704.28,0.00,0.00,3704.28,False
2107,BK0002107,667,1,2,2025-08-24,2025-10-03,2025-10-04,2025-08-30,nightly,cancelled,True,1,40,3914.78,0.00,665.51,3914.78,False
2108,BK0002108,6723,1,2,2025-09-26,2025-10-03,2025-10-04,,nightly,checked_out,False,1,7,5258.05,0.00,893.87,5258.05,False
2109,BK0002109,5452,1,3,2025-09-28,2025-10-03,2025-10-10,2025-10-03,nightly,cancelled,True,7,5,33313.98,0.00,5996.52,4759.14,False
2110,BK0002110,308,1,6,2025-10-01,2025-10-03,2025-10-04,,nightly,checked_out,False,1,2,3370.13,0.00,0.00,3370.13,False
2111,BK0002111,4894,2,1,2025-09-26,2025-10-03,2025-10-07,,nightly,checked_out,False,4,7,16478.60,0.00,3295.72,4119.65,False
2112,BK0002112,8739,2,6,2025-09-28,2025-10-03,2025-10-09,,nightly,checked_out,False,6,5,28222.20,0.00,0.00,4703.70,False
2113,BK0002113,5181,2,7,2025-10-02,2025-10-03,2025-10-03,,microstay,checked_out,False,0,1,903.91,0.00,108.47,903.91,False
2114,BK0002114,4586,2,1,2025-09-27,2025-10-03,2025-10-04,,nightly,checked_out,False,1,6,3158.57,0.00,631.71,3158.57,False
2115,BK0002115,9292,1,8,2025-10-04,2025-10-04,2025-10-05,,nightly,checked_out,False,1,0,3998.64,0.00,0.00,3998.64,False
2116,BK0002116,1910,1,1,2025-10-01,2025-10-04,2025-10-07,2025-10-01,nightly,cancelled,True,3,3,13235.29,1470.59,2647.06,4411.76,False
2117,BK0002117,1808,1,6,2025-09-21,2025-10-04,2025-10-08,,nightly,checked_out,False,4,13,18248.04,2027.56,0.00,4562.01,False
2118,BK0002118,2335,1,7,2025-10-02,2025-10-04,2025-10-04,,microstay,checked_out,False,0,2,860.65,0.00,103.28,860.65,False
2119,BK0002119,5969,2,5,2025-09-29,2025-10-04,2025-10-08,,nightly,checked_out,False,4,5,13374.68,0.00,0.00,3343.67,False
2120,BK0002120,4979,2,2,2025-09-27,2025-10-04,2025-10-05,,nightly,checked_out,False,1,7,4471.13,235.32,760.09,4471.13,False
2121,BK0002121,8863,2,5,2025-10-01,2025-10-04,2025-10-05,,nightly,checked_out,False,1,3,3826.94,0.00,0.00,3826.94,False
2122,BK0002122,6124,2,5,2025-10-02,2025-10-04,2025-10-05,2025-10-04,nightly,cancelled,True,1,2,2984.66,526.71,0.00,2984.66,False
2123,BK0002123,705,2,6,2025-09-29,2025-10-04,2025-10-06,,nightly,checked_out,False,2,5,11306.33,595.07,0.00,5653.17,False
2124,BK0002124,1013,1,1,2025-09-19,2025-10-05,2025-10-06,,nightly,checked_out,False,1,16,3911.40,0.00,782.28,3911.40,False
2125,BK0002125,6187,1,2,2025-09-20,2025-10-05,2025-10-13,,nightly,checked_out,False,8,15,26713.76,0.00,4541.34,3339.22,False
2126,BK0002126,2495,2,3,2025-09-07,2025-10-05,2025-10-06,,nightly,checked_out,False,1,28,3273.54,0.00,589.24,3273.54,False
2127,BK0002127,3250,2,1,2025-09-01,2025-10-05,2025-10-06,,nightly,checked_out,False,1,34,6704.36,0.00,1340.87,6704.36,False
2128,BK0002128,6637,2,6,2025-10-02,2025-10-05,2025-10-08,,nightly,checked_out,False,3,3,15279.66,0.00,0.00,5093.22,False
2129,BK0002129,7781,1,2,2025-09-12,2025-10-06,2025-10-07,,nightly,checked_out,False,1,24,3642.44,0.00,619.21,3642.44,False
2130,BK0002130,1487,1,4,2025-09-28,2025-10-06,2025-10-08,,nightly,checked_out,False,2,8,9607.36,1067.48,1441.10,4803.68,False
2131,BK0002131,4427,2,1,2025-08-09,2025-10-06,2025-10-10,,nightly,checked_out,False,4,58,20904.60,0.00,4180.92,5226.15,False
2132,BK0002132,1000,2,7,2025-10-05,2025-10-06,2025-10-06,,microstay,checked_out,False,0,1,1325.71,0.00,159.09,1325.71,False
2133,BK0002133,9193,2,2,2025-10-01,2025-10-06,2025-10-10,,nightly,checked_out,False,4,5,15742.55,1749.17,2676.23,3935.64,False
2134,BK0002134,7116,1,2,2025-08-29,2025-10-07,2025-10-08,,nightly,checked_out,False,1,39,5109.41,0.00,868.60,5109.41,False
2135,BK0002135,6840,1,1,2025-10-03,2025-10-07,2025-10-08,2025-10-05,nightly,cancelled,True,1,4,3474.54,0.00,694.91,3474.54,False
2136,BK0002136,2456,1,4,2025-08-28,2025-10-07,2025-10-08,,nightly,checked_out,False,1,40,4414.67,0.00,662.20,4414.67,False
2137,BK0002137,482,1,1,2025-10-04,2025-10-07,2025-10-08,,nightly,checked_out,False,1,3,6006.17,1059.91,1201.23,6006.17,False
2138,BK0002138,8203,1,5,2025-10-06,2025-10-07,2025-10-08,,nightly,checked_out,False,1,1,3578.04,0.00,0.00,3578.04,False
2139,BK0002139,4384,1,5,2025-09-22,2025-10-07,2025-10-07,,nightly,checked_out,False,0,15,37819.18,0.00,0.00,37819.18,False
2140,BK0002140,4053,1,1,2025-09-26,2025-10-07,2025-10-10,,nightly,checked_out,False,3,11,13101.90,0.00,2620.38,4367.30,False
2141,BK0002141,5355,1,2,2025-09-18,2025-10-07,2025-10-09,,nightly,checked_out,False,2,19,7155.08,0.00,1216.36,3577.54,False
2142,BK0002142,4987,2,6,2025-10-03,2025-10-07,2025-10-13,,nightly,checked_out,False,6,4,21457.50,0.00,0.00,3576.25,False
2143,BK0002143,2411,2,6,2025-09-29,2025-10-07,2025-10-08,,nightly,no_show,False,1,8,7016.01,0.00,0.00,7016.01,False
2144,BK0002144,191,2,1,2025-09-11,2025-10-07,2025-10-08,,nightly,no_show,False,1,26,7185.72,0.00,1437.14,7185.72,False
2145,BK0002145,7918,2,6,2025-10-01,2025-10-07,2025-10-09,,nightly,checked_out,False,2,6,15788.64,0.00,0.00,7894.32,False
2146,BK0002146,5246,2,2,2025-09-29,2025-10-07,2025-10-11,,nightly,checked_out,False,4,8,14958.24,0.00,2542.90,3739.56,False
2147,BK0002147,798,1,2,2025-09-26,2025-10-08,2025-10-14,,nightly,checked_out,False,6,12,22215.45,3920.37,3776.63,3702.58,False
2148,BK0002148,3269,1,4,2025-09-09,2025-10-08,2025-10-13,,nightly,checked_out,False,5,29,25156.05,0.00,3773.41,5031.21,False
2149,BK0002149,3269,1,5,2025-10-06,2025-10-08,2025-10-12,,nightly,checked_out,False,4,2,16146.72,0.00,0.00,4036.68,False
2150,BK0002150,9190,1,6,2025-10-05,2025-10-08,2025-10-13,,nightly,checked_out,False,5,3,15125.94,1680.66,0.00,3025.19,False
2151,BK0002151,1783,1,7,2025-10-06,2025-10-08,2025-10-08,,microstay,checked_out,False,0,2,958.76,0.00,115.05,958.76,False
2152,BK0002152,6884,1,2,2025-08-15,2025-10-08,2025-10-11,,nightly,checked_out,False,3,54,19200.84,0.00,3264.14,6400.28,False
2153,BK0002153,5218,1,1,2025-09-24,2025-10-08,2025-10-12,,nightly,checked_out,False,4,14,21758.00,0.00,4351.60,5439.50,False
2154,BK0002154,2197,1,1,2025-09-28,2025-10-08,2025-10-09,,nightly,checked_out,False,1,10,7242.42,0.00,1448.48,7242.42,False
2155,BK0002155,928,1,2,2025-10-02,2025-10-08,2025-10-09,,nightly,checked_out,False,1,6,3780.59,667.16,642.70,3780.59,False
2156,BK0002156,7473,2,2,2025-09-10,2025-10-08,2025-10-11,,nightly,checked_out,False,3,28,20444.10,1076.01,3475.50,6814.70,False
2157,BK0002157,7947,2,5,2025-09-21,2025-10-08,2025-10-11,,nightly,checked_out,False,3,17,20476.32,0.00,0.00,6825.44,False
2158,BK0002158,8208,2,5,2025-09-14,2025-10-08,2025-10-10,2025-09-18,nightly,cancelled,True,2,24,8851.64,0.00,0.00,4425.82,False
2159,BK0002159,7948,2,2,2025-10-06,2025-10-08,2025-10-09,,nightly,checked_out,False,1,2,4726.59,0.00,803.52,4726.59,False
2160,BK0002160,6783,2,2,2025-09-24,2025-10-08,2025-10-12,,nightly,checked_out,False,4,14,19841.32,0.00,3373.02,4960.33,False
2161,BK0002161,2590,2,1,2025-09-23,2025-10-08,2025-10-11,2025-09-27,nightly,cancelled,True,3,15,22990.62,0.00,4598.12,7663.54,False
2162,BK0002162,5607,2,1,2025-09-27,2025-10-08,2025-10-12,,nightly,checked_out,False,4,11,15613.60,1734.84,3122.72,3903.40,False
2163,BK0002163,9100,2,6,2025-10-06,2025-10-08,2025-10-09,,nightly,checked_out,False,1,2,3533.64,0.00,0.00,3533.64,False
2164,BK0002164,3388,2,6,2025-10-02,2025-10-08,2025-10-28,,nightly,checked_out,False,20,6,79335.64,4175.56,0.00,3966.78,False
2165,BK0002165,8485,1,6,2025-09-26,2025-10-09,2025-10-28,,nightly,checked_out,False,19,13,74028.18,0.00,0.00,3896.22,False
2166,BK0002166,6182,1,2,2025-09-30,2025-10-09,2025-10-10,,nightly,checked_out,False,1,9,6625.30,736.14,1126.30,6625.30,False
2167,BK0002167,4494,2,5,2025-10-04,2025-10-09,2025-10-16,,nightly,checked_out,False,7,5,24242.34,2693.59,0.00,3463.19,False
2168,BK0002168,6210,2,2,2025-09-21,2025-10-09,2025-10-10,,nightly,checked_out,False,1,18,5259.52,0.00,894.12,5259.52,False
2169,BK0002169,4299,2,7,2025-10-09,2025-10-09,2025-10-09,,microstay,checked_out,False,0,0,986.12,0.00,118.33,986.12,False
2170,BK0002170,2610,2,1,2025-10-06,2025-10-09,2025-10-10,,nightly,checked_out,False,1,3,7655.51,402.92,1531.10,7655.51,False
2171,BK0002171,739,1,7,2025-10-10,2025-10-10,2025-10-10,,microstay,checked_out,False,0,0,1116.76,0.00,134.01,1116.76,False
2172,BK0002172,1898,1,5,2025-09-29,2025-10-10,2025-10-11,2025-10-09,nightly,cancelled,True,1,11,4557.03,0.00,0.00,4557.03,False
2173,BK0002173,2253,1,5,2025-10-03,2025-10-10,2025-10-11,,nightly,checked_out,False,1,7,4052.89,0.00,0.00,4052.89,False
2174,BK0002174,199,1,6,2025-10-08,2025-10-10,2025-10-11,,nightly,checked_out,False,1,2,5051.99,0.00,0.00,5051.99,False
2175,BK0002175,9213,1,5,2025-10-07,2025-10-10,2025-10-15,,nightly,checked_out,False,5,3,16917.60,0.00,0.00,3383.52,False
2176,BK0002176,873,2,2,2025-09-25,2025-10-10,2025-10-17,,nightly,checked_out,False,7,15,25109.21,0.00,4268.57,3587.03,False
2177,BK0002177,2540,2,1,2025-10-07,2025-10-10,2025-10-13,,nightly,checked_out,False,3,3,12871.94,677.47,2574.39,4290.65,False
2178,BK0002178,6290,2,2,2025-09-26,2025-10-10,2025-10-11,,nightly,checked_out,False,1,14,4309.32,478.81,732.58,4309.32,False
2179,BK0002179,4433,2,1,2025-09-09,2025-10-10,2025-10-13,,nightly,checked_out,False,3,31,20116.61,1058.77,4023.32,6705.54,False
2180,BK0002180,1798,2,1,2025-09-29,2025-10-10,2025-10-12,,nightly,checked_out,False,2,11,9698.82,0.00,1939.76,4849.41,False
2181,BK0002181,4125,1,4,2025-10-04,2025-10-11,2025-10-13,,nightly,checked_out,False,2,7,8735.20,0.00,1310.28,4367.60,False
2182,BK0002182,3738,1,6,2025-10-07,2025-10-11,2025-10-23,,nightly,checked_out,False,12,4,74554.32,0.00,0.00,6212.86,False
2183,BK0002183,8955,1,7,2025-10-10,2025-10-11,2025-10-11,,microstay,checked_out,False,0,1,915.69,0.00,109.88,915.69,False
2184,BK0002184,455,1,6,2025-10-03,2025-10-11,2025-10-13,,nightly,checked_out,False,2,8,8041.74,0.00,0.00,4020.87,False
2185,BK0002185,5336,1,2,2025-10-09,2025-10-11,2025-10-12,,nightly,checked_out,False,1,2,3884.09,0.00,660.30,3884.09,False
2186,BK0002186,4433,1,6,2025-10-07,2025-10-11,2025-10-25,,nightly,checked_out,False,14,4,89408.90,0.00,0.00,6386.35,False
2187,BK0002187,8608,2,2,2025-10-07,2025-10-11,2025-10-13,,nightly,checked_out,False,2,4,13011.66,0.00,2211.98,6505.83,False
2188,BK0002188,3804,2,3,2025-09-16,2025-10-11,2025-10-15,,nightly,checked_out,False,4,25,16392.12,0.00,2950.58,4098.03,False
2189,BK0002189,2252,1,2,2025-10-02,2025-10-12,2025-10-13,,nightly,checked_out,False,1,10,4310.43,226.86,732.77,4310.43,False
2190,BK0002190,910,1,7,2025-10-11,2025-10-12,2025-10-12,,microstay,checked_out,False,0,1,991.63,0.00,119.00,991.63,False
2191,BK0002191,3218,1,6,2025-10-10,2025-10-12,2025-10-31,,nightly,checked_out,False,19,2,83736.61,0.00,0.00,4407.19,False
2192,BK0002192,5321,2,6,2025-10-11,2025-10-12,2025-10-17,,nightly,checked_out,False,5,1,23259.80,0.00,0.00,4651.96,False
2193,BK0002193,600,2,3,2025-09-24,2025-10-12,2025-10-13,2025-10-06,nightly,cancelled,True,1,18,3256.83,0.00,586.23,3256.83,False
2194,BK0002194,6362,2,1,2025-10-04,2025-10-12,2025-10-20,,nightly,checked_out,False,8,8,37758.80,0.00,7551.76,4719.85,False
2195,BK0002195,1,2,7,2025-10-11,2025-10-12,2025-10-12,,microstay,checked_out,False,0,1,1050.08,116.68,126.01,1050.08,False
2196,BK0002196,7238,2,2,2025-10-03,2025-10-12,2025-10-13,,nightly,checked_out,False,1,9,7057.01,0.00,1199.69,7057.01,False
2197,BK0002197,4747,2,3,2025-09-23,2025-10-12,2025-10-13,,nightly,checked_out,False,1,19,3270.85,0.00,588.75,3270.85,False
2198,BK0002198,6449,1,7,2025-10-12,2025-10-13,2025-10-13,,microstay,checked_out,False,0,1,952.15,0.00,114.26,952.15,False
2199,BK0002199,3183,1,1,2025-10-05,2025-10-13,2025-10-14,,nightly,checked_out,False,1,8,5076.57,0.00,1015.31,5076.57,False
2200,BK0002200,1241,1,1,2025-10-05,2025-10-13,2025-10-17,,nightly,checked_out,False,4,8,12644.65,665.51,2528.93,3161.16,False
2201,BK0002201,1289,1,5,2025-10-07,2025-10-13,2025-10-14,,nightly,checked_out,False,1,6,3508.19,0.00,0.00,3508.19,False
2202,BK0002202,8971,2,1,2025-10-07,2025-10-13,2025-10-14,2025-10-08,nightly,cancelled,True,1,6,4231.98,222.74,846.40,4231.98,False
2203,BK0002203,7283,1,2,2025-10-03,2025-10-14,2025-10-16,,nightly,checked_out,False,2,11,10689.34,0.00,1817.19,5344.67,False
2204,BK0002204,2079,1,1,2025-10-09,2025-10-14,2025-10-15,,nightly,checked_out,False,1,5,3361.04,373.45,672.21,3361.04,False
2205,BK0002205,2989,1,1,2025-09-29,2025-10-14,2025-10-15,,nightly,checked_out,False,1,15,3425.91,0.00,685.18,3425.91,False
2206,BK0002206,3265,2,6,2025-10-13,2025-10-14,2025-10-17,,nightly,checked_out,False,3,1,25251.48,0.00,0.00,8417.16,False
2207,BK0002207,5849,2,1,2025-09-11,2025-10-14,2025-10-17,,nightly,checked_out,False,3,33,14902.51,1655.84,2980.50,4967.50,False
2208,BK0002208,1723,2,6,2025-10-12,2025-10-14,2025-10-26,,nightly,checked_out,False,12,2,53868.60,0.00,0.00,4489.05,False
2209,BK0002209,2842,2,5,2025-10-05,2025-10-14,2025-10-18,,nightly,checked_out,False,4,9,25602.39,1347.49,0.00,6400.60,False
2210,BK0002210,111,2,6,2025-10-07,2025-10-14,2025-10-16,,nightly,checked_out,False,2,7,14403.44,0.00,0.00,7201.72,False
2211,BK0002211,582,2,7,2025-10-14,2025-10-14,2025-10-14,,microstay,checked_out,False,0,0,1337.59,0.00,160.51,1337.59,False
2212,BK0002212,7499,2,1,2025-08-20,2025-10-14,2025-10-17,2025-08-31,nightly,cancelled,True,3,55,20859.09,2317.68,4171.82,6953.03,False
2213,BK0002213,2704,1,3,2025-09-26,2025-10-15,2025-10-16,,nightly,checked_out,False,1,19,5323.73,0.00,958.27,5323.73,False
2214,BK0002214,9354,1,1,2025-10-07,2025-10-15,2025-10-16,,nightly,checked_out,False,1,8,3974.02,0.00,794.80,3974.02,False
2215,BK0002215,8781,1,1,2025-10-05,2025-10-15,2025-10-19,,nightly,checked_out,False,4,10,12925.66,1436.18,2585.13,3231.42,False
2216,BK0002216,3324,1,2,2025-09-19,2025-10-15,2025-10-18,2025-09-30,nightly,cancelled,True,3,26,13963.72,1551.53,2373.83,4654.57,False
2217,BK0002217,4880,1,4,2025-10-04,2025-10-15,2025-10-17,,nightly,checked_out,False,2,11,10359.38,0.00,1553.91,5179.69,False
2218,BK0002218,5153,2,6,2025-10-13,2025-10-15,2025-11-05,2025-10-13,nightly,cancelled,True,21,2,160904.93,8468.68,0.00,7662.14,False
2219,BK0002219,4013,2,5,2025-10-11,2025-10-15,2025-10-23,,nightly,checked_out,False,8,4,36741.20,0.00,0.00,4592.65,False
2220,BK0002220,4360,2,7,2025-10-14,2025-10-15,2025-10-15,,microstay,checked_out,False,0,1,1107.68,0.00,132.92,1107.68,False
2221,BK0002221,5540,2,2,2025-10-09,2025-10-15,2025-10-16,2025-10-11,nightly,cancelled,True,1,6,5141.60,0.00,874.07,5141.60,False
2222,BK0002222,3970,2,3,2025-09-22,2025-10-15,2025-10-19,,nightly,checked_out,False,4,23,15313.24,0.00,2756.38,3828.31,False
2223,BK0002223,7111,2,2,2025-10-04,2025-10-15,2025-10-17,,nightly,checked_out,False,2,11,6926.64,0.00,1177.53,3463.32,False
2224,BK0002224,8296,1,6,2025-10-09,2025-10-16,2025-10-17,,nightly,checked_out,False,1,7,4262.65,473.63,0.00,4262.65,False
2225,BK0002225,2506,1,2,2025-10-13,2025-10-16,2025-10-21,,nightly,checked_out,False,5,3,20946.55,0.00,3560.91,4189.31,False
2226,BK0002226,567,1,3,2025-09-28,2025-10-16,2025-10-17,,nightly,checked_out,False,1,18,4133.09,217.53,743.96,4133.09,False
2227,BK0002227,91,1,3,2025-10-12,2025-10-16,2025-10-17,,nightly,checked_out,False,1,4,4515.35,501.71,812.76,4515.35,False
2228,BK0002228,8758,1,2,2025-09-29,2025-10-16,2025-10-18,,nightly,checked_out,False,2,17,9870.86,0.00,1678.05,4935.43,False
2229,BK0002229,513,2,2,2025-10-10,2025-10-16,2025-10-18,,nightly,checked_out,False,2,6,8650.76,0.00,1470.63,4325.38,False
2230,BK0002230,6778,2,5,2025-10-14,2025-10-16,2025-10-20,,nightly,checked_out,False,4,2,29854.80,0.00,0.00,7463.70,False
2231,BK0002231,2880,2,1,2025-09-13,2025-10-16,2025-10-17,,nightly,checked_out,False,1,33,3826.32,425.15,765.26,3826.32,False
2232,BK0002232,3626,1,1,2025-10-13,2025-10-17,2025-10-18,,nightly,checked_out,False,1,4,3254.30,0.00,650.86,3254.30,False
2233,BK0002233,900,1,8,2025-10-17,2025-10-17,2025-10-18,,nightly,checked_out,False,1,0,3606.49,636.44,0.00,3606.49,False
2234,BK0002234,3427,1,1,2025-10-08,2025-10-17,2025-10-19,,nightly,checked_out,False,2,9,5931.78,312.20,1186.36,2965.89,False
2235,BK0002235,3172,1,2,2025-09-23,2025-10-17,2025-10-19,2025-09-26,nightly,cancelled,True,2,24,6640.99,349.53,1128.97,3320.50,False
2236,BK0002236,6662,2,2,2025-10-12,2025-10-17,2025-10-20,,nightly,checked_out,False,3,5,23336.88,0.00,3967.27,7778.96,False
2237,BK0002237,7413,2,2,2025-10-01,2025-10-17,2025-10-18,2025-10-12,nightly,cancelled,True,1,16,3728.07,414.23,633.77,3728.07,False
2238,BK0002238,2827,2,2,2025-10-10,2025-10-17,2025-10-18,,nightly,checked_out,False,1,7,3098.26,546.75,526.70,3098.26,False
2239,BK0002239,5058,2,2,2025-10-05,2025-10-17,2025-10-23,,nightly,checked_out,False,6,12,32227.08,0.00,5478.60,5371.18,False
2240,BK0002240,3579,1,1,2025-10-07,2025-10-18,2025-10-20,2025-10-18,nightly,cancelled,True,2,11,8580.76,0.00,1716.15,4290.38,False
2241,BK0002241,3977,1,5,2025-10-13,2025-10-18,2025-10-20,2025-10-16,nightly,cancelled,True,2,5,6062.57,1069.87,0.00,3031.29,False
2242,BK0002242,3255,1,7,2025-10-18,2025-10-19,2025-10-19,,microstay,checked_out,False,0,1,1244.07,0.00,149.29,1244.07,False
2243,BK0002243,8510,2,2,2025-09-29,2025-10-19,2025-10-21,,nightly,checked_out,False,2,20,10775.77,567.15,1831.88,5387.89,False
2244,BK0002244,3240,2,1,2025-10-07,2025-10-19,2025-10-20,2025-10-09,nightly,cancelled,True,1,12,4020.59,211.61,804.12,4020.59,False
2245,BK0002245,3819,1,2,2025-10-16,2025-10-20,2025-10-22,,nightly,checked_out,False,2,4,6568.17,1159.09,1116.59,3284.09,False
2246,BK0002246,2579,1,4,2025-08-24,2025-10-20,2025-10-21,,nightly,checked_out,False,1,57,3584.27,188.65,537.64,3584.27,False
2247,BK0002247,2863,1,2,2025-10-09,2025-10-20,2025-10-22,,nightly,checked_out,False,2,11,6022.14,0.00,1023.76,3011.07,False
2248,BK0002248,8441,1,4,2025-10-03,2025-10-20,2025-11-01,,nightly,checked_out,False,12,17,53319.36,0.00,7997.90,4443.28,False
2249,BK0002249,2021,1,5,2025-10-09,2025-10-20,2025-10-24,,nightly,checked_out,False,4,11,17813.60,937.56,0.00,4453.40,False
2250,BK0002250,4980,1,5,2025-09-28,2025-10-20,2025-10-22,,nightly,checked_out,False,2,22,6691.85,1180.91,0.00,3345.93,False
2251,BK0002251,5054,1,5,2025-10-17,2025-10-20,2025-10-21,,nightly,checked_out,False,1,3,4514.34,237.60,0.00,4514.34,False
2252,BK0002252,7329,2,6,2025-10-20,2025-10-20,2025-10-28,,nightly,checked_out,False,8,0,26303.44,0.00,0.00,3287.93,False
2253,BK0002253,8680,2,5,2025-10-10,2025-10-20,2025-10-21,,nightly,checked_out,False,1,10,4086.21,0.00,0.00,4086.21,False
2254,BK0002254,9325,1,1,2025-10-16,2025-10-21,2025-10-22,,nightly,checked_out,False,1,5,4147.48,731.91,829.50,4147.48,False
2255,BK0002255,4454,1,1,2025-10-15,2025-10-21,2025-10-24,,nightly,checked_out,False,3,6,10858.38,0.00,2171.68,3619.46,False
2256,BK0002256,5940,1,6,2025-10-18,2025-10-21,2025-10-24,,nightly,checked_out,False,3,3,9245.61,0.00,0.00,3081.87,False
2257,BK0002257,6995,1,1,2025-09-24,2025-10-21,2025-10-22,2025-10-16,nightly,cancelled,True,1,27,3454.26,383.81,690.85,3454.26,False
2258,BK0002258,572,1,2,2025-10-01,2025-10-21,2025-10-23,,nightly,checked_out,False,2,20,7222.42,0.00,1227.81,3611.21,False
2259,BK0002259,6316,1,6,2025-10-16,2025-10-21,2025-11-11,,nightly,checked_out,False,21,5,67510.80,0.00,0.00,3214.80,False
2260,BK0002260,3096,1,5,2025-10-09,2025-10-21,2025-10-28,,nightly,checked_out,False,7,12,19223.69,2135.97,0.00,2746.24,False
2261,BK0002261,441,2,2,2025-10-13,2025-10-21,2025-10-25,,nightly,checked_out,False,4,8,12788.94,673.10,2174.12,3197.24,False
2262,BK0002262,245,2,2,2025-10-09,2025-10-21,2025-10-24,,nightly,checked_out,False,3,12,15499.29,0.00,2634.88,5166.43,False
2263,BK0002263,1135,2,1,2025-10-09,2025-10-21,2025-10-22,,nightly,checked_out,False,1,12,3525.36,391.71,705.07,3525.36,False
2264,BK0002264,6168,2,2,2025-09-22,2025-10-21,2025-10-25,,nightly,checked_out,False,4,29,28315.00,0.00,4813.55,7078.75,False
2265,BK0002265,2158,1,2,2025-10-14,2025-10-22,2025-10-23,,nightly,checked_out,False,1,8,2745.98,484.58,466.82,2745.98,False
2266,BK0002266,6437,1,5,2025-09-24,2025-10-22,2025-10-24,,nightly,checked_out,False,2,28,9456.38,0.00,0.00,4728.19,False
2267,BK0002267,2778,1,1,2025-10-18,2025-10-22,2025-10-23,,nightly,checked_out,False,1,4,3850.65,0.00,770.13,3850.65,False
2268,BK0002268,3911,1,1,2025-10-04,2025-10-22,2025-10-23,,nightly,checked_out,False,1,18,4024.19,0.00,804.84,4024.19,False
2269,BK0002269,996,1,5,2025-10-15,2025-10-22,2025-10-28,,nightly,checked_out,False,6,7,28698.24,0.00,0.00,4783.04,False
2270,BK0002270,3182,2,6,2025-10-21,2025-10-22,2025-10-28,,nightly,checked_out,False,6,1,40249.14,0.00,0.00,6708.19,False
2271,BK0002271,2959,2,2,2025-09-07,2025-10-22,2025-10-24,,nightly,checked_out,False,2,45,12685.18,0.00,2156.48,6342.59,False
2272,BK0002272,5190,2,7,2025-10-22,2025-10-22,2025-10-22,2025-10-22,microstay,cancelled,True,0,0,1286.96,143.00,154.44,1286.96,False
2273,BK0002273,3321,1,5,2025-10-18,2025-10-23,2025-10-24,,nightly,checked_out,False,1,5,3703.47,194.92,0.00,3703.47,False
2274,BK0002274,3358,1,2,2025-10-15,2025-10-23,2025-10-26,,nightly,checked_out,False,3,8,17749.77,934.20,3017.46,5916.59,False
2275,BK0002275,3106,1,2,2025-08-21,2025-10-23,2025-10-28,,nightly,checked_out,False,5,63,14887.85,0.00,2530.93,2977.57,False
2276,BK0002276,6320,1,3,2025-09-20,2025-10-23,2025-10-25,,nightly,checked_out,False,2,33,7529.10,0.00,1355.24,3764.55,False
2277,BK0002277,8946,1,2,2025-10-03,2025-10-23,2025-10-26,,nightly,checked_out,False,3,20,9332.36,1646.89,1586.50,3110.79,False
2278,BK0002278,5589,2,7,2025-10-23,2025-10-23,2025-10-23,,microstay,checked_out,False,0,0,911.30,160.82,109.36,911.30,False
2279,BK0002279,2475,2,1,2025-10-21,2025-10-23,2025-10-27,,nightly,checked_out,False,4,2,17737.36,0.00,3547.47,4434.34,False
2280,BK0002280,4307,1,1,2025-10-20,2025-10-24,2025-10-31,,nightly,checked_out,False,7,4,24916.36,0.00,4983.27,3559.48,False
2281,BK0002281,8881,1,6,2025-10-22,2025-10-24,2025-10-25,,nightly,checked_out,False,1,2,3315.90,0.00,0.00,3315.90,False
2282,BK0002282,7862,1,2,2025-09-21,2025-10-24,2025-10-25,2025-09-27,nightly,cancelled,True,1,33,6290.52,0.00,1069.39,6290.52,False
2283,BK0002283,934,1,6,2025-10-15,2025-10-24,2025-11-08,,nightly,checked_out,False,15,9,68421.00,0.00,0.00,4561.40,False
2284,BK0002284,9354,2,3,2025-09-01,2025-10-24,2025-10-29,,nightly,checked_out,False,5,53,17660.79,929.51,3178.94,3532.16,False
2285,BK0002285,6525,2,8,2025-10-22,2025-10-24,2025-10-25,,nightly,checked_out,False,1,2,3232.13,0.00,0.00,3232.13,False
2286,BK0002286,6062,2,6,2025-10-20,2025-10-24,2025-11-01,,nightly,checked_out,False,8,4,29706.56,0.00,0.00,3713.32,False
2287,BK0002287,6894,2,2,2025-10-16,2025-10-24,2025-10-27,,nightly,checked_out,False,3,8,12345.87,0.00,2098.80,4115.29,False
2288,BK0002288,8118,1,2,2025-10-17,2025-10-26,2025-10-28,2025-10-18,nightly,cancelled,True,2,9,11963.94,0.00,2033.87,5981.97,False
2289,BK0002289,7605,1,6,2025-10-22,2025-10-26,2025-10-30,,nightly,checked_out,False,4,4,15145.16,0.00,0.00,3786.29,False
2290,BK0002290,5915,1,1,2025-10-16,2025-10-26,2025-11-03,2025-10-17,nightly,cancelled,True,8,10,25067.46,1319.34,5013.49,3133.43,False
2291,BK0002291,733,1,2,2025-10-02,2025-10-26,2025-10-27,,nightly,checked_out,False,1,24,4438.02,0.00,754.46,4438.02,False
2292,BK0002292,2112,1,2,2025-10-19,2025-10-26,2025-10-29,2025-10-19,nightly,cancelled,True,3,7,7945.57,1402.16,1350.75,2648.52,False
2293,BK0002293,4968,1,7,2025-10-26,2025-10-26,2025-10-26,,microstay,checked_out,False,0,0,1114.41,0.00,133.73,1114.41,False
2294,BK0002294,1447,2,2,2025-10-22,2025-10-26,2025-10-27,,nightly,checked_out,False,1,4,7163.97,0.00,1217.87,7163.97,False
2295,BK0002295,4991,2,6,2025-10-18,2025-10-26,2025-10-29,,nightly,checked_out,False,3,8,10482.21,0.00,0.00,3494.07,False
2296,BK0002296,2013,2,8,2025-10-26,2025-10-26,2025-10-27,,nightly,checked_out,False,1,0,3243.42,0.00,0.00,3243.42,False
2297,BK0002297,2667,2,1,2025-09-20,2025-10-26,2025-10-27,,nightly,checked_out,False,1,36,4341.19,0.00,868.24,4341.19,False
2298,BK0002298,1605,1,6,2025-10-19,2025-10-27,2025-11-08,,nightly,checked_out,False,12,8,41478.91,7319.81,0.00,3456.58,False
2299,BK0002299,5199,1,4,2025-09-26,2025-10-27,2025-11-04,2025-10-20,nightly,cancelled,True,8,31,27599.20,0.00,4139.88,3449.90,False
2300,BK0002300,3283,2,2,2025-09-24,2025-10-27,2025-10-31,2025-10-27,nightly,cancelled,True,4,33,18102.36,0.00,3077.40,4525.59,False
2301,BK0002301,1623,2,5,2025-10-26,2025-10-27,2025-10-31,,nightly,checked_out,False,4,1,16620.68,0.00,0.00,4155.17,False
2302,BK0002302,7635,2,5,2025-10-23,2025-10-27,2025-10-29,,nightly,checked_out,False,2,4,7319.74,0.00,0.00,3659.87,False
2303,BK0002303,3226,2,2,2025-10-21,2025-10-27,2025-10-29,,nightly,checked_out,False,2,6,13611.58,0.00,2313.97,6805.79,False
2304,BK0002304,2371,1,1,2025-10-17,2025-10-28,2025-10-29,,nightly,checked_out,False,1,11,5212.53,0.00,1042.51,5212.53,False
2305,BK0002305,2306,1,7,2025-10-28,2025-10-28,2025-10-28,,microstay,checked_out,False,0,0,1213.54,63.87,145.62,1213.54,False
2306,BK0002306,2557,1,5,2025-10-25,2025-10-28,2025-11-01,,nightly,checked_out,False,4,3,14135.20,0.00,0.00,3533.80,False
2307,BK0002307,7324,1,2,2025-09-19,2025-10-28,2025-10-30,,nightly,checked_out,False,2,39,14051.62,739.56,2388.78,7025.81,False
2308,BK0002308,7880,1,2,2025-10-08,2025-10-28,2025-10-29,,nightly,checked_out,False,1,20,3442.52,181.19,585.23,3442.52,False
2309,BK0002309,4573,1,2,2025-09-12,2025-10-28,2025-10-29,2025-09-15,nightly,cancelled,True,1,46,3707.94,0.00,630.35,3707.94,False
2310,BK0002310,8981,1,5,2025-10-24,2025-10-28,2025-10-29,,nightly,checked_out,False,1,4,5461.22,0.00,0.00,5461.22,False
2311,BK0002311,3343,1,1,2025-10-11,2025-10-28,2025-11-01,,nightly,checked_out,False,4,17,27734.52,0.00,5546.90,6933.63,False
2312,BK0002312,951,2,2,2025-10-08,2025-10-28,2025-11-03,2025-10-28,nightly,cancelled,True,6,20,30428.08,3380.90,5172.77,5071.35,False
2313,BK0002313,7472,2,4,2025-10-24,2025-10-28,2025-11-05,,nightly,checked_out,False,8,4,41790.64,0.00,6268.60,5223.83,False
2314,BK0002314,9022,2,6,2025-10-24,2025-10-28,2025-11-01,,nightly,checked_out,False,4,4,30656.84,0.00,0.00,7664.21,False
2315,BK0002315,4979,2,6,2025-10-26,2025-10-28,2025-11-01,,nightly,checked_out,False,4,2,20820.16,0.00,0.00,5205.04,False
2316,BK0002316,895,2,1,2025-10-20,2025-10-28,2025-10-29,,nightly,checked_out,False,1,8,5077.80,0.00,1015.56,5077.80,False
2317,BK0002317,6892,2,6,2025-10-21,2025-10-28,2025-11-06,,nightly,checked_out,False,9,7,35974.61,3997.18,0.00,3997.18,False
2318,BK0002318,2888,2,4,2025-10-24,2025-10-28,2025-10-30,,nightly,checked_out,False,2,4,14973.16,0.00,2245.97,7486.58,False
2319,BK0002319,4286,2,1,2025-10-24,2025-10-28,2025-10-30,2025-10-26,nightly,cancelled,True,2,4,10493.36,0.00,2098.67,5246.68,False
2320,BK0002320,5504,1,2,2025-10-23,2025-10-29,2025-11-04,,nightly,checked_out,False,6,6,22297.32,0.00,3790.54,3716.22,False
2321,BK0002321,5779,1,5,2025-10-25,2025-10-29,2025-11-03,,nightly,checked_out,False,5,4,25994.60,0.00,0.00,5198.92,False
2322,BK0002322,7606,1,6,2025-10-22,2025-10-29,2025-11-04,,nightly,checked_out,False,6,7,25809.52,2867.72,0.00,4301.59,False
2323,BK0002323,8087,1,5,2025-10-24,2025-10-29,2025-11-02,,nightly,checked_out,False,4,5,14881.68,0.00,0.00,3720.42,False
2324,BK0002324,4011,1,6,2025-10-27,2025-10-29,2025-11-02,,nightly,checked_out,False,4,2,17038.48,0.00,0.00,4259.62,False
2325,BK0002325,5350,1,5,2025-10-25,2025-10-29,2025-10-31,,nightly,checked_out,False,2,4,7893.34,0.00,0.00,3946.67,False
2326,BK0002326,3096,2,2,2025-09-17,2025-10-29,2025-10-31,,nightly,checked_out,False,2,42,6801.94,358.00,1156.33,3400.97,False
2327,BK0002327,4655,2,2,2025-10-19,2025-10-29,2025-11-04,,nightly,checked_out,False,6,10,25212.72,0.00,4286.16,4202.12,False
2328,BK0002328,196,2,1,2025-10-23,2025-10-29,2025-10-31,,nightly,checked_out,False,2,6,14493.00,0.00,2898.60,7246.50,False
2329,BK0002329,4051,2,3,2025-10-21,2025-10-29,2025-11-09,2025-10-22,nightly,cancelled,True,11,8,51514.11,2711.27,9272.54,4683.10,False
2330,BK0002330,9054,2,5,2025-10-18,2025-10-29,2025-10-30,,nightly,checked_out,False,1,11,3856.00,0.00,0.00,3856.00,False
2331,BK0002331,2380,2,2,2025-10-20,2025-10-29,2025-10-30,,nightly,checked_out,False,1,9,3330.54,175.29,566.19,3330.54,False
2332,BK0002332,780,2,4,2025-10-14,2025-10-29,2025-11-07,,nightly,checked_out,False,9,15,35323.38,0.00,5298.51,3924.82,False
2333,BK0002333,1848,2,4,2025-10-26,2025-10-29,2025-11-03,,nightly,checked_out,False,5,3,25200.98,1326.37,3780.15,5040.20,False
2334,BK0002334,559,2,6,2025-10-29,2025-10-30,2025-11-04,,nightly,checked_out,False,5,1,16809.75,1867.75,0.00,3361.95,False
2335,BK0002335,5421,2,7,2025-10-29,2025-10-30,2025-10-30,,microstay,checked_out,False,0,1,2043.73,0.00,245.25,2043.73,False
2336,BK0002336,6030,2,3,2025-10-09,2025-10-30,2025-10-31,,nightly,checked_out,False,1,21,3346.15,0.00,602.31,3346.15,False
2337,BK0002337,1377,1,6,2025-10-28,2025-10-31,2025-11-02,,nightly,checked_out,False,2,3,8051.00,0.00,0.00,4025.50,False
2338,BK0002338,837,1,1,2025-10-27,2025-10-31,2025-11-01,2025-10-29,nightly,cancelled,True,1,4,3411.54,0.00,682.31,3411.54,False
2339,BK0002339,879,1,1,2025-10-15,2025-10-31,2025-11-01,,nightly,checked_out,False,1,16,4076.95,0.00,815.39,4076.95,False
2340,BK0002340,1864,2,7,2025-10-30,2025-10-31,2025-10-31,,microstay,checked_out,False,0,1,985.41,0.00,118.25,985.41,False
2341,BK0002341,5744,2,6,2025-10-28,2025-10-31,2025-11-03,,nightly,checked_out,False,3,3,19006.05,0.00,0.00,6335.35,False
2342,BK0002342,2997,2,5,2025-10-07,2025-10-31,2025-11-01,,nightly,checked_out,False,1,24,4250.15,0.00,0.00,4250.15,False
2343,BK0002343,6042,2,4,2025-09-03,2025-10-31,2025-11-02,,nightly,checked_out,False,2,58,6719.64,0.00,1007.95,3359.82,False
2344,BK0002344,1541,2,5,2025-10-25,2025-10-31,2025-11-01,,nightly,checked_out,False,1,6,6471.38,0.00,0.00,6471.38,False
2345,BK0002345,1659,2,1,2025-10-25,2025-10-31,2025-11-01,2025-10-27,nightly,cancelled,True,1,6,6574.93,346.05,1314.99,6574.93,False
2346,BK0002346,2669,2,7,2025-10-31,2025-10-31,2025-10-31,2025-10-30,microstay,cancelled,True,0,0,1397.78,0.00,167.73,1397.78,False
2347,BK0002347,128,1,6,2025-10-28,2025-11-01,2025-11-02,,nightly,checked_out,False,1,4,3365.52,0.00,0.00,3365.52,False
2348,BK0002348,5000,1,2,2025-10-13,2025-11-01,2025-11-02,,nightly,no_show,False,1,19,5931.15,0.00,1008.30,5931.15,False
2349,BK0002349,2079,2,1,2025-10-27,2025-11-01,2025-11-03,,nightly,checked_out,False,2,5,13590.32,0.00,2718.06,6795.16,False
2350,BK0002350,8955,2,1,2025-10-06,2025-11-01,2025-11-02,,nightly,checked_out,False,1,26,3502.09,618.02,700.42,3502.09,False
2351,BK0002351,7574,2,5,2025-10-28,2025-11-01,2025-11-12,,nightly,checked_out,False,11,4,81132.37,0.00,0.00,7375.67,False
2352,BK0002352,820,2,8,2025-10-31,2025-11-01,2025-11-02,,nightly,checked_out,False,1,1,3483.96,0.00,0.00,3483.96,False
2353,BK0002353,2981,2,4,2025-10-12,2025-11-01,2025-11-07,2025-10-29,nightly,cancelled,True,6,20,38095.44,0.00,5714.32,6349.24,False
2354,BK0002354,2224,2,6,2025-10-27,2025-11-01,2025-11-06,,nightly,checked_out,False,5,5,21287.90,0.00,0.00,4257.58,False
2355,BK0002355,553,2,5,2025-10-22,2025-11-01,2025-11-02,,nightly,checked_out,False,1,10,4822.69,0.00,0.00,4822.69,False
2356,BK0002356,6831,1,2,2025-10-07,2025-11-02,2025-11-03,2025-10-21,nightly,cancelled,True,1,26,3744.55,416.06,636.57,3744.55,False
2357,BK0002357,4880,1,1,2025-08-01,2025-11-02,2025-11-06,2025-08-24,nightly,cancelled,True,4,93,25332.24,0.00,5066.45,6333.06,False
2358,BK0002358,5754,1,5,2025-10-30,2025-11-02,2025-11-05,,nightly,checked_out,False,3,3,18663.66,0.00,0.00,6221.22,False
2359,BK0002359,3839,2,5,2025-10-30,2025-11-02,2025-11-03,,nightly,checked_out,False,1,3,3521.09,621.37,0.00,3521.09,False
2360,BK0002360,6006,2,4,2025-07-25,2025-11-02,2025-11-03,,nightly,checked_out,False,1,100,4331.09,764.31,649.66,4331.09,False
2361,BK0002361,2532,2,5,2025-10-29,2025-11-02,2025-11-07,,nightly,checked_out,False,5,4,15584.20,0.00,0.00,3116.84,False
2362,BK0002362,8811,2,6,2025-10-24,2025-11-02,2025-11-08,,nightly,checked_out,False,6,9,20622.60,0.00,0.00,3437.10,False
2363,BK0002363,1000,1,2,2025-10-11,2025-11-03,2025-11-08,,nightly,checked_out,False,5,23,22215.50,0.00,3776.64,4443.10,False
2364,BK0002364,3860,1,7,2025-11-03,2025-11-03,2025-11-03,,microstay,checked_out,False,0,0,1229.53,64.71,147.54,1229.53,False
2365,BK0002365,3193,1,6,2025-11-02,2025-11-03,2025-11-05,,nightly,checked_out,False,2,1,6720.14,0.00,0.00,3360.07,False
2366,BK0002366,926,2,1,2025-10-27,2025-11-03,2025-11-09,,nightly,no_show,False,6,7,24841.80,0.00,4968.36,4140.30,False
2367,BK0002367,4433,2,2,2025-10-04,2025-11-03,2025-11-09,,nightly,checked_out,False,6,30,31141.74,0.00,5294.10,5190.29,False
2368,BK0002368,9151,2,7,2025-10-29,2025-11-03,2025-11-03,,microstay,checked_out,False,0,5,1373.89,152.65,164.87,1373.89,False
2369,BK0002369,1273,2,2,2025-10-30,2025-11-03,2025-11-04,2025-10-31,nightly,cancelled,True,1,4,5306.40,0.00,902.09,5306.40,False
2370,BK0002370,2532,2,1,2025-10-21,2025-11-03,2025-11-11,,nightly,checked_out,False,8,13,56027.28,0.00,11205.46,7003.41,False
2371,BK0002371,1864,2,6,2025-10-29,2025-11-03,2025-11-18,,nightly,checked_out,False,15,5,100018.04,5264.11,0.00,6667.87,False
2372,BK0002372,1120,1,5,2025-10-24,2025-11-04,2025-11-05,,nightly,checked_out,False,1,11,4133.65,217.56,0.00,4133.65,False
2373,BK0002373,6136,1,7,2025-11-04,2025-11-04,2025-11-04,,microstay,checked_out,False,0,0,1354.02,150.45,162.48,1354.02,False
2374,BK0002374,4710,1,2,2025-10-29,2025-11-04,2025-11-07,,nightly,checked_out,False,3,6,21207.69,0.00,3605.31,7069.23,False
2375,BK0002375,3647,1,6,2025-10-30,2025-11-04,2025-11-07,,nightly,checked_out,False,3,5,13828.11,0.00,0.00,4609.37,False
2376,BK0002376,1383,1,3,2025-10-08,2025-11-04,2025-11-05,,nightly,checked_out,False,1,27,3865.16,682.09,695.73,3865.16,False
2377,BK0002377,7250,2,1,2025-10-29,2025-11-04,2025-11-05,,nightly,checked_out,False,1,6,5513.88,0.00,1102.78,5513.88,False
2378,BK0002378,3082,2,1,2025-10-21,2025-11-04,2025-11-05,,nightly,checked_out,False,1,14,4275.01,225.00,855.00,4275.01,False
2379,BK0002379,1959,2,7,2025-11-04,2025-11-04,2025-11-04,,microstay,checked_out,False,0,0,991.90,52.21,119.03,991.90,False
2380,BK0002380,6312,2,2,2025-08-22,2025-11-04,2025-11-06,2025-10-16,nightly,cancelled,True,2,74,14217.88,0.00,2417.04,7108.94,False
2381,BK0002381,9359,1,7,2025-11-03,2025-11-05,2025-11-05,,microstay,checked_out,False,0,2,1423.73,0.00,170.85,1423.73,False
2382,BK0002382,5586,1,5,2025-11-04,2025-11-05,2025-11-12,,nightly,checked_out,False,7,1,29573.95,1556.52,0.00,4224.85,False
2383,BK0002383,6600,1,5,2025-11-02,2025-11-05,2025-11-07,,nightly,checked_out,False,2,3,7479.98,0.00,0.00,3739.99,False
2384,BK0002384,2090,1,1,2025-10-26,2025-11-05,2025-11-07,,nightly,checked_out,False,2,10,9825.62,517.14,1965.12,4912.81,False
2385,BK0002385,3338,2,7,2025-11-05,2025-11-05,2025-11-05,,microstay,checked_out,False,0,0,1278.61,0.00,153.43,1278.61,False
2386,BK0002386,859,2,5,2025-10-10,2025-11-05,2025-11-06,,nightly,checked_out,False,1,26,3414.46,179.71,0.00,3414.46,False
2387,BK0002387,5082,2,2,2025-10-19,2025-11-05,2025-11-08,2025-10-29,nightly,cancelled,True,3,17,12210.42,0.00,2075.77,4070.14,False
2388,BK0002388,6560,2,2,2025-10-16,2025-11-05,2025-11-07,,nightly,checked_out,False,2,20,10697.52,0.00,1818.58,5348.76,False
2389,BK0002389,6047,1,1,2025-10-31,2025-11-06,2025-11-10,,nightly,checked_out,False,4,6,21814.36,0.00,4362.87,5453.59,False
2390,BK0002390,4689,1,2,2025-10-31,2025-11-06,2025-11-07,2025-10-31,nightly,cancelled,True,1,6,4173.89,0.00,709.56,4173.89,False
2391,BK0002391,2294,1,1,2025-11-03,2025-11-06,2025-11-10,,nightly,checked_out,False,4,3,20980.24,0.00,4196.05,5245.06,False
2392,BK0002392,4256,1,3,2025-10-28,2025-11-06,2025-11-08,2025-10-29,nightly,cancelled,True,2,9,8148.21,428.85,1466.68,4074.11,False
2393,BK0002393,566,1,2,2025-11-04,2025-11-06,2025-11-07,,nightly,checked_out,False,1,2,4357.75,0.00,740.82,4357.75,False
2394,BK0002394,679,1,5,2025-11-04,2025-11-06,2025-11-09,,nightly,checked_out,False,3,2,9369.06,493.11,0.00,3123.02,False
2395,BK0002395,5765,2,7,2025-11-06,2025-11-06,2025-11-06,2025-11-06,microstay,cancelled,True,0,0,1420.09,0.00,170.41,1420.09,False
2396,BK0002396,1521,2,1,2025-10-29,2025-11-06,2025-11-12,,nightly,checked_out,False,6,8,24377.53,1283.03,4875.51,4062.92,False
2397,BK0002397,4638,2,6,2025-11-04,2025-11-06,2025-11-15,,nightly,checked_out,False,9,2,42754.63,4750.52,0.00,4750.51,False
2398,BK0002398,2291,2,2,2025-10-04,2025-11-06,2025-11-11,,nightly,checked_out,False,5,33,18498.40,0.00,3144.73,3699.68,False
2399,BK0002399,5622,1,1,2025-11-02,2025-11-07,2025-11-10,,nightly,checked_out,False,3,5,12303.24,0.00,2460.65,4101.08,False
2400,BK0002400,5502,1,5,2025-10-26,2025-11-07,2025-11-10,,nightly,checked_out,False,3,12,9765.03,0.00,0.00,3255.01,False
2401,BK0002401,3451,2,1,2025-11-04,2025-11-07,2025-11-08,,nightly,checked_out,False,1,3,4707.78,0.00,941.56,4707.78,False
2402,BK0002402,861,2,1,2025-10-28,2025-11-07,2025-11-08,,nightly,checked_out,False,1,10,4416.29,0.00,883.26,4416.29,False
2403,BK0002403,2662,2,6,2025-11-06,2025-11-07,2025-11-09,2025-11-07,nightly,cancelled,True,2,1,7679.52,0.00,0.00,3839.76,False
2404,BK0002404,8272,2,5,2025-10-25,2025-11-07,2025-11-08,2025-11-01,nightly,cancelled,True,1,13,4297.52,226.19,0.00,4297.52,False
2405,BK0002405,6868,2,1,2025-09-19,2025-11-07,2025-11-09,,nightly,checked_out,False,2,49,7434.36,0.00,1486.87,3717.18,False
2406,BK0002406,8505,2,1,2025-10-09,2025-11-07,2025-11-08,2025-10-20,nightly,cancelled,True,1,29,6988.08,0.00,1397.62,6988.08,False
2407,BK0002407,8387,1,2,2025-10-18,2025-11-08,2025-11-11,2025-10-31,nightly,cancelled,True,3,21,11936.46,628.23,2029.20,3978.82,False
2408,BK0002408,8547,1,3,2025-10-27,2025-11-08,2025-11-11,,nightly,checked_out,False,3,12,18493.41,0.00,3328.81,6164.47,False
2409,BK0002409,8534,1,7,2025-11-07,2025-11-08,2025-11-08,,microstay,checked_out,False,0,1,1203.03,212.30,144.36,1203.03,False
2410,BK0002410,7553,1,5,2025-11-05,2025-11-08,2025-11-10,,nightly,checked_out,False,2,3,7095.60,788.40,0.00,3547.80,False
2411,BK0002411,3756,1,5,2025-10-29,2025-11-08,2025-11-09,,nightly,checked_out,False,1,10,3916.54,0.00,0.00,3916.54,False
2412,BK0002412,3321,1,2,2025-10-31,2025-11-08,2025-11-13,,nightly,checked_out,False,5,8,13795.38,1532.82,2345.21,2759.08,False
2413,BK0002413,8962,2,5,2025-10-27,2025-11-08,2025-11-09,,nightly,checked_out,False,1,12,4023.13,0.00,0.00,4023.13,False
2414,BK0002414,6898,2,7,2025-11-07,2025-11-08,2025-11-08,,microstay,checked_out,False,0,1,914.41,101.60,109.73,914.41,False
2415,BK0002415,5839,2,5,2025-11-06,2025-11-08,2025-11-10,,nightly,checked_out,False,2,2,8423.84,0.00,0.00,4211.92,False
2416,BK0002416,2851,1,5,2025-11-04,2025-11-09,2025-11-11,,nightly,checked_out,False,2,5,11324.50,1258.28,0.00,5662.25,False
2417,BK0002417,4832,1,2,2025-10-29,2025-11-09,2025-11-11,,nightly,checked_out,False,2,11,7783.46,409.66,1323.19,3891.73,False
2418,BK0002418,4253,1,6,2025-11-02,2025-11-09,2025-11-17,,nightly,checked_out,False,8,7,31244.88,0.00,0.00,3905.61,False
2419,BK0002419,6080,1,5,2025-10-31,2025-11-09,2025-11-10,,nightly,checked_out,False,1,9,5168.15,0.00,0.00,5168.15,False
2420,BK0002420,2987,1,6,2025-10-31,2025-11-09,2025-11-11,2025-10-31,nightly,cancelled,True,2,9,12563.22,0.00,0.00,6281.61,False
2421,BK0002421,2454,1,5,2025-10-22,2025-11-09,2025-11-24,2025-11-05,nightly,cancelled,True,15,18,58606.26,3084.54,0.00,3907.08,False
2422,BK0002422,2289,1,7,2025-11-09,2025-11-09,2025-11-09,,microstay,checked_out,False,0,0,918.01,48.32,110.16,918.01,False
2423,BK0002423,8459,1,6,2025-11-08,2025-11-09,2025-11-17,,nightly,checked_out,False,8,1,31678.00,0.00,0.00,3959.75,False
2424,BK0002424,9010,1,3,2025-10-28,2025-11-09,2025-11-12,,nightly,checked_out,False,3,12,14391.69,0.00,2590.50,4797.23,False
2425,BK0002425,8254,2,4,2025-10-14,2025-11-09,2025-11-18,2025-10-17,nightly,cancelled,True,9,26,38941.49,2049.55,5841.22,4326.83,False
2426,BK0002426,1709,2,1,2025-08-22,2025-11-09,2025-11-10,,nightly,checked_out,False,1,79,3312.47,0.00,662.49,3312.47,False
2427,BK0002427,8992,2,6,2025-11-07,2025-11-09,2025-11-10,,nightly,checked_out,False,1,2,3241.95,360.22,0.00,3241.95,False
2428,BK0002428,1129,2,7,2025-11-09,2025-11-09,2025-11-09,,microstay,checked_out,False,0,0,1329.73,0.00,159.57,1329.73,False
2429,BK0002429,4433,2,1,2025-10-31,2025-11-09,2025-11-10,,nightly,checked_out,False,1,9,3575.47,397.28,715.09,3575.47,False
2430,BK0002430,3989,2,1,2025-11-04,2025-11-09,2025-11-10,,nightly,checked_out,False,1,5,3954.40,0.00,790.88,3954.40,False
2431,BK0002431,6644,1,5,2025-11-01,2025-11-10,2025-11-14,,nightly,checked_out,False,4,9,20544.04,0.00,0.00,5136.01,False
2432,BK0002432,4633,1,6,2025-11-09,2025-11-10,2025-11-16,,nightly,checked_out,False,6,1,22886.88,0.00,0.00,3814.48,False
2433,BK0002433,4500,1,6,2025-11-01,2025-11-10,2025-11-16,,nightly,checked_out,False,6,9,26627.16,0.00,0.00,4437.86,False
2434,BK0002434,5276,1,6,2025-11-09,2025-11-10,2025-11-11,,nightly,checked_out,False,1,1,3563.64,0.00,0.00,3563.64,False
2435,BK0002435,3388,1,2,2025-11-03,2025-11-10,2025-11-13,,nightly,checked_out,False,3,7,15909.15,0.00,2704.56,5303.05,False
2436,BK0002436,8796,1,4,2025-08-23,2025-11-10,2025-11-12,2025-08-26,nightly,cancelled,True,2,79,8664.28,0.00,1299.64,4332.14,False
2437,BK0002437,3988,2,1,2025-11-06,2025-11-10,2025-11-13,2025-11-08,nightly,cancelled,True,3,4,14132.64,1570.29,2826.53,4710.88,False
2438,BK0002438,3097,2,1,2025-11-07,2025-11-10,2025-11-12,2025-11-08,nightly,cancelled,True,2,3,9197.12,0.00,1839.42,4598.56,False
2439,BK0002439,975,2,6,2025-11-02,2025-11-10,2025-11-13,,nightly,checked_out,False,3,8,10933.29,0.00,0.00,3644.43,False
2440,BK0002440,2633,2,5,2025-10-13,2025-11-10,2025-11-16,,nightly,checked_out,False,6,28,31652.34,0.00,0.00,5275.39,False
2441,BK0002441,8998,2,6,2025-11-08,2025-11-10,2025-11-17,,nightly,checked_out,False,7,2,34085.04,1793.95,0.00,4869.29,False
2442,BK0002442,3804,2,6,2025-11-04,2025-11-10,2025-11-12,,nightly,checked_out,False,2,6,8693.92,0.00,0.00,4346.96,False
2443,BK0002443,4723,1,6,2025-11-09,2025-11-11,2025-11-15,,nightly,checked_out,False,4,2,17626.32,0.00,0.00,4406.58,False
2444,BK0002444,4658,1,6,2025-11-09,2025-11-11,2025-11-15,,nightly,checked_out,False,4,2,13858.44,0.00,0.00,3464.61,False
2445,BK0002445,395,1,8,2025-11-10,2025-11-11,2025-11-13,,nightly,checked_out,False,2,1,13585.44,0.00,0.00,6792.72,False
2446,BK0002446,1157,1,1,2025-10-18,2025-11-11,2025-11-14,,nightly,checked_out,False,3,24,19435.83,1022.94,3887.17,6478.61,False
2447,BK0002447,6784,1,3,2025-10-16,2025-11-11,2025-11-12,2025-10-26,nightly,cancelled,True,1,26,4261.32,0.00,767.04,4261.32,False
2448,BK0002448,2840,1,6,2025-10-30,2025-11-11,2025-11-15,,nightly,checked_out,False,4,12,20621.56,0.00,0.00,5155.39,False
2449,BK0002449,4440,1,6,2025-11-06,2025-11-11,2025-11-14,,nightly,checked_out,False,3,5,14011.23,0.00,0.00,4670.41,False
2450,BK0002450,6567,1,1,2025-10-29,2025-11-11,2025-11-14,,nightly,checked_out,False,3,13,10501.54,552.71,2100.31,3500.51,False
2451,BK0002451,6265,2,6,2025-11-06,2025-11-11,2025-11-16,,nightly,checked_out,False,5,5,18676.25,0.00,0.00,3735.25,False
2452,BK0002452,7607,2,7,2025-11-10,2025-11-11,2025-11-11,,microstay,checked_out,False,0,1,2020.45,0.00,242.45,2020.45,False
2453,BK0002453,7362,2,1,2025-11-04,2025-11-11,2025-11-12,,nightly,checked_out,False,1,7,3854.80,680.26,770.96,3854.80,False
2454,BK0002454,1980,2,1,2025-10-28,2025-11-11,2025-11-15,,nightly,checked_out,False,4,14,16393.66,862.82,3278.73,4098.42,False
2455,BK0002455,6716,2,8,2025-11-10,2025-11-11,2025-11-13,,nightly,checked_out,False,2,1,6928.13,769.79,0.00,3464.07,False
2456,BK0002456,6945,2,2,2025-11-07,2025-11-11,2025-11-12,,nightly,checked_out,False,1,4,4389.40,0.00,746.20,4389.40,False
2457,BK0002457,6643,1,3,2025-10-02,2025-11-12,2025-11-13,,nightly,checked_out,False,1,41,4132.01,0.00,743.76,4132.01,False
2458,BK0002458,2374,1,6,2025-11-06,2025-11-12,2025-11-17,,nightly,checked_out,False,5,6,27475.30,0.00,0.00,5495.06,False
2459,BK0002459,6499,2,1,2025-11-08,2025-11-12,2025-11-16,2025-11-12,nightly,cancelled,True,4,4,30907.52,0.00,6181.50,7726.88,False
2460,BK0002460,8730,1,5,2025-11-07,2025-11-13,2025-11-18,2025-11-12,nightly,cancelled,True,5,6,22197.00,0.00,0.00,4439.40,False
2461,BK0002461,7926,1,2,2025-10-27,2025-11-13,2025-11-14,,nightly,checked_out,False,1,17,5856.49,650.72,995.60,5856.49,False
2462,BK0002462,8505,1,2,2025-10-19,2025-11-13,2025-11-15,,nightly,checked_out,False,2,25,6885.88,362.42,1170.60,3442.94,False
2463,BK0002463,5891,1,6,2025-10-26,2025-11-13,2025-11-14,,nightly,checked_out,False,1,18,5634.73,0.00,0.00,5634.73,False
2464,BK0002464,8284,1,5,2025-10-19,2025-11-13,2025-11-13,,nightly,checked_out,False,0,25,31709.86,0.00,0.00,31709.86,False
2465,BK0002465,8432,2,6,2025-11-06,2025-11-13,2025-11-15,,nightly,checked_out,False,2,7,9017.74,0.00,0.00,4508.87,False
2466,BK0002466,1402,2,7,2025-11-13,2025-11-13,2025-11-13,,microstay,checked_out,False,0,0,1162.93,0.00,139.55,1162.93,False
2467,BK0002467,1560,2,6,2025-11-11,2025-11-13,2025-11-14,,nightly,checked_out,False,1,2,3428.98,180.47,0.00,3428.98,False
2468,BK0002468,2377,2,2,2025-10-26,2025-11-13,2025-11-18,2025-11-06,nightly,cancelled,True,5,18,18486.50,0.00,3142.70,3697.30,False
2469,BK0002469,1008,1,1,2025-11-10,2025-11-14,2025-11-17,,nightly,checked_out,False,3,4,10439.91,0.00,2087.98,3479.97,False
2470,BK0002470,5392,1,1,2025-11-08,2025-11-14,2025-11-15,,nightly,checked_out,False,1,6,7086.60,0.00,1417.32,7086.60,False
2471,BK0002471,449,1,3,2025-10-10,2025-11-14,2025-11-15,,nightly,checked_out,False,1,35,3955.81,0.00,712.05,3955.81,False
2472,BK0002472,3041,1,4,2025-10-19,2025-11-14,2025-11-17,,nightly,checked_out,False,3,26,14574.51,0.00,2186.18,4858.17,False
2473,BK0002473,35,1,2,2025-09-22,2025-11-14,2025-11-15,,nightly,checked_out,False,1,53,7199.29,0.00,1223.88,7199.29,False
2474,BK0002474,4114,1,6,2025-11-12,2025-11-14,2025-12-03,,nightly,checked_out,False,19,2,95660.82,0.00,0.00,5034.78,False
2475,BK0002475,3781,2,6,2025-11-13,2025-11-14,2025-11-16,,nightly,checked_out,False,2,1,7849.73,872.19,0.00,3924.87,False
2476,BK0002476,4028,2,3,2025-11-11,2025-11-14,2025-11-16,,nightly,checked_out,False,2,3,7232.48,0.00,1301.85,3616.24,False
2477,BK0002477,3822,2,3,2025-10-19,2025-11-14,2025-11-16,,nightly,checked_out,False,2,26,6407.06,1130.66,1153.27,3203.53,False
2478,BK0002478,800,2,6,2025-11-12,2025-11-14,2025-11-18,,nightly,checked_out,False,4,2,30221.44,0.00,0.00,7555.36,False
2479,BK0002479,8410,2,3,2025-08-04,2025-11-14,2025-11-15,,nightly,checked_out,False,1,102,4248.26,0.00,764.69,4248.26,False
2480,BK0002480,8439,2,4,2025-07-30,2025-11-14,2025-11-16,,nightly,checked_out,False,2,107,14218.38,0.00,2132.76,7109.19,False
2481,BK0002481,7231,2,7,2025-11-13,2025-11-14,2025-11-14,,microstay,checked_out,False,0,1,1109.02,0.00,133.08,1109.02,False
2482,BK0002482,4384,1,3,2025-11-10,2025-11-15,2025-11-16,,nightly,checked_out,False,1,5,3756.01,197.69,676.08,3756.01,False
2483,BK0002483,7060,1,6,2025-11-12,2025-11-15,2025-11-19,,nightly,checked_out,False,4,3,19764.12,0.00,0.00,4941.03,False
2484,BK0002484,5524,1,1,2025-10-14,2025-11-15,2025-11-17,,nightly,checked_out,False,2,32,6095.58,320.82,1219.12,3047.79,False
2485,BK0002485,452,1,2,2025-11-10,2025-11-15,2025-11-18,,nightly,checked_out,False,3,5,11580.33,0.00,1968.66,3860.11,False
2486,BK0002486,191,1,3,2025-10-23,2025-11-15,2025-11-17,,nightly,checked_out,False,2,23,12269.24,0.00,2208.46,6134.62,False
2487,BK0002487,5778,1,3,2025-11-06,2025-11-15,2025-11-17,,nightly,checked_out,False,2,9,6668.84,0.00,1200.39,3334.42,False
2488,BK0002488,7292,2,1,2025-11-03,2025-11-15,2025-11-18,2025-11-10,nightly,cancelled,True,3,12,15863.52,0.00,3172.70,5287.84,False
2489,BK0002489,7473,1,3,2025-11-06,2025-11-16,2025-11-17,,nightly,checked_out,False,1,10,4086.45,0.00,735.56,4086.45,False
2490,BK0002490,2534,1,5,2025-10-17,2025-11-16,2025-11-17,,nightly,checked_out,False,1,30,4302.77,0.00,0.00,4302.77,False
2491,BK0002491,6825,1,6,2025-11-15,2025-11-16,2025-11-17,,nightly,checked_out,False,1,1,3311.72,0.00,0.00,3311.72,False
2492,BK0002492,5463,1,2,2025-08-24,2025-11-16,2025-11-17,,nightly,checked_out,False,1,84,7114.53,0.00,1209.47,7114.53,False
2493,BK0002493,1971,2,7,2025-11-16,2025-11-16,2025-11-16,,microstay,checked_out,False,0,0,1179.07,0.00,141.49,1179.07,False
2494,BK0002494,8008,2,1,2025-09-18,2025-11-16,2025-11-23,,nightly,checked_out,False,7,59,29355.34,0.00,5871.07,4193.62,False
2495,BK0002495,6849,2,6,2025-10-24,2025-11-16,2025-11-18,2025-10-26,nightly,cancelled,True,2,23,13999.36,0.00,0.00,6999.68,False
2496,BK0002496,2927,2,1,2025-10-24,2025-11-16,2025-11-18,,nightly,checked_out,False,2,23,8533.74,0.00,1706.75,4266.87,False
2497,BK0002497,6303,2,3,2025-11-13,2025-11-16,2025-11-17,,nightly,checked_out,False,1,3,4968.29,0.00,894.29,4968.29,False
2498,BK0002498,6047,1,7,2025-11-17,2025-11-17,2025-11-17,,microstay,checked_out,False,0,0,948.28,167.34,113.79,948.28,False
2499,BK0002499,4302,1,1,2025-11-15,2025-11-17,2025-11-18,,nightly,checked_out,False,1,2,3666.93,0.00,733.39,3666.93,False
2500,BK0002500,261,1,1,2025-11-12,2025-11-17,2025-11-18,,nightly,checked_out,False,1,5,3289.87,365.54,657.97,3289.87,False
2501,BK0002501,5908,2,2,2025-10-31,2025-11-17,2025-11-19,,nightly,checked_out,False,2,17,7308.16,0.00,1242.39,3654.08,False
2502,BK0002502,2236,2,3,2025-11-10,2025-11-17,2025-11-25,2025-11-12,nightly,cancelled,True,8,7,38418.40,0.00,6915.31,4802.30,False
2503,BK0002503,5987,2,3,2025-11-14,2025-11-17,2025-11-18,,nightly,checked_out,False,1,3,4214.61,0.00,758.63,4214.61,False
2504,BK0002504,2559,1,1,2025-11-16,2025-11-18,2025-11-19,,nightly,checked_out,False,1,2,4204.18,221.27,840.84,4204.18,False
2505,BK0002505,279,1,1,2025-10-27,2025-11-18,2025-11-19,,nightly,checked_out,False,1,22,3495.38,183.97,699.08,3495.38,False
2506,BK0002506,3380,1,4,2025-10-24,2025-11-18,2025-11-22,,nightly,checked_out,False,4,25,16419.91,864.21,2462.99,4104.98,False
2507,BK0002507,6277,1,4,2025-11-10,2025-11-18,2025-11-20,,nightly,checked_out,False,2,8,8077.68,425.14,1211.65,4038.84,False
2508,BK0002508,6776,1,6,2025-11-15,2025-11-18,2025-11-25,,nightly,checked_out,False,7,3,48641.46,0.00,0.00,6948.78,False
2509,BK0002509,1825,1,3,2025-10-31,2025-11-18,2025-11-19,,nightly,checked_out,False,1,18,4328.86,0.00,779.19,4328.86,False
2510,BK0002510,5138,1,3,2025-09-19,2025-11-18,2025-11-22,,nightly,checked_out,False,4,60,12848.65,1427.63,2312.76,3212.16,False
2511,BK0002511,521,1,2,2025-11-06,2025-11-18,2025-11-20,,nightly,checked_out,False,2,12,10750.84,0.00,1827.64,5375.42,False
2512,BK0002512,775,2,7,2025-11-18,2025-11-18,2025-11-18,,microstay,checked_out,False,0,0,1001.60,0.00,120.19,1001.60,False
2513,BK0002513,6767,2,2,2025-11-12,2025-11-18,2025-11-20,2025-11-12,nightly,cancelled,True,2,6,9618.34,0.00,1635.12,4809.17,False
2514,BK0002514,4899,2,5,2025-11-16,2025-11-18,2025-11-20,,nightly,checked_out,False,2,2,10620.52,0.00,0.00,5310.26,False
2515,BK0002515,4716,2,3,2025-11-08,2025-11-18,2025-11-23,,nightly,checked_out,False,5,10,28867.95,0.00,5196.23,5773.59,False
2516,BK0002516,8798,1,1,2025-10-26,2025-11-19,2025-11-26,,nightly,checked_out,False,7,24,31729.60,0.00,6345.92,4532.80,False
2517,BK0002517,2637,1,5,2025-10-23,2025-11-19,2025-11-20,,nightly,checked_out,False,1,27,3733.78,0.00,0.00,3733.78,False
2518,BK0002518,9190,1,6,2025-11-16,2025-11-19,2025-11-26,,nightly,checked_out,False,7,3,33366.04,1756.11,0.00,4766.58,False
2519,BK0002519,1152,1,8,2025-11-18,2025-11-19,2025-11-20,,nightly,checked_out,False,1,1,3658.36,0.00,0.00,3658.36,False
2520,BK0002520,7553,2,5,2025-11-13,2025-11-19,2025-11-20,,nightly,checked_out,False,1,6,4463.49,0.00,0.00,4463.49,False
2521,BK0002521,2247,2,6,2025-11-18,2025-11-19,2025-11-20,,nightly,checked_out,False,1,1,3675.47,648.61,0.00,3675.47,False
2522,BK0002522,6713,2,5,2025-11-16,2025-11-19,2025-11-20,,nightly,checked_out,False,1,3,7048.67,0.00,0.00,7048.67,False
2523,BK0002523,2550,2,1,2025-11-10,2025-11-19,2025-11-22,,nightly,checked_out,False,3,9,10448.60,1160.95,2089.72,3482.87,False
2524,BK0002524,819,2,7,2025-11-18,2025-11-19,2025-11-19,,microstay,checked_out,False,0,1,1032.67,0.00,123.92,1032.67,False
2525,BK0002525,5905,2,1,2025-11-14,2025-11-19,2025-11-20,,nightly,checked_out,False,1,5,3257.22,0.00,651.44,3257.22,False
2526,BK0002526,2640,1,5,2025-11-05,2025-11-20,2025-11-21,,nightly,checked_out,False,1,15,3670.93,0.00,0.00,3670.93,False
2527,BK0002527,8082,1,2,2025-11-15,2025-11-20,2025-11-22,,nightly,checked_out,False,2,5,10586.84,0.00,1799.76,5293.42,False
2528,BK0002528,3734,1,4,2025-09-28,2025-11-20,2025-11-21,,nightly,checked_out,False,1,53,3325.98,175.05,498.90,3325.98,False
2529,BK0002529,4083,1,1,2025-11-18,2025-11-20,2025-11-21,,nightly,checked_out,False,1,2,3948.75,207.83,789.75,3948.75,False
2530,BK0002530,8009,1,7,2025-11-19,2025-11-20,2025-11-20,,microstay,checked_out,False,0,1,995.96,175.76,119.52,995.96,False
2531,BK0002531,6242,1,1,2025-11-05,2025-11-20,2025-11-24,,nightly,checked_out,False,4,15,17323.12,0.00,3464.62,4330.78,False
2532,BK0002532,1734,1,7,2025-11-20,2025-11-20,2025-11-20,,microstay,checked_out,False,0,0,1457.35,0.00,174.88,1457.35,False
2533,BK0002533,7411,1,5,2025-11-12,2025-11-20,2025-11-22,,nightly,checked_out,False,2,8,11290.99,1992.53,0.00,5645.50,False
2534,BK0002534,226,1,5,2025-11-18,2025-11-20,2025-11-24,,nightly,checked_out,False,4,2,13445.81,707.67,0.00,3361.45,False
2535,BK0002535,3952,2,2,2025-11-16,2025-11-20,2025-11-21,,nightly,checked_out,False,1,4,4479.91,0.00,761.58,4479.91,False
2536,BK0002536,471,2,6,2025-11-17,2025-11-20,2025-11-22,,nightly,checked_out,False,2,3,8771.66,0.00,0.00,4385.83,False
2537,BK0002537,1838,2,6,2025-11-11,2025-11-20,2025-12-11,,nightly,checked_out,False,21,9,74129.16,0.00,0.00,3529.96,False
2538,BK0002538,4892,2,2,2025-11-15,2025-11-20,2025-11-23,,nightly,checked_out,False,3,5,19443.19,3431.15,3305.34,6481.06,False
2539,BK0002539,2397,1,1,2025-11-19,2025-11-21,2025-11-23,,nightly,checked_out,False,2,2,8219.32,0.00,1643.86,4109.66,False
2540,BK0002540,6879,1,8,2025-11-20,2025-11-21,2025-11-24,,nightly,checked_out,False,3,1,8598.01,1517.30,0.00,2866.00,False
2541,BK0002541,1403,1,1,2025-11-09,2025-11-21,2025-11-29,,nightly,checked_out,False,8,12,26883.44,0.00,5376.69,3360.43,False
2542,BK0002542,9193,1,2,2025-11-15,2025-11-21,2025-11-23,,nightly,checked_out,False,2,6,9647.16,0.00,1640.02,4823.58,False
2543,BK0002543,3343,1,5,2025-11-11,2025-11-21,2025-11-23,,nightly,checked_out,False,2,10,7737.68,0.00,0.00,3868.84,False
2544,BK0002544,6233,1,6,2025-11-18,2025-11-21,2025-11-26,,nightly,checked_out,False,5,3,19820.65,0.00,0.00,3964.13,False
2545,BK0002545,1796,2,4,2025-11-03,2025-11-21,2025-12-03,,nightly,checked_out,False,12,18,53834.16,0.00,8075.12,4486.18,False
2546,BK0002546,4462,2,2,2025-11-07,2025-11-21,2025-11-23,2025-11-12,nightly,cancelled,True,2,14,6796.56,0.00,1155.42,3398.28,False
2547,BK0002547,2733,2,6,2025-11-12,2025-11-21,2025-11-23,,nightly,checked_out,False,2,9,8188.94,0.00,0.00,4094.47,False
2548,BK0002548,6491,2,7,2025-11-20,2025-11-21,2025-11-21,,microstay,checked_out,False,0,1,1186.36,0.00,142.36,1186.36,False
2549,BK0002549,9177,1,2,2025-11-12,2025-11-22,2025-11-25,,nightly,checked_out,False,3,10,9019.05,1002.12,1533.24,3006.35,False
2550,BK0002550,7191,1,1,2025-11-20,2025-11-22,2025-11-23,,nightly,checked_out,False,1,2,4161.03,462.34,832.21,4161.03,False
2551,BK0002551,7162,1,2,2025-10-25,2025-11-22,2025-11-24,,nightly,checked_out,False,2,28,7901.10,0.00,1343.19,3950.55,False
2552,BK0002552,1908,1,6,2025-11-18,2025-11-22,2025-11-23,,nightly,checked_out,False,1,4,6069.90,0.00,0.00,6069.90,False
2553,BK0002553,6393,2,1,2025-11-17,2025-11-22,2025-11-23,,nightly,checked_out,False,1,5,4321.43,480.16,864.29,4321.43,False
2554,BK0002554,3681,1,2,2025-10-20,2025-11-23,2025-11-24,,nightly,checked_out,False,1,34,3922.11,0.00,666.76,3922.11,False
2555,BK0002555,3676,1,1,2025-11-18,2025-11-23,2025-11-25,,nightly,checked_out,False,2,5,10086.58,0.00,2017.32,5043.29,False
2556,BK0002556,2073,1,1,2025-09-19,2025-11-23,2025-11-24,,nightly,checked_out,False,1,65,5135.22,0.00,1027.04,5135.22,False
2557,BK0002557,8780,1,7,2025-11-22,2025-11-23,2025-11-23,,microstay,checked_out,False,0,1,1083.25,0.00,129.99,1083.25,False
2558,BK0002558,6665,2,2,2025-11-09,2025-11-23,2025-11-27,2025-11-12,nightly,cancelled,True,4,14,21870.00,0.00,3717.90,5467.50,False
2559,BK0002559,6434,1,4,2025-08-20,2025-11-24,2025-11-27,,nightly,no_show,False,3,96,13076.22,0.00,1961.43,4358.74,False
2560,BK0002560,4915,1,2,2025-10-10,2025-11-24,2025-11-27,2025-10-12,nightly,cancelled,True,3,45,11117.67,0.00,1890.00,3705.89,False
2561,BK0002561,2963,1,8,2025-11-24,2025-11-24,2025-11-26,,nightly,checked_out,False,2,0,8866.74,0.00,0.00,4433.37,False
2562,BK0002562,9171,1,5,2025-11-17,2025-11-24,2025-12-02,,nightly,checked_out,False,8,7,24196.92,4270.04,0.00,3024.62,False
2563,BK0002563,5721,2,7,2025-11-22,2025-11-24,2025-11-24,,microstay,checked_out,False,0,2,1073.26,0.00,128.79,1073.26,False
2564,BK0002564,1725,2,2,2025-11-13,2025-11-24,2025-11-28,,nightly,checked_out,False,4,11,20188.96,0.00,3432.12,5047.24,False
2565,BK0002565,3009,2,6,2025-11-15,2025-11-24,2025-11-28,,nightly,checked_out,False,4,9,17878.08,0.00,0.00,4469.52,False
2566,BK0002566,7937,2,5,2025-11-22,2025-11-24,2025-12-08,,nightly,checked_out,False,14,2,104161.68,0.00,0.00,7440.12,False
2567,BK0002567,6498,2,1,2025-11-20,2025-11-24,2025-11-28,,nightly,checked_out,False,4,4,12831.96,0.00,2566.39,3207.99,False
2568,BK0002568,8146,2,2,2025-11-15,2025-11-24,2025-11-25,,nightly,checked_out,False,1,9,7787.14,0.00,1323.81,7787.14,False
2569,BK0002569,7545,2,1,2025-11-14,2025-11-24,2025-11-25,,nightly,checked_out,False,1,10,4319.58,227.35,863.92,4319.58,False
2570,BK0002570,827,2,5,2025-11-11,2025-11-24,2025-11-26,,nightly,checked_out,False,2,13,14366.16,0.00,0.00,7183.08,False
2571,BK0002571,1966,1,1,2025-11-16,2025-11-25,2025-11-28,,nightly,checked_out,False,3,9,21229.98,0.00,4246.00,7076.66,False
2572,BK0002572,1710,1,2,2025-11-15,2025-11-25,2025-11-26,,nightly,checked_out,False,1,10,7242.02,0.00,1231.14,7242.02,False
2573,BK0002573,2382,1,1,2025-11-10,2025-11-25,2025-11-26,2025-11-19,nightly,cancelled,True,1,15,5968.67,1053.30,1193.73,5968.67,False
2574,BK0002574,6047,1,6,2025-11-08,2025-11-25,2025-11-28,,nightly,checked_out,False,3,17,14669.76,0.00,0.00,4889.92,False
2575,BK0002575,2812,1,6,2025-11-24,2025-11-25,2025-12-16,,nightly,checked_out,False,21,1,97239.87,0.00,0.00,4630.47,False
2576,BK0002576,1484,1,6,2025-11-19,2025-11-25,2025-11-27,,nightly,checked_out,False,2,6,7522.50,0.00,0.00,3761.25,False
2577,BK0002577,4909,1,2,2025-11-20,2025-11-25,2025-11-28,,nightly,checked_out,False,3,5,10944.55,1931.39,1860.57,3648.18,False
2578,BK0002578,285,1,4,2025-08-29,2025-11-25,2025-11-27,,nightly,checked_out,False,2,88,10158.18,0.00,1523.73,5079.09,False
2579,BK0002579,7948,1,1,2025-10-19,2025-11-25,2025-11-27,,nightly,checked_out,False,2,37,7560.90,0.00,1512.18,3780.45,False
2580,BK0002580,9076,2,6,2025-11-23,2025-11-25,2025-11-30,,nightly,checked_out,False,5,2,20895.58,1099.77,0.00,4179.12,False
2581,BK0002581,4912,2,4,2025-11-15,2025-11-25,2025-12-02,,nightly,checked_out,False,7,10,29557.08,0.00,4433.56,4222.44,False
2582,BK0002582,1854,2,3,2025-11-20,2025-11-25,2025-11-27,,nightly,checked_out,False,2,5,10496.06,0.00,1889.29,5248.03,False
2583,BK0002583,3343,2,2,2025-11-19,2025-11-25,2025-11-27,,nightly,checked_out,False,2,6,8757.92,0.00,1488.85,4378.96,False
2584,BK0002584,8869,2,1,2025-11-11,2025-11-25,2025-11-26,,nightly,checked_out,False,1,14,4996.69,0.00,999.34,4996.69,False
2585,BK0002585,2183,2,6,2025-11-11,2025-11-25,2025-11-27,,nightly,checked_out,False,2,14,7066.28,0.00,0.00,3533.14,False
2586,BK0002586,2065,2,1,2025-11-16,2025-11-25,2025-11-27,,nightly,checked_out,False,2,9,13686.90,720.36,2737.38,6843.45,False
2587,BK0002587,4793,2,1,2025-11-19,2025-11-25,2025-11-26,2025-11-22,nightly,cancelled,True,1,6,4368.77,0.00,873.75,4368.77,False
2588,BK0002588,7797,1,5,2025-11-20,2025-11-26,2025-11-28,,nightly,checked_out,False,2,6,9197.02,0.00,0.00,4598.51,False
2589,BK0002589,3138,1,4,2025-08-12,2025-11-26,2025-11-28,,nightly,checked_out,False,2,106,8803.08,0.00,1320.46,4401.54,False
2590,BK0002590,2559,1,8,2025-11-25,2025-11-26,2025-11-27,,nightly,checked_out,False,1,1,5478.40,0.00,0.00,5478.40,False
2591,BK0002591,9028,1,2,2025-10-15,2025-11-26,2025-11-28,,nightly,checked_out,False,2,42,14261.02,0.00,2424.37,7130.51,False
2592,BK0002592,8854,2,2,2025-11-22,2025-11-26,2025-11-28,,nightly,checked_out,False,2,4,12892.73,678.57,2191.76,6446.37,False
2593,BK0002593,8031,2,3,2025-11-07,2025-11-26,2025-11-29,,nightly,checked_out,False,3,19,14926.56,0.00,2686.78,4975.52,False
2594,BK0002594,4497,2,4,2025-11-12,2025-11-26,2025-11-28,2025-11-21,nightly,cancelled,True,2,14,8080.54,897.84,1212.08,4040.27,False
2595,BK0002595,2532,1,1,2025-11-21,2025-11-27,2025-11-28,,nightly,checked_out,False,1,6,5480.16,0.00,1096.03,5480.16,False
2596,BK0002596,5039,1,5,2025-11-17,2025-11-27,2025-11-28,,nightly,checked_out,False,1,10,3569.35,187.86,0.00,3569.35,False
2597,BK0002597,3940,1,6,2025-11-23,2025-11-27,2025-12-05,,nightly,checked_out,False,8,4,43303.60,0.00,0.00,5412.95,False
2598,BK0002598,4454,1,1,2025-11-26,2025-11-27,2025-12-01,2025-11-26,nightly,cancelled,True,4,1,24877.29,4390.11,4975.46,6219.32,False
2599,BK0002599,7303,1,5,2025-11-22,2025-11-27,2025-11-28,,nightly,checked_out,False,1,5,4081.79,0.00,0.00,4081.79,False
2600,BK0002600,8410,1,6,2025-11-19,2025-11-27,2025-12-04,,nightly,no_show,False,7,8,29208.76,0.00,0.00,4172.68,False
2601,BK0002601,6958,2,3,2025-11-21,2025-11-27,2025-11-29,,nightly,checked_out,False,2,6,10267.60,0.00,1848.17,5133.80,False
2602,BK0002602,4072,2,3,2025-11-22,2025-11-27,2025-11-29,,nightly,checked_out,False,2,5,13094.39,2310.77,2356.99,6547.20,False
2603,BK0002603,9214,2,1,2025-11-16,2025-11-27,2025-11-28,,nightly,checked_out,False,1,11,4054.22,450.47,810.84,4054.22,False
2604,BK0002604,4206,2,3,2025-11-19,2025-11-27,2025-11-28,,nightly,checked_out,False,1,8,3602.72,0.00,648.49,3602.72,False
2605,BK0002605,8457,1,3,2025-11-21,2025-11-28,2025-12-05,,nightly,checked_out,False,7,7,44918.69,2364.14,8085.36,6416.96,False
2606,BK0002606,6361,1,6,2025-11-25,2025-11-28,2025-12-19,,nightly,checked_out,False,21,3,86009.70,0.00,0.00,4095.70,False
2607,BK0002607,3765,1,1,2025-11-19,2025-11-28,2025-12-02,,nightly,checked_out,False,4,9,16802.00,0.00,3360.40,4200.50,False
2608,BK0002608,4052,1,2,2025-10-31,2025-11-28,2025-11-29,2025-11-07,nightly,cancelled,True,1,28,4280.40,755.36,727.67,4280.40,False
2609,BK0002609,8296,1,1,2025-11-21,2025-11-28,2025-12-02,,nightly,checked_out,False,4,7,19838.13,1044.11,3967.63,4959.53,False
2610,BK0002610,6449,1,1,2025-11-26,2025-11-28,2025-11-29,,nightly,checked_out,False,1,2,5217.65,0.00,1043.53,5217.65,False
2611,BK0002611,2208,1,6,2025-11-26,2025-11-28,2025-12-04,,nightly,checked_out,False,6,2,19372.13,1019.59,0.00,3228.69,False
2612,BK0002612,1615,1,4,2025-11-24,2025-11-28,2025-12-05,,nightly,checked_out,False,7,4,37887.52,6686.03,5683.13,5412.50,False
2613,BK0002613,6781,2,5,2025-10-26,2025-11-28,2025-11-29,2025-11-20,nightly,cancelled,True,1,33,4287.21,0.00,0.00,4287.21,False
2614,BK0002614,2097,2,7,2025-11-27,2025-11-28,2025-11-28,,microstay,no_show,False,0,1,1225.70,0.00,147.08,1225.70,False
2615,BK0002615,4235,2,2,2025-11-10,2025-11-28,2025-12-04,2025-11-25,nightly,cancelled,True,6,18,24386.10,0.00,4145.64,4064.35,False
2616,BK0002616,5705,2,6,2025-11-27,2025-11-28,2025-12-04,,nightly,checked_out,False,6,1,21481.93,1130.63,0.00,3580.32,False
2617,BK0002617,726,2,1,2025-11-22,2025-11-28,2025-11-29,2025-11-24,nightly,cancelled,True,1,6,5203.10,273.85,1040.62,5203.10,False
2618,BK0002618,6317,1,7,2025-11-28,2025-11-29,2025-11-29,,microstay,checked_out,False,0,1,1127.18,0.00,135.26,1127.18,False
2619,BK0002619,3878,1,4,2025-11-22,2025-11-29,2025-12-01,,nightly,checked_out,False,2,7,9124.56,0.00,1368.68,4562.28,False
2620,BK0002620,5880,1,1,2025-11-10,2025-11-29,2025-12-01,2025-11-14,nightly,cancelled,True,2,19,8482.50,0.00,1696.50,4241.25,False
2621,BK0002621,192,2,3,2025-11-15,2025-11-29,2025-11-30,2025-11-27,nightly,cancelled,True,1,14,3395.19,0.00,611.13,3395.19,False
2622,BK0002622,8947,2,6,2025-11-24,2025-11-29,2025-12-11,,nightly,checked_out,False,12,5,56528.40,0.00,0.00,4710.70,False
2623,BK0002623,2894,2,2,2025-11-28,2025-11-29,2025-12-01,,nightly,checked_out,False,2,1,7539.42,0.00,1281.70,3769.71,False
2624,BK0002624,3189,1,2,2025-11-27,2025-11-30,2025-12-01,,nightly,checked_out,False,1,3,3644.10,0.00,619.50,3644.10,False
2625,BK0002625,8295,1,1,2025-11-24,2025-11-30,2025-12-02,,nightly,checked_out,False,2,6,7860.43,413.71,1572.09,3930.22,False
2626,BK0002626,1142,1,6,2025-11-24,2025-11-30,2025-12-08,,nightly,checked_out,False,8,6,24154.56,0.00,0.00,3019.32,False
2627,BK0002627,4525,1,6,2025-11-29,2025-11-30,2025-12-05,,nightly,checked_out,False,5,1,17024.15,0.00,0.00,3404.83,False
2628,BK0002628,1507,2,5,2025-11-26,2025-11-30,2025-12-10,,nightly,checked_out,False,10,4,58272.15,3066.95,0.00,5827.22,False
2629,BK0002629,7392,2,1,2025-10-28,2025-11-30,2025-12-01,,nightly,checked_out,False,1,33,4911.01,0.00,982.20,4911.01,False
2630,BK0002630,7445,2,6,2025-11-24,2025-11-30,2025-12-07,,nightly,checked_out,False,7,6,24413.41,0.00,0.00,3487.63,False
2631,BK0002631,9079,2,6,2025-11-27,2025-11-30,2025-12-16,,nightly,checked_out,False,16,3,62170.88,0.00,0.00,3885.68,False
2632,BK0002632,4821,1,6,2025-11-22,2025-12-01,2025-12-09,,nightly,checked_out,False,8,9,40683.18,2141.22,0.00,5085.40,False
2633,BK0002633,2597,1,6,2025-11-30,2025-12-01,2025-12-05,,nightly,checked_out,False,4,1,16938.12,0.00,0.00,4234.53,False
2634,BK0002634,5568,2,1,2025-10-28,2025-12-01,2025-12-04,2025-11-12,nightly,cancelled,True,3,34,13438.76,2371.54,2687.75,4479.59,False
2635,BK0002635,3950,2,5,2025-11-28,2025-12-01,2025-12-03,,nightly,checked_out,False,2,3,9890.28,520.54,0.00,4945.14,False
2636,BK0002636,4943,2,1,2025-11-15,2025-12-01,2025-12-02,2025-11-23,nightly,cancelled,True,1,16,4389.67,0.00,877.93,4389.67,False
2637,BK0002637,53,2,1,2025-11-22,2025-12-01,2025-12-03,,nightly,checked_out,False,2,9,15255.74,0.00,3051.15,7627.87,False
2638,BK0002638,8363,2,3,2025-11-28,2025-12-01,2025-12-03,,nightly,checked_out,False,2,3,11021.60,0.00,1983.89,5510.80,False
2639,BK0002639,6379,2,7,2025-12-01,2025-12-01,2025-12-01,,microstay,checked_out,False,0,0,1127.79,0.00,135.33,1127.79,False
2640,BK0002640,7320,1,7,2025-12-02,2025-12-02,2025-12-02,,microstay,checked_out,False,0,0,1037.16,0.00,124.46,1037.16,False
2641,BK0002641,5898,1,1,2025-11-28,2025-12-02,2025-12-04,,nightly,checked_out,False,2,4,7792.90,865.88,1558.58,3896.45,False
2642,BK0002642,1787,1,6,2025-11-24,2025-12-02,2025-12-07,,nightly,checked_out,False,5,8,22264.20,0.00,0.00,4452.84,False
2643,BK0002643,4348,2,7,2025-12-02,2025-12-02,2025-12-02,,microstay,checked_out,False,0,0,1191.90,62.73,143.03,1191.90,False
2644,BK0002644,7851,2,1,2025-10-17,2025-12-02,2025-12-04,2025-11-22,nightly,cancelled,True,2,46,13912.02,1545.78,2782.40,6956.01,False
2645,BK0002645,7234,2,1,2025-11-27,2025-12-02,2025-12-04,,nightly,checked_out,False,2,5,7622.63,1345.17,1524.53,3811.32,False
2646,BK0002646,9173,2,4,2025-11-12,2025-12-02,2025-12-04,,nightly,checked_out,False,2,20,7482.28,831.36,1122.34,3741.14,False
2647,BK0002647,2963,1,1,2025-11-29,2025-12-03,2025-12-04,,nightly,checked_out,False,1,4,4627.90,514.21,925.58,4627.90,False
2648,BK0002648,3136,1,2,2025-11-19,2025-12-03,2025-12-04,,nightly,checked_out,False,1,14,3348.98,0.00,569.33,3348.98,False
2649,BK0002649,5119,1,2,2025-11-30,2025-12-03,2025-12-04,,nightly,checked_out,False,1,3,5168.54,0.00,878.65,5168.54,False
2650,BK0002650,7736,2,5,2025-12-01,2025-12-03,2025-12-04,,nightly,checked_out,False,1,2,7490.60,394.24,0.00,7490.60,False
2651,BK0002651,680,2,7,2025-12-01,2025-12-03,2025-12-03,,microstay,checked_out,False,0,2,1254.32,0.00,150.52,1254.32,False
2652,BK0002652,90,2,6,2025-12-02,2025-12-03,2025-12-08,,nightly,checked_out,False,5,1,22148.37,3908.53,0.00,4429.67,False
2653,BK0002653,2418,2,4,2025-11-10,2025-12-03,2025-12-06,,nightly,checked_out,False,3,23,13763.41,1529.27,2064.51,4587.80,False
2654,BK0002654,1929,2,2,2025-11-14,2025-12-03,2025-12-05,,nightly,checked_out,False,2,19,8474.60,0.00,1440.68,4237.30,False
2655,BK0002655,4516,1,3,2025-11-22,2025-12-04,2025-12-06,,nightly,checked_out,False,2,12,9816.46,0.00,1766.96,4908.23,False
2656,BK0002656,8872,1,8,2025-12-04,2025-12-04,2025-12-06,2025-12-04,nightly,cancelled,True,2,0,7423.70,0.00,0.00,3711.85,False
2657,BK0002657,1854,1,1,2025-11-11,2025-12-04,2025-12-09,,nightly,checked_out,False,5,23,22990.00,0.00,4598.00,4598.00,False
2658,BK0002658,4181,1,7,2025-12-03,2025-12-04,2025-12-04,,microstay,checked_out,False,0,1,1127.33,0.00,135.28,1127.33,False
2659,BK0002659,6723,1,6,2025-12-01,2025-12-04,2025-12-15,,nightly,checked_out,False,11,3,36284.39,1909.70,0.00,3298.58,False
2660,BK0002660,7254,1,5,2025-11-28,2025-12-04,2025-12-05,2025-12-02,nightly,cancelled,True,1,6,4016.84,0.00,0.00,4016.84,False
2661,BK0002661,8392,2,1,2025-11-29,2025-12-04,2025-12-05,,nightly,checked_out,False,1,5,7512.49,0.00,1502.50,7512.49,False
2662,BK0002662,1324,2,7,2025-12-04,2025-12-04,2025-12-04,,microstay,checked_out,False,0,0,900.12,47.38,108.01,900.12,False
2663,BK0002663,4384,2,6,2025-12-02,2025-12-04,2025-12-07,,nightly,checked_out,False,3,2,11173.08,588.06,0.00,3724.36,False
2664,BK0002664,5803,2,3,2025-11-25,2025-12-04,2025-12-06,,nightly,checked_out,False,2,9,8313.94,0.00,1496.51,4156.97,False
2665,BK0002665,4892,2,2,2025-11-30,2025-12-04,2025-12-05,,nightly,checked_out,False,1,4,4576.18,0.00,777.95,4576.18,False
2666,BK0002666,1032,1,1,2025-11-07,2025-12-05,2025-12-07,,nightly,checked_out,False,2,28,7663.74,403.36,1532.75,3831.87,False
2667,BK0002667,3073,1,1,2025-11-28,2025-12-05,2025-12-08,2025-12-01,nightly,cancelled,True,3,7,13846.95,0.00,2769.39,4615.65,False
2668,BK0002668,6443,1,5,2025-11-19,2025-12-05,2025-12-07,,nightly,checked_out,False,2,16,8255.14,0.00,0.00,4127.57,False
2669,BK0002669,3261,1,8,2025-12-05,2025-12-05,2025-12-06,,nightly,checked_out,False,1,0,6060.13,0.00,0.00,6060.13,False
2670,BK0002670,1103,1,3,2025-11-26,2025-12-05,2025-12-06,,nightly,checked_out,False,1,9,3276.39,0.00,589.75,3276.39,False
2671,BK0002671,5164,2,3,2025-11-11,2025-12-05,2025-12-07,2025-11-19,nightly,cancelled,True,2,24,10288.06,0.00,1851.85,5144.03,False
2672,BK0002672,4816,2,5,2025-11-28,2025-12-05,2025-12-08,2025-11-30,nightly,cancelled,True,3,7,11962.68,0.00,0.00,3987.56,False
2673,BK0002673,5228,2,2,2025-11-30,2025-12-05,2025-12-07,,nightly,checked_out,False,2,5,7091.48,0.00,1205.55,3545.74,False
2674,BK0002674,3219,2,6,2025-12-02,2025-12-05,2025-12-26,,nightly,checked_out,False,21,3,150528.84,0.00,0.00,7168.04,False
2675,BK0002675,3859,1,2,2025-11-24,2025-12-06,2025-12-08,,nightly,checked_out,False,2,12,7860.46,0.00,1336.28,3930.23,False
2676,BK0002676,2831,1,4,2025-12-02,2025-12-06,2025-12-11,,nightly,checked_out,False,5,4,30778.95,0.00,4616.84,6155.79,False
2677,BK0002677,669,1,5,2025-12-02,2025-12-06,2025-12-09,,nightly,checked_out,False,3,4,12935.34,0.00,0.00,4311.78,False
2678,BK0002678,7501,2,6,2025-11-26,2025-12-06,2025-12-14,,nightly,checked_out,False,8,10,30946.48,0.00,0.00,3868.31,False
2679,BK0002679,9287,2,5,2025-09-19,2025-12-06,2025-12-14,2025-11-13,nightly,cancelled,True,8,78,39271.76,0.00,0.00,4908.97,False
2680,BK0002680,1159,2,2,2025-11-16,2025-12-06,2025-12-07,,nightly,checked_out,False,1,20,4023.05,0.00,683.92,4023.05,False
2681,BK0002681,5446,2,1,2025-11-29,2025-12-06,2025-12-07,2025-12-06,nightly,cancelled,True,1,7,4855.88,0.00,971.18,4855.88,False
2682,BK0002682,1582,2,1,2025-11-20,2025-12-06,2025-12-08,2025-11-30,nightly,cancelled,True,2,16,7870.04,0.00,1574.01,3935.02,False
2683,BK0002683,1464,1,7,2025-12-07,2025-12-07,2025-12-07,,microstay,checked_out,False,0,0,1132.18,0.00,135.86,1132.18,False
2684,BK0002684,749,1,1,2025-11-20,2025-12-07,2025-12-08,,nightly,checked_out,False,1,17,3882.44,0.00,776.49,3882.44,False
2685,BK0002685,6531,1,2,2025-11-10,2025-12-07,2025-12-09,,nightly,checked_out,False,2,27,6849.88,0.00,1164.48,3424.94,False
2686,BK0002686,3940,1,6,2025-12-01,2025-12-07,2025-12-14,,nightly,checked_out,False,7,6,25318.61,1332.56,0.00,3616.94,False
2687,BK0002687,8489,1,6,2025-12-04,2025-12-07,2025-12-12,,nightly,checked_out,False,5,3,30909.70,0.00,0.00,6181.94,False
2688,BK0002688,5291,1,7,2025-12-06,2025-12-07,2025-12-07,,microstay,checked_out,False,0,1,901.88,0.00,108.23,901.88,False
2689,BK0002689,3228,2,5,2025-12-03,2025-12-07,2025-12-12,,nightly,checked_out,False,5,4,16046.90,0.00,0.00,3209.38,False
2690,BK0002690,5483,2,1,2025-12-03,2025-12-07,2025-12-09,,nightly,checked_out,False,2,4,7051.63,783.51,1410.33,3525.82,False
2691,BK0002691,4286,2,5,2025-11-24,2025-12-07,2025-12-12,2025-11-27,nightly,cancelled,True,5,13,25137.15,0.00,0.00,5027.43,False
2692,BK0002692,2249,2,2,2025-11-27,2025-12-07,2025-12-15,,nightly,checked_out,False,8,10,32143.84,0.00,5464.45,4017.98,False
2693,BK0002693,5132,2,5,2025-11-28,2025-12-07,2025-12-08,,nightly,checked_out,False,1,9,4932.78,0.00,0.00,4932.78,False
2694,BK0002694,9218,2,5,2025-11-21,2025-12-07,2025-12-09,,nightly,checked_out,False,2,16,8552.44,0.00,0.00,4276.22,False
2695,BK0002695,3060,2,7,2025-12-07,2025-12-07,2025-12-07,,microstay,checked_out,False,0,0,920.17,0.00,110.42,920.17,False
2696,BK0002696,9310,1,2,2025-10-27,2025-12-08,2025-12-11,,nightly,checked_out,False,3,42,10436.56,549.29,1774.22,3478.85,False
2697,BK0002697,3696,1,3,2025-11-26,2025-12-08,2025-12-09,,nightly,checked_out,False,1,12,3865.53,0.00,695.80,3865.53,False
2698,BK0002698,1002,1,2,2025-12-04,2025-12-08,2025-12-09,2025-12-05,nightly,cancelled,True,1,4,3479.50,0.00,591.51,3479.50,False
2699,BK0002699,3765,1,2,2025-11-26,2025-12-08,2025-12-13,,nightly,checked_out,False,5,12,22950.45,0.00,3901.58,4590.09,False
2700,BK0002700,7784,1,1,2025-11-15,2025-12-08,2025-12-11,,nightly,checked_out,False,3,23,11681.70,0.00,2336.34,3893.90,False
2701,BK0002701,475,1,3,2025-10-21,2025-12-08,2025-12-10,,nightly,checked_out,False,2,48,9031.40,475.34,1625.65,4515.70,False
2702,BK0002702,4922,2,2,2025-11-24,2025-12-08,2025-12-16,,nightly,checked_out,False,8,14,50917.18,5657.46,8655.92,6364.65,False
2703,BK0002703,312,2,6,2025-11-06,2025-12-08,2025-12-11,,nightly,checked_out,False,3,32,13355.12,2356.78,0.00,4451.71,False
2704,BK0002704,6696,2,1,2025-11-22,2025-12-08,2025-12-09,,nightly,checked_out,False,1,16,5164.63,0.00,1032.93,5164.63,False
2705,BK0002705,1151,2,1,2025-12-04,2025-12-08,2025-12-12,,nightly,checked_out,False,4,4,14639.48,0.00,2927.90,3659.87,False
2706,BK0002706,326,1,4,2025-10-17,2025-12-09,2025-12-16,,nightly,checked_out,False,7,53,34714.33,0.00,5207.15,4959.19,False
2707,BK0002707,2284,1,1,2025-11-29,2025-12-09,2025-12-10,,nightly,checked_out,False,1,10,4767.92,250.94,953.58,4767.92,False
2708,BK0002708,3177,1,2,2025-11-23,2025-12-09,2025-12-12,,nightly,checked_out,False,3,16,10888.95,0.00,1851.12,3629.65,False
2709,BK0002709,3289,1,2,2025-09-12,2025-12-09,2025-12-12,2025-11-16,nightly,cancelled,True,3,88,13180.95,0.00,2240.76,4393.65,False
2710,BK0002710,8680,1,6,2025-11-20,2025-12-09,2025-12-28,,nightly,checked_out,False,19,19,78683.94,0.00,0.00,4141.26,False
2711,BK0002711,8734,1,5,2025-12-07,2025-12-09,2025-12-11,,nightly,checked_out,False,2,2,7803.94,0.00,0.00,3901.97,False
2712,BK0002712,2046,2,5,2025-12-06,2025-12-09,2025-12-10,,nightly,no_show,False,1,3,4070.18,214.22,0.00,4070.18,False
2713,BK0002713,6964,2,6,2025-12-04,2025-12-09,2025-12-13,,nightly,checked_out,False,4,5,19860.80,0.00,0.00,4965.20,False
2714,BK0002714,2786,2,3,2025-12-02,2025-12-09,2025-12-10,2025-12-05,nightly,cancelled,True,1,7,3996.32,0.00,719.34,3996.32,False
2715,BK0002715,4857,2,6,2025-12-03,2025-12-09,2025-12-15,,nightly,checked_out,False,6,6,24473.69,1288.09,0.00,4078.95,False
2716,BK0002716,2736,1,3,2025-12-02,2025-12-10,2025-12-14,,nightly,checked_out,False,4,8,19994.00,0.00,3598.92,4998.50,False
2717,BK0002717,1110,1,6,2025-12-02,2025-12-10,2025-12-22,2025-12-04,nightly,cancelled,True,12,8,53710.14,9478.26,0.00,4475.85,False
2718,BK0002718,7982,1,2,2025-12-03,2025-12-10,2025-12-12,2025-12-07,nightly,cancelled,True,2,7,8284.82,0.00,1408.42,4142.41,False
2719,BK0002719,9231,1,8,2025-12-10,2025-12-10,2025-12-12,,nightly,checked_out,False,2,0,9571.00,1063.44,0.00,4785.50,False
2720,BK0002720,2888,1,3,2025-12-04,2025-12-10,2025-12-11,,nightly,checked_out,False,1,6,4851.07,0.00,873.19,4851.07,False
2721,BK0002721,6588,2,6,2025-12-06,2025-12-10,2025-12-30,2025-12-09,nightly,cancelled,True,20,4,87491.20,0.00,0.00,4374.56,False
2722,BK0002722,7824,2,3,2025-11-24,2025-12-10,2025-12-12,2025-11-29,nightly,cancelled,True,2,16,14104.54,0.00,2538.82,7052.27,False
2723,BK0002723,1957,2,6,2025-12-05,2025-12-10,2025-12-14,,nightly,checked_out,False,4,5,17156.12,0.00,0.00,4289.03,False
2724,BK0002724,5150,2,5,2025-12-06,2025-12-10,2025-12-12,,nightly,no_show,False,2,4,14438.92,759.94,0.00,7219.46,False
2725,BK0002725,3397,2,2,2025-12-06,2025-12-10,2025-12-12,2025-12-08,nightly,cancelled,True,2,4,13717.58,0.00,2331.99,6858.79,False
2726,BK0002726,4929,1,7,2025-12-11,2025-12-11,2025-12-11,,microstay,checked_out,False,0,0,1054.42,0.00,126.53,1054.42,False
2727,BK0002727,5544,1,4,2025-11-02,2025-12-11,2025-12-13,2025-12-08,nightly,cancelled,True,2,39,8857.89,984.21,1328.68,4428.95,False
2728,BK0002728,3395,1,7,2025-12-11,2025-12-11,2025-12-11,,microstay,checked_out,False,0,0,889.88,46.84,106.79,889.88,False
2729,BK0002729,1412,1,6,2025-12-09,2025-12-11,2025-12-15,,nightly,checked_out,False,4,2,24915.00,0.00,0.00,6228.75,False
2730,BK0002730,6341,1,1,2025-11-27,2025-12-11,2025-12-12,,nightly,checked_out,False,1,14,3794.50,0.00,758.90,3794.50,False
2731,BK0002731,3371,1,3,2025-11-25,2025-12-11,2025-12-12,,nightly,checked_out,False,1,16,4767.21,0.00,858.10,4767.21,False
2732,BK0002732,7717,1,6,2025-12-02,2025-12-11,2025-12-13,2025-12-11,nightly,cancelled,True,2,9,8276.76,435.62,0.00,4138.38,False
2733,BK0002733,6242,2,4,2025-11-26,2025-12-11,2025-12-13,,nightly,checked_out,False,2,15,11032.30,0.00,1654.85,5516.15,False
2734,BK0002734,6124,2,1,2025-12-02,2025-12-11,2025-12-14,,nightly,checked_out,False,3,9,14925.19,785.54,2985.04,4975.06,False
2735,BK0002735,8087,2,6,2025-12-08,2025-12-11,2025-12-15,,nightly,checked_out,False,4,3,13999.44,0.00,0.00,3499.86,False
2736,BK0002736,1971,2,2,2025-12-03,2025-12-11,2025-12-14,2025-12-07,nightly,cancelled,True,3,8,13126.84,2316.50,2231.56,4375.61,False
2737,BK0002737,1109,1,1,2025-12-06,2025-12-12,2025-12-14,,nightly,checked_out,False,2,6,8248.70,0.00,1649.74,4124.35,False
2738,BK0002738,8947,1,6,2025-12-10,2025-12-12,2025-12-15,,nightly,checked_out,False,3,2,19563.45,0.00,0.00,6521.15,False
2739,BK0002739,7303,1,7,2025-12-12,2025-12-12,2025-12-12,,microstay,checked_out,False,0,0,1379.74,0.00,165.57,1379.74,False
2740,BK0002740,2535,1,6,2025-12-04,2025-12-12,2025-12-20,,nightly,checked_out,False,8,8,24079.54,2675.50,0.00,3009.94,False
2741,BK0002741,2889,1,6,2025-12-10,2025-12-12,2025-12-15,,nightly,checked_out,False,3,2,13199.64,0.00,0.00,4399.88,False
2742,BK0002742,6042,1,1,2025-12-07,2025-12-12,2025-12-19,,nightly,checked_out,False,7,5,24870.58,0.00,4974.12,3552.94,False
2743,BK0002743,4081,2,5,2025-12-03,2025-12-12,2025-12-23,,nightly,checked_out,False,11,9,40660.29,0.00,0.00,3696.39,False
2744,BK0002744,3441,2,5,2025-11-16,2025-12-12,2025-12-15,,nightly,checked_out,False,3,26,10612.41,0.00,0.00,3537.47,False
2745,BK0002745,2420,2,3,2025-12-07,2025-12-12,2025-12-14,,nightly,checked_out,False,2,5,12936.89,680.89,2328.64,6468.45,False
2746,BK0002746,4050,1,5,2025-11-29,2025-12-13,2025-12-16,,nightly,checked_out,False,3,14,11188.62,0.00,0.00,3729.54,False
2747,BK0002747,8544,1,1,2025-12-09,2025-12-13,2025-12-15,,nightly,checked_out,False,2,4,8376.50,0.00,1675.30,4188.25,False
2748,BK0002748,7817,1,1,2025-12-03,2025-12-13,2025-12-14,2025-12-13,nightly,cancelled,True,1,10,4310.82,0.00,862.16,4310.82,False
2749,BK0002749,8697,1,1,2025-12-10,2025-12-13,2025-12-14,2025-12-11,nightly,cancelled,True,1,3,6089.71,0.00,1217.94,6089.71,False
2750,BK0002750,6276,2,3,2025-12-12,2025-12-13,2025-12-14,2025-12-12,nightly,cancelled,True,1,1,3324.27,174.96,598.37,3324.27,False
2751,BK0002751,4928,2,1,2025-11-25,2025-12-13,2025-12-14,,nightly,checked_out,False,1,18,4689.48,0.00,937.90,4689.48,False
2752,BK0002752,1513,2,4,2025-10-27,2025-12-13,2025-12-15,,nightly,checked_out,False,2,47,9049.32,0.00,1357.40,4524.66,False
2753,BK0002753,61,1,6,2025-12-09,2025-12-14,2025-12-20,,nightly,checked_out,False,6,5,22647.47,1191.97,0.00,3774.58,False
2754,BK0002754,6634,1,6,2025-12-06,2025-12-14,2025-12-19,,nightly,checked_out,False,5,8,22256.98,1171.42,0.00,4451.40,False
2755,BK0002755,7488,2,1,2025-11-27,2025-12-14,2025-12-16,,nightly,checked_out,False,2,17,7303.95,1288.93,1460.79,3651.98,False
2756,BK0002756,5372,1,7,2025-12-15,2025-12-15,2025-12-15,,microstay,checked_out,False,0,0,1357.48,150.83,162.90,1357.48,False
2757,BK0002757,5472,1,4,2025-11-18,2025-12-15,2025-12-19,,nightly,checked_out,False,4,27,25862.00,0.00,3879.30,6465.50,False
2758,BK0002758,1311,1,6,2025-12-01,2025-12-15,2025-12-16,,nightly,checked_out,False,1,14,4903.97,0.00,0.00,4903.97,False
2759,BK0002759,7843,1,5,2025-12-09,2025-12-15,2025-12-17,,nightly,checked_out,False,2,6,6378.74,0.00,0.00,3189.37,False
2760,BK0002760,8345,2,7,2025-12-14,2025-12-15,2025-12-15,,microstay,checked_out,False,0,1,919.12,48.37,110.29,919.12,False
2761,BK0002761,7670,2,1,2025-12-07,2025-12-15,2025-12-17,,nightly,checked_out,False,2,8,7469.12,0.00,1493.82,3734.56,False
2762,BK0002762,8971,2,1,2025-10-21,2025-12-15,2025-12-16,,nightly,checked_out,False,1,55,4317.48,0.00,863.50,4317.48,False
2763,BK0002763,6661,2,5,2025-12-10,2025-12-15,2025-12-17,,nightly,checked_out,False,2,5,8033.22,422.80,0.00,4016.61,False
2764,BK0002764,6028,1,2,2025-12-02,2025-12-16,2025-12-17,,nightly,checked_out,False,1,14,4043.01,0.00,687.31,4043.01,False
2765,BK0002765,8056,1,1,2025-12-04,2025-12-16,2025-12-17,,nightly,checked_out,False,1,12,6877.75,0.00,1375.55,6877.75,False
2766,BK0002766,1487,1,1,2025-12-07,2025-12-16,2025-12-17,,nightly,checked_out,False,1,9,4626.41,0.00,925.28,4626.41,False
2767,BK0002767,6892,1,5,2025-12-15,2025-12-16,2025-12-17,,nightly,checked_out,False,1,1,4971.41,0.00,0.00,4971.41,False
2768,BK0002768,3738,1,1,2025-11-15,2025-12-16,2025-12-17,,nightly,checked_out,False,1,31,4073.09,214.37,814.62,4073.09,False
2769,BK0002769,4678,1,7,2025-12-16,2025-12-16,2025-12-16,2025-12-15,microstay,cancelled,True,0,0,949.51,49.97,113.94,949.51,False
2770,BK0002770,8902,1,5,2025-12-13,2025-12-16,2025-12-21,,nightly,checked_out,False,5,3,19833.80,0.00,0.00,3966.76,False
2771,BK0002771,8583,2,4,2025-11-28,2025-12-16,2025-12-19,,nightly,checked_out,False,3,18,11154.90,0.00,1673.23,3718.30,False
2772,BK0002772,5387,2,6,2025-12-07,2025-12-16,2025-12-29,,nightly,checked_out,False,13,9,59823.39,6647.04,0.00,4601.80,False
2773,BK0002773,6241,2,7,2025-12-16,2025-12-16,2025-12-16,,microstay,checked_out,False,0,0,1786.45,0.00,214.37,1786.45,False
2774,BK0002774,3696,2,4,2025-11-27,2025-12-16,2025-12-17,,nightly,checked_out,False,1,19,6500.71,342.14,975.11,6500.71,False
2775,BK0002775,8829,2,7,2025-12-16,2025-12-16,2025-12-16,,microstay,checked_out,False,0,0,1412.46,74.34,169.50,1412.46,False
2776,BK0002776,6689,2,1,2025-12-06,2025-12-16,2025-12-18,,nightly,checked_out,False,2,10,9223.62,0.00,1844.72,4611.81,False
2777,BK0002777,8788,1,6,2025-12-14,2025-12-17,2025-12-22,,nightly,checked_out,False,5,3,20771.80,0.00,0.00,4154.36,False
2778,BK0002778,1768,1,1,2025-12-12,2025-12-17,2025-12-19,,nightly,checked_out,False,2,5,10166.54,0.00,2033.31,5083.27,False
2779,BK0002779,7652,1,5,2025-12-11,2025-12-17,2025-12-21,,nightly,checked_out,False,4,6,15261.92,0.00,0.00,3815.48,False
2780,BK0002780,7544,2,3,2025-11-28,2025-12-17,2025-12-18,,nightly,checked_out,False,1,19,5366.20,0.00,965.92,5366.20,False
2781,BK0002781,128,2,2,2025-12-08,2025-12-17,2025-12-21,,nightly,checked_out,False,4,9,28293.84,0.00,4809.95,7073.46,False
2782,BK0002782,2095,2,1,2025-12-14,2025-12-17,2025-12-18,,nightly,checked_out,False,1,3,3682.69,0.00,736.54,3682.69,False
2783,BK0002783,4775,1,4,2025-11-18,2025-12-18,2025-12-25,,nightly,checked_out,False,7,30,37208.71,0.00,5581.31,5315.53,False
2784,BK0002784,8248,1,2,2025-12-11,2025-12-18,2025-12-21,,nightly,checked_out,False,3,7,10386.89,1832.98,1765.77,3462.30,False
2785,BK0002785,3031,1,4,2025-11-10,2025-12-18,2025-12-23,2025-11-26,nightly,cancelled,True,5,38,21081.20,0.00,3162.18,4216.24,False
2786,BK0002786,2665,1,2,2025-11-24,2025-12-18,2025-12-19,,nightly,checked_out,False,1,24,7088.20,0.00,1204.99,7088.20,False
2787,BK0002787,4166,1,4,2025-11-29,2025-12-18,2025-12-24,,nightly,checked_out,False,6,19,31349.46,0.00,4702.42,5224.91,False
2788,BK0002788,339,1,2,2025-12-04,2025-12-18,2025-12-19,,nightly,checked_out,False,1,14,3850.48,0.00,654.58,3850.48,False
2789,BK0002789,573,2,2,2025-12-09,2025-12-18,2025-12-19,,nightly,checked_out,False,1,9,4286.72,476.30,728.74,4286.72,False
2790,BK0002790,5745,2,2,2025-12-09,2025-12-18,2025-12-20,,nightly,no_show,False,2,9,9723.68,0.00,1653.03,4861.84,False
2791,BK0002791,3940,2,2,2025-12-04,2025-12-18,2025-12-20,,nightly,checked_out,False,2,14,8361.04,0.00,1421.38,4180.52,False
2792,BK0002792,3633,2,1,2025-12-13,2025-12-18,2025-12-20,,nightly,checked_out,False,2,5,7319.80,0.00,1463.96,3659.90,False
2793,BK0002793,2668,2,7,2025-12-18,2025-12-18,2025-12-18,,microstay,checked_out,False,0,0,2038.62,0.00,244.63,2038.62,False
2794,BK0002794,8146,2,6,2025-12-17,2025-12-18,2025-12-19,,nightly,checked_out,False,1,1,4031.10,447.90,0.00,4031.10,False
2795,BK0002795,6688,1,2,2025-12-13,2025-12-19,2025-12-23,2025-12-14,nightly,cancelled,True,4,6,19288.16,0.00,3278.99,4822.04,False
2796,BK0002796,4670,1,5,2025-12-12,2025-12-19,2025-12-23,,nightly,checked_out,False,4,7,16506.28,0.00,0.00,4126.57,False
2797,BK0002797,5485,1,2,2025-12-06,2025-12-19,2025-12-20,,nightly,checked_out,False,1,13,4922.12,0.00,836.76,4922.12,False
2798,BK0002798,2051,2,7,2025-12-19,2025-12-19,2025-12-19,,microstay,checked_out,False,0,0,1114.04,0.00,133.68,1114.04,False
2799,BK0002799,3815,2,5,2025-12-15,2025-12-19,2025-12-23,,nightly,checked_out,False,4,4,24718.48,0.00,0.00,6179.62,False
2800,BK0002800,2596,2,1,2025-12-18,2025-12-19,2025-12-21,,nightly,checked_out,False,2,1,7088.16,0.00,1417.63,3544.08,False
2801,BK0002801,9213,2,1,2025-12-11,2025-12-19,2025-12-22,,nightly,checked_out,False,3,8,12316.62,648.24,2463.32,4105.54,False
2802,BK0002802,1923,2,2,2025-11-18,2025-12-19,2025-12-23,,nightly,checked_out,False,4,31,14632.24,1625.80,2487.48,3658.06,False
2803,BK0002803,2489,1,2,2025-12-13,2025-12-20,2025-12-21,,nightly,checked_out,False,1,7,5553.72,0.00,944.13,5553.72,False
2804,BK0002804,4474,1,5,2025-12-14,2025-12-20,2025-12-26,,nightly,checked_out,False,6,6,22815.72,0.00,0.00,3802.62,False
2805,BK0002805,7215,1,1,2025-12-12,2025-12-21,2025-12-25,,nightly,checked_out,False,4,9,10722.41,1892.19,2144.48,2680.60,False
2806,BK0002806,2123,1,5,2025-12-16,2025-12-21,2025-12-22,,nightly,checked_out,False,1,5,5434.35,603.82,0.00,5434.35,False
2807,BK0002807,5815,1,2,2025-12-13,2025-12-21,2025-12-22,,nightly,checked_out,False,1,8,3065.67,0.00,521.16,3065.67,False
2808,BK0002808,4061,2,2,2025-12-14,2025-12-21,2025-12-22,,nightly,checked_out,False,1,7,3571.27,0.00,607.12,3571.27,False
2809,BK0002809,5722,1,6,2025-12-19,2025-12-22,2025-12-23,,nightly,checked_out,False,1,3,5269.06,0.00,0.00,5269.06,False
2810,BK0002810,5711,1,2,2025-12-08,2025-12-22,2025-12-23,,nightly,checked_out,False,1,14,3852.76,0.00,654.97,3852.76,False
2811,BK0002811,6284,2,1,2025-12-16,2025-12-22,2025-12-24,,nightly,checked_out,False,2,6,9257.72,0.00,1851.54,4628.86,False
2812,BK0002812,8980,2,1,2025-12-20,2025-12-22,2025-12-23,,nightly,checked_out,False,1,2,3317.68,174.61,663.54,3317.68,False
2813,BK0002813,5087,2,3,2025-12-14,2025-12-22,2025-12-23,,nightly,checked_out,False,1,8,4623.33,0.00,832.20,4623.33,False
2814,BK0002814,903,2,4,2025-09-20,2025-12-22,2025-12-31,,nightly,checked_out,False,9,93,58841.28,0.00,8826.19,6537.92,False
2815,BK0002815,8595,2,3,2025-11-25,2025-12-22,2025-12-23,2025-12-06,nightly,cancelled,True,1,27,3108.20,548.51,559.48,3108.20,False
2816,BK0002816,804,2,7,2025-12-22,2025-12-22,2025-12-22,,microstay,checked_out,False,0,0,1082.94,120.33,129.95,1082.94,False
2817,BK0002817,2073,2,2,2025-12-07,2025-12-22,2025-12-23,2025-12-07,nightly,cancelled,True,1,15,3580.44,397.83,608.67,3580.44,False
2818,BK0002818,6419,2,1,2025-12-03,2025-12-22,2025-12-24,2025-12-08,nightly,cancelled,True,2,19,8032.86,0.00,1606.57,4016.43,False
2819,BK0002819,1779,2,7,2025-12-21,2025-12-22,2025-12-22,,microstay,checked_out,False,0,1,1387.74,73.04,166.53,1387.74,False
2820,BK0002820,4016,1,2,2025-12-16,2025-12-23,2025-12-24,,nightly,checked_out,False,1,7,3393.58,178.61,576.91,3393.58,False
2821,BK0002821,516,1,3,2025-12-04,2025-12-23,2025-12-24,,nightly,checked_out,False,1,19,3426.70,180.35,616.81,3426.70,False
2822,BK0002822,2660,1,2,2025-12-14,2025-12-23,2025-12-24,,nightly,checked_out,False,1,9,4129.75,0.00,702.06,4129.75,False
2823,BK0002823,264,2,6,2025-12-17,2025-12-23,2025-12-29,,nightly,checked_out,False,6,6,24658.38,0.00,0.00,4109.73,False
2824,BK0002824,1326,2,1,2025-12-04,2025-12-23,2025-12-28,2025-12-21,nightly,cancelled,True,5,19,21209.00,0.00,4241.80,4241.80,False
2825,BK0002825,8385,2,4,2025-11-22,2025-12-23,2025-12-29,,nightly,checked_out,False,6,31,44074.14,0.00,6611.12,7345.69,False
2826,BK0002826,6047,2,5,2025-12-18,2025-12-23,2025-12-27,,nightly,checked_out,False,4,5,18419.44,2046.60,0.00,4604.86,False
2827,BK0002827,852,2,5,2025-12-20,2025-12-23,2025-12-24,2025-12-21,nightly,cancelled,True,1,3,3767.39,0.00,0.00,3767.39,False
2828,BK0002828,2637,2,6,2025-12-15,2025-12-23,2025-12-27,,nightly,checked_out,False,4,8,17985.24,0.00,0.00,4496.31,False
2829,BK0002829,1207,2,6,2025-12-16,2025-12-23,2025-12-29,,nightly,checked_out,False,6,7,20763.79,1092.83,0.00,3460.63,False
2830,BK0002830,7767,2,4,2025-12-09,2025-12-23,2025-12-25,,nightly,checked_out,False,2,14,9148.62,0.00,1372.29,4574.31,False
2831,BK0002831,8577,2,4,2025-11-25,2025-12-23,2025-12-25,,nightly,checked_out,False,2,28,8182.42,909.16,1227.36,4091.21,False
2832,BK0002832,3942,2,1,2025-12-12,2025-12-23,2025-12-29,,nightly,checked_out,False,6,11,21094.80,0.00,4218.96,3515.80,False
2833,BK0002833,2674,2,7,2025-12-22,2025-12-23,2025-12-23,,microstay,checked_out,False,0,1,1437.38,0.00,172.49,1437.38,False
2834,BK0002834,2316,2,5,2025-12-15,2025-12-23,2025-12-24,,nightly,checked_out,False,1,8,3579.16,188.38,0.00,3579.16,False
2835,BK0002835,2645,1,6,2025-12-12,2025-12-24,2025-12-25,2025-12-12,nightly,cancelled,True,1,12,3064.09,0.00,0.00,3064.09,False
2836,BK0002836,4051,1,2,2025-12-05,2025-12-24,2025-12-25,2025-12-21,nightly,cancelled,True,1,19,3865.33,0.00,657.11,3865.33,False
2837,BK0002837,3882,1,3,2025-12-19,2025-12-24,2025-12-28,,nightly,checked_out,False,4,5,11109.02,1234.34,1999.62,2777.26,False
2838,BK0002838,4020,1,5,2025-12-16,2025-12-24,2025-12-26,,nightly,checked_out,False,2,8,8702.21,458.01,0.00,4351.11,False
2839,BK0002839,7243,1,2,2025-12-22,2025-12-24,2025-12-26,,nightly,checked_out,False,2,2,6202.49,326.45,1054.42,3101.25,False
2840,BK0002840,3765,2,7,2025-12-23,2025-12-24,2025-12-24,,microstay,checked_out,False,0,1,998.34,52.54,119.80,998.34,False
2841,BK0002841,6728,2,1,2025-12-13,2025-12-24,2025-12-27,2025-12-16,nightly,cancelled,True,3,11,9588.90,0.00,1917.78,3196.30,False
2842,BK0002842,63,1,1,2025-12-08,2025-12-25,2025-12-27,,nightly,checked_out,False,2,17,12254.32,0.00,2450.86,6127.16,False
2843,BK0002843,966,1,8,2025-12-24,2025-12-25,2025-12-28,,nightly,checked_out,False,3,1,8465.28,940.59,0.00,2821.76,False
2844,BK0002844,1204,2,4,2025-11-30,2025-12-25,2025-12-27,,nightly,checked_out,False,2,25,7898.78,0.00,1184.82,3949.39,False
2845,BK0002845,9243,2,5,2025-12-08,2025-12-25,2025-12-27,,nightly,checked_out,False,2,17,7895.04,0.00,0.00,3947.52,False
2846,BK0002846,7097,2,1,2025-12-23,2025-12-25,2025-12-26,,nightly,checked_out,False,1,2,4739.64,0.00,947.93,4739.64,False
2847,BK0002847,2090,2,6,2025-12-22,2025-12-25,2025-12-26,,nightly,no_show,False,1,3,3112.95,163.84,0.00,3112.95,False
2848,BK0002848,968,1,6,2025-12-07,2025-12-26,2026-01-03,,nightly,checked_out,False,8,19,30328.56,0.00,0.00,3791.07,False
2849,BK0002849,4384,1,4,2025-11-10,2025-12-26,2025-12-29,,nightly,checked_out,False,3,46,13800.51,0.00,2070.08,4600.17,False
2850,BK0002850,4385,1,4,2025-12-19,2025-12-26,2026-01-07,,nightly,checked_out,False,12,7,48430.12,5381.12,7264.52,4035.84,False
2851,BK0002851,1352,2,3,2025-11-25,2025-12-26,2025-12-27,,nightly,checked_out,False,1,31,4443.07,0.00,799.75,4443.07,False
2852,BK0002852,7928,2,7,2025-12-26,2025-12-26,2025-12-26,,microstay,checked_out,False,0,0,1774.81,0.00,212.98,1774.81,False
2853,BK0002853,6141,2,2,2025-12-19,2025-12-26,2025-12-29,,nightly,checked_out,False,3,7,10799.84,1199.98,1835.97,3599.95,False
2854,BK0002854,9270,2,5,2025-12-10,2025-12-26,2025-12-31,,nightly,checked_out,False,5,16,15250.64,802.66,0.00,3050.13,False
2855,BK0002855,8838,1,4,2025-12-20,2025-12-27,2025-12-30,,nightly,checked_out,False,3,7,11898.90,1322.10,1784.84,3966.30,False
2856,BK0002856,6834,2,7,2025-12-27,2025-12-27,2025-12-27,,microstay,checked_out,False,0,0,950.57,0.00,114.07,950.57,False
2857,BK0002857,4468,1,5,2025-12-25,2025-12-28,2025-12-29,,nightly,checked_out,False,1,3,5413.93,284.94,0.00,5413.93,False
2858,BK0002858,3430,2,5,2025-12-18,2025-12-28,2025-12-29,,nightly,checked_out,False,1,10,6325.30,0.00,0.00,6325.30,False
2859,BK0002859,8510,1,3,2025-12-10,2025-12-29,2026-01-01,,nightly,checked_out,False,3,19,7602.24,1341.57,1368.40,2534.08,False
2860,BK0002860,7358,1,5,2025-12-26,2025-12-29,2026-01-07,,nightly,checked_out,False,9,3,42125.35,4680.59,0.00,4680.59,False
2861,BK0002861,2295,1,2,2025-12-04,2025-12-29,2026-01-02,2025-12-22,nightly,cancelled,True,4,25,21433.80,0.00,3643.75,5358.45,False
2862,BK0002862,8955,1,1,2025-12-10,2025-12-29,2025-12-30,2025-12-16,nightly,cancelled,True,1,19,4379.98,230.53,876.00,4379.98,False
2863,BK0002863,8543,1,2,2025-12-14,2025-12-29,2025-12-31,2025-12-14,nightly,cancelled,True,2,15,7959.28,0.00,1353.08,3979.64,False
2864,BK0002864,5186,2,1,2025-12-18,2025-12-29,2025-12-31,,nightly,checked_out,False,2,11,9385.48,0.00,1877.10,4692.74,False
2865,BK0002865,5516,2,1,2025-12-15,2025-12-29,2026-01-02,2025-12-22,nightly,cancelled,True,4,14,24915.88,1311.36,4983.18,6228.97,False
2866,BK0002866,6885,2,5,2025-12-19,2025-12-29,2026-01-01,,nightly,checked_out,False,3,10,9789.12,0.00,0.00,3263.04,False
2867,BK0002867,6499,2,6,2025-12-26,2025-12-29,2026-01-05,,nightly,checked_out,False,7,3,25896.43,0.00,0.00,3699.49,False
2868,BK0002868,2250,2,1,2025-12-09,2025-12-29,2025-12-30,2025-12-19,nightly,cancelled,True,1,20,6011.00,0.00,1202.20,6011.00,False
2869,BK0002869,7926,1,7,2025-12-30,2025-12-30,2025-12-30,,microstay,checked_out,False,0,0,1339.12,0.00,160.69,1339.12,False
2870,BK0002870,2313,1,6,2025-12-25,2025-12-30,2026-01-04,,nightly,checked_out,False,5,5,15383.55,0.00,0.00,3076.71,False
2871,BK0002871,1418,1,5,2025-12-20,2025-12-30,2025-12-31,,nightly,checked_out,False,1,10,2934.98,154.47,0.00,2934.98,False
2872,BK0002872,4728,2,3,2025-12-22,2025-12-30,2026-01-02,,nightly,checked_out,False,3,8,18408.69,0.00,3313.56,6136.23,False
2873,BK0002873,3289,2,1,2025-12-20,2025-12-30,2025-12-31,,nightly,checked_out,False,1,10,3636.34,404.04,727.27,3636.34,False
2874,BK0002874,2522,2,4,2025-12-18,2025-12-30,2025-12-31,,nightly,checked_out,False,1,12,6612.44,0.00,991.87,6612.44,False
2875,BK0002875,2888,2,6,2025-12-26,2025-12-30,2026-01-02,,nightly,checked_out,False,3,4,11153.64,0.00,0.00,3717.88,False
2876,BK0002876,5611,1,2,2025-12-21,2025-12-31,2026-01-01,,nightly,checked_out,False,1,10,3186.77,167.72,541.75,3186.77,False
2877,BK0002877,3713,1,5,2025-11-22,2025-12-31,2026-01-04,2025-12-14,nightly,cancelled,True,4,39,11862.08,0.00,0.00,2965.52,False
2878,BK0002878,8879,1,6,2025-12-28,2025-12-31,2026-01-03,,nightly,checked_out,False,3,3,13491.73,710.09,0.00,4497.24,False
2879,BK0002879,4982,1,5,2025-12-29,2025-12-31,2026-01-01,,nightly,checked_out,False,1,2,4358.03,0.00,0.00,4358.03,False
2880,BK0002880,7218,1,6,2025-12-27,2025-12-31,2026-01-01,2025-12-30,nightly,cancelled,True,1,4,4064.98,451.66,0.00,4064.98,False
2881,BK0002881,8569,2,3,2025-12-10,2025-12-31,2026-01-02,,nightly,checked_out,False,2,21,8451.92,0.00,1521.35,4225.96,False
2882,BK0002882,1998,2,4,2025-11-18,2025-12-31,2026-01-10,2025-11-19,nightly,cancelled,True,10,43,42979.10,0.00,6446.86,4297.91,False
2883,BK0002883,6894,1,6,2025-12-30,2026-01-01,2026-01-10,,nightly,checked_out,False,9,2,36526.41,0.00,0.00,4058.49,False
2884,BK0002884,2969,1,6,2025-12-31,2026-01-01,2026-01-01,,nightly,checked_out,False,0,1,39082.83,6896.97,0.00,39082.83,False
2885,BK0002885,5516,1,1,2025-12-16,2026-01-01,2026-01-05,,nightly,checked_out,False,4,16,13368.08,0.00,2673.62,3342.02,False
2886,BK0002886,9267,1,1,2025-11-26,2026-01-01,2026-01-05,,nightly,checked_out,False,4,36,16555.92,0.00,3311.18,4138.98,False
2887,BK0002887,553,2,1,2025-12-19,2026-01-01,2026-01-04,,nightly,checked_out,False,3,13,10927.47,1214.16,2185.49,3642.49,False
2888,BK0002888,1950,2,5,2025-12-31,2026-01-01,2026-01-03,,nightly,checked_out,False,2,1,8052.00,1420.94,0.00,4026.00,False
2889,BK0002889,4779,2,7,2026-01-01,2026-01-01,2026-01-01,2026-01-01,microstay,cancelled,True,0,0,1951.41,0.00,234.17,1951.41,False
2890,BK0002890,5316,2,1,2025-12-20,2026-01-01,2026-01-03,,nightly,no_show,False,2,12,6908.82,0.00,1381.76,3454.41,False
2891,BK0002891,2825,1,1,2025-12-27,2026-01-02,2026-01-10,,nightly,checked_out,False,8,6,35060.16,0.00,7012.03,4382.52,False
2892,BK0002892,2803,1,2,2025-12-09,2026-01-02,2026-01-04,2026-01-01,nightly,cancelled,True,2,24,13269.82,0.00,2255.87,6634.91,False
2893,BK0002893,7948,1,1,2025-12-30,2026-01-02,2026-01-04,,nightly,checked_out,False,2,3,11454.72,0.00,2290.94,5727.36,False
2894,BK0002894,5293,1,1,2025-11-16,2026-01-02,2026-01-08,,nightly,checked_out,False,6,47,35725.60,1880.30,7145.12,5954.27,False
2895,BK0002895,8551,1,2,2026-01-01,2026-01-02,2026-01-05,,nightly,checked_out,False,3,1,11558.82,0.00,1965.00,3852.94,False
2896,BK0002896,1090,1,5,2025-12-15,2026-01-02,2026-01-03,2025-12-26,nightly,cancelled,True,1,18,2705.96,477.52,0.00,2705.96,False
2897,BK0002897,8128,2,3,2025-11-08,2026-01-02,2026-01-05,2025-11-23,nightly,cancelled,True,3,55,9402.03,1659.18,1692.37,3134.01,False
2898,BK0002898,3510,2,2,2025-12-27,2026-01-02,2026-01-03,,nightly,checked_out,False,1,6,3114.57,0.00,529.48,3114.57,False
2899,BK0002899,731,2,2,2025-11-16,2026-01-02,2026-01-08,,nightly,checked_out,False,6,47,22298.80,1173.62,3790.80,3716.47,False
2900,BK0002900,2571,2,5,2025-12-24,2026-01-02,2026-01-04,,nightly,checked_out,False,2,9,6250.30,328.96,0.00,3125.15,False
2901,BK0002901,6813,2,1,2025-12-25,2026-01-02,2026-01-07,,nightly,checked_out,False,5,8,31913.55,0.00,6382.71,6382.71,False
2902,BK0002902,8737,2,6,2025-12-30,2026-01-02,2026-01-11,,nightly,checked_out,False,9,3,41098.68,0.00,0.00,4566.52,False
2903,BK0002903,2912,2,2,2025-12-14,2026-01-02,2026-01-06,,nightly,checked_out,False,4,19,15324.20,0.00,2605.11,3831.05,False
2904,BK0002904,6236,2,1,2025-12-19,2026-01-02,2026-01-08,,nightly,checked_out,False,6,14,28637.28,0.00,5727.46,4772.88,False
2905,BK0002905,9131,1,6,2026-01-01,2026-01-03,2026-01-07,,nightly,checked_out,False,4,2,19561.80,0.00,0.00,4890.45,False
2906,BK0002906,4500,1,1,2025-12-27,2026-01-03,2026-01-05,,nightly,checked_out,False,2,7,8286.56,0.00,1657.31,4143.28,False
2907,BK0002907,2665,1,3,2025-12-31,2026-01-03,2026-01-04,,nightly,checked_out,False,1,3,3950.59,0.00,711.11,3950.59,False
2908,BK0002908,8552,1,6,2025-12-26,2026-01-03,2026-01-06,,nightly,checked_out,False,3,8,11292.42,0.00,0.00,3764.14,False
2909,BK0002909,4171,2,5,2025-12-30,2026-01-03,2026-01-06,,nightly,checked_out,False,3,4,19255.83,0.00,0.00,6418.61,False
2910,BK0002910,3014,2,6,2025-12-29,2026-01-03,2026-01-05,,nightly,checked_out,False,2,5,6607.37,734.15,0.00,3303.69,False
2911,BK0002911,4385,1,6,2025-12-27,2026-01-04,2026-01-05,,nightly,checked_out,False,1,8,2849.96,316.66,0.00,2849.96,False
2912,BK0002912,7869,1,2,2025-12-24,2026-01-04,2026-01-05,,nightly,checked_out,False,1,11,3241.33,0.00,551.03,3241.33,False
2913,BK0002913,7012,1,1,2025-12-29,2026-01-04,2026-01-05,,nightly,checked_out,False,1,6,4298.45,0.00,859.69,4298.45,False
2914,BK0002914,8308,2,5,2025-12-29,2026-01-04,2026-01-06,,nightly,checked_out,False,2,6,14526.52,0.00,0.00,7263.26,False
2915,BK0002915,9004,2,1,2025-12-26,2026-01-04,2026-01-05,,nightly,checked_out,False,1,9,2989.33,332.15,597.87,2989.33,False
2916,BK0002916,4885,2,4,2025-10-12,2026-01-04,2026-01-10,,nightly,checked_out,False,6,84,22731.71,1196.41,3409.76,3788.62,False
2917,BK0002917,6141,1,1,2026-01-01,2026-01-05,2026-01-06,,nightly,checked_out,False,1,4,3812.91,0.00,762.58,3812.91,False
2918,BK0002918,8687,1,2,2025-12-27,2026-01-05,2026-01-06,,nightly,checked_out,False,1,9,3624.81,0.00,616.22,3624.81,False
2919,BK0002919,4677,1,4,2025-12-31,2026-01-05,2026-01-12,,nightly,checked_out,False,7,5,25684.26,0.00,3852.64,3669.18,False
2920,BK0002920,4302,1,2,2025-12-22,2026-01-05,2026-01-06,,nightly,checked_out,False,1,14,4265.33,0.00,725.11,4265.33,False
2921,BK0002921,4798,1,1,2025-12-23,2026-01-05,2026-01-06,,nightly,checked_out,False,1,13,4492.47,0.00,898.49,4492.47,False
2922,BK0002922,7465,1,3,2025-11-14,2026-01-05,2026-01-06,,nightly,checked_out,False,1,52,4483.77,0.00,807.08,4483.77,False
2923,BK0002923,5144,1,2,2025-12-30,2026-01-05,2026-01-08,,nightly,checked_out,False,3,6,20203.20,0.00,3434.54,6734.40,False
2924,BK0002924,4443,2,5,2025-12-25,2026-01-05,2026-01-12,,nightly,checked_out,False,7,11,24340.99,1281.11,0.00,3477.28,False
2925,BK0002925,1103,2,1,2025-12-23,2026-01-05,2026-01-08,,nightly,checked_out,False,3,13,10791.27,0.00,2158.25,3597.09,False
2926,BK0002926,1502,2,1,2025-12-04,2026-01-05,2026-01-07,,nightly,checked_out,False,2,32,7962.95,884.77,1592.59,3981.48,False
2927,BK0002927,926,2,5,2025-12-23,2026-01-05,2026-01-06,,nightly,checked_out,False,1,13,5447.24,0.00,0.00,5447.24,False
2928,BK0002928,4455,2,1,2025-12-18,2026-01-05,2026-01-06,,nightly,checked_out,False,1,18,4012.53,0.00,802.51,4012.53,False
2929,BK0002929,5058,1,5,2026-01-01,2026-01-06,2026-01-10,,nightly,checked_out,False,4,5,14706.09,2595.19,0.00,3676.52,False
2930,BK0002930,239,1,1,2025-12-27,2026-01-06,2026-01-07,,nightly,checked_out,False,1,10,3592.28,399.14,718.46,3592.28,False
2931,BK0002931,6065,1,2,2025-12-27,2026-01-06,2026-01-07,,nightly,checked_out,False,1,10,3794.41,669.60,645.05,3794.41,False
2932,BK0002932,9017,1,8,2026-01-05,2026-01-06,2026-01-09,,nightly,checked_out,False,3,1,10723.18,564.38,0.00,3574.39,False
2933,BK0002933,7224,1,1,2025-12-31,2026-01-06,2026-01-08,,nightly,checked_out,False,2,6,6996.78,0.00,1399.36,3498.39,False
2934,BK0002934,647,1,5,2025-12-31,2026-01-06,2026-01-10,,nightly,checked_out,False,4,6,16871.00,0.00,0.00,4217.75,False
2935,BK0002935,1397,2,5,2026-01-01,2026-01-06,2026-01-14,,nightly,checked_out,False,8,5,41655.44,0.00,0.00,5206.93,False
2936,BK0002936,3941,2,6,2026-01-03,2026-01-06,2026-01-09,,nightly,checked_out,False,3,3,14181.09,0.00,0.00,4727.03,False
2937,BK0002937,3857,2,1,2025-12-26,2026-01-06,2026-01-10,,nightly,checked_out,False,4,11,12908.11,679.37,2581.62,3227.03,False
2938,BK0002938,2207,2,6,2026-01-04,2026-01-06,2026-01-17,,nightly,checked_out,False,11,2,47557.18,0.00,0.00,4323.38,False
2939,BK0002939,5109,2,3,2025-12-17,2026-01-06,2026-01-07,,nightly,checked_out,False,1,20,6925.96,0.00,1246.67,6925.96,False
2940,BK0002940,718,2,4,2025-12-26,2026-01-06,2026-01-08,,nightly,checked_out,False,2,11,15873.02,0.00,2380.95,7936.51,False
2941,BK0002941,7782,2,6,2026-01-04,2026-01-06,2026-01-12,2026-01-04,nightly,cancelled,True,6,2,45183.42,0.00,0.00,7530.57,False
2942,BK0002942,2276,1,7,2026-01-06,2026-01-07,2026-01-07,,microstay,checked_out,False,0,1,1298.84,0.00,155.86,1298.84,False
2943,BK0002943,8371,1,2,2025-12-20,2026-01-07,2026-01-09,,nightly,checked_out,False,2,18,7910.42,416.34,1344.77,3955.21,False
2944,BK0002944,8343,1,1,2025-12-25,2026-01-07,2026-01-08,2025-12-26,nightly,cancelled,True,1,13,5245.19,0.00,1049.04,5245.19,False
2945,BK0002945,3113,1,2,2026-01-02,2026-01-07,2026-01-08,,nightly,checked_out,False,1,5,5635.91,0.00,958.10,5635.91,False
2946,BK0002946,8680,1,5,2025-12-16,2026-01-07,2026-01-08,,nightly,checked_out,False,1,22,4758.30,0.00,0.00,4758.30,False
2947,BK0002947,5572,1,2,2025-12-28,2026-01-07,2026-01-08,,nightly,checked_out,False,1,10,5076.97,0.00,863.08,5076.97,False
2948,BK0002948,647,1,1,2026-01-05,2026-01-07,2026-01-09,,nightly,checked_out,False,2,2,7945.76,882.86,1589.15,3972.88,False
2949,BK0002949,7223,2,2,2025-12-21,2026-01-07,2026-01-10,,nightly,checked_out,False,3,17,21222.36,0.00,3607.80,7074.12,False
2950,BK0002950,9045,2,3,2025-12-31,2026-01-07,2026-01-08,2026-01-07,nightly,cancelled,True,1,7,3617.53,0.00,651.16,3617.53,False
2951,BK0002951,5361,1,8,2026-01-08,2026-01-08,2026-01-10,,nightly,checked_out,False,2,0,6661.19,350.59,0.00,3330.60,False
2952,BK0002952,785,1,6,2025-12-31,2026-01-08,2026-01-09,,nightly,checked_out,False,1,8,4973.37,0.00,0.00,4973.37,False
2953,BK0002953,8838,1,7,2026-01-08,2026-01-08,2026-01-08,,microstay,checked_out,False,0,0,1635.91,288.69,196.31,1635.91,False
2954,BK0002954,5729,1,1,2025-12-11,2026-01-08,2026-01-11,,nightly,checked_out,False,3,28,15742.80,0.00,3148.56,5247.60,False
2955,BK0002955,2880,1,4,2025-12-02,2026-01-08,2026-01-10,,nightly,checked_out,False,2,37,9289.06,0.00,1393.36,4644.53,False
2956,BK0002956,5995,1,1,2026-01-04,2026-01-08,2026-01-09,,nightly,checked_out,False,1,4,5178.47,0.00,1035.69,5178.47,False
2957,BK0002957,8775,2,3,2026-01-02,2026-01-08,2026-01-09,,nightly,no_show,False,1,6,3499.66,0.00,629.94,3499.66,False
2958,BK0002958,7605,2,2,2025-12-18,2026-01-08,2026-01-09,2026-01-05,nightly,cancelled,True,1,21,6905.89,0.00,1174.00,6905.89,False
2959,BK0002959,2947,2,8,2026-01-07,2026-01-08,2026-01-09,,nightly,checked_out,False,1,1,7353.44,387.02,0.00,7353.44,False
2960,BK0002960,7654,2,7,2026-01-08,2026-01-08,2026-01-08,,microstay,checked_out,False,0,0,1254.11,0.00,150.49,1254.11,False
2961,BK0002961,8775,2,6,2026-01-02,2026-01-08,2026-01-13,,nightly,checked_out,False,5,6,31562.59,3506.96,0.00,6312.52,False
2962,BK0002962,2337,2,7,2026-01-08,2026-01-08,2026-01-08,,microstay,checked_out,False,0,0,1346.33,0.00,161.56,1346.33,False
2963,BK0002963,5781,2,1,2025-12-15,2026-01-08,2026-01-09,,nightly,checked_out,False,1,24,4340.00,0.00,868.00,4340.00,False
2964,BK0002964,2382,1,1,2026-01-06,2026-01-09,2026-01-13,,nightly,checked_out,False,4,3,14688.60,0.00,2937.72,3672.15,False
2965,BK0002965,4131,1,3,2025-12-03,2026-01-09,2026-01-10,,nightly,checked_out,False,1,37,6356.66,0.00,1144.20,6356.66,False
2966,BK0002966,4992,1,6,2025-12-02,2026-01-09,2026-01-13,2025-12-25,nightly,cancelled,True,4,38,15465.13,1718.35,0.00,3866.28,False
2967,BK0002967,7625,1,6,2026-01-06,2026-01-09,2026-01-11,,nightly,checked_out,False,2,3,8618.06,0.00,0.00,4309.03,False
2968,BK0002968,6124,1,6,2026-01-02,2026-01-09,2026-01-14,,nightly,checked_out,False,5,7,24686.05,0.00,0.00,4937.21,False
2969,BK0002969,1913,1,3,2025-12-30,2026-01-09,2026-01-12,,nightly,checked_out,False,3,10,16169.85,0.00,2910.57,5389.95,False
2970,BK0002970,5164,1,1,2025-12-26,2026-01-09,2026-01-12,,nightly,checked_out,False,3,14,10276.93,1141.88,2055.39,3425.64,False
2971,BK0002971,6511,2,6,2026-01-07,2026-01-09,2026-01-18,,nightly,checked_out,False,9,2,41455.53,0.00,0.00,4606.17,False
2972,BK0002972,2090,2,1,2025-11-29,2026-01-09,2026-01-13,,nightly,checked_out,False,4,41,29978.08,0.00,5995.62,7494.52,False
2973,BK0002973,8730,2,1,2025-12-15,2026-01-09,2026-01-10,2025-12-29,nightly,cancelled,True,1,25,3724.26,0.00,744.85,3724.26,False
2974,BK0002974,8086,2,7,2026-01-08,2026-01-09,2026-01-09,,microstay,checked_out,False,0,1,969.19,0.00,116.30,969.19,False
2975,BK0002975,7908,1,1,2026-01-06,2026-01-10,2026-01-11,,nightly,checked_out,False,1,4,3813.96,200.74,762.79,3813.96,False
2976,BK0002976,4553,1,4,2025-12-14,2026-01-10,2026-01-17,,nightly,checked_out,False,7,27,26021.98,1369.58,3903.30,3717.43,False
2977,BK0002977,7954,1,5,2026-01-08,2026-01-10,2026-01-15,,nightly,checked_out,False,5,2,31698.85,0.00,0.00,6339.77,False
2978,BK0002978,2765,1,1,2025-12-06,2026-01-10,2026-01-12,,nightly,checked_out,False,2,35,9587.04,0.00,1917.41,4793.52,False
2979,BK0002979,7473,1,1,2026-01-01,2026-01-10,2026-01-11,,nightly,checked_out,False,1,9,4123.12,0.00,824.62,4123.12,False
2980,BK0002980,1434,1,1,2026-01-06,2026-01-10,2026-01-13,,nightly,checked_out,False,3,4,11465.01,603.42,2293.00,3821.67,False
2981,BK0002981,9304,2,2,2025-12-15,2026-01-10,2026-01-13,2026-01-07,nightly,cancelled,True,3,26,12584.04,0.00,2139.29,4194.68,False
2982,BK0002982,3415,2,5,2026-01-01,2026-01-10,2026-01-13,,nightly,checked_out,False,3,9,10878.25,1208.69,0.00,3626.08,False
2983,BK0002983,1241,2,1,2026-01-05,2026-01-10,2026-01-11,,nightly,checked_out,False,1,5,3820.90,0.00,764.18,3820.90,False
2984,BK0002984,6691,2,3,2025-09-12,2026-01-10,2026-01-11,,nightly,checked_out,False,1,120,3235.53,0.00,582.40,3235.53,False
2985,BK0002985,4475,2,5,2026-01-02,2026-01-10,2026-01-17,,nightly,checked_out,False,7,8,21067.69,0.00,0.00,3009.67,False
2986,BK0002986,2307,1,6,2026-01-04,2026-01-11,2026-01-29,,nightly,checked_out,False,18,7,89571.60,0.00,0.00,4976.20,False
2987,BK0002987,8051,1,5,2026-01-07,2026-01-11,2026-01-13,,nightly,checked_out,False,2,4,8207.56,0.00,0.00,4103.78,False
2988,BK0002988,7713,1,6,2026-01-07,2026-01-11,2026-01-18,,nightly,checked_out,False,7,4,21982.24,0.00,0.00,3140.32,False
2989,BK0002989,58,1,7,2026-01-10,2026-01-11,2026-01-11,,microstay,checked_out,False,0,1,1215.44,0.00,145.85,1215.44,False
2990,BK0002990,6476,1,5,2026-01-02,2026-01-11,2026-01-16,,nightly,checked_out,False,5,9,30432.40,1601.70,0.00,6086.48,False
2991,BK0002991,647,1,2,2026-01-01,2026-01-11,2026-01-15,,nightly,checked_out,False,4,10,15018.36,0.00,2553.12,3754.59,False
2992,BK0002992,5099,2,2,2025-12-31,2026-01-11,2026-01-12,,nightly,checked_out,False,1,11,5230.87,923.09,889.25,5230.87,False
2993,BK0002993,6466,2,6,2026-01-07,2026-01-11,2026-01-13,,nightly,checked_out,False,2,4,5285.84,932.80,0.00,2642.92,False
2994,BK0002994,697,2,5,2025-12-30,2026-01-11,2026-01-12,,nightly,checked_out,False,1,12,4072.25,0.00,0.00,4072.25,False
2995,BK0002995,8798,1,2,2026-01-06,2026-01-12,2026-01-14,,nightly,checked_out,False,2,6,8651.86,0.00,1470.82,4325.93,False
2996,BK0002996,6203,1,2,2025-11-16,2026-01-12,2026-01-14,,nightly,checked_out,False,2,57,10560.40,0.00,1795.27,5280.20,False
2997,BK0002997,8742,1,5,2026-01-08,2026-01-12,2026-01-19,,nightly,checked_out,False,7,4,33117.33,1743.02,0.00,4731.05,False
2998,BK0002998,3421,1,1,2025-10-31,2026-01-12,2026-01-16,,nightly,checked_out,False,4,73,12689.89,1409.99,2537.98,3172.47,False
2999,BK0002999,9186,1,1,2026-01-06,2026-01-12,2026-01-13,,nightly,checked_out,False,1,6,4171.61,0.00,834.32,4171.61,False
3000,BK0003000,4245,2,3,2025-12-12,2026-01-12,2026-01-14,,nightly,checked_out,False,2,31,9113.62,0.00,1640.45,4556.81,False
3001,BK0003001,3536,2,5,2026-01-01,2026-01-12,2026-01-13,,nightly,checked_out,False,1,11,3586.87,0.00,0.00,3586.87,False
3002,BK0003002,7824,2,2,2025-12-16,2026-01-12,2026-01-14,,nightly,checked_out,False,2,27,11047.50,0.00,1878.08,5523.75,False
3003,BK0003003,6085,1,6,2026-01-08,2026-01-13,2026-01-14,,nightly,checked_out,False,1,5,4557.38,0.00,0.00,4557.38,False
3004,BK0003004,1874,1,5,2026-01-04,2026-01-13,2026-01-16,,nightly,checked_out,False,3,9,10373.10,0.00,0.00,3457.70,False
3005,BK0003005,8113,1,5,2026-01-08,2026-01-13,2026-01-14,,nightly,checked_out,False,1,5,4209.82,0.00,0.00,4209.82,False
3006,BK0003006,7277,2,2,2025-12-15,2026-01-13,2026-01-14,,nightly,checked_out,False,1,29,3557.10,395.23,604.71,3557.10,False
3007,BK0003007,5344,2,5,2026-01-07,2026-01-13,2026-01-14,,nightly,checked_out,False,1,6,3243.34,360.37,0.00,3243.34,False
3008,BK0003008,4737,2,5,2025-12-11,2026-01-13,2026-01-15,,nightly,checked_out,False,2,33,7395.31,1305.05,0.00,3697.66,False
3009,BK0003009,1635,2,1,2026-01-07,2026-01-13,2026-01-15,,nightly,checked_out,False,2,6,15021.38,0.00,3004.28,7510.69,False
3010,BK0003010,6124,1,2,2025-12-16,2026-01-14,2026-01-17,,nightly,checked_out,False,3,29,12812.04,0.00,2178.05,4270.68,False
3011,BK0003011,2435,1,6,2026-01-12,2026-01-14,2026-01-18,,nightly,checked_out,False,4,2,16316.16,0.00,0.00,4079.04,False
3012,BK0003012,695,1,6,2026-01-09,2026-01-14,2026-01-15,,nightly,checked_out,False,1,5,5445.78,0.00,0.00,5445.78,False
3013,BK0003013,6975,1,4,2026-01-04,2026-01-14,2026-01-21,,nightly,checked_out,False,7,10,31315.33,5526.23,4697.30,4473.62,False
3014,BK0003014,7059,1,1,2026-01-01,2026-01-14,2026-01-16,,nightly,checked_out,False,2,13,8502.90,0.00,1700.58,4251.45,False
3015,BK0003015,2387,1,6,2026-01-10,2026-01-14,2026-01-17,,nightly,checked_out,False,3,4,12574.47,0.00,0.00,4191.49,False
3016,BK0003016,1157,2,6,2026-01-07,2026-01-14,2026-01-17,,nightly,checked_out,False,3,7,23133.00,0.00,0.00,7711.00,False
3017,BK0003017,6141,2,1,2026-01-01,2026-01-14,2026-01-15,,nightly,checked_out,False,1,13,3528.00,0.00,705.60,3528.00,False
3018,BK0003018,3324,2,7,2026-01-14,2026-01-14,2026-01-14,,microstay,checked_out,False,0,0,1029.80,0.00,123.58,1029.80,False
3019,BK0003019,2285,2,6,2026-01-07,2026-01-14,2026-01-15,,nightly,checked_out,False,1,7,4511.38,0.00,0.00,4511.38,False
3020,BK0003020,654,2,1,2026-01-06,2026-01-14,2026-01-17,,nightly,checked_out,False,3,8,16844.07,0.00,3368.81,5614.69,False
3021,BK0003021,932,1,6,2026-01-10,2026-01-15,2026-01-19,,nightly,checked_out,False,4,5,24080.26,2675.58,0.00,6020.07,False
3022,BK0003022,1080,1,2,2026-01-13,2026-01-15,2026-01-17,,nightly,checked_out,False,2,2,8903.76,0.00,1513.64,4451.88,False
3023,BK0003023,1259,1,5,2025-12-30,2026-01-15,2026-01-16,,nightly,checked_out,False,1,16,5184.19,0.00,0.00,5184.19,False
3024,BK0003024,9182,2,6,2026-01-12,2026-01-15,2026-02-05,,nightly,checked_out,False,21,3,91597.28,16164.22,0.00,4361.78,False
3025,BK0003025,6465,2,2,2025-12-22,2026-01-15,2026-01-18,2025-12-28,nightly,cancelled,True,3,24,11233.59,1248.18,1909.71,3744.53,False
3026,BK0003026,7752,2,6,2026-01-09,2026-01-15,2026-02-04,,nightly,checked_out,False,20,6,74033.60,0.00,0.00,3701.68,False
3027,BK0003027,743,1,1,2025-12-22,2026-01-16,2026-01-21,,nightly,checked_out,False,5,25,16616.21,874.54,3323.24,3323.24,False
3028,BK0003028,4754,1,1,2026-01-12,2026-01-16,2026-01-23,2026-01-13,nightly,cancelled,True,7,4,24696.98,0.00,4939.40,3528.14,False
3029,BK0003029,3940,1,2,2025-12-24,2026-01-16,2026-01-18,,nightly,checked_out,False,2,23,11882.68,0.00,2020.06,5941.34,False
3030,BK0003030,58,2,3,2026-01-09,2026-01-16,2026-01-20,,nightly,checked_out,False,4,7,20014.12,0.00,3602.54,5003.53,False
3031,BK0003031,8408,2,3,2025-11-25,2026-01-16,2026-01-17,,nightly,checked_out,False,1,52,4045.10,0.00,728.12,4045.10,False
3032,BK0003032,5689,2,1,2025-12-12,2026-01-16,2026-01-18,,nightly,checked_out,False,2,35,6560.66,0.00,1312.13,3280.33,False
3033,BK0003033,6351,1,2,2025-12-31,2026-01-17,2026-01-19,2026-01-14,nightly,cancelled,True,2,17,9417.40,0.00,1600.96,4708.70,False
3034,BK0003034,3678,1,6,2026-01-02,2026-01-17,2026-01-25,,nightly,checked_out,False,8,15,25687.68,4533.12,0.00,3210.96,False
3035,BK0003035,2535,1,3,2026-01-10,2026-01-17,2026-01-18,,nightly,checked_out,False,1,7,3161.14,557.85,569.01,3161.14,False
3036,BK0003036,1412,2,6,2026-01-07,2026-01-17,2026-02-07,,nightly,checked_out,False,21,10,89648.79,0.00,0.00,4268.99,False
3037,BK0003037,6317,2,4,2026-01-04,2026-01-17,2026-01-18,,nightly,checked_out,False,1,13,3463.90,0.00,519.59,3463.90,False
3038,BK0003038,706,2,1,2026-01-09,2026-01-17,2026-01-21,,nightly,checked_out,False,4,8,16172.68,0.00,3234.54,4043.17,False
3039,BK0003039,647,2,5,2026-01-15,2026-01-17,2026-01-22,,nightly,checked_out,False,5,2,16498.53,1833.17,0.00,3299.71,False
3040,BK0003040,4114,2,6,2026-01-03,2026-01-17,2026-01-20,,nightly,checked_out,False,3,14,18700.89,0.00,0.00,6233.63,False
3041,BK0003041,8559,2,2,2026-01-14,2026-01-17,2026-01-18,,nightly,checked_out,False,1,3,3981.36,209.54,676.83,3981.36,False
3042,BK0003042,6129,2,7,2026-01-16,2026-01-17,2026-01-17,,microstay,checked_out,False,0,0,1810.59,0.00,217.27,1810.59,True
3043,BK0003043,4414,2,2,2026-01-09,2026-01-17,2026-01-18,,nightly,checked_out,False,1,8,6131.85,0.00,1042.41,6131.85,False
3044,BK0003044,959,1,5,2025-12-30,2026-01-18,2026-01-20,,nightly,checked_out,False,2,19,8344.90,0.00,0.00,4172.45,False
3045,BK0003045,246,1,4,2026-01-08,2026-01-18,2026-01-19,,nightly,checked_out,False,1,10,2870.70,318.97,430.61,2870.70,False
3046,BK0003046,7173,1,5,2026-01-12,2026-01-18,2026-01-19,,nightly,checked_out,False,1,6,6260.49,0.00,0.00,6260.49,False
3047,BK0003047,3196,1,1,2026-01-06,2026-01-18,2026-01-19,,nightly,checked_out,False,1,12,3945.23,0.00,789.05,3945.23,False
3048,BK0003048,8002,1,2,2025-12-26,2026-01-18,2026-01-20,,nightly,checked_out,False,2,23,9412.12,0.00,1600.06,4706.06,False
3049,BK0003049,2018,2,1,2026-01-11,2026-01-18,2026-01-20,2026-01-11,nightly,cancelled,True,2,7,6585.10,0.00,1317.02,3292.55,False
3050,BK0003050,5653,2,5,2026-01-10,2026-01-18,2026-01-22,,nightly,checked_out,False,4,8,12689.53,667.87,0.00,3172.38,False
3051,BK0003051,1015,2,1,2026-01-15,2026-01-18,2026-01-22,,nightly,checked_out,False,4,3,13639.85,2407.03,2727.97,3409.96,False
3052,BK0003052,5211,1,1,2025-12-08,2026-01-19,2026-01-26,,nightly,checked_out,False,7,42,31872.47,0.00,6374.49,4553.21,False
3053,BK0003053,3794,1,1,2026-01-06,2026-01-19,2026-01-20,2026-01-08,nightly,cancelled,True,1,13,4381.75,0.00,876.35,4381.75,False
3054,BK0003054,5094,1,6,2026-01-18,2026-01-19,2026-01-22,,nightly,checked_out,False,3,1,20953.71,1102.83,0.00,6984.57,False
3055,BK0003055,724,1,3,2025-12-21,2026-01-19,2026-01-20,,nightly,checked_out,False,1,29,4418.86,0.00,795.39,4418.86,False
3056,BK0003056,8586,1,6,2026-01-16,2026-01-19,2026-02-05,,nightly,checked_out,False,17,3,81228.36,4275.18,0.00,4778.14,False
3057,BK0003057,2582,1,1,2025-12-27,2026-01-19,2026-01-20,,nightly,checked_out,False,1,23,4100.44,0.00,820.09,4100.44,False
3058,BK0003058,4756,1,6,2026-01-17,2026-01-19,2026-01-20,,nightly,checked_out,False,1,2,7331.38,0.00,0.00,7331.38,False
3059,BK0003059,3041,1,6,2026-01-18,2026-01-19,2026-02-07,,nightly,checked_out,False,19,1,82895.86,0.00,0.00,4362.94,False
3060,BK0003060,6825,1,5,2026-01-16,2026-01-19,2026-01-20,,nightly,checked_out,False,1,3,3406.10,0.00,0.00,3406.10,False
3061,BK0003061,3727,1,6,2026-01-17,2026-01-19,2026-01-26,,nightly,checked_out,False,7,2,25878.93,0.00,0.00,3696.99,False
3062,BK0003062,4831,1,1,2026-01-07,2026-01-19,2026-01-20,,nightly,checked_out,False,1,12,3439.00,606.88,687.80,3439.00,False
3063,BK0003063,3133,1,2,2025-12-20,2026-01-20,2026-01-22,2026-01-11,nightly,cancelled,True,2,31,10466.96,0.00,1779.38,5233.48,False
3064,BK0003064,9082,1,1,2025-12-22,2026-01-20,2026-01-22,,nightly,checked_out,False,2,29,6933.80,364.94,1386.76,3466.90,False
3065,BK0003065,260,1,5,2026-01-18,2026-01-20,2026-01-24,,nightly,checked_out,False,4,2,17359.04,0.00,0.00,4339.76,False
3066,BK0003066,5985,1,3,2026-01-05,2026-01-20,2026-01-24,,nightly,checked_out,False,4,15,18169.32,0.00,3270.48,4542.33,False
3067,BK0003067,9009,1,3,2026-01-07,2026-01-20,2026-01-21,,nightly,checked_out,False,1,13,4292.07,225.90,772.57,4292.07,False
3068,BK0003068,6030,1,5,2026-01-16,2026-01-20,2026-01-22,,nightly,checked_out,False,2,4,9290.07,1032.23,0.00,4645.04,False
3069,BK0003069,2745,1,6,2026-01-18,2026-01-20,2026-01-28,2026-01-20,nightly,cancelled,True,8,2,40789.81,2146.83,0.00,5098.73,False
3070,BK0003070,5721,1,2,2026-01-04,2026-01-20,2026-01-22,,nightly,checked_out,False,2,16,13113.80,0.00,2229.35,6556.90,False
3071,BK0003071,2008,2,6,2026-01-18,2026-01-20,2026-01-28,,nightly,checked_out,False,8,2,56816.00,0.00,0.00,7102.00,False
3072,BK0003072,8434,2,6,2026-01-17,2026-01-20,2026-01-21,,nightly,checked_out,False,1,3,4728.44,525.38,0.00,4728.44,False
3073,BK0003073,5368,2,7,2026-01-19,2026-01-20,2026-01-20,,microstay,checked_out,False,0,1,2048.74,0.00,245.85,2048.74,False
3074,BK0003074,5246,2,1,2026-01-18,2026-01-20,2026-01-22,,nightly,checked_out,False,2,2,9327.10,0.00,1865.42,4663.55,False
3075,BK0003075,7385,1,4,2026-01-03,2026-01-21,2026-02-01,,nightly,checked_out,False,11,18,43979.21,0.00,6596.88,3998.11,False
3076,BK0003076,7905,1,7,2026-01-21,2026-01-21,2026-01-21,,microstay,checked_out,False,0,0,1531.00,0.00,183.72,1531.00,False
3077,BK0003077,3489,1,7,2026-01-19,2026-01-21,2026-01-21,2026-01-20,microstay,cancelled,True,0,1,1561.13,82.16,187.34,1561.13,True
3078,BK0003078,5164,1,6,2026-01-18,2026-01-21,2026-01-23,,nightly,checked_out,False,2,3,8463.84,0.00,0.00,4231.92,False
3079,BK0003079,7916,1,2,2025-12-25,2026-01-21,2026-01-26,,nightly,checked_out,False,5,27,15789.19,1754.36,2684.16,3157.84,False
3080,BK0003080,5087,2,1,2026-01-14,2026-01-21,2026-01-24,,nightly,checked_out,False,3,7,10670.31,561.60,2134.06,3556.77,False
3081,BK0003081,5004,2,6,2026-01-03,2026-01-21,2026-01-23,,nightly,checked_out,False,2,18,10934.90,0.00,0.00,5467.45,False
3082,BK0003082,7035,2,5,2026-01-02,2026-01-21,2026-01-27,,nightly,checked_out,False,6,19,27068.28,0.00,0.00,4511.38,False
3083,BK0003083,2141,2,3,2026-01-03,2026-01-21,2026-01-24,,nightly,checked_out,False,3,18,21504.72,0.00,3870.85,7168.24,False
3084,BK0003084,191,2,4,2026-01-05,2026-01-21,2026-01-24,,nightly,checked_out,False,3,16,13166.40,0.00,1974.96,4388.80,False
3085,BK0003085,7495,2,4,2026-01-06,2026-01-21,2026-01-23,,nightly,checked_out,False,2,15,13363.02,703.32,2004.45,6681.51,False
3086,BK0003086,4352,1,1,2026-01-11,2026-01-22,2026-01-23,2026-01-11,nightly,cancelled,True,1,11,3458.68,0.00,691.74,3458.68,False
3087,BK0003087,272,1,3,2026-01-17,2026-01-22,2026-01-23,,nightly,checked_out,False,1,5,5358.23,0.00,964.48,5358.23,False
3088,BK0003088,8730,1,2,2026-01-14,2026-01-22,2026-01-24,,nightly,checked_out,False,2,8,7440.48,0.00,1264.88,3720.24,False
3089,BK0003089,3116,1,2,2026-01-10,2026-01-22,2026-01-23,,nightly,checked_out,False,1,12,6470.31,718.92,1099.95,6470.31,False
3090,BK0003090,2079,1,3,2026-01-01,2026-01-22,2026-01-23,,nightly,checked_out,False,1,21,4915.00,0.00,884.70,4915.00,False
3091,BK0003091,1923,2,3,2026-01-18,2026-01-22,2026-01-23,,nightly,checked_out,False,1,4,4320.88,227.41,777.76,4320.88,False
3092,BK0003092,1667,2,2,2025-12-09,2026-01-22,2026-01-25,,nightly,checked_out,False,3,44,11949.20,1327.69,2031.36,3983.07,False
3093,BK0003093,7991,2,4,2025-12-15,2026-01-22,2026-01-28,,nightly,checked_out,False,6,38,21166.99,3735.35,3175.05,3527.83,False
3094,BK0003094,306,2,1,2025-12-20,2026-01-22,2026-01-27,,nightly,checked_out,False,5,33,18417.35,0.00,3683.47,3683.47,False
3095,BK0003095,7173,1,2,2026-01-16,2026-01-23,2026-01-25,2026-01-20,nightly,cancelled,True,2,7,8378.12,930.90,1424.28,4189.06,False
3096,BK0003096,8416,1,2,2026-01-14,2026-01-23,2026-01-31,,nightly,checked_out,False,8,9,34169.60,0.00,5808.83,4271.20,False
3097,BK0003097,7162,1,2,2026-01-13,2026-01-23,2026-01-24,,nightly,checked_out,False,1,10,5277.53,0.00,897.18,5277.53,False
3098,BK0003098,2497,1,1,2026-01-15,2026-01-23,2026-01-25,2026-01-17,nightly,cancelled,True,2,8,7030.50,0.00,1406.10,3515.25,False
3099,BK0003099,3940,1,3,2025-11-24,2026-01-23,2026-01-25,2025-12-16,nightly,cancelled,True,2,60,8373.86,0.00,1507.29,4186.93,False
3100,BK0003100,1442,1,7,2026-01-22,2026-01-23,2026-01-23,,microstay,checked_out,False,0,1,1806.23,95.06,216.75,1806.23,False
3101,BK0003101,6498,1,7,2026-01-23,2026-01-23,2026-01-23,,microstay,checked_out,False,0,0,1934.21,101.80,232.11,1934.21,False
3102,BK0003102,766,1,5,2026-01-19,2026-01-23,2026-01-28,,nightly,checked_out,False,5,4,25055.05,0.00,0.00,5011.01,False
3103,BK0003103,6759,2,6,2026-01-21,2026-01-23,2026-01-26,,nightly,checked_out,False,3,2,15078.75,0.00,0.00,5026.25,False
3104,BK0003104,4112,2,2,2026-01-14,2026-01-23,2026-01-24,,nightly,checked_out,False,1,9,6631.37,0.00,1127.33,6631.37,False
3105,BK0003105,4958,1,7,2026-01-23,2026-01-24,2026-01-24,,microstay,checked_out,False,0,1,1781.43,0.00,213.77,1781.43,False
3106,BK0003106,4697,1,1,2026-01-12,2026-01-24,2026-01-25,,nightly,checked_out,False,1,12,3507.08,618.90,701.42,3507.08,False
3107,BK0003107,535,1,2,2025-11-14,2026-01-24,2026-01-25,,nightly,checked_out,False,1,71,6427.30,0.00,1092.64,6427.30,False
3108,BK0003108,7647,1,1,2026-01-09,2026-01-24,2026-01-25,,nightly,checked_out,False,1,15,3336.97,370.78,667.39,3336.97,False
3109,BK0003109,9272,2,6,2026-01-16,2026-01-24,2026-01-28,,nightly,checked_out,False,4,8,28255.40,0.00,0.00,7063.85,False
3110,BK0003110,199,2,2,2026-01-17,2026-01-24,2026-01-25,,nightly,checked_out,False,1,7,4118.20,0.00,700.09,4118.20,False
3111,BK0003111,1880,1,6,2026-01-22,2026-01-25,2026-01-27,,nightly,checked_out,False,2,3,7224.08,802.68,0.00,3612.04,False
3112,BK0003112,4606,1,2,2026-01-17,2026-01-25,2026-01-26,,nightly,checked_out,False,1,8,4882.13,0.00,829.96,4882.13,False
3113,BK0003113,897,1,2,2026-01-21,2026-01-25,2026-01-26,,nightly,checked_out,False,1,3,2995.19,0.00,509.18,2995.19,True
3114,BK0003114,4432,1,5,2026-01-24,2026-01-25,2026-01-29,,nightly,checked_out,False,4,1,25535.04,0.00,0.00,6383.76,False
3115,BK0003115,3033,2,4,2026-01-15,2026-01-25,2026-01-31,,nightly,checked_out,False,6,10,24193.74,0.00,3629.06,4032.29,False
3116,BK0003116,8068,2,1,2026-01-21,2026-01-25,2026-01-29,,nightly,checked_out,False,4,4,16252.52,0.00,3250.50,4063.13,False
3117,BK0003117,2115,2,1,2026-01-22,2026-01-25,2026-01-28,,nightly,checked_out,False,3,3,19441.80,0.00,3888.36,6480.60,False
3118,BK0003118,6406,2,5,2026-01-24,2026-01-25,2026-01-28,,nightly,checked_out,False,3,1,12903.75,679.14,0.00,4301.25,False
3119,BK0003119,3748,1,5,2026-01-20,2026-01-26,2026-01-31,,nightly,checked_out,False,5,6,19991.75,0.00,0.00,3998.35,False
3120,BK0003120,7626,1,5,2026-01-17,2026-01-26,2026-01-27,,nightly,checked_out,False,1,9,6265.31,0.00,0.00,6265.31,False
3121,BK0003121,4591,1,6,2026-01-24,2026-01-26,2026-02-16,,nightly,checked_out,False,21,2,79688.91,0.00,0.00,3794.71,False
3122,BK0003122,4729,1,2,2026-01-11,2026-01-26,2026-01-28,,nightly,checked_out,False,2,15,9060.40,476.86,1540.27,4530.20,False
3123,BK0003123,7111,2,6,2026-01-17,2026-01-26,2026-01-30,2026-01-19,nightly,cancelled,True,4,9,16642.02,875.90,0.00,4160.51,False
3124,BK0003124,1226,2,5,2026-01-15,2026-01-26,2026-01-28,2026-01-17,nightly,cancelled,True,2,11,6206.28,1095.22,0.00,3103.14,False
3125,BK0003125,4916,2,4,2025-12-28,2026-01-26,2026-01-29,,nightly,checked_out,False,3,29,11648.31,0.00,1747.25,3882.77,False
3126,BK0003126,3633,2,1,2026-01-06,2026-01-26,2026-01-27,,nightly,checked_out,False,1,20,5946.66,0.00,1189.33,5946.66,False
3127,BK0003127,1202,1,5,2026-01-24,2026-01-27,2026-01-31,,nightly,checked_out,False,4,3,14402.11,758.01,0.00,3600.53,False
3128,BK0003128,209,1,1,2026-01-03,2026-01-27,2026-01-29,,nightly,checked_out,False,2,24,7198.74,799.86,1439.75,3599.37,False
3129,BK0003129,1477,1,6,2026-01-24,2026-01-27,2026-01-30,2026-01-27,nightly,cancelled,True,3,3,14879.43,0.00,0.00,4959.81,False
3130,BK0003130,172,1,1,2026-01-17,2026-01-27,2026-01-28,,nightly,checked_out,False,1,10,3775.71,0.00,755.14,3775.71,False
3131,BK0003131,4798,1,2,2026-01-08,2026-01-27,2026-01-28,,nightly,checked_out,False,1,19,7127.23,0.00,1211.63,7127.23,False
3132,BK0003132,7604,1,4,2026-01-26,2026-01-27,2026-02-01,,nightly,checked_out,False,5,1,27127.40,0.00,4069.11,5425.48,False
3133,BK0003133,410,1,2,2026-01-18,2026-01-27,2026-01-28,2026-01-25,nightly,cancelled,True,1,9,3727.17,0.00,633.62,3727.17,False
3134,BK0003134,3738,2,6,2026-01-12,2026-01-27,2026-01-31,,nightly,checked_out,False,4,15,14904.84,0.00,0.00,3726.21,False
3135,BK0003135,7020,2,3,2026-01-13,2026-01-27,2026-01-31,,nightly,checked_out,False,4,14,22022.68,0.00,3964.08,5505.67,False
3136,BK0003136,654,2,7,2026-01-26,2026-01-27,2026-01-27,,microstay,checked_out,False,0,1,1157.01,60.90,138.84,1157.01,False
3137,BK0003137,5317,1,5,2026-01-16,2026-01-28,2026-02-01,,nightly,checked_out,False,4,11,15428.44,0.00,0.00,3857.11,True
3138,BK0003138,4123,1,5,2026-01-07,2026-01-28,2026-01-29,,nightly,checked_out,False,1,21,5301.44,0.00,0.00,5301.44,False
3139,BK0003139,1349,1,5,2026-01-22,2026-01-28,2026-01-30,,nightly,checked_out,False,2,6,8973.20,0.00,0.00,4486.60,False
3140,BK0003140,2963,1,2,2025-12-26,2026-01-28,2026-01-29,,nightly,checked_out,False,1,33,4091.37,454.60,695.53,4091.37,False
3141,BK0003141,8352,1,2,2026-01-12,2026-01-28,2026-01-29,,nightly,checked_out,False,1,16,6872.20,763.58,1168.27,6872.20,False
3142,BK0003142,6797,2,6,2026-01-10,2026-01-28,2026-02-02,,nightly,checked_out,False,5,18,40035.65,0.00,0.00,8007.13,False
3143,BK0003143,4894,2,1,2025-11-29,2026-01-28,2026-01-31,,nightly,checked_out,False,3,60,12545.73,660.30,2509.15,4181.91,False
3144,BK0003144,1782,2,1,2026-01-12,2026-01-28,2026-01-30,2026-01-12,nightly,cancelled,True,2,16,10408.78,0.00,2081.76,5204.39,False
3145,BK0003145,3633,2,6,2026-01-20,2026-01-28,2026-02-06,,nightly,checked_out,False,9,8,52980.00,9349.41,0.00,5886.67,False
3146,BK0003146,902,2,1,2026-01-24,2026-01-28,2026-01-29,,nightly,checked_out,False,1,4,4401.58,0.00,880.32,4401.58,False
3147,BK0003147,1094,2,2,2026-01-21,2026-01-28,2026-01-30,,nightly,checked_out,False,2,7,13542.72,712.78,2302.26,6771.36,False
3148,BK0003148,4798,1,2,2025-11-09,2026-01-29,2026-02-01,2026-01-14,nightly,cancelled,True,3,81,12678.57,0.00,2155.36,4226.19,False
3149,BK0003149,9354,1,5,2026-01-22,2026-01-29,2026-01-30,,nightly,checked_out,False,1,7,4038.78,212.57,0.00,4038.78,False
3150,BK0003150,5858,1,1,2026-01-23,2026-01-29,2026-01-31,,nightly,checked_out,False,2,6,9639.67,507.35,1927.93,4819.84,False
3151,BK0003151,727,1,2,2025-12-21,2026-01-29,2026-01-30,2026-01-23,nightly,cancelled,True,1,39,4565.14,0.00,776.07,4565.14,False
3152,BK0003152,4141,1,3,2026-01-02,2026-01-29,2026-01-30,,nightly,checked_out,False,1,27,6743.00,354.89,1213.74,6743.00,False
3153,BK0003153,1636,2,2,2026-01-26,2026-01-29,2026-02-03,,nightly,checked_out,False,5,3,22188.85,0.00,3772.10,4437.77,False
3154,BK0003154,10,1,6,2026-01-26,2026-01-30,2026-02-02,,nightly,checked_out,False,3,4,12089.43,0.00,0.00,4029.81,False
3155,BK0003155,2567,1,3,2026-01-06,2026-01-30,2026-02-01,2026-01-12,nightly,cancelled,True,2,24,10487.30,0.00,1887.71,5243.65,False
3156,BK0003156,3439,1,7,2026-01-29,2026-01-30,2026-01-30,,microstay,checked_out,False,0,1,1587.99,176.44,190.56,1587.99,False
3157,BK0003157,1344,2,2,2026-01-15,2026-01-30,2026-02-01,,nightly,checked_out,False,2,15,6874.50,0.00,1168.66,3437.25,False
3158,BK0003158,358,2,6,2026-01-24,2026-01-30,2026-02-20,,nightly,checked_out,False,21,6,88397.19,0.00,0.00,4209.39,False
3159,BK0003159,7469,2,1,2026-01-25,2026-01-30,2026-02-03,,nightly,checked_out,False,4,4,27344.38,1439.18,5468.88,6836.10,True
3160,BK0003160,1272,2,5,2026-01-24,2026-01-30,2026-02-01,,nightly,checked_out,False,2,6,8252.86,0.00,0.00,4126.43,False
3161,BK0003161,4653,1,1,2026-01-24,2026-01-31,2026-02-02,,nightly,checked_out,False,2,7,8557.48,0.00,1711.50,4278.74,False
3162,BK0003162,441,1,5,2026-01-21,2026-01-31,2026-02-01,,nightly,checked_out,False,1,10,4129.82,0.00,0.00,4129.82,False
3163,BK0003163,4798,1,3,2025-12-21,2026-01-31,2026-02-01,,nightly,checked_out,False,1,41,6698.43,0.00,1205.72,6698.43,False
3164,BK0003164,749,1,1,2025-12-30,2026-01-31,2026-02-01,,nightly,checked_out,False,1,32,5942.15,0.00,1188.43,5942.15,False
3165,BK0003165,8811,1,5,2026-01-27,2026-01-31,2026-02-01,,nightly,checked_out,False,1,4,3283.35,0.00,0.00,3283.35,False
3166,BK0003166,6287,2,3,2026-01-18,2026-01-31,2026-02-01,,nightly,checked_out,False,1,13,3990.13,0.00,718.22,3990.13,False
3167,BK0003167,6284,2,3,2026-01-28,2026-01-31,2026-02-01,,nightly,checked_out,False,1,3,3046.48,160.34,548.37,3046.48,False
3168,BK0003168,8717,1,2,2026-01-22,2026-02-01,2026-02-06,2026-01-25,nightly,cancelled,True,5,10,32161.92,1692.73,5467.53,6432.38,False
3169,BK0003169,1454,1,4,2025-12-28,2026-02-01,2026-02-09,,nightly,checked_out,False,8,35,28886.61,1520.35,4332.99,3610.83,False
3170,BK0003170,4252,1,4,2026-01-23,2026-02-01,2026-02-04,,nightly,checked_out,False,3,9,20812.38,0.00,3121.86,6937.46,False
3171,BK0003171,9164,1,1,2026-01-17,2026-02-01,2026-02-02,,nightly,no_show,False,1,15,4205.00,742.06,841.00,4205.00,False
3172,BK0003172,8354,1,5,2026-01-23,2026-02-01,2026-02-02,,nightly,checked_out,False,1,9,4256.14,472.90,0.00,4256.14,False
3173,BK0003173,7390,2,1,2026-01-18,2026-02-01,2026-02-02,,nightly,checked_out,False,1,14,3322.86,0.00,664.57,3322.86,False
3174,BK0003174,7262,2,5,2026-01-10,2026-02-01,2026-02-02,,nightly,checked_out,False,1,22,5176.31,0.00,0.00,5176.31,False
3175,BK0003175,7499,1,4,2026-01-25,2026-02-02,2026-02-05,,nightly,checked_out,False,3,8,15955.50,0.00,2393.32,5318.50,False
3176,BK0003176,1707,1,6,2026-01-23,2026-02-02,2026-02-04,,nightly,checked_out,False,2,10,8016.63,421.93,0.00,4008.32,False
3177,BK0003177,7052,1,7,2026-02-01,2026-02-02,2026-02-02,,microstay,checked_out,False,0,1,1489.23,0.00,178.71,1489.23,False
3178,BK0003178,3189,1,6,2026-01-30,2026-02-02,2026-02-03,,nightly,checked_out,False,1,3,4615.78,0.00,0.00,4615.78,False
3179,BK0003179,261,1,5,2026-01-31,2026-02-02,2026-02-04,,nightly,checked_out,False,2,2,8390.38,932.26,0.00,4195.19,False
3180,BK0003180,5508,1,2,2026-01-21,2026-02-02,2026-02-03,2026-01-28,nightly,cancelled,True,1,11,4549.89,0.00,773.48,4549.89,True
3181,BK0003181,9163,1,5,2026-01-28,2026-02-02,2026-02-05,,nightly,checked_out,False,3,4,16507.83,0.00,0.00,5502.61,True
3182,BK0003182,450,2,7,2026-02-01,2026-02-02,2026-02-02,,microstay,checked_out,False,0,1,1195.18,0.00,143.42,1195.18,False
3183,BK0003183,2103,2,6,2026-01-29,2026-02-02,2026-02-05,,nightly,checked_out,False,3,4,13395.51,0.00,0.00,4465.17,False
3184,BK0003184,5005,2,1,2026-01-20,2026-02-02,2026-02-04,,nightly,checked_out,False,2,13,8594.64,0.00,1718.93,4297.32,False
3185,BK0003185,2910,2,7,2026-02-02,2026-02-02,2026-02-02,,microstay,checked_out,False,0,0,2292.07,0.00,275.05,2292.07,False
3186,BK0003186,2012,2,1,2026-01-31,2026-02-02,2026-02-04,,nightly,checked_out,False,2,2,11247.52,0.00,2249.50,5623.76,False
3187,BK0003187,3207,2,6,2026-01-31,2026-02-02,2026-02-03,,nightly,checked_out,False,1,2,3418.08,179.90,0.00,3418.08,False
3188,BK0003188,5744,2,1,2026-01-22,2026-02-02,2026-02-03,,nightly,checked_out,False,1,11,3646.45,0.00,729.29,3646.45,False
3189,BK0003189,4192,1,7,2026-02-03,2026-02-03,2026-02-03,,microstay,checked_out,False,0,0,952.67,0.00,114.32,952.67,False
3190,BK0003190,3535,1,6,2026-01-31,2026-02-03,2026-02-05,,nightly,checked_out,False,2,3,10956.18,0.00,0.00,5478.09,False
3191,BK0003191,6426,1,6,2026-02-01,2026-02-03,2026-02-07,,nightly,checked_out,False,4,2,27862.02,1466.42,0.00,6965.51,False
3192,BK0003192,9185,1,1,2026-01-06,2026-02-03,2026-02-10,,nightly,checked_out,False,7,28,31922.52,0.00,6384.50,4560.36,False
3193,BK0003193,2581,1,4,2026-01-07,2026-02-03,2026-02-07,2026-01-11,nightly,cancelled,True,4,27,16287.86,857.26,2443.18,4071.97,False
3194,BK0003194,3173,1,2,2026-01-12,2026-02-03,2026-02-04,,nightly,checked_out,False,1,22,4036.80,0.00,686.26,4036.80,False
3195,BK0003195,1667,2,1,2026-01-30,2026-02-03,2026-02-04,,nightly,checked_out,False,1,4,3508.00,184.63,701.60,3508.00,False
3196,BK0003196,9142,2,1,2026-01-30,2026-02-03,2026-02-05,,nightly,checked_out,False,2,4,8359.36,0.00,1671.87,4179.68,False
3197,BK0003197,2190,2,7,2026-02-02,2026-02-03,2026-02-03,,microstay,checked_out,False,0,1,1167.71,61.46,140.13,1167.71,False
3198,BK0003198,8617,2,2,2025-12-29,2026-02-03,2026-02-07,,nightly,checked_out,False,4,36,29704.04,0.00,5049.69,7426.01,False
3199,BK0003199,7231,1,4,2025-12-18,2026-02-04,2026-02-05,,nightly,checked_out,False,1,48,4587.47,0.00,688.12,4587.47,False
3200,BK0003200,7850,1,5,2026-01-25,2026-02-04,2026-02-11,,nightly,checked_out,False,7,10,28753.48,0.00,0.00,4107.64,False
3201,BK0003201,2361,1,5,2026-02-02,2026-02-04,2026-02-09,,nightly,checked_out,False,5,2,18150.35,0.00,0.00,3630.07,False
3202,BK0003202,2542,2,3,2026-01-21,2026-02-04,2026-02-05,,nightly,checked_out,False,1,14,4757.34,0.00,856.32,4757.34,False
3203,BK0003203,9354,2,5,2026-01-30,2026-02-04,2026-02-06,,nightly,checked_out,False,2,5,13227.44,696.18,0.00,6613.72,False
3204,BK0003204,2959,2,7,2026-02-03,2026-02-04,2026-02-04,,microstay,checked_out,False,0,1,1087.36,0.00,130.48,1087.36,False
3205,BK0003205,5953,2,7,2026-02-03,2026-02-04,2026-02-04,,microstay,checked_out,False,0,1,1126.98,0.00,135.24,1126.98,False
3206,BK0003206,1808,1,6,2026-02-03,2026-02-05,2026-02-09,,nightly,checked_out,False,4,2,27413.16,1442.80,0.00,6853.29,False
3207,BK0003207,2567,1,3,2026-01-12,2026-02-05,2026-02-10,,nightly,checked_out,False,5,24,17962.85,0.00,3233.31,3592.57,False
3208,BK0003208,8855,2,2,2026-02-03,2026-02-05,2026-02-07,,nightly,checked_out,False,2,2,9331.72,0.00,1586.39,4665.86,False
3209,BK0003209,3353,2,1,2026-01-27,2026-02-05,2026-02-06,,nightly,checked_out,False,1,9,4097.66,0.00,819.53,4097.66,False
3210,BK0003210,2813,2,1,2026-01-16,2026-02-05,2026-02-06,,nightly,checked_out,False,1,20,3754.63,0.00,750.93,3754.63,False
3211,BK0003211,2111,2,7,2026-02-04,2026-02-05,2026-02-05,,microstay,checked_out,False,0,1,1506.94,0.00,180.83,1506.94,False
3212,BK0003212,3844,2,5,2026-02-02,2026-02-05,2026-02-09,,nightly,checked_out,False,4,3,21019.16,0.00,0.00,5254.79,False
3213,BK0003213,1919,2,5,2026-02-03,2026-02-05,2026-02-06,,nightly,checked_out,False,1,1,4682.90,0.00,0.00,4682.90,True
3214,BK0003214,2433,2,1,2026-02-01,2026-02-05,2026-02-08,,nightly,checked_out,False,3,4,13805.16,0.00,2761.03,4601.72,False
3215,BK0003215,1305,2,3,2026-01-16,2026-02-05,2026-02-06,,nightly,checked_out,False,1,20,4764.94,0.00,857.69,4764.94,False
3216,BK0003216,135,2,3,2026-01-11,2026-02-05,2026-02-06,,nightly,checked_out,False,1,25,3547.22,0.00,638.50,3547.22,False
3217,BK0003217,6483,1,5,2026-01-31,2026-02-06,2026-02-08,,nightly,checked_out,False,2,5,6946.42,771.82,0.00,3473.21,True
3218,BK0003218,3073,1,1,2026-01-20,2026-02-06,2026-02-07,,nightly,checked_out,False,1,17,4143.80,0.00,828.76,4143.80,False
3219,BK0003219,5845,1,2,2026-02-03,2026-02-06,2026-02-09,,nightly,checked_out,False,3,3,13127.26,1458.59,2231.63,4375.75,False
3220,BK0003220,2812,1,1,2026-01-29,2026-02-06,2026-02-08,,nightly,checked_out,False,2,8,10751.46,0.00,2150.29,5375.73,False
3221,BK0003221,8379,1,5,2026-01-28,2026-02-06,2026-02-15,,nightly,no_show,False,9,9,43415.82,0.00,0.00,4823.98,False
3222,BK0003222,6588,2,6,2026-02-04,2026-02-06,2026-02-13,,nightly,checked_out,False,7,2,31397.66,0.00,0.00,4485.38,False
3223,BK0003223,1922,2,2,2025-12-26,2026-02-06,2026-02-07,,nightly,checked_out,False,1,42,3509.30,0.00,596.58,3509.30,False
3224,BK0003224,2812,2,2,2026-01-02,2026-02-06,2026-02-08,2026-01-29,nightly,cancelled,True,2,35,13546.64,0.00,2302.93,6773.32,False
3225,BK0003225,4673,1,5,2026-01-18,2026-02-07,2026-02-09,,nightly,checked_out,False,2,20,13108.70,0.00,0.00,6554.35,False
3226,BK0003226,7420,1,6,2026-01-29,2026-02-07,2026-02-10,,nightly,checked_out,False,3,9,13549.35,0.00,0.00,4516.45,False
3227,BK0003227,8124,2,6,2026-02-01,2026-02-07,2026-02-13,,nightly,checked_out,False,6,6,19455.13,1023.95,0.00,3242.52,False
3228,BK0003228,1733,2,2,2026-01-29,2026-02-07,2026-02-08,,nightly,checked_out,False,1,9,2848.99,316.55,484.33,2848.99,False
3229,BK0003229,6437,2,5,2026-01-18,2026-02-07,2026-02-09,,nightly,checked_out,False,2,20,12420.37,2191.83,0.00,6210.19,False
3230,BK0003230,727,2,5,2026-02-03,2026-02-07,2026-02-11,,nightly,checked_out,False,4,4,15164.52,0.00,0.00,3791.13,False
3231,BK0003231,6034,2,1,2026-01-21,2026-02-07,2026-02-12,,nightly,checked_out,False,5,17,22608.45,0.00,4521.69,4521.69,False
3232,BK0003232,3597,1,3,2026-02-05,2026-02-08,2026-02-09,,nightly,checked_out,False,1,3,3891.01,0.00,700.38,3891.01,False
3233,BK0003233,191,1,1,2026-01-30,2026-02-08,2026-02-09,,nightly,checked_out,False,1,9,3868.22,0.00,773.64,3868.22,False
3234,BK0003234,7533,1,7,2026-02-07,2026-02-08,2026-02-08,,microstay,checked_out,False,0,1,1300.45,0.00,156.05,1300.45,False
3235,BK0003235,8822,1,1,2026-01-22,2026-02-08,2026-02-09,,nightly,checked_out,False,1,17,3307.76,0.00,661.55,3307.76,False
3236,BK0003236,358,1,5,2026-01-31,2026-02-08,2026-02-11,,nightly,checked_out,False,3,8,12021.06,0.00,0.00,4007.02,False
3237,BK0003237,9196,1,1,2026-01-21,2026-02-08,2026-02-09,2026-01-27,nightly,cancelled,True,1,18,3099.46,163.13,619.89,3099.46,False
3238,BK0003238,6619,2,2,2026-01-31,2026-02-08,2026-02-11,,nightly,checked_out,False,3,8,11816.13,0.00,2008.74,3938.71,False
3239,BK0003239,1257,2,4,2025-12-26,2026-02-08,2026-02-11,,nightly,checked_out,False,3,44,10275.75,0.00,1541.36,3425.25,False
3240,BK0003240,1561,2,7,2026-02-08,2026-02-08,2026-02-08,2026-02-08,microstay,cancelled,True,0,0,1228.10,0.00,147.37,1228.10,False
3241,BK0003241,6884,2,1,2026-01-24,2026-02-08,2026-02-11,,nightly,no_show,False,3,15,12065.37,0.00,2413.07,4021.79,False
3242,BK0003242,5704,2,5,2026-02-05,2026-02-08,2026-02-10,,nightly,checked_out,False,2,3,13037.38,686.18,0.00,6518.69,False
3243,BK0003243,3664,2,1,2026-02-02,2026-02-08,2026-02-13,,nightly,checked_out,False,5,6,24584.35,0.00,4916.87,4916.87,False
3244,BK0003244,264,2,6,2026-01-26,2026-02-08,2026-02-09,,nightly,checked_out,False,1,13,6772.20,356.43,0.00,6772.20,False
3245,BK0003245,4839,1,6,2026-02-02,2026-02-09,2026-02-16,,nightly,checked_out,False,7,7,29548.34,1555.18,0.00,4221.19,False
3246,BK0003246,8272,1,2,2026-02-01,2026-02-09,2026-02-10,,nightly,checked_out,False,1,8,3418.89,0.00,581.21,3418.89,False
3247,BK0003247,7251,1,3,2026-01-24,2026-02-09,2026-02-10,,nightly,checked_out,False,1,15,5243.81,582.65,943.89,5243.81,True
3248,BK0003248,9018,1,2,2026-01-23,2026-02-09,2026-02-10,,nightly,checked_out,False,1,17,7047.18,0.00,1198.02,7047.18,False
3249,BK0003249,5434,1,1,2026-02-03,2026-02-09,2026-02-13,2026-02-09,nightly,cancelled,True,4,6,17064.48,0.00,3412.90,4266.12,False
3250,BK0003250,662,2,2,2026-02-03,2026-02-09,2026-02-11,,nightly,checked_out,False,2,6,15848.56,0.00,2694.26,7924.28,False
3251,BK0003251,3289,2,7,2026-02-08,2026-02-09,2026-02-09,,microstay,checked_out,False,0,1,1048.31,0.00,125.80,1048.31,False
3252,BK0003252,4302,2,1,2026-02-03,2026-02-09,2026-02-15,,nightly,checked_out,False,6,6,37294.45,4143.83,7458.89,6215.74,False
3253,BK0003253,3433,2,5,2026-02-08,2026-02-09,2026-02-11,,nightly,checked_out,False,2,1,10046.04,0.00,0.00,5023.02,False
3254,BK0003254,6091,1,1,2026-01-23,2026-02-10,2026-02-16,2026-02-02,nightly,cancelled,True,6,18,26200.74,0.00,5240.15,4366.79,False
3255,BK0003255,344,1,1,2025-12-22,2026-02-10,2026-02-15,,nightly,checked_out,False,5,50,37118.00,0.00,7423.60,7423.60,False
3256,BK0003256,2699,1,2,2026-02-02,2026-02-10,2026-02-11,2026-02-03,nightly,cancelled,True,1,8,6870.68,0.00,1168.02,6870.68,False
3257,BK0003257,7340,1,5,2026-01-26,2026-02-10,2026-02-21,,nightly,checked_out,False,11,15,45085.92,0.00,0.00,4098.72,False
3258,BK0003258,2398,1,8,2026-02-09,2026-02-10,2026-02-12,,nightly,checked_out,False,2,0,8744.08,0.00,0.00,4372.04,True
3259,BK0003259,808,1,5,2026-01-31,2026-02-10,2026-02-11,,nightly,checked_out,False,1,9,3424.92,380.55,0.00,3424.92,True
3260,BK0003260,7067,1,5,2026-02-09,2026-02-10,2026-02-17,,nightly,checked_out,False,7,1,26550.93,0.00,0.00,3792.99,False
3261,BK0003261,5873,1,5,2026-01-17,2026-02-10,2026-02-14,2026-01-29,nightly,cancelled,True,4,24,19857.92,0.00,0.00,4964.48,False
3262,BK0003262,5087,1,7,2026-02-10,2026-02-10,2026-02-10,2026-02-10,microstay,cancelled,True,0,0,1972.38,0.00,236.69,1972.38,False
3263,BK0003263,664,1,7,2026-02-08,2026-02-10,2026-02-10,,microstay,checked_out,False,0,2,1022.66,180.47,122.72,1022.66,False
3264,BK0003264,8869,2,5,2026-02-07,2026-02-10,2026-02-13,,nightly,checked_out,False,3,2,10661.99,561.16,0.00,3554.00,True
3265,BK0003265,9163,2,6,2026-02-07,2026-02-10,2026-02-23,,nightly,checked_out,False,13,3,93416.31,0.00,0.00,7185.87,False
3266,BK0003266,4002,1,6,2026-02-10,2026-02-11,2026-02-13,,nightly,checked_out,False,2,1,7509.88,0.00,0.00,3754.94,False
3267,BK0003267,2751,1,6,2026-02-07,2026-02-11,2026-02-15,,nightly,checked_out,False,4,4,17759.48,0.00,0.00,4439.87,False
3268,BK0003268,1970,1,7,2026-02-09,2026-02-11,2026-02-11,,microstay,checked_out,False,0,2,1853.54,97.56,222.42,1853.54,False
3269,BK0003269,2222,1,1,2026-02-02,2026-02-11,2026-02-12,,nightly,checked_out,False,1,9,5496.28,0.00,1099.26,5496.28,False
3270,BK0003270,533,1,2,2026-02-06,2026-02-11,2026-02-13,,nightly,checked_out,False,2,5,7348.44,0.00,1249.23,3674.22,False
3271,BK0003271,561,1,2,2026-01-02,2026-02-11,2026-02-13,,nightly,checked_out,False,2,40,10603.48,0.00,1802.59,5301.74,False
3272,BK0003272,908,1,6,2026-01-26,2026-02-11,2026-02-14,,nightly,checked_out,False,3,16,16377.51,0.00,0.00,5459.17,False
3273,BK0003273,2764,1,4,2026-02-08,2026-02-11,2026-02-13,,nightly,checked_out,False,2,3,8997.06,0.00,1349.56,4498.53,False
3274,BK0003274,2959,1,4,2025-12-27,2026-02-11,2026-02-18,,nightly,checked_out,False,7,46,31140.27,0.00,4671.04,4448.61,False
3275,BK0003275,4809,2,7,2026-02-11,2026-02-11,2026-02-11,,microstay,checked_out,False,0,0,1180.86,0.00,141.70,1180.86,False
3276,BK0003276,8786,2,5,2026-02-05,2026-02-11,2026-02-12,,nightly,checked_out,False,1,6,3876.13,204.01,0.00,3876.13,False
3277,BK0003277,8942,2,1,2026-01-08,2026-02-11,2026-02-12,,nightly,checked_out,False,1,34,5689.39,0.00,1137.88,5689.39,False
3278,BK0003278,1780,2,1,2026-01-30,2026-02-11,2026-02-12,,nightly,checked_out,False,1,12,6977.42,775.27,1395.48,6977.42,False
3279,BK0003279,8422,2,5,2026-02-06,2026-02-11,2026-02-21,,nightly,checked_out,False,10,5,46926.40,0.00,0.00,4692.64,False
3280,BK0003280,4210,2,6,2026-02-08,2026-02-11,2026-02-13,,nightly,checked_out,False,2,3,7306.00,0.00,0.00,3653.00,False
3281,BK0003281,8594,1,2,2026-02-04,2026-02-12,2026-02-13,2026-02-06,nightly,cancelled,True,1,7,4708.15,0.00,800.39,4708.15,True
3282,BK0003282,6477,1,6,2026-02-10,2026-02-12,2026-03-02,,nightly,checked_out,False,18,2,124547.22,0.00,0.00,6919.29,False
3283,BK0003283,7375,1,2,2026-02-08,2026-02-12,2026-02-13,,nightly,checked_out,False,1,4,3617.14,638.32,614.91,3617.14,False
3284,BK0003284,2097,1,1,2026-01-28,2026-02-12,2026-02-13,,nightly,checked_out,False,1,15,4417.66,490.85,883.53,4417.66,False
3285,BK0003285,7667,2,6,2026-02-11,2026-02-12,2026-02-16,,nightly,checked_out,False,4,1,17703.92,0.00,0.00,4425.98,False
3286,BK0003286,6428,2,7,2026-02-11,2026-02-12,2026-02-12,,microstay,checked_out,False,0,1,1483.33,78.07,178.00,1483.33,False
3287,BK0003287,1715,2,7,2026-02-12,2026-02-12,2026-02-12,,microstay,checked_out,False,0,0,1462.69,0.00,175.52,1462.69,False
3288,BK0003288,4866,2,3,2026-01-29,2026-02-12,2026-02-15,,nightly,checked_out,False,3,14,11666.19,1296.24,2099.91,3888.73,False
3289,BK0003289,1031,2,2,2026-02-07,2026-02-12,2026-02-14,,nightly,checked_out,False,2,5,13756.32,724.02,2338.57,6878.16,False
3290,BK0003290,2959,2,3,2026-01-11,2026-02-12,2026-02-14,2026-01-16,nightly,cancelled,True,2,32,7345.70,0.00,1322.23,3672.85,False
3291,BK0003291,7948,1,2,2026-01-25,2026-02-13,2026-02-15,,nightly,checked_out,False,2,18,6840.62,0.00,1162.91,3420.31,True
3292,BK0003292,5190,1,5,2026-02-08,2026-02-13,2026-02-16,,nightly,checked_out,False,3,5,13136.17,1459.58,0.00,4378.72,False
3293,BK0003293,3438,1,1,2026-02-09,2026-02-13,2026-02-18,2026-02-13,nightly,cancelled,True,5,4,20448.05,0.00,4089.61,4089.61,False
3294,BK0003294,9078,1,1,2026-02-09,2026-02-13,2026-02-15,,nightly,checked_out,False,2,4,9395.84,0.00,1879.17,4697.92,False
3295,BK0003295,5899,1,2,2026-02-01,2026-02-13,2026-02-14,,nightly,checked_out,False,1,12,4221.38,0.00,717.63,4221.38,False
3296,BK0003296,1463,1,1,2026-01-27,2026-02-13,2026-02-16,,nightly,checked_out,False,3,17,10377.33,0.00,2075.47,3459.11,False
3297,BK0003297,5584,2,7,2026-02-11,2026-02-13,2026-02-13,,microstay,checked_out,False,0,2,953.56,0.00,114.43,953.56,False
3298,BK0003298,2721,2,6,2026-02-09,2026-02-13,2026-03-06,,nightly,checked_out,False,21,4,105393.75,0.00,0.00,5018.75,False
3299,BK0003299,6099,2,2,2026-02-05,2026-02-13,2026-02-14,,nightly,checked_out,False,1,8,3419.72,0.00,581.35,3419.72,False
3300,BK0003300,8772,2,4,2026-01-25,2026-02-13,2026-02-18,,nightly,checked_out,False,5,19,25994.85,0.00,3899.23,5198.97,False
3301,BK0003301,2430,1,5,2026-02-10,2026-02-14,2026-02-17,,nightly,checked_out,False,3,4,10999.05,0.00,0.00,3666.35,False
3302,BK0003302,5150,1,1,2026-02-08,2026-02-14,2026-02-16,2026-02-13,nightly,cancelled,True,2,6,7787.86,0.00,1557.57,3893.93,False
3303,BK0003303,5862,1,5,2026-02-13,2026-02-14,2026-02-21,,nightly,checked_out,False,7,1,31296.72,0.00,0.00,4470.96,False
3304,BK0003304,1683,1,7,2026-02-14,2026-02-14,2026-02-14,,microstay,checked_out,False,0,0,1131.80,0.00,135.82,1131.80,False
3305,BK0003305,4204,2,2,2026-01-03,2026-02-14,2026-02-17,,nightly,checked_out,False,3,42,15792.03,0.00,2684.65,5264.01,False
3306,BK0003306,7534,2,7,2026-02-14,2026-02-14,2026-02-14,,microstay,checked_out,False,0,0,969.90,0.00,116.39,969.90,False
3307,BK0003307,8437,2,5,2026-02-13,2026-02-14,2026-02-15,,nightly,checked_out,False,1,1,4036.27,0.00,0.00,4036.27,False
3308,BK0003308,9050,1,3,2026-01-28,2026-02-15,2026-02-17,,nightly,checked_out,False,2,18,9490.18,499.48,1708.23,4745.09,False
3309,BK0003309,1454,1,2,2026-02-05,2026-02-15,2026-02-16,,nightly,checked_out,False,1,10,3652.65,644.58,620.95,3652.65,False
3310,BK0003310,3375,1,6,2026-02-12,2026-02-15,2026-02-17,,nightly,checked_out,False,2,3,12496.64,657.72,0.00,6248.32,False
3311,BK0003311,1445,1,6,2026-02-11,2026-02-15,2026-03-08,2026-02-14,nightly,cancelled,True,21,4,109516.89,0.00,0.00,5215.09,False
3312,BK0003312,7184,1,3,2026-01-08,2026-02-16,2026-02-19,,nightly,checked_out,False,3,39,13964.13,0.00,2513.54,4654.71,False
3313,BK0003313,3050,1,6,2026-02-13,2026-02-16,2026-02-22,,nightly,checked_out,False,6,2,19695.78,0.00,0.00,3282.63,True
3314,BK0003314,5900,1,2,2026-01-31,2026-02-16,2026-02-22,,nightly,checked_out,False,6,16,28463.08,3162.56,4838.72,4743.85,False
3315,BK0003315,2365,2,7,2026-02-15,2026-02-16,2026-02-16,,microstay,checked_out,False,0,1,1003.46,0.00,120.42,1003.46,False
3316,BK0003316,5774,2,5,2026-02-11,2026-02-16,2026-02-17,,nightly,checked_out,False,1,5,3050.22,160.54,0.00,3050.22,False
3317,BK0003317,4823,2,7,2026-02-16,2026-02-16,2026-02-16,,microstay,checked_out,False,0,0,945.61,0.00,113.47,945.61,False
3318,BK0003318,4352,2,3,2026-01-05,2026-02-16,2026-02-17,2026-01-05,nightly,cancelled,True,1,42,4069.50,0.00,732.51,4069.50,False
3319,BK0003319,5393,2,5,2026-01-24,2026-02-16,2026-02-18,2026-02-03,nightly,cancelled,True,2,23,15545.64,0.00,0.00,7772.82,False
3320,BK0003320,1768,1,1,2026-02-14,2026-02-17,2026-02-18,,nightly,checked_out,False,1,3,5442.68,0.00,1088.54,5442.68,False
3321,BK0003321,5724,1,1,2026-02-15,2026-02-17,2026-02-19,,nightly,checked_out,False,2,2,10577.32,556.70,2115.46,5288.66,False
3322,BK0003322,5055,1,6,2026-01-23,2026-02-17,2026-02-18,,nightly,checked_out,False,1,25,4029.09,0.00,0.00,4029.09,False
3323,BK0003323,3818,1,1,2026-02-06,2026-02-17,2026-02-20,,nightly,checked_out,False,3,11,14093.22,0.00,2818.64,4697.74,False
3324,BK0003324,8908,1,2,2026-02-07,2026-02-17,2026-02-18,,nightly,checked_out,False,1,10,3740.10,0.00,635.82,3740.10,False
3325,BK0003325,295,1,6,2026-02-11,2026-02-17,2026-02-18,,nightly,checked_out,False,1,6,3874.17,0.00,0.00,3874.17,False
3326,BK0003326,5038,2,2,2026-02-16,2026-02-17,2026-02-18,,nightly,checked_out,False,1,1,3735.97,659.29,635.11,3735.97,False
3327,BK0003327,1622,2,6,2026-02-06,2026-02-17,2026-02-18,,nightly,checked_out,False,1,11,7906.65,0.00,0.00,7906.65,False
3328,BK0003328,1559,2,1,2026-02-05,2026-02-17,2026-02-19,,nightly,checked_out,False,2,12,7396.70,0.00,1479.34,3698.35,False
3329,BK0003329,5005,1,5,2026-02-10,2026-02-18,2026-02-19,,nightly,checked_out,False,1,8,4234.50,222.87,0.00,4234.50,False
3330,BK0003330,8662,1,2,2026-01-31,2026-02-18,2026-02-21,2026-02-07,nightly,cancelled,True,3,18,15632.37,0.00,2657.50,5210.79,False
3331,BK0003331,2945,1,1,2026-01-17,2026-02-18,2026-02-19,,nightly,checked_out,False,1,32,4590.27,510.03,918.05,4590.27,False
3332,BK0003332,8359,1,1,2026-02-13,2026-02-18,2026-02-19,,nightly,checked_out,False,1,5,3518.11,0.00,703.62,3518.11,False
3333,BK0003333,3041,1,5,2026-02-03,2026-02-18,2026-02-19,,nightly,checked_out,False,1,15,4216.23,0.00,0.00,4216.23,False
3334,BK0003334,3781,1,1,2026-01-02,2026-02-18,2026-02-19,,nightly,checked_out,False,1,47,3291.17,0.00,658.23,3291.17,False
3335,BK0003335,9196,1,4,2026-02-15,2026-02-18,2026-02-19,,nightly,checked_out,False,1,3,4147.91,460.88,622.19,4147.91,False
3336,BK0003336,749,1,4,2026-02-07,2026-02-18,2026-02-21,,nightly,checked_out,False,3,11,20810.87,2312.32,3121.63,6936.96,False
3337,BK0003337,1144,2,5,2026-02-16,2026-02-18,2026-02-20,,nightly,checked_out,False,2,2,8508.82,0.00,0.00,4254.41,False
3338,BK0003338,9027,2,1,2026-01-13,2026-02-18,2026-02-23,,nightly,checked_out,False,5,36,19089.20,0.00,3817.84,3817.84,False
3339,BK0003339,5000,2,6,2026-02-15,2026-02-18,2026-02-23,,nightly,checked_out,False,5,3,35445.80,0.00,0.00,7089.16,False
3340,BK0003340,4192,2,7,2026-02-17,2026-02-18,2026-02-18,,microstay,checked_out,False,0,1,2219.06,0.00,266.29,2219.06,False
3341,BK0003341,2620,2,6,2026-02-17,2026-02-18,2026-02-21,,nightly,checked_out,False,3,1,12798.66,0.00,0.00,4266.22,False
3342,BK0003342,9198,2,1,2026-02-02,2026-02-18,2026-02-19,,nightly,checked_out,False,1,16,5215.27,0.00,1043.05,5215.27,False
3343,BK0003343,6995,2,3,2026-02-11,2026-02-18,2026-02-19,,nightly,checked_out,False,1,7,4127.33,0.00,742.92,4127.33,False
3344,BK0003344,9195,1,2,2026-02-08,2026-02-19,2026-02-21,2026-02-17,nightly,cancelled,True,2,11,8524.52,0.00,1449.17,4262.26,False
3345,BK0003345,6285,1,5,2026-02-17,2026-02-19,2026-02-24,,nightly,checked_out,False,5,2,24158.80,0.00,0.00,4831.76,False
3346,BK0003346,2238,1,1,2026-02-09,2026-02-19,2026-02-20,2026-02-16,nightly,cancelled,True,1,10,5638.69,0.00,1127.74,5638.69,False
3347,BK0003347,7575,1,1,2026-02-16,2026-02-19,2026-02-21,,nightly,checked_out,False,2,2,7764.66,862.74,1552.93,3882.33,True
3348,BK0003348,6165,1,4,2026-01-17,2026-02-19,2026-02-20,,nightly,checked_out,False,1,33,3809.07,0.00,571.36,3809.07,False
3349,BK0003349,6466,1,3,2026-01-16,2026-02-19,2026-02-21,,nightly,checked_out,False,2,34,7613.44,0.00,1370.42,3806.72,False
3350,BK0003350,6632,2,4,2026-01-11,2026-02-19,2026-02-20,,nightly,checked_out,False,1,39,3776.04,0.00,566.41,3776.04,False
3351,BK0003351,5254,2,2,2026-01-23,2026-02-19,2026-02-20,,nightly,checked_out,False,1,27,4623.19,0.00,785.94,4623.19,False
3352,BK0003352,5005,2,1,2026-02-15,2026-02-19,2026-02-22,,nightly,checked_out,False,3,4,16282.92,0.00,3256.58,5427.64,False
3353,BK0003353,5572,2,8,2026-02-18,2026-02-19,2026-02-20,,nightly,checked_out,False,1,1,3732.96,0.00,0.00,3732.96,False
3354,BK0003354,4912,2,6,2026-02-15,2026-02-19,2026-02-22,,nightly,checked_out,False,3,4,17248.44,0.00,0.00,5749.48,False
3355,BK0003355,2863,1,1,2026-02-14,2026-02-20,2026-02-23,,nightly,checked_out,False,3,6,12090.06,0.00,2418.01,4030.02,False
3356,BK0003356,3801,1,3,2026-02-04,2026-02-20,2026-02-23,,nightly,checked_out,False,3,16,9462.66,498.03,1703.28,3154.22,False
3357,BK0003357,3265,1,6,2026-02-17,2026-02-20,2026-03-03,,nightly,checked_out,False,11,3,46983.97,0.00,0.00,4271.27,False
3358,BK0003358,67,1,6,2026-02-10,2026-02-20,2026-02-22,,nightly,checked_out,False,2,10,7533.70,0.00,0.00,3766.85,False
3359,BK0003359,4930,2,4,2026-02-08,2026-02-20,2026-02-26,,nightly,checked_out,False,6,12,26488.32,0.00,3973.25,4414.72,False
3360,BK0003360,4626,2,1,2026-02-12,2026-02-20,2026-02-21,,nightly,checked_out,False,1,7,3484.85,183.41,696.97,3484.85,True
3361,BK0003361,747,2,2,2026-02-16,2026-02-20,2026-02-22,2026-02-17,nightly,cancelled,True,2,4,15867.62,0.00,2697.50,7933.81,False
3362,BK0003362,643,2,8,2026-02-17,2026-02-20,2026-02-22,,nightly,checked_out,False,2,3,7818.25,868.69,0.00,3909.13,False
3363,BK0003363,4352,2,6,2026-02-16,2026-02-20,2026-02-23,,nightly,checked_out,False,3,3,21796.20,0.00,0.00,7265.40,True
3364,BK0003364,8439,2,6,2026-02-19,2026-02-20,2026-02-21,,nightly,checked_out,False,1,1,3230.56,170.03,0.00,3230.56,False
3365,BK0003365,1707,2,5,2026-02-15,2026-02-20,2026-02-24,,nightly,checked_out,False,4,5,18180.61,956.87,0.00,4545.15,False
3366,BK0003366,5477,1,5,2026-02-20,2026-02-21,2026-02-22,,nightly,checked_out,False,1,1,4027.74,0.00,0.00,4027.74,False
3367,BK0003367,3475,1,1,2026-02-09,2026-02-21,2026-02-22,,nightly,checked_out,False,1,12,3892.40,0.00,778.48,3892.40,False
3368,BK0003368,6747,1,1,2026-02-14,2026-02-21,2026-02-22,,nightly,checked_out,False,1,7,3782.73,0.00,756.55,3782.73,False
3369,BK0003369,8249,1,1,2026-02-15,2026-02-21,2026-02-25,,nightly,checked_out,False,4,6,13274.56,0.00,2654.91,3318.64,False
3370,BK0003370,8325,1,2,2026-01-21,2026-02-21,2026-02-22,,nightly,checked_out,False,1,31,3676.45,408.49,625.00,3676.45,False
3371,BK0003371,879,1,1,2026-02-07,2026-02-21,2026-02-22,,nightly,checked_out,False,1,14,4893.24,0.00,978.65,4893.24,False
3372,BK0003372,644,2,5,2026-02-17,2026-02-21,2026-02-22,,nightly,checked_out,False,1,4,4003.82,0.00,0.00,4003.82,False
3373,BK0003373,1109,2,6,2026-02-14,2026-02-21,2026-02-24,,nightly,checked_out,False,3,7,10134.36,0.00,0.00,3378.12,False
3374,BK0003374,4648,2,5,2026-02-08,2026-02-21,2026-02-22,,nightly,checked_out,False,1,13,3786.10,420.68,0.00,3786.10,False
3375,BK0003375,7733,1,5,2026-02-14,2026-02-22,2026-02-26,,nightly,checked_out,False,4,8,19021.40,0.00,0.00,4755.35,False
3376,BK0003376,6516,1,1,2026-02-18,2026-02-22,2026-02-23,,nightly,checked_out,False,1,4,3745.74,0.00,749.15,3745.74,False
3377,BK0003377,4394,2,2,2025-12-14,2026-02-22,2026-02-24,2026-01-10,nightly,cancelled,True,2,70,13834.12,0.00,2351.80,6917.06,False
3378,BK0003378,9143,1,2,2026-02-08,2026-02-23,2026-02-25,,nightly,checked_out,False,2,15,14501.14,0.00,2465.19,7250.57,False
3379,BK0003379,7573,1,6,2026-02-13,2026-02-23,2026-03-04,,nightly,checked_out,False,9,10,49332.15,0.00,0.00,5481.35,False
3380,BK0003380,1588,1,6,2026-02-21,2026-02-23,2026-03-03,,nightly,checked_out,False,8,2,34470.22,3830.02,0.00,4308.78,False
3381,BK0003381,5049,1,1,2025-11-11,2026-02-23,2026-02-24,,nightly,no_show,False,1,104,4254.03,472.67,850.81,4254.03,False
3382,BK0003382,3687,1,1,2026-02-13,2026-02-23,2026-02-24,2026-02-16,nightly,cancelled,True,1,10,4077.69,0.00,815.54,4077.69,False
3383,BK0003383,4892,1,6,2026-02-19,2026-02-23,2026-02-24,,nightly,checked_out,False,1,4,3999.38,0.00,0.00,3999.38,False
3384,BK0003384,8925,1,6,2026-02-13,2026-02-23,2026-02-25,,nightly,checked_out,False,2,10,7482.77,1320.49,0.00,3741.39,False
3385,BK0003385,2189,2,1,2026-02-12,2026-02-23,2026-02-25,,nightly,checked_out,False,2,11,7812.80,411.20,1562.56,3906.40,False
3386,BK0003386,4703,2,3,2026-02-11,2026-02-23,2026-02-24,2026-02-14,nightly,cancelled,True,1,12,4721.32,0.00,849.84,4721.32,False
3387,BK0003387,6126,2,1,2026-02-10,2026-02-23,2026-02-26,,nightly,checked_out,False,3,13,21517.89,0.00,4303.58,7172.63,False
3388,BK0003388,7670,2,3,2026-02-12,2026-02-23,2026-02-24,,nightly,checked_out,False,1,11,5350.71,0.00,963.13,5350.71,False
3389,BK0003389,4746,1,2,2026-02-09,2026-02-24,2026-02-26,,nightly,checked_out,False,2,15,11360.72,0.00,1931.32,5680.36,False
3390,BK0003390,6831,1,1,2026-01-13,2026-02-24,2026-02-27,,nightly,checked_out,False,3,42,11805.60,0.00,2361.12,3935.20,False
3391,BK0003391,6611,1,3,2026-02-12,2026-02-24,2026-02-25,,nightly,checked_out,False,1,12,4276.20,475.13,769.72,4276.20,False
3392,BK0003392,2079,1,7,2026-02-24,2026-02-24,2026-02-24,2026-02-24,microstay,cancelled,True,0,0,1282.32,0.00,153.88,1282.32,False
3393,BK0003393,3022,1,2,2026-02-21,2026-02-24,2026-03-01,2026-02-23,nightly,cancelled,True,5,3,17773.95,0.00,3021.57,3554.79,False
3394,BK0003394,8612,1,6,2026-02-19,2026-02-24,2026-02-25,,nightly,checked_out,False,1,5,3781.17,667.27,0.00,3781.17,False
3395,BK0003395,343,1,7,2026-02-22,2026-02-24,2026-02-24,,microstay,checked_out,False,0,1,1031.08,0.00,123.73,1031.08,True
3396,BK0003396,8947,1,5,2026-02-16,2026-02-24,2026-02-27,,nightly,checked_out,False,3,8,13253.01,0.00,0.00,4417.67,False
3397,BK0003397,8497,1,2,2026-02-14,2026-02-24,2026-02-26,,nightly,checked_out,False,2,9,10594.44,0.00,1801.05,5297.22,True
3398,BK0003398,6799,1,3,2026-02-11,2026-02-24,2026-02-26,2026-02-12,nightly,cancelled,True,2,13,8502.27,447.49,1530.41,4251.14,False
3399,BK0003399,4641,1,5,2026-02-08,2026-02-24,2026-02-26,,nightly,checked_out,False,2,15,7473.58,0.00,0.00,3736.79,True
3400,BK0003400,931,2,5,2026-02-17,2026-02-24,2026-02-26,,nightly,no_show,False,2,7,8454.66,0.00,0.00,4227.33,False
3401,BK0003401,1922,2,4,2026-02-08,2026-02-24,2026-03-01,,nightly,checked_out,False,5,16,23478.57,2608.73,3521.79,4695.71,False
3402,BK0003402,7204,2,1,2026-02-19,2026-02-24,2026-02-25,,nightly,checked_out,False,1,5,7545.08,0.00,1509.02,7545.08,False
3403,BK0003403,1922,2,2,2026-02-10,2026-02-24,2026-03-03,,nightly,checked_out,False,7,14,25054.47,0.00,4259.26,3579.21,False
3404,BK0003404,8801,2,5,2026-02-22,2026-02-24,2026-02-25,,nightly,checked_out,False,1,2,4280.39,225.28,0.00,4280.39,False
3405,BK0003405,2448,2,7,2026-02-19,2026-02-24,2026-02-24,,microstay,checked_out,False,0,5,1019.16,53.64,122.30,1019.16,False
3406,BK0003406,3269,2,1,2026-01-24,2026-02-24,2026-02-26,,nightly,checked_out,False,2,31,10939.90,0.00,2187.98,5469.95,False
3407,BK0003407,1484,1,5,2026-02-18,2026-02-25,2026-03-03,,nightly,checked_out,False,6,7,18888.44,2098.72,0.00,3148.07,False
3408,BK0003408,6724,1,4,2026-02-08,2026-02-25,2026-02-26,,nightly,checked_out,False,1,17,7124.21,0.00,1068.63,7124.21,False
3409,BK0003409,1194,1,1,2026-02-21,2026-02-25,2026-03-02,,nightly,checked_out,False,5,4,21089.85,0.00,4217.97,4217.97,False
3410,BK0003410,2965,1,5,2026-02-05,2026-02-25,2026-02-27,2026-02-24,nightly,cancelled,True,2,20,13596.58,0.00,0.00,6798.29,False
3411,BK0003411,674,1,6,2026-02-20,2026-02-25,2026-02-27,,nightly,no_show,False,2,5,8175.36,430.28,0.00,4087.68,False
3412,BK0003412,1560,2,5,2026-02-21,2026-02-25,2026-02-27,,nightly,checked_out,False,2,4,7279.24,383.12,0.00,3639.62,False
3413,BK0003413,6371,2,4,2026-02-18,2026-02-25,2026-03-02,,nightly,checked_out,False,5,7,19572.15,0.00,2935.82,3914.43,False
3414,BK0003414,1500,2,8,2026-02-25,2026-02-25,2026-02-26,,nightly,checked_out,False,1,0,4647.57,0.00,0.00,4647.57,False
3415,BK0003415,7895,1,5,2026-02-22,2026-02-26,2026-02-27,,nightly,checked_out,False,1,4,4611.76,0.00,0.00,4611.76,False
3416,BK0003416,7148,1,2,2026-02-20,2026-02-26,2026-02-28,,nightly,checked_out,False,2,6,14344.36,0.00,2438.54,7172.18,False
3417,BK0003417,7995,2,2,2026-02-19,2026-02-26,2026-03-02,,nightly,checked_out,False,4,6,18383.36,0.00,3125.17,4595.84,True
3418,BK0003418,7051,2,1,2026-02-22,2026-02-26,2026-02-28,,nightly,checked_out,False,2,4,10854.04,0.00,2170.81,5427.02,False
3419,BK0003419,4641,2,5,2026-02-23,2026-02-26,2026-03-12,,nightly,checked_out,False,14,3,104864.38,5519.18,0.00,7490.31,False
3420,BK0003420,3014,2,2,2026-02-06,2026-02-26,2026-02-28,2026-02-23,nightly,cancelled,True,2,20,8899.38,0.00,1512.89,4449.69,False
3421,BK0003421,4840,2,6,2026-02-23,2026-02-26,2026-02-28,,nightly,checked_out,False,2,3,8813.46,0.00,0.00,4406.73,False
3422,BK0003422,7976,2,2,2026-02-09,2026-02-26,2026-03-06,,nightly,checked_out,False,8,17,50926.75,5658.53,8657.55,6365.84,False
3423,BK0003423,5058,2,2,2026-02-23,2026-02-26,2026-02-28,,nightly,checked_out,False,2,3,14783.56,778.08,2513.21,7391.78,False
3424,BK0003424,1890,2,6,2026-02-23,2026-02-26,2026-02-27,,nightly,checked_out,False,1,3,4895.65,0.00,0.00,4895.65,False
3425,BK0003425,2417,2,7,2026-02-24,2026-02-26,2026-02-26,,microstay,checked_out,False,0,2,1316.95,0.00,158.03,1316.95,False
3426,BK0003426,2255,1,8,2026-02-26,2026-02-27,2026-03-01,,nightly,checked_out,False,2,1,6705.04,0.00,0.00,3352.52,False
3427,BK0003427,1915,1,2,2026-02-17,2026-02-27,2026-03-03,,nightly,checked_out,False,4,10,14413.24,0.00,2450.25,3603.31,False
3428,BK0003428,5310,1,1,2026-02-24,2026-02-27,2026-02-28,,nightly,checked_out,False,1,3,4973.24,0.00,994.65,4973.24,False
3429,BK0003429,9307,1,2,2026-02-17,2026-02-27,2026-02-28,,nightly,checked_out,False,1,9,4337.30,228.28,737.34,4337.30,True
3430,BK0003430,8016,1,4,2026-02-08,2026-02-27,2026-03-04,,nightly,checked_out,False,5,19,18040.75,0.00,2706.11,3608.15,False
3431,BK0003431,1768,1,3,2026-02-19,2026-02-27,2026-03-03,,nightly,checked_out,False,4,8,14677.77,2590.19,2642.00,3669.44,False
3432,BK0003432,1165,1,5,2026-02-13,2026-02-27,2026-03-01,,nightly,checked_out,False,2,14,9545.22,0.00,0.00,4772.61,False
3433,BK0003433,107,1,1,2026-02-19,2026-02-27,2026-03-01,,nightly,checked_out,False,2,8,10698.68,0.00,2139.74,5349.34,False
3434,BK0003434,5261,2,5,2026-02-20,2026-02-27,2026-03-04,,nightly,checked_out,False,5,7,20066.15,0.00,0.00,4013.23,False
3435,BK0003435,7804,2,6,2026-02-21,2026-02-27,2026-03-01,,nightly,checked_out,False,2,6,8331.56,0.00,0.00,4165.78,False
3436,BK0003436,1337,2,3,2026-02-19,2026-02-27,2026-03-01,2026-02-23,nightly,cancelled,True,2,8,8226.32,0.00,1480.74,4113.16,False
3437,BK0003437,5935,2,2,2026-02-23,2026-02-27,2026-03-05,2026-02-27,nightly,cancelled,True,6,4,31540.98,0.00,5361.97,5256.83,False
3438,BK0003438,5562,2,2,2026-02-16,2026-02-27,2026-03-01,,nightly,checked_out,False,2,11,8806.46,0.00,1497.10,4403.23,False
3439,BK0003439,3127,1,5,2026-02-24,2026-02-28,2026-03-02,,nightly,checked_out,False,2,4,9661.32,0.00,0.00,4830.66,False
3440,BK0003440,4322,1,5,2026-02-14,2026-02-28,2026-03-02,,nightly,checked_out,False,2,14,7057.57,371.45,0.00,3528.79,False
3441,BK0003441,7067,1,5,2026-02-25,2026-02-28,2026-03-05,,nightly,checked_out,False,5,3,32050.20,0.00,0.00,6410.04,False
3442,BK0003442,6286,2,7,2026-02-27,2026-02-28,2026-02-28,,microstay,checked_out,False,0,1,1100.70,0.00,132.08,1100.70,False
3443,BK0003443,3558,2,7,2026-02-28,2026-02-28,2026-02-28,,microstay,checked_out,False,0,0,1483.56,0.00,178.03,1483.56,False
3444,BK0003444,993,2,7,2026-02-28,2026-02-28,2026-02-28,,microstay,checked_out,False,0,0,947.34,0.00,113.68,947.34,False
3445,BK0003445,5862,2,6,2026-02-24,2026-02-28,2026-03-11,,nightly,checked_out,False,11,4,81031.94,0.00,0.00,7366.54,False
3446,BK0003446,531,2,3,2026-02-21,2026-02-28,2026-03-01,2026-02-24,nightly,cancelled,True,1,7,3980.68,0.00,716.52,3980.68,False
3447,BK0003447,4422,1,3,2026-01-17,2026-03-01,2026-03-02,,nightly,checked_out,False,1,43,4922.29,0.00,886.01,4922.29,False
3448,BK0003448,3189,1,5,2026-02-22,2026-03-01,2026-03-02,,nightly,checked_out,False,1,7,4088.98,0.00,0.00,4088.98,False
3449,BK0003449,3628,1,1,2026-02-04,2026-03-01,2026-03-08,,nightly,checked_out,False,7,25,35724.64,0.00,7144.93,5103.52,False
3450,BK0003450,5862,1,2,2026-02-22,2026-03-01,2026-03-05,,nightly,checked_out,False,4,7,12852.13,676.43,2184.86,3213.03,False
3451,BK0003451,7196,2,6,2026-02-23,2026-03-01,2026-03-22,,nightly,checked_out,False,21,6,76806.90,4042.47,0.00,3657.47,False
3452,BK0003452,5952,2,7,2026-03-01,2026-03-01,2026-03-01,,microstay,checked_out,False,0,0,1438.31,0.00,172.60,1438.31,False
3453,BK0003453,7782,2,1,2026-02-23,2026-03-01,2026-03-03,,nightly,checked_out,False,2,6,8413.62,0.00,1682.72,4206.81,False
3454,BK0003454,1738,2,6,2026-02-26,2026-03-01,2026-03-05,,nightly,checked_out,False,4,3,19289.10,1015.22,0.00,4822.28,False
3455,BK0003455,4253,1,6,2026-02-18,2026-03-02,2026-03-09,2026-02-28,nightly,cancelled,True,7,12,30207.03,0.00,0.00,4315.29,False
3456,BK0003456,8914,1,5,2026-02-25,2026-03-02,2026-03-05,,nightly,checked_out,False,3,5,12012.57,0.00,0.00,4004.19,False
3457,BK0003457,2622,1,4,2026-02-11,2026-03-02,2026-03-08,,nightly,no_show,False,6,19,42147.00,0.00,6322.05,7024.50,False
3458,BK0003458,4843,2,2,2026-02-24,2026-03-02,2026-03-03,,nightly,checked_out,False,1,6,3770.28,0.00,640.95,3770.28,False
3459,BK0003459,3322,2,2,2026-02-24,2026-03-02,2026-03-03,,nightly,checked_out,False,1,6,3390.46,178.45,576.38,3390.46,False
3460,BK0003460,7896,2,1,2026-02-26,2026-03-02,2026-03-05,,nightly,checked_out,False,3,4,14664.32,1629.37,2932.86,4888.11,False
3461,BK0003461,847,2,4,2026-02-13,2026-03-02,2026-03-07,,nightly,checked_out,False,5,17,22533.00,0.00,3379.95,4506.60,False
3462,BK0003462,5589,2,2,2026-02-12,2026-03-02,2026-03-03,,nightly,checked_out,False,1,18,4429.14,0.00,752.95,4429.14,False
3463,BK0003463,8775,3,2,2026-02-14,2026-03-02,2026-03-03,,nightly,checked_out,False,1,16,3223.22,358.13,547.95,3223.22,False
3464,BK0003464,4859,3,3,2026-02-10,2026-03-02,2026-03-04,,nightly,checked_out,False,2,20,5348.78,0.00,962.78,2674.39,False
3465,BK0003465,6840,1,1,2026-03-01,2026-03-03,2026-03-05,,nightly,checked_out,False,2,2,7855.26,0.00,1571.05,3927.63,False
3466,BK0003466,7020,1,1,2026-02-19,2026-03-03,2026-03-06,,nightly,checked_out,False,3,12,11370.02,598.42,2274.00,3790.01,False
3467,BK0003467,9271,1,1,2026-02-04,2026-03-03,2026-03-06,2026-03-01,nightly,cancelled,True,3,27,10978.89,0.00,2195.78,3659.63,False
3468,BK0003468,7122,1,7,2026-03-03,2026-03-03,2026-03-03,,microstay,checked_out,False,0,0,1420.69,0.00,170.48,1420.69,False
3469,BK0003469,7089,1,5,2026-03-02,2026-03-03,2026-03-05,,nightly,checked_out,False,2,1,8999.84,0.00,0.00,4499.92,False
3470,BK0003470,9048,1,7,2026-03-02,2026-03-03,2026-03-03,,microstay,no_show,False,0,1,923.41,0.00,110.81,923.41,False
3471,BK0003471,1326,2,7,2026-03-02,2026-03-03,2026-03-03,,microstay,checked_out,False,0,1,979.85,51.57,117.58,979.85,False
3472,BK0003472,1128,2,1,2026-02-21,2026-03-03,2026-03-04,,nightly,checked_out,False,1,10,3438.93,0.00,687.79,3438.93,False
3473,BK0003473,4460,2,5,2026-02-15,2026-03-03,2026-03-04,,nightly,checked_out,False,1,16,4243.92,0.00,0.00,4243.92,False
3474,BK0003474,2154,2,6,2026-02-28,2026-03-03,2026-03-10,,nightly,checked_out,False,7,3,24321.22,0.00,0.00,3474.46,False
3475,BK0003475,7067,2,6,2026-02-24,2026-03-03,2026-03-11,,nightly,checked_out,False,8,7,33113.84,0.00,0.00,4139.23,False
3476,BK0003476,214,3,6,2026-02-28,2026-03-03,2026-03-18,,nightly,checked_out,False,15,3,50692.52,2668.03,0.00,3379.50,False
3477,BK0003477,691,1,6,2026-02-25,2026-03-04,2026-03-05,,nightly,checked_out,False,1,6,3518.53,0.00,0.00,3518.53,True
3478,BK0003478,9021,1,5,2026-02-20,2026-03-04,2026-03-08,,nightly,checked_out,False,4,12,13095.92,0.00,0.00,3273.98,False
3479,BK0003479,8701,1,2,2026-02-22,2026-03-04,2026-03-05,,nightly,checked_out,False,1,10,4805.70,0.00,816.97,4805.70,False
3480,BK0003480,1804,1,7,2026-03-02,2026-03-04,2026-03-04,,microstay,checked_out,False,0,2,998.65,52.56,119.84,998.65,False
3481,BK0003481,2215,1,2,2026-03-01,2026-03-04,2026-03-05,,nightly,checked_out,False,1,3,3819.50,0.00,649.32,3819.50,False
3482,BK0003482,3183,1,1,2026-02-15,2026-03-04,2026-03-07,,nightly,checked_out,False,3,17,11828.85,0.00,2365.77,3942.95,False
3483,BK0003483,5711,1,5,2026-03-01,2026-03-04,2026-03-11,,nightly,checked_out,False,7,2,32255.03,1697.63,0.00,4607.86,True
3484,BK0003484,1597,2,3,2026-02-20,2026-03-04,2026-03-07,2026-03-04,nightly,cancelled,True,3,12,16846.86,0.00,3032.43,5615.62,False
3485,BK0003485,6540,2,5,2026-01-27,2026-03-04,2026-03-07,,nightly,no_show,False,3,36,10436.22,0.00,0.00,3478.74,False
3486,BK0003486,7699,2,2,2026-02-11,2026-03-04,2026-03-06,,nightly,checked_out,False,2,21,9015.12,0.00,1532.57,4507.56,False
3487,BK0003487,7821,2,6,2026-03-03,2026-03-04,2026-03-12,,nightly,checked_out,False,8,1,29055.84,0.00,0.00,3631.98,False
3488,BK0003488,8061,2,5,2026-02-23,2026-03-04,2026-03-05,,nightly,checked_out,False,1,9,4347.74,0.00,0.00,4347.74,False
3489,BK0003489,8287,3,2,2025-11-04,2026-03-04,2026-03-06,,nightly,checked_out,False,2,120,6819.50,0.00,1159.32,3409.75,False
3490,BK0003490,3804,1,4,2026-01-31,2026-03-05,2026-03-06,,nightly,checked_out,False,1,33,5053.53,0.00,758.03,5053.53,False
3491,BK0003491,2269,1,7,2026-03-03,2026-03-05,2026-03-05,,microstay,checked_out,False,0,2,1055.32,55.54,126.64,1055.32,False
3492,BK0003492,5500,1,1,2026-02-23,2026-03-05,2026-03-06,,nightly,checked_out,False,1,10,3409.35,601.65,681.87,3409.35,False
3493,BK0003493,8617,1,7,2026-03-04,2026-03-05,2026-03-05,,microstay,checked_out,False,0,1,1232.91,0.00,147.95,1232.91,False
3494,BK0003494,2912,1,6,2026-02-25,2026-03-05,2026-03-15,,nightly,no_show,False,10,8,36062.60,0.00,0.00,3606.26,False
3495,BK0003495,7111,1,4,2026-02-23,2026-03-05,2026-03-09,,nightly,checked_out,False,4,10,19292.64,0.00,2893.90,4823.16,False
3496,BK0003496,2798,1,6,2026-03-04,2026-03-05,2026-03-08,,nightly,checked_out,False,3,1,18582.72,2064.75,0.00,6194.24,False
3497,BK0003497,9131,1,1,2026-02-26,2026-03-05,2026-03-07,,nightly,checked_out,False,2,7,5685.52,631.72,1137.10,2842.76,False
3498,BK0003498,7260,1,1,2026-02-23,2026-03-05,2026-03-07,,nightly,checked_out,False,2,10,6887.27,362.49,1377.45,3443.64,False
3499,BK0003499,7214,2,5,2026-02-25,2026-03-05,2026-03-06,2026-03-01,nightly,cancelled,True,1,7,3517.09,185.11,0.00,3517.09,True
3500,BK0003500,6894,2,1,2026-02-28,2026-03-05,2026-03-06,,nightly,checked_out,False,1,5,4160.42,462.27,832.08,4160.42,False
3501,BK0003501,7081,2,1,2026-03-01,2026-03-05,2026-03-08,,nightly,checked_out,False,3,4,13711.23,0.00,2742.25,4570.41,False
3502,BK0003502,1412,2,5,2026-02-26,2026-03-05,2026-03-07,,nightly,checked_out,False,2,6,10334.70,0.00,0.00,5167.35,True
3503,BK0003503,5920,1,6,2026-03-04,2026-03-06,2026-03-10,,nightly,checked_out,False,4,2,15946.48,0.00,0.00,3986.62,False
3504,BK0003504,4081,1,5,2026-03-01,2026-03-06,2026-03-07,,nightly,checked_out,False,1,5,5202.42,0.00,0.00,5202.42,False
3505,BK0003505,2213,1,3,2026-01-24,2026-03-06,2026-03-09,,nightly,checked_out,False,3,41,12218.67,0.00,2199.36,4072.89,False
3506,BK0003506,6199,1,1,2026-02-28,2026-03-06,2026-03-08,,nightly,checked_out,False,2,6,7104.20,789.36,1420.84,3552.10,False
3507,BK0003507,6524,1,7,2026-03-06,2026-03-06,2026-03-06,,microstay,checked_out,False,0,0,1187.84,0.00,142.54,1187.84,False
3508,BK0003508,999,1,5,2026-03-05,2026-03-06,2026-03-10,,nightly,checked_out,False,4,1,15296.94,805.10,0.00,3824.24,False
3509,BK0003509,8665,2,6,2026-03-03,2026-03-06,2026-03-17,,nightly,checked_out,False,11,3,75931.90,0.00,0.00,6902.90,False
3510,BK0003510,8757,2,5,2026-03-04,2026-03-06,2026-03-08,,nightly,checked_out,False,2,2,10203.08,0.00,0.00,5101.54,False
3511,BK0003511,3804,2,4,2026-02-19,2026-03-06,2026-03-10,2026-02-22,nightly,cancelled,True,4,14,17179.00,904.16,2576.85,4294.75,True
3512,BK0003512,3183,2,5,2026-02-25,2026-03-06,2026-03-13,,nightly,checked_out,False,7,9,35578.62,0.00,0.00,5082.66,False
3513,BK0003513,8510,2,6,2026-03-01,2026-03-06,2026-03-06,,nightly,checked_out,False,0,4,27814.09,1463.90,0.00,27814.09,True
3514,BK0003514,6083,3,2,2026-03-02,2026-03-06,2026-03-11,,nightly,checked_out,False,5,4,15682.79,825.41,2666.07,3136.56,False
3515,BK0003515,1744,1,5,2026-03-05,2026-03-07,2026-03-16,,nightly,checked_out,False,9,2,35465.67,0.00,0.00,3940.63,False
3516,BK0003516,226,1,7,2026-03-07,2026-03-07,2026-03-07,,microstay,checked_out,False,0,0,904.38,0.00,108.53,904.38,False
3517,BK0003517,9045,1,6,2026-02-26,2026-03-07,2026-03-12,,nightly,checked_out,False,5,9,21570.40,0.00,0.00,4314.08,False
3518,BK0003518,5650,1,1,2026-03-02,2026-03-07,2026-03-08,,nightly,checked_out,False,1,4,3701.06,411.23,740.21,3701.06,True
3519,BK0003519,5986,2,6,2026-03-05,2026-03-07,2026-03-13,,nightly,checked_out,False,6,1,25145.82,0.00,0.00,4190.97,True
3520,BK0003520,5354,2,5,2026-03-06,2026-03-07,2026-03-19,,nightly,checked_out,False,12,1,37168.56,1956.24,0.00,3097.38,False
3521,BK0003521,1080,2,3,2026-01-24,2026-03-07,2026-03-11,,nightly,checked_out,False,4,42,20796.44,0.00,3743.36,5199.11,False
3522,BK0003522,9031,3,8,2026-03-06,2026-03-07,2026-03-08,,nightly,checked_out,False,1,1,4134.71,0.00,0.00,4134.71,False
3523,BK0003523,5988,1,3,2026-01-25,2026-03-08,2026-03-11,,nightly,checked_out,False,3,42,9827.79,0.00,1769.00,3275.93,False
3524,BK0003524,6205,1,2,2026-02-19,2026-03-08,2026-03-10,,nightly,checked_out,False,2,17,6239.65,693.29,1060.74,3119.83,False
3525,BK0003525,144,1,2,2026-02-25,2026-03-08,2026-03-12,,nightly,checked_out,False,4,11,12359.88,650.52,2101.18,3089.97,False
3526,BK0003526,2897,1,2,2026-01-18,2026-03-08,2026-03-09,2026-02-01,nightly,cancelled,True,1,49,3345.28,0.00,568.70,3345.28,False
3527,BK0003527,2823,1,5,2026-03-02,2026-03-08,2026-03-10,,nightly,checked_out,False,2,6,6278.50,0.00,0.00,3139.25,False
3528,BK0003528,6355,2,1,2026-02-27,2026-03-08,2026-03-10,,nightly,checked_out,False,2,9,8190.28,0.00,1638.06,4095.14,False
3529,BK0003529,533,2,3,2026-02-21,2026-03-08,2026-03-11,2026-03-05,nightly,cancelled,True,3,15,12154.08,0.00,2187.73,4051.36,False
3530,BK0003530,2100,2,2,2026-01-23,2026-03-08,2026-03-10,,nightly,checked_out,False,2,44,9789.64,0.00,1664.24,4894.82,False
3531,BK0003531,416,1,2,2026-01-21,2026-03-09,2026-03-11,,nightly,checked_out,False,2,47,10913.58,0.00,1855.31,5456.79,False
3532,BK0003532,166,1,1,2026-02-11,2026-03-09,2026-03-10,,nightly,checked_out,False,1,26,4098.43,215.71,819.69,4098.43,False
3533,BK0003533,2106,1,1,2026-02-28,2026-03-09,2026-03-11,,nightly,checked_out,False,2,9,14745.38,0.00,2949.08,7372.69,False
3534,BK0003534,3804,1,5,2026-03-06,2026-03-09,2026-03-13,,nightly,checked_out,False,4,3,23050.40,0.00,0.00,5762.60,False
3535,BK0003535,5136,1,4,2026-02-12,2026-03-09,2026-03-10,,nightly,checked_out,False,1,25,6493.00,721.45,973.95,6493.00,False
3536,BK0003536,7034,1,1,2026-03-05,2026-03-09,2026-03-12,2026-03-05,nightly,cancelled,True,3,4,14860.02,0.00,2972.00,4953.34,False
3537,BK0003537,4950,1,5,2026-03-03,2026-03-09,2026-03-11,,nightly,checked_out,False,2,6,8272.02,0.00,0.00,4136.01,False
3538,BK0003538,8884,2,3,2026-01-01,2026-03-09,2026-03-12,2026-01-15,nightly,cancelled,True,3,67,9550.36,1061.15,1719.06,3183.45,False
3539,BK0003539,4830,2,1,2026-02-18,2026-03-09,2026-03-11,2026-02-25,nightly,cancelled,True,2,19,8053.90,0.00,1610.78,4026.95,False
3540,BK0003540,5324,1,6,2026-03-03,2026-03-10,2026-03-12,,nightly,checked_out,False,2,7,8828.62,0.00,0.00,4414.31,False
3541,BK0003541,2249,1,2,2026-02-09,2026-03-10,2026-03-11,,nightly,checked_out,False,1,29,4438.46,0.00,754.54,4438.46,False
3542,BK0003542,5321,1,2,2026-01-17,2026-03-10,2026-03-11,,nightly,checked_out,False,1,52,4641.98,0.00,789.14,4641.98,False
3543,BK0003543,5716,1,2,2026-02-19,2026-03-10,2026-03-12,2026-02-19,nightly,cancelled,True,2,19,13324.26,0.00,2265.12,6662.13,False
3544,BK0003544,6765,1,7,2026-03-09,2026-03-10,2026-03-10,,microstay,checked_out,False,0,1,1063.02,55.95,127.56,1063.02,False
3545,BK0003545,8889,2,7,2026-03-10,2026-03-10,2026-03-10,,microstay,checked_out,False,0,0,1308.26,145.36,156.99,1308.26,False
3546,BK0003546,9305,2,7,2026-03-10,2026-03-10,2026-03-10,,microstay,checked_out,False,0,0,1243.64,0.00,149.24,1243.64,False
3547,BK0003547,6466,2,6,2026-03-06,2026-03-10,2026-03-11,,nightly,checked_out,False,1,4,3608.81,0.00,0.00,3608.81,False
3548,BK0003548,5972,3,4,2026-03-05,2026-03-10,2026-03-13,,nightly,checked_out,False,3,5,8780.52,0.00,1317.08,2926.84,False
3549,BK0003549,2761,3,6,2026-03-04,2026-03-10,2026-03-27,,nightly,checked_out,False,17,6,64088.78,11309.79,0.00,3769.93,False
3550,BK0003550,6550,3,5,2026-03-07,2026-03-10,2026-03-13,,nightly,no_show,False,3,3,10631.82,0.00,0.00,3543.94,False
3551,BK0003551,2506,3,1,2026-02-16,2026-03-10,2026-03-12,,nightly,checked_out,False,2,22,8733.68,0.00,1746.74,4366.84,False
3552,BK0003552,2638,1,1,2026-03-09,2026-03-11,2026-03-15,,nightly,checked_out,False,4,2,13732.40,0.00,2746.48,3433.10,False
3553,BK0003553,94,1,5,2026-02-22,2026-03-11,2026-03-17,,nightly,checked_out,False,6,16,30333.18,0.00,0.00,5055.53,True
3554,BK0003554,7600,2,6,2026-03-07,2026-03-11,2026-03-18,,nightly,checked_out,False,7,4,37839.27,0.00,0.00,5405.61,False
3555,BK0003555,7148,2,8,2026-03-10,2026-03-11,2026-03-13,,nightly,checked_out,False,2,1,7522.78,0.00,0.00,3761.39,False
3556,BK0003556,8586,2,5,2026-03-02,2026-03-11,2026-03-14,,nightly,checked_out,False,3,9,23127.18,1217.22,0.00,7709.06,False
3557,BK0003557,6904,2,6,2026-03-09,2026-03-11,2026-03-20,,nightly,checked_out,False,9,2,45436.79,5048.53,0.00,5048.53,False
3558,BK0003558,424,2,1,2026-03-02,2026-03-11,2026-03-13,,nightly,checked_out,False,2,9,7933.99,881.55,1586.80,3967.00,False
3559,BK0003559,1582,2,1,2026-02-22,2026-03-11,2026-03-12,,nightly,checked_out,False,1,17,3739.73,659.95,747.95,3739.73,False
3560,BK0003560,970,1,1,2026-02-22,2026-03-12,2026-03-14,,nightly,checked_out,False,2,18,8144.06,428.64,1628.81,4072.03,False
3561,BK0003561,4550,1,5,2026-03-06,2026-03-12,2026-03-22,,nightly,checked_out,False,10,6,54262.80,0.00,0.00,5426.28,False
3562,BK0003562,4368,1,8,2026-03-12,2026-03-12,2026-03-13,,nightly,checked_out,False,1,0,7083.94,0.00,0.00,7083.94,False
3563,BK0003563,5186,1,3,2026-02-14,2026-03-12,2026-03-13,,nightly,checked_out,False,1,26,4235.10,222.90,762.32,4235.10,False
3564,BK0003564,5165,1,6,2026-03-02,2026-03-12,2026-03-15,2026-03-11,nightly,cancelled,True,3,10,13739.58,0.00,0.00,4579.86,False
3565,BK0003565,647,1,1,2026-03-08,2026-03-12,2026-03-13,,nightly,checked_out,False,1,4,5167.39,0.00,1033.48,5167.39,False
3566,BK0003566,6371,2,3,2026-03-03,2026-03-12,2026-03-24,,nightly,checked_out,False,12,9,48374.88,0.00,8707.48,4031.24,False
3567,BK0003567,3540,2,7,2026-03-11,2026-03-12,2026-03-12,,microstay,checked_out,False,0,1,974.89,51.31,116.99,974.89,False
3568,BK0003568,7031,2,5,2026-03-09,2026-03-12,2026-03-13,,nightly,checked_out,False,1,3,6627.50,348.82,0.00,6627.50,False
3569,BK0003569,6653,1,2,2026-03-06,2026-03-13,2026-03-14,,nightly,checked_out,False,1,7,5010.90,0.00,851.85,5010.90,False
3570,BK0003570,5634,1,4,2026-02-22,2026-03-13,2026-03-16,,nightly,checked_out,False,3,19,20540.07,0.00,3081.01,6846.69,False
3571,BK0003571,2884,1,3,2026-01-20,2026-03-13,2026-03-14,,nightly,checked_out,False,1,52,3978.05,0.00,716.05,3978.05,False
3572,BK0003572,1808,1,5,2026-02-11,2026-03-13,2026-03-14,,nightly,checked_out,False,1,30,3711.01,412.34,0.00,3711.01,False
3573,BK0003573,8873,1,2,2026-02-24,2026-03-13,2026-03-14,,nightly,checked_out,False,1,17,3234.62,170.24,549.89,3234.62,False
3574,BK0003574,6966,1,7,2026-03-13,2026-03-13,2026-03-13,2026-03-13,microstay,cancelled,True,0,0,876.39,97.38,105.17,876.39,False
3575,BK0003575,4516,1,6,2026-03-11,2026-03-13,2026-04-03,,nightly,checked_out,False,21,2,86468.97,0.00,0.00,4117.57,False
3576,BK0003576,3738,1,4,2026-03-06,2026-03-13,2026-03-21,,nightly,checked_out,False,8,7,29126.30,5139.94,4368.94,3640.79,False
3577,BK0003577,3836,2,1,2026-03-09,2026-03-13,2026-03-19,,nightly,checked_out,False,6,4,23190.30,2576.70,4638.06,3865.05,False
3578,BK0003578,2231,2,5,2026-03-03,2026-03-13,2026-03-19,,nightly,checked_out,False,6,10,26200.56,0.00,0.00,4366.76,False
3579,BK0003579,3338,2,4,2026-02-28,2026-03-13,2026-03-20,,nightly,checked_out,False,7,13,30832.97,0.00,4624.95,4404.71,False
3580,BK0003580,2751,3,3,2026-02-12,2026-03-13,2026-03-14,,nightly,checked_out,False,1,28,3928.24,0.00,707.08,3928.24,True
3581,BK0003581,6449,1,7,2026-03-13,2026-03-14,2026-03-14,,microstay,checked_out,False,0,1,1342.87,0.00,161.14,1342.87,False
3582,BK0003582,1560,1,1,2026-03-11,2026-03-14,2026-03-15,,nightly,checked_out,False,1,3,3416.18,0.00,683.24,3416.18,False
3583,BK0003583,2426,1,5,2026-02-27,2026-03-14,2026-03-15,,nightly,checked_out,False,1,15,3750.65,197.40,0.00,3750.65,False
3584,BK0003584,840,1,5,2026-03-10,2026-03-14,2026-03-18,,nightly,checked_out,False,4,4,18032.63,949.09,0.00,4508.16,False
3585,BK0003585,3608,2,5,2026-02-16,2026-03-14,2026-03-22,,nightly,checked_out,False,8,25,43389.07,4821.01,0.00,5423.63,True
3586,BK0003586,6995,2,5,2026-03-03,2026-03-14,2026-03-15,,nightly,checked_out,False,1,11,3579.56,0.00,0.00,3579.56,False
3587,BK0003587,6979,2,2,2026-01-27,2026-03-14,2026-03-17,2026-02-19,nightly,cancelled,True,3,46,15076.71,0.00,2563.04,5025.57,False
3588,BK0003588,934,3,2,2026-03-10,2026-03-14,2026-03-17,,nightly,checked_out,False,3,4,8392.11,0.00,1426.66,2797.37,False
3589,BK0003589,4613,3,4,2026-02-16,2026-03-14,2026-03-15,,nightly,checked_out,False,1,26,2873.15,0.00,430.97,2873.15,False
3590,BK0003590,192,1,6,2026-03-11,2026-03-15,2026-03-17,,nightly,checked_out,False,2,4,5739.01,302.05,0.00,2869.51,False
3591,BK0003591,6389,1,6,2026-03-12,2026-03-15,2026-03-23,,nightly,checked_out,False,8,3,27582.83,1451.73,0.00,3447.85,False
3592,BK0003592,5150,1,5,2026-03-14,2026-03-15,2026-03-19,,nightly,checked_out,False,4,1,13316.80,0.00,0.00,3329.20,False
3593,BK0003593,1707,2,3,2026-02-22,2026-03-15,2026-03-16,,nightly,checked_out,False,1,21,4977.83,0.00,896.01,4977.83,False
3594,BK0003594,654,2,2,2026-03-05,2026-03-15,2026-03-16,,nightly,checked_out,False,1,10,3445.58,0.00,585.75,3445.58,False
3595,BK0003595,4683,2,1,2026-03-09,2026-03-15,2026-03-19,,nightly,checked_out,False,4,6,30289.84,0.00,6057.97,7572.46,False
3596,BK0003596,3978,2,2,2026-03-08,2026-03-15,2026-03-16,,nightly,checked_out,False,1,6,3555.83,0.00,604.49,3555.83,True
3597,BK0003597,4422,1,5,2026-03-10,2026-03-16,2026-03-20,,nightly,checked_out,False,4,6,13246.43,2337.61,0.00,3311.61,False
3598,BK0003598,351,1,5,2026-03-10,2026-03-16,2026-03-19,,nightly,checked_out,False,3,6,19379.30,2153.26,0.00,6459.77,False
3599,BK0003599,6133,1,1,2026-03-09,2026-03-16,2026-03-20,2026-03-11,nightly,cancelled,True,4,7,20035.31,1054.49,4007.06,5008.83,False
3600,BK0003600,6138,1,5,2026-03-14,2026-03-16,2026-03-22,,nightly,checked_out,False,6,2,22343.22,0.00,0.00,3723.87,False
3601,BK0003601,8441,1,1,2026-03-09,2026-03-16,2026-03-17,,nightly,checked_out,False,1,6,6653.42,350.18,1330.68,6653.42,True
3602,BK0003602,7917,1,6,2026-03-14,2026-03-16,2026-03-17,,nightly,checked_out,False,1,2,3419.50,179.97,0.00,3419.50,False
3603,BK0003603,2662,1,6,2026-03-15,2026-03-16,2026-03-17,,nightly,checked_out,False,1,1,3970.75,208.99,0.00,3970.75,False
3604,BK0003604,2420,1,4,2026-02-15,2026-03-16,2026-03-18,,nightly,checked_out,False,2,29,10992.42,0.00,1648.86,5496.21,False
3605,BK0003605,7541,1,6,2026-03-10,2026-03-16,2026-03-21,,nightly,checked_out,False,5,6,21112.37,1111.18,0.00,4222.47,False
3606,BK0003606,8869,2,1,2026-03-05,2026-03-16,2026-03-20,,nightly,checked_out,False,4,11,13025.02,1447.22,2605.00,3256.26,False
3607,BK0003607,5470,2,6,2026-03-14,2026-03-16,2026-03-25,,nightly,no_show,False,9,2,49209.03,0.00,0.00,5467.67,False
3608,BK0003608,2249,2,8,2026-03-15,2026-03-16,2026-03-17,,nightly,checked_out,False,1,1,3742.25,0.00,0.00,3742.25,False
3609,BK0003609,4892,2,5,2026-03-04,2026-03-16,2026-03-17,2026-03-07,nightly,cancelled,True,1,12,4004.78,210.78,0.00,4004.78,False
3610,BK0003610,9164,3,6,2026-03-08,2026-03-16,2026-03-30,,nightly,checked_out,False,14,8,50300.18,0.00,0.00,3592.87,False
3611,BK0003611,368,1,6,2026-03-16,2026-03-17,2026-03-21,,nightly,checked_out,False,4,1,31149.36,0.00,0.00,7787.34,False
3612,BK0003612,555,1,5,2026-03-07,2026-03-17,2026-03-21,,nightly,checked_out,False,4,10,17813.72,0.00,0.00,4453.43,False
3613,BK0003613,4532,1,8,2026-03-13,2026-03-17,2026-03-18,,nightly,checked_out,False,1,4,3734.59,0.00,0.00,3734.59,False
3614,BK0003614,4437,1,2,2026-02-13,2026-03-17,2026-03-21,,nightly,checked_out,False,4,32,14981.36,0.00,2546.83,3745.34,False
3615,BK0003615,693,1,4,2026-02-15,2026-03-17,2026-03-22,,nightly,checked_out,False,5,30,25878.50,0.00,3881.78,5175.70,False
3616,BK0003616,1399,2,5,2026-03-12,2026-03-17,2026-03-18,,nightly,no_show,False,1,5,6388.74,0.00,0.00,6388.74,False
3617,BK0003617,1445,2,7,2026-03-16,2026-03-17,2026-03-17,,microstay,checked_out,False,0,1,1047.92,55.15,125.75,1047.92,False
3618,BK0003618,7153,3,1,2026-03-06,2026-03-17,2026-03-18,2026-03-09,nightly,cancelled,True,1,11,3695.68,0.00,739.14,3695.68,False
3619,BK0003619,469,3,4,2026-03-11,2026-03-17,2026-03-22,,nightly,checked_out,False,5,6,15576.65,0.00,2336.50,3115.33,False
3620,BK0003620,4384,3,4,2025-11-30,2026-03-17,2026-03-24,,nightly,checked_out,False,7,107,19393.99,1020.74,2909.10,2770.57,False
3621,BK0003621,8147,1,6,2026-03-16,2026-03-18,2026-03-21,,nightly,checked_out,False,3,2,10798.89,0.00,0.00,3599.63,False
3622,BK0003622,709,1,8,2026-03-17,2026-03-18,2026-03-20,,nightly,checked_out,False,2,1,9992.74,0.00,0.00,4996.37,False
3623,BK0003623,4391,1,3,2026-03-10,2026-03-18,2026-03-19,,nightly,checked_out,False,1,8,5039.61,0.00,907.13,5039.61,False
3624,BK0003624,3738,2,2,2026-03-06,2026-03-18,2026-03-20,,nightly,checked_out,False,2,12,14580.28,0.00,2478.65,7290.14,False
3625,BK0003625,5377,2,6,2026-03-15,2026-03-18,2026-03-25,2026-03-15,nightly,cancelled,True,7,3,24048.06,1265.69,0.00,3435.44,False
3626,BK0003626,2470,2,1,2026-03-12,2026-03-18,2026-03-20,,nightly,checked_out,False,2,6,10446.52,0.00,2089.30,5223.26,False
3627,BK0003627,7906,2,2,2026-03-13,2026-03-18,2026-03-21,,nightly,checked_out,False,3,5,11586.33,0.00,1969.68,3862.11,False
3628,BK0003628,8534,1,1,2026-02-23,2026-03-19,2026-03-21,,nightly,checked_out,False,2,24,6399.92,711.10,1279.98,3199.96,False
3629,BK0003629,2249,1,6,2026-03-15,2026-03-19,2026-03-21,,nightly,checked_out,False,2,4,13384.36,704.44,0.00,6692.18,False
3630,BK0003630,4654,1,6,2026-03-02,2026-03-19,2026-04-03,,nightly,checked_out,False,15,17,81767.10,0.00,0.00,5451.14,False
3631,BK0003631,3921,1,3,2025-12-06,2026-03-19,2026-03-20,2026-02-15,nightly,cancelled,True,1,103,4213.25,0.00,758.38,4213.25,False
3632,BK0003632,5280,2,5,2026-03-03,2026-03-19,2026-03-20,,nightly,checked_out,False,1,16,4654.90,0.00,0.00,4654.90,False
3633,BK0003633,5653,2,4,2026-02-17,2026-03-19,2026-03-20,,nightly,checked_out,False,1,30,3119.71,346.63,467.96,3119.71,False
3634,BK0003634,9193,2,1,2026-03-08,2026-03-19,2026-03-21,2026-03-12,nightly,cancelled,True,2,11,7410.60,0.00,1482.12,3705.30,False
3635,BK0003635,3759,2,1,2026-03-07,2026-03-19,2026-03-22,2026-03-17,nightly,cancelled,True,3,12,11837.25,623.01,2367.45,3945.75,False
3636,BK0003636,5589,2,6,2026-03-17,2026-03-19,2026-03-20,,nightly,checked_out,False,1,2,7453.06,0.00,0.00,7453.06,False
3637,BK0003637,2812,2,6,2026-03-16,2026-03-19,2026-03-21,,nightly,checked_out,False,2,3,8678.86,0.00,0.00,4339.43,False
3638,BK0003638,4148,1,1,2026-03-03,2026-03-20,2026-03-22,,nightly,checked_out,False,2,17,9554.91,502.89,1910.98,4777.46,False
3639,BK0003639,5681,2,1,2026-02-27,2026-03-20,2026-03-21,,nightly,checked_out,False,1,21,5129.96,270.00,1025.99,5129.96,False
3640,BK0003640,1336,2,1,2026-03-08,2026-03-20,2026-03-22,2026-03-11,nightly,cancelled,True,2,12,15198.80,0.00,3039.76,7599.40,False
3641,BK0003641,279,2,2,2026-01-08,2026-03-20,2026-03-21,2026-01-13,nightly,cancelled,True,1,71,3472.60,182.77,590.34,3472.60,False
3642,BK0003642,5601,2,5,2026-03-10,2026-03-20,2026-03-28,,nightly,checked_out,False,8,10,31643.71,3515.97,0.00,3955.46,False
3643,BK0003643,96,1,1,2026-03-05,2026-03-21,2026-03-22,,nightly,checked_out,False,1,16,3607.11,189.85,721.42,3607.11,False
3644,BK0003644,4368,1,2,2026-02-22,2026-03-21,2026-03-24,,nightly,checked_out,False,3,27,10144.50,0.00,1724.57,3381.50,False
3645,BK0003645,6572,1,1,2026-03-20,2026-03-21,2026-03-25,,nightly,checked_out,False,4,1,26934.60,0.00,5386.92,6733.65,False
3646,BK0003646,5476,2,5,2026-03-04,2026-03-21,2026-03-22,,nightly,checked_out,False,1,17,4208.42,0.00,0.00,4208.42,False
3647,BK0003647,897,2,6,2026-03-10,2026-03-21,2026-03-25,,nightly,checked_out,False,4,11,24465.56,0.00,0.00,6116.39,False
3648,BK0003648,4457,2,7,2026-03-20,2026-03-21,2026-03-21,,microstay,checked_out,False,0,1,1398.13,0.00,167.78,1398.13,False
3649,BK0003649,4768,2,6,2026-03-18,2026-03-21,2026-03-22,,nightly,checked_out,False,1,3,3220.35,0.00,0.00,3220.35,False
3650,BK0003650,5589,3,4,2026-03-03,2026-03-21,2026-03-24,,nightly,checked_out,False,3,18,12838.74,0.00,1925.81,4279.58,False
3651,BK0003651,8977,3,2,2026-03-14,2026-03-21,2026-03-24,2026-03-15,nightly,cancelled,True,3,7,9891.04,520.58,1681.48,3297.01,False
3652,BK0003652,646,1,7,2026-03-21,2026-03-22,2026-03-22,2026-03-21,microstay,cancelled,True,0,1,1228.98,64.68,147.48,1228.98,False
3653,BK0003653,3855,1,6,2026-03-14,2026-03-22,2026-03-25,2026-03-17,nightly,cancelled,True,3,8,12065.96,2129.29,0.00,4021.99,False
3654,BK0003654,1285,2,6,2026-03-18,2026-03-22,2026-03-30,,nightly,checked_out,False,8,4,39304.24,0.00,0.00,4913.03,False
3655,BK0003655,8813,2,7,2026-03-21,2026-03-22,2026-03-22,,microstay,checked_out,False,0,1,1087.31,0.00,130.48,1087.31,False
3656,BK0003656,6443,2,1,2026-03-19,2026-03-22,2026-03-26,,nightly,checked_out,False,4,3,18204.51,958.13,3640.90,4551.13,False
3657,BK0003657,5505,2,5,2026-03-12,2026-03-22,2026-03-23,,nightly,checked_out,False,1,10,6293.64,699.29,0.00,6293.64,False
3658,BK0003658,1024,2,5,2026-03-15,2026-03-22,2026-03-24,,nightly,checked_out,False,2,7,7893.07,415.43,0.00,3946.54,False
3659,BK0003659,2632,3,3,2026-03-14,2026-03-22,2026-03-23,,nightly,checked_out,False,1,8,3018.82,335.42,543.39,3018.82,False
3660,BK0003660,1241,1,6,2026-03-21,2026-03-23,2026-03-31,,nightly,checked_out,False,8,2,25583.47,2842.61,0.00,3197.93,False
3661,BK0003661,553,1,3,2026-02-17,2026-03-23,2026-03-26,,nightly,checked_out,False,3,34,13044.60,0.00,2348.03,4348.20,False
3662,BK0003662,395,1,7,2026-03-23,2026-03-23,2026-03-23,,microstay,checked_out,False,0,0,1169.87,129.98,140.38,1169.87,False
3663,BK0003663,1249,1,4,2026-03-02,2026-03-23,2026-03-30,2026-03-12,nightly,cancelled,True,7,21,26820.78,0.00,4023.12,3831.54,False
3664,BK0003664,4311,1,5,2026-03-18,2026-03-23,2026-03-31,,nightly,checked_out,False,8,5,35600.31,6282.41,0.00,4450.04,False
3665,BK0003665,6076,1,3,2026-02-19,2026-03-23,2026-03-30,2026-03-19,nightly,cancelled,True,7,32,29792.07,0.00,5362.57,4256.01,False
3666,BK0003666,4776,1,4,2026-03-21,2026-03-23,2026-04-07,,nightly,checked_out,False,15,2,65231.25,0.00,9784.69,4348.75,False
3667,BK0003667,1966,1,5,2026-03-20,2026-03-23,2026-03-25,,nightly,checked_out,False,2,3,9779.28,0.00,0.00,4889.64,False
3668,BK0003668,5789,2,3,2026-03-05,2026-03-23,2026-03-24,2026-03-06,nightly,cancelled,True,1,18,7182.54,0.00,1292.86,7182.54,False
3669,BK0003669,4168,2,1,2026-03-20,2026-03-23,2026-03-25,,nightly,checked_out,False,2,3,7448.70,392.04,1489.74,3724.35,False
3670,BK0003670,2101,2,1,2026-03-18,2026-03-23,2026-03-27,,nightly,checked_out,False,4,5,28668.68,0.00,5733.74,7167.17,False
3671,BK0003671,6179,2,5,2026-03-14,2026-03-23,2026-03-24,,nightly,checked_out,False,1,9,4468.44,0.00,0.00,4468.44,False
3672,BK0003672,6124,2,1,2026-03-12,2026-03-23,2026-03-30,,nightly,no_show,False,7,11,52500.21,0.00,10500.04,7500.03,False
3673,BK0003673,2665,2,5,2026-03-08,2026-03-23,2026-03-25,,nightly,checked_out,False,2,15,6352.05,1120.95,0.00,3176.03,False
3674,BK0003674,4668,3,6,2026-03-03,2026-03-23,2026-03-25,,nightly,checked_out,False,2,20,8523.90,0.00,0.00,4261.95,False
3675,BK0003675,7111,1,8,2026-03-24,2026-03-24,2026-03-25,,nightly,checked_out,False,1,0,3473.53,182.82,0.00,3473.53,False
3676,BK0003676,6990,1,3,2026-03-07,2026-03-24,2026-03-25,,nightly,checked_out,False,1,17,3599.12,0.00,647.84,3599.12,False
3677,BK0003677,2316,1,2,2026-03-07,2026-03-24,2026-03-26,2026-03-11,nightly,cancelled,True,2,17,9210.00,0.00,1565.70,4605.00,False
3678,BK0003678,977,1,1,2026-03-11,2026-03-24,2026-03-26,,nightly,checked_out,False,2,13,11085.10,0.00,2217.02,5542.55,False
3679,BK0003679,3856,1,1,2026-03-19,2026-03-24,2026-03-27,2026-03-22,nightly,cancelled,True,3,5,15043.11,0.00,3008.62,5014.37,False
3680,BK0003680,2236,1,1,2026-03-06,2026-03-24,2026-03-28,2026-03-21,nightly,cancelled,True,4,18,20954.44,0.00,4190.89,5238.61,False
3681,BK0003681,2968,1,6,2026-03-21,2026-03-24,2026-03-24,,nightly,checked_out,False,0,3,26248.20,0.00,0.00,26248.20,False
3682,BK0003682,8910,1,2,2026-03-06,2026-03-24,2026-03-28,,nightly,checked_out,False,4,18,19236.36,1012.44,3270.18,4809.09,False
3683,BK0003683,3856,1,1,2026-03-06,2026-03-24,2026-03-26,,nightly,checked_out,False,2,18,8696.80,0.00,1739.36,4348.40,False
3684,BK0003684,1524,1,2,2026-03-18,2026-03-24,2026-03-26,,nightly,checked_out,False,2,6,12044.93,1338.33,2047.64,6022.47,False
3685,BK0003685,4993,2,2,2026-03-14,2026-03-24,2026-03-25,,nightly,checked_out,False,1,10,3371.05,594.89,573.08,3371.05,False
3686,BK0003686,4168,2,2,2026-03-21,2026-03-24,2026-03-25,,nightly,checked_out,False,1,3,4724.81,0.00,803.22,4724.81,False
3687,BK0003687,1982,2,5,2026-03-19,2026-03-24,2026-03-25,,nightly,checked_out,False,1,5,3284.83,0.00,0.00,3284.83,False
3688,BK0003688,5238,2,5,2026-03-21,2026-03-24,2026-03-25,,nightly,checked_out,False,1,3,4208.41,0.00,0.00,4208.41,False
3689,BK0003689,3173,2,1,2026-03-14,2026-03-24,2026-03-26,2026-03-22,nightly,cancelled,True,2,10,10960.26,0.00,2192.05,5480.13,False
3690,BK0003690,3489,2,6,2026-03-22,2026-03-24,2026-04-12,,nightly,checked_out,False,19,2,71598.44,12635.02,0.00,3768.34,False
3691,BK0003691,1841,3,1,2026-03-16,2026-03-24,2026-03-25,,nightly,checked_out,False,1,8,2870.48,0.00,574.10,2870.48,False
3692,BK0003692,725,3,5,2026-03-17,2026-03-24,2026-03-25,,nightly,checked_out,False,1,7,2794.02,147.05,0.00,2794.02,False
3693,BK0003693,4495,3,8,2026-03-24,2026-03-24,2026-03-25,,nightly,checked_out,False,1,0,4445.02,0.00,0.00,4445.02,False
3694,BK0003694,341,1,2,2026-03-13,2026-03-25,2026-03-26,,nightly,checked_out,False,1,12,7791.04,410.05,1324.48,7791.04,False
3695,BK0003695,1707,1,7,2026-03-24,2026-03-25,2026-03-25,,microstay,checked_out,False,0,1,941.21,0.00,112.95,941.21,False
3696,BK0003696,5150,1,5,2026-03-20,2026-03-25,2026-03-26,,nightly,checked_out,False,1,5,4219.03,222.05,0.00,4219.03,False
3697,BK0003697,4896,1,6,2026-03-10,2026-03-25,2026-03-30,,nightly,checked_out,False,5,14,18969.00,0.00,0.00,3793.80,True
3698,BK0003698,1277,1,5,2026-03-22,2026-03-25,2026-03-27,,nightly,checked_out,False,2,3,6637.55,737.51,0.00,3318.78,False
3699,BK0003699,8798,2,5,2026-03-19,2026-03-25,2026-03-26,,nightly,checked_out,False,1,6,5120.04,269.48,0.00,5120.04,False
3700,BK0003700,5674,2,2,2026-03-18,2026-03-25,2026-03-26,,nightly,checked_out,False,1,7,4036.03,448.45,686.13,4036.03,False
3701,BK0003701,3877,2,6,2026-03-23,2026-03-25,2026-03-26,,nightly,checked_out,False,1,2,3808.55,0.00,0.00,3808.55,False
3702,BK0003702,5566,2,2,2026-01-29,2026-03-25,2026-03-28,,nightly,checked_out,False,3,55,11983.28,630.70,2037.16,3994.43,False
3703,BK0003703,8761,2,6,2026-03-24,2026-03-25,2026-03-29,,nightly,checked_out,False,4,1,13602.04,0.00,0.00,3400.51,False
3704,BK0003704,2198,3,7,2026-03-24,2026-03-25,2026-03-25,,microstay,checked_out,False,0,1,881.45,0.00,105.77,881.45,False
3705,BK0003705,5266,1,1,2026-01-18,2026-03-26,2026-03-28,,nightly,checked_out,False,2,67,11057.40,0.00,2211.48,5528.70,False
3706,BK0003706,8077,1,3,2026-03-04,2026-03-26,2026-03-28,,nightly,checked_out,False,2,22,8317.17,437.75,1497.09,4158.59,False
3707,BK0003707,8680,2,1,2026-03-22,2026-03-26,2026-03-27,,nightly,checked_out,False,1,4,4353.39,229.13,870.68,4353.39,False
3708,BK0003708,5023,2,2,2026-03-09,2026-03-26,2026-03-27,,nightly,checked_out,False,1,17,5068.49,0.00,861.64,5068.49,False
3709,BK0003709,1165,2,5,2026-03-19,2026-03-26,2026-03-28,,nightly,checked_out,False,2,7,7431.84,0.00,0.00,3715.92,False
3710,BK0003710,3590,2,5,2026-03-19,2026-03-26,2026-04-01,,nightly,no_show,False,6,7,39190.92,2062.68,0.00,6531.82,False
3711,BK0003711,3,2,3,2026-02-25,2026-03-26,2026-03-27,,nightly,checked_out,False,1,29,4527.91,0.00,815.02,4527.91,False
3712,BK0003712,6328,2,2,2026-03-13,2026-03-26,2026-03-30,,nightly,checked_out,False,4,13,21299.64,0.00,3620.94,5324.91,False
3713,BK0003713,145,2,5,2026-03-24,2026-03-26,2026-03-27,,nightly,checked_out,False,1,2,3487.53,183.55,0.00,3487.53,False
3714,BK0003714,3808,1,1,2026-03-08,2026-03-27,2026-03-30,,nightly,checked_out,False,3,19,12218.76,0.00,2443.75,4072.92,False
3715,BK0003715,2966,1,5,2026-03-26,2026-03-27,2026-03-30,,nightly,checked_out,False,3,1,20098.65,0.00,0.00,6699.55,False
3716,BK0003716,6222,1,1,2026-03-13,2026-03-27,2026-03-31,,nightly,checked_out,False,4,14,15659.46,824.18,3131.89,3914.87,False
3717,BK0003717,5475,2,4,2026-03-21,2026-03-27,2026-03-29,2026-03-21,nightly,cancelled,True,2,6,7301.86,0.00,1095.28,3650.93,False
3718,BK0003718,8869,2,5,2026-03-24,2026-03-27,2026-03-29,,nightly,checked_out,False,2,3,8472.85,1495.21,0.00,4236.43,False
3719,BK0003719,872,2,1,2026-03-23,2026-03-27,2026-03-28,,nightly,checked_out,False,1,4,3183.23,561.75,636.65,3183.23,False
3720,BK0003720,1001,2,3,2026-03-13,2026-03-27,2026-03-28,,nightly,checked_out,False,1,14,4046.05,212.95,728.29,4046.05,False
3721,BK0003721,3805,3,6,2026-03-20,2026-03-27,2026-04-03,,nightly,checked_out,False,7,7,20447.84,0.00,0.00,2921.12,False
3722,BK0003722,2931,3,6,2026-03-18,2026-03-27,2026-04-04,,nightly,checked_out,False,8,9,35627.13,1875.11,0.00,4453.39,False
3723,BK0003723,2190,1,1,2026-03-25,2026-03-28,2026-03-30,,nightly,checked_out,False,2,3,9252.98,0.00,1850.60,4626.49,False
3724,BK0003724,1798,1,5,2026-03-22,2026-03-28,2026-03-30,,nightly,checked_out,False,2,6,6517.78,0.00,0.00,3258.89,False
3725,BK0003725,3797,1,2,2026-03-19,2026-03-28,2026-03-29,,nightly,checked_out,False,1,9,3911.57,0.00,664.97,3911.57,False
3726,BK0003726,452,2,5,2026-03-23,2026-03-28,2026-03-30,,nightly,checked_out,False,2,5,7177.55,797.51,0.00,3588.78,False
3727,BK0003727,5783,2,6,2026-03-15,2026-03-28,2026-04-02,,nightly,checked_out,False,5,13,33052.85,0.00,0.00,6610.57,False
3728,BK0003728,5999,2,6,2026-03-24,2026-03-28,2026-03-29,,nightly,checked_out,False,1,4,3124.99,0.00,0.00,3124.99,False
3729,BK0003729,4774,2,4,2026-03-13,2026-03-28,2026-03-29,,nightly,checked_out,False,1,14,4190.70,0.00,628.61,4190.70,True
3730,BK0003730,6885,2,2,2026-03-19,2026-03-28,2026-03-29,,nightly,checked_out,False,1,9,3115.21,0.00,529.59,3115.21,False
3731,BK0003731,8118,2,6,2026-03-24,2026-03-28,2026-04-18,,nightly,checked_out,False,21,4,73176.97,12913.58,0.00,3484.62,False
3732,BK0003732,515,3,4,2026-03-20,2026-03-28,2026-04-05,2026-03-23,nightly,cancelled,True,8,8,28043.52,0.00,4206.53,3505.44,False
3733,BK0003733,7357,1,1,2026-03-25,2026-03-29,2026-04-02,,nightly,checked_out,False,4,4,17459.12,0.00,3491.82,4364.78,False
3734,BK0003734,2346,2,3,2026-01-10,2026-03-29,2026-03-30,,nightly,checked_out,False,1,78,4198.79,740.96,755.78,4198.79,False
3735,BK0003735,1999,2,2,2026-03-23,2026-03-29,2026-04-08,,nightly,checked_out,False,10,6,36612.20,0.00,6224.07,3661.22,False
3736,BK0003736,5017,2,2,2026-03-15,2026-03-29,2026-03-30,,nightly,checked_out,False,1,14,3370.65,0.00,573.01,3370.65,False
3737,BK0003737,3226,3,1,2026-02-26,2026-03-29,2026-03-31,2026-03-02,nightly,cancelled,True,2,30,7066.72,0.00,1413.34,3533.36,True
3738,BK0003738,1580,3,2,2026-03-08,2026-03-29,2026-03-30,,nightly,checked_out,False,1,21,4368.87,0.00,742.71,4368.87,False
3739,BK0003739,4606,3,2,2026-03-18,2026-03-29,2026-03-30,,nightly,checked_out,False,1,11,2967.15,0.00,504.42,2967.15,False
3740,BK0003740,8272,1,6,2026-03-26,2026-03-30,2026-04-04,,nightly,checked_out,False,5,4,21412.81,1126.99,0.00,4282.56,False
3741,BK0003741,8175,1,2,2026-03-23,2026-03-30,2026-03-31,,nightly,checked_out,False,1,7,3681.55,0.00,625.86,3681.55,False
3742,BK0003742,844,1,1,2026-03-26,2026-03-30,2026-04-05,,nightly,checked_out,False,6,4,31557.54,0.00,6311.51,5259.59,False
3743,BK0003743,1670,1,4,2026-03-06,2026-03-30,2026-04-01,,nightly,checked_out,False,2,24,14655.58,0.00,2198.34,7327.79,False
3744,BK0003744,7529,2,4,2026-03-21,2026-03-30,2026-04-01,,nightly,checked_out,False,2,9,9392.35,1657.47,1408.85,4696.18,False
3745,BK0003745,6981,2,5,2026-03-22,2026-03-30,2026-03-31,,nightly,checked_out,False,1,8,3874.16,683.68,0.00,3874.16,False
3746,BK0003746,8869,2,4,2026-03-09,2026-03-30,2026-04-05,,nightly,checked_out,False,6,21,46161.06,0.00,6924.16,7693.51,False
3747,BK0003747,8965,2,4,2026-03-22,2026-03-30,2026-04-01,,nightly,no_show,False,2,8,6234.64,692.74,935.20,3117.32,False
3748,BK0003748,8489,2,6,2026-03-25,2026-03-30,2026-03-31,,nightly,checked_out,False,1,5,3455.49,181.87,0.00,3455.49,False
3749,BK0003749,7068,2,4,2026-03-19,2026-03-30,2026-04-09,,nightly,checked_out,False,10,11,42863.90,0.00,6429.59,4286.39,False
3750,BK0003750,1848,2,2,2026-03-26,2026-03-30,2026-04-03,,nightly,checked_out,False,4,4,19605.04,0.00,3332.86,4901.26,False
3751,BK0003751,2750,3,3,2026-03-14,2026-03-30,2026-03-31,2026-03-21,nightly,cancelled,True,1,16,4285.56,0.00,771.40,4285.56,False
3752,BK0003752,4221,1,7,2026-03-29,2026-03-31,2026-03-31,,microstay,checked_out,False,0,2,1853.52,0.00,222.42,1853.52,False
3753,BK0003753,5082,1,4,2026-03-28,2026-03-31,2026-04-01,,nightly,checked_out,False,1,3,3752.56,0.00,562.88,3752.56,False
3754,BK0003754,6769,1,7,2026-03-30,2026-03-31,2026-03-31,,microstay,checked_out,False,0,1,1237.40,0.00,148.49,1237.40,False
3755,BK0003755,120,1,2,2026-03-23,2026-03-31,2026-04-06,,nightly,checked_out,False,6,8,29968.20,0.00,5094.59,4994.70,False
3756,BK0003756,3315,1,6,2026-03-29,2026-03-31,2026-04-10,,nightly,checked_out,False,10,2,37710.10,0.00,0.00,3771.01,False
3757,BK0003757,5883,1,8,2026-03-31,2026-03-31,2026-04-01,,nightly,checked_out,False,1,0,3611.34,0.00,0.00,3611.34,False
3758,BK0003758,3573,1,5,2026-03-20,2026-03-31,2026-04-01,,nightly,checked_out,False,1,11,4320.51,227.39,0.00,4320.51,False
3759,BK0003759,3559,2,4,2026-02-15,2026-03-31,2026-04-03,,nightly,checked_out,False,3,44,13447.23,0.00,2017.08,4482.41,False
3760,BK0003760,4702,2,6,2026-03-29,2026-03-31,2026-04-01,,nightly,checked_out,False,1,2,3089.48,343.28,0.00,3089.48,False
3761,BK0003761,9276,2,7,2026-03-30,2026-03-31,2026-03-31,,microstay,checked_out,False,0,1,1470.76,0.00,176.49,1470.76,False
3762,BK0003762,5492,2,2,2026-03-08,2026-03-31,2026-04-02,,nightly,checked_out,False,2,23,8423.64,0.00,1432.02,4211.82,False
3763,BK0003763,7552,1,2,2026-03-22,2026-04-01,2026-04-04,,nightly,checked_out,False,3,10,10698.99,563.10,1818.83,3566.33,False
3764,BK0003764,2958,1,5,2026-03-18,2026-04-01,2026-04-08,,nightly,checked_out,False,7,14,38188.29,0.00,0.00,5455.47,False
3765,BK0003765,58,1,1,2026-03-27,2026-04-01,2026-04-03,,nightly,checked_out,False,2,5,7033.78,0.00,1406.76,3516.89,False
3766,BK0003766,6840,2,6,2026-03-30,2026-04-01,2026-04-02,,nightly,checked_out,False,1,2,3344.61,0.00,0.00,3344.61,False
3767,BK0003767,6645,2,5,2026-03-28,2026-04-01,2026-04-02,,nightly,checked_out,False,1,4,5708.35,0.00,0.00,5708.35,False
3768,BK0003768,5136,2,5,2026-03-26,2026-04-01,2026-04-05,,nightly,checked_out,False,4,6,29440.28,0.00,0.00,7360.07,False
3769,BK0003769,4111,2,6,2026-03-25,2026-04-01,2026-04-02,,nightly,checked_out,False,1,7,3322.64,369.18,0.00,3322.64,False
3770,BK0003770,58,2,1,2026-03-13,2026-04-01,2026-04-06,,nightly,checked_out,False,5,19,25057.77,1318.83,5011.55,5011.55,False
3771,BK0003771,7712,3,2,2026-03-25,2026-04-01,2026-04-02,,nightly,checked_out,False,1,7,3753.20,0.00,638.04,3753.20,False
3772,BK0003772,4440,3,7,2026-03-31,2026-04-01,2026-04-01,,microstay,checked_out,False,0,1,778.00,0.00,93.36,778.00,False
3773,BK0003773,5589,3,4,2026-03-23,2026-04-01,2026-04-02,2026-03-27,nightly,cancelled,True,1,9,4182.75,0.00,627.41,4182.75,False
3774,BK0003774,5718,1,3,2026-02-01,2026-04-02,2026-04-06,,nightly,checked_out,False,4,60,13920.88,0.00,2505.76,3480.22,False
3775,BK0003775,9247,2,6,2026-03-27,2026-04-02,2026-04-03,,nightly,checked_out,False,1,6,3359.59,373.29,0.00,3359.59,False
3776,BK0003776,4648,2,4,2026-03-25,2026-04-02,2026-04-06,,nightly,checked_out,False,4,8,27790.65,1462.67,4168.60,6947.66,False
3777,BK0003777,5107,2,7,2026-04-01,2026-04-02,2026-04-02,,microstay,checked_out,False,0,1,1281.16,0.00,153.74,1281.16,False
3778,BK0003778,6521,2,5,2026-03-23,2026-04-02,2026-04-05,,nightly,checked_out,False,3,10,10518.66,0.00,0.00,3506.22,False
3779,BK0003779,7847,2,1,2026-02-04,2026-04-02,2026-04-06,2026-03-08,nightly,cancelled,True,4,57,20408.56,0.00,4081.71,5102.14,False
3780,BK0003780,6057,1,3,2026-03-23,2026-04-03,2026-04-05,2026-03-30,nightly,cancelled,True,2,11,9243.86,486.52,1663.89,4621.93,False
3781,BK0003781,4062,1,2,2026-03-25,2026-04-03,2026-04-04,2026-03-29,nightly,cancelled,True,1,9,3266.19,171.90,555.25,3266.19,False
3782,BK0003782,8244,1,8,2026-04-02,2026-04-03,2026-04-04,,nightly,checked_out,False,1,1,6782.50,0.00,0.00,6782.50,False
3783,BK0003783,537,1,5,2026-03-30,2026-04-03,2026-04-04,,nightly,checked_out,False,1,4,4113.67,0.00,0.00,4113.67,False
3784,BK0003784,2502,1,2,2026-03-22,2026-04-03,2026-04-04,,nightly,checked_out,False,1,12,4262.53,0.00,724.63,4262.53,False
3785,BK0003785,434,2,8,2026-04-03,2026-04-03,2026-04-04,,nightly,checked_out,False,1,0,3345.11,176.06,0.00,3345.11,False
3786,BK0003786,8921,2,5,2026-03-23,2026-04-03,2026-04-05,,nightly,checked_out,False,2,11,10261.62,0.00,0.00,5130.81,False
3787,BK0003787,5005,2,7,2026-04-03,2026-04-03,2026-04-03,,microstay,checked_out,False,0,0,1204.97,0.00,144.60,1204.97,False
3788,BK0003788,2732,3,5,2026-03-31,2026-04-03,2026-04-05,,nightly,checked_out,False,2,3,7357.84,0.00,0.00,3678.92,False
3789,BK0003789,7046,1,2,2026-03-20,2026-04-04,2026-04-06,,nightly,checked_out,False,2,15,8165.10,0.00,1388.07,4082.55,False
3790,BK0003790,6371,1,2,2026-03-25,2026-04-04,2026-04-10,,nightly,checked_out,False,6,10,20172.18,3559.80,3429.27,3362.03,False
3791,BK0003791,3018,1,5,2026-03-31,2026-04-04,2026-04-05,,nightly,checked_out,False,1,4,4156.99,0.00,0.00,4156.99,False
3792,BK0003792,1838,1,4,2026-03-14,2026-04-04,2026-04-05,,nightly,no_show,False,1,21,3164.29,166.54,474.64,3164.29,False
3793,BK0003793,4352,1,2,2026-03-30,2026-04-04,2026-04-08,2026-04-01,nightly,cancelled,True,4,5,16492.80,0.00,2803.78,4123.20,False
3794,BK0003794,582,1,5,2026-04-01,2026-04-04,2026-04-05,,nightly,checked_out,False,1,3,4604.46,0.00,0.00,4604.46,False
3795,BK0003795,6831,2,1,2026-03-29,2026-04-04,2026-04-10,,nightly,checked_out,False,6,6,19752.84,0.00,3950.57,3292.14,False
3796,BK0003796,8947,2,6,2026-03-21,2026-04-04,2026-04-08,,nightly,checked_out,False,4,14,19129.16,0.00,0.00,4782.29,False
3797,BK0003797,6314,2,6,2026-04-01,2026-04-04,2026-04-04,,nightly,checked_out,False,0,3,4003.31,0.00,0.00,4003.31,False
3798,BK0003798,2105,1,2,2026-01-15,2026-04-05,2026-04-07,,nightly,checked_out,False,2,80,9011.26,0.00,1531.91,4505.63,False
3799,BK0003799,4283,1,4,2026-03-09,2026-04-05,2026-04-11,,nightly,checked_out,False,6,27,18034.50,0.00,2705.18,3005.75,False
3800,BK0003800,1025,1,7,2026-04-03,2026-04-05,2026-04-05,,microstay,checked_out,False,0,2,1041.26,0.00,124.95,1041.26,False
3801,BK0003801,1846,2,4,2026-03-21,2026-04-05,2026-04-07,,nightly,checked_out,False,2,15,6962.28,0.00,1044.34,3481.14,False
3802,BK0003802,9203,2,6,2026-03-16,2026-04-05,2026-04-06,,nightly,checked_out,False,1,20,3936.44,207.18,0.00,3936.44,False
3803,BK0003803,857,2,3,2026-03-01,2026-04-05,2026-04-07,,nightly,checked_out,False,2,35,13108.46,0.00,2359.52,6554.23,False
3804,BK0003804,8680,2,1,2026-03-26,2026-04-05,2026-04-06,,nightly,checked_out,False,1,10,5013.15,0.00,1002.63,5013.15,False
3805,BK0003805,8715,2,5,2026-03-21,2026-04-05,2026-04-07,,nightly,checked_out,False,2,15,12247.85,2161.39,0.00,6123.93,False
3806,BK0003806,6675,3,1,2026-03-29,2026-04-05,2026-04-06,,nightly,checked_out,False,1,7,3628.77,0.00,725.75,3628.77,False
3807,BK0003807,4123,3,2,2026-04-01,2026-04-05,2026-04-08,,nightly,checked_out,False,3,4,13165.32,0.00,2238.10,4388.44,False
3808,BK0003808,2540,1,3,2026-03-19,2026-04-06,2026-04-07,,nightly,checked_out,False,1,18,5988.91,1056.87,1078.00,5988.91,False
3809,BK0003809,8410,1,8,2026-04-05,2026-04-06,2026-04-07,,nightly,checked_out,False,1,1,4413.71,0.00,0.00,4413.71,False
3810,BK0003810,4191,1,3,2026-03-25,2026-04-06,2026-04-08,,nightly,checked_out,False,2,12,10701.42,0.00,1926.26,5350.71,False
3811,BK0003811,7277,1,5,2026-03-29,2026-04-06,2026-04-08,2026-04-04,nightly,cancelled,True,2,8,8852.16,0.00,0.00,4426.08,False
3812,BK0003812,6769,1,2,2026-03-22,2026-04-06,2026-04-07,,nightly,checked_out,False,1,15,4465.25,496.14,759.09,4465.25,False
3813,BK0003813,3389,1,6,2026-03-30,2026-04-06,2026-04-07,,nightly,checked_out,False,1,7,4573.84,0.00,0.00,4573.84,False
3814,BK0003814,2634,1,2,2026-04-03,2026-04-06,2026-04-09,,nightly,checked_out,False,3,3,11012.79,0.00,1872.17,3670.93,False
3815,BK0003815,7060,1,6,2026-03-25,2026-04-06,2026-04-27,,nightly,checked_out,False,21,12,142854.60,0.00,0.00,6802.60,False
3816,BK0003816,4502,2,1,2026-03-06,2026-04-06,2026-04-07,,nightly,checked_out,False,1,31,7388.74,0.00,1477.75,7388.74,False
3817,BK0003817,3162,2,5,2026-04-03,2026-04-06,2026-04-07,,nightly,checked_out,False,1,3,4693.01,0.00,0.00,4693.01,False
3818,BK0003818,538,2,2,2026-03-28,2026-04-06,2026-04-09,2026-04-01,nightly,cancelled,True,3,9,12378.45,0.00,2104.34,4126.15,False
3819,BK0003819,6587,2,3,2026-03-08,2026-04-06,2026-04-08,,nightly,checked_out,False,2,29,10890.24,0.00,1960.24,5445.12,False
3820,BK0003820,5562,2,1,2026-03-07,2026-04-06,2026-04-08,,nightly,checked_out,False,2,30,7791.62,865.74,1558.32,3895.81,False
3821,BK0003821,3738,2,1,2026-04-03,2026-04-06,2026-04-08,,nightly,checked_out,False,2,3,11330.34,0.00,2266.07,5665.17,False
3822,BK0003822,6709,3,2,2026-03-31,2026-04-06,2026-04-07,,nightly,checked_out,False,1,6,4408.58,0.00,749.46,4408.58,False
3823,BK0003823,4809,3,6,2026-04-04,2026-04-06,2026-04-16,,nightly,checked_out,False,10,2,30600.60,5400.10,0.00,3060.06,False
3824,BK0003824,7174,1,2,2026-04-03,2026-04-07,2026-04-08,,nightly,checked_out,False,1,4,4305.18,0.00,731.88,4305.18,False
3825,BK0003825,906,1,6,2026-04-05,2026-04-07,2026-04-12,,nightly,checked_out,False,5,2,19098.47,1005.18,0.00,3819.69,False
3826,BK0003826,3964,1,2,2026-03-29,2026-04-07,2026-04-08,2026-04-06,nightly,cancelled,True,1,9,4094.33,0.00,696.04,4094.33,False
3827,BK0003827,8785,1,7,2026-04-07,2026-04-07,2026-04-07,,microstay,checked_out,False,0,0,1841.51,204.61,220.98,1841.51,False
3828,BK0003828,5164,1,1,2026-03-27,2026-04-07,2026-04-10,,nightly,checked_out,False,3,11,10621.95,1874.46,2124.39,3540.65,False
3829,BK0003829,6616,2,2,2026-03-21,2026-04-07,2026-04-09,,nightly,checked_out,False,2,17,7438.60,0.00,1264.56,3719.30,False
3830,BK0003830,2144,2,5,2026-02-19,2026-04-07,2026-04-08,,nightly,checked_out,False,1,47,7039.69,0.00,0.00,7039.69,False
3831,BK0003831,6508,2,5,2026-03-23,2026-04-07,2026-04-08,,nightly,checked_out,False,1,15,4206.18,0.00,0.00,4206.18,False
3832,BK0003832,2640,3,5,2026-03-30,2026-04-07,2026-04-09,,nightly,checked_out,False,2,8,6434.96,0.00,0.00,3217.48,False
3833,BK0003833,2683,3,5,2026-04-03,2026-04-07,2026-04-17,,nightly,checked_out,False,10,4,46844.70,0.00,0.00,4684.47,False
3834,BK0003834,6537,3,7,2026-04-07,2026-04-07,2026-04-07,,microstay,checked_out,False,0,0,823.97,43.37,98.88,823.97,False
3835,BK0003835,1039,1,7,2026-04-07,2026-04-08,2026-04-08,,microstay,checked_out,False,0,1,1207.23,0.00,144.87,1207.23,False
3836,BK0003836,3570,1,8,2026-04-08,2026-04-08,2026-04-09,,nightly,checked_out,False,1,0,3827.27,0.00,0.00,3827.27,False
3837,BK0003837,7552,1,5,2026-03-28,2026-04-08,2026-04-10,,nightly,checked_out,False,2,11,10568.30,0.00,0.00,5284.15,False
3838,BK0003838,5347,1,5,2026-04-01,2026-04-08,2026-04-09,,nightly,checked_out,False,1,7,4171.17,736.09,0.00,4171.17,False
3839,BK0003839,3944,1,6,2026-04-05,2026-04-08,2026-04-11,,nightly,checked_out,False,3,3,13398.27,0.00,0.00,4466.09,False
3840,BK0003840,3781,2,6,2026-04-03,2026-04-08,2026-04-14,,nightly,checked_out,False,6,5,27048.12,0.00,0.00,4508.02,False
3841,BK0003841,4490,2,1,2026-04-03,2026-04-08,2026-04-11,2026-04-04,nightly,cancelled,True,3,5,23767.02,0.00,4753.40,7922.34,False
3842,BK0003842,4206,2,8,2026-04-07,2026-04-08,2026-04-11,,nightly,checked_out,False,3,1,14598.87,768.36,0.00,4866.29,False
3843,BK0003843,2887,2,6,2026-03-29,2026-04-08,2026-04-12,2026-04-01,nightly,cancelled,True,4,10,12351.85,1372.43,0.00,3087.96,False
3844,BK0003844,5570,2,1,2026-03-30,2026-04-08,2026-04-14,,nightly,checked_out,False,6,9,20457.42,0.00,4091.48,3409.57,False
3845,BK0003845,1436,2,5,2026-04-03,2026-04-08,2026-04-12,,nightly,checked_out,False,4,5,27987.34,3109.70,0.00,6996.84,False
3846,BK0003846,8625,3,2,2026-03-26,2026-04-08,2026-04-12,2026-04-05,nightly,cancelled,True,4,13,15078.24,1675.36,2563.30,3769.56,False
3847,BK0003847,1610,3,4,2026-03-25,2026-04-08,2026-04-10,,nightly,checked_out,False,2,14,8035.80,0.00,1205.37,4017.90,False
3848,BK0003848,1034,1,3,2026-04-06,2026-04-09,2026-04-17,,nightly,checked_out,False,8,3,55299.36,0.00,9953.88,6912.42,False
3849,BK0003849,562,1,1,2026-03-30,2026-04-09,2026-04-10,,nightly,checked_out,False,1,10,4411.23,232.17,882.25,4411.23,False
3850,BK0003850,5218,1,6,2026-03-21,2026-04-09,2026-04-19,,nightly,checked_out,False,10,19,39760.00,0.00,0.00,3976.00,False
3851,BK0003851,8869,1,4,2026-03-03,2026-04-09,2026-04-18,,nightly,checked_out,False,9,37,34420.95,3824.55,5163.14,3824.55,False
3852,BK0003852,1999,1,2,2026-03-31,2026-04-09,2026-04-09,,nightly,checked_out,False,0,9,6226.91,327.73,1058.57,6226.91,False
3853,BK0003853,2375,1,1,2026-03-31,2026-04-09,2026-04-11,,nightly,checked_out,False,2,9,6775.38,0.00,1355.08,3387.69,False
3854,BK0003854,4950,1,6,2026-03-29,2026-04-09,2026-04-16,,nightly,checked_out,False,7,11,33958.40,0.00,0.00,4851.20,False
3855,BK0003855,8632,2,6,2026-04-07,2026-04-09,2026-04-25,,nightly,checked_out,False,16,2,130261.92,0.00,0.00,8141.37,False
3856,BK0003856,1481,2,2,2026-02-25,2026-04-09,2026-04-10,,nightly,checked_out,False,1,43,3260.09,575.31,554.22,3260.09,False
3857,BK0003857,5164,2,2,2026-03-27,2026-04-09,2026-04-16,,nightly,checked_out,False,7,13,49405.24,2600.28,8398.89,7057.89,False
3858,BK0003858,7553,2,7,2026-04-09,2026-04-09,2026-04-09,,microstay,checked_out,False,0,0,1367.98,72.00,164.16,1367.98,False
3859,BK0003859,3245,2,5,2026-04-03,2026-04-09,2026-04-10,,nightly,checked_out,False,1,6,5264.70,0.00,0.00,5264.70,False
3860,BK0003860,3922,2,6,2026-03-25,2026-04-09,2026-04-11,,nightly,checked_out,False,2,15,9332.92,0.00,0.00,4666.46,False
3861,BK0003861,2129,2,4,2026-02-22,2026-04-09,2026-04-13,2026-03-13,nightly,cancelled,True,4,46,17329.60,0.00,2599.44,4332.40,False
3862,BK0003862,3698,2,4,2026-03-30,2026-04-09,2026-04-12,,nightly,checked_out,False,3,10,12415.83,0.00,1862.37,4138.61,False
3863,BK0003863,2585,2,2,2026-02-14,2026-04-09,2026-04-11,2026-03-07,nightly,cancelled,True,2,54,14646.62,0.00,2489.93,7323.31,False
3864,BK0003864,322,3,6,2026-04-06,2026-04-09,2026-04-16,,nightly,checked_out,False,7,3,22825.53,2536.17,0.00,3260.79,False
3865,BK0003865,516,1,5,2026-03-29,2026-04-10,2026-04-12,,nightly,checked_out,False,2,12,6530.38,0.00,0.00,3265.19,False
3866,BK0003866,128,1,6,2026-04-01,2026-04-10,2026-05-01,,nightly,checked_out,False,21,9,91477.32,10164.15,0.00,4356.06,False
3867,BK0003867,8713,1,8,2026-04-10,2026-04-10,2026-04-14,,nightly,checked_out,False,4,0,17532.03,3093.89,0.00,4383.01,False
3868,BK0003868,4809,2,3,2026-03-04,2026-04-10,2026-04-11,,nightly,checked_out,False,1,37,4249.80,749.97,764.96,4249.80,False
3869,BK0003869,1412,2,6,2026-03-26,2026-04-10,2026-04-15,,nightly,checked_out,False,5,15,17883.55,0.00,0.00,3576.71,False
3870,BK0003870,1978,2,3,2026-03-13,2026-04-10,2026-04-12,2026-03-16,nightly,cancelled,True,2,28,5823.27,1027.63,1048.19,2911.64,False
3871,BK0003871,7469,2,2,2026-03-29,2026-04-10,2026-04-11,2026-04-02,nightly,cancelled,True,1,12,4319.03,0.00,734.24,4319.03,False
3872,BK0003872,3035,2,7,2026-04-10,2026-04-10,2026-04-10,,microstay,checked_out,False,0,0,937.99,0.00,112.56,937.99,False
3873,BK0003873,7600,2,5,2026-04-08,2026-04-10,2026-04-12,,nightly,checked_out,False,2,2,10368.86,0.00,0.00,5184.43,False
3874,BK0003874,8031,3,1,2026-03-15,2026-04-10,2026-04-11,,nightly,checked_out,False,1,26,2619.37,291.04,523.87,2619.37,False
3875,BK0003875,3940,3,1,2026-04-03,2026-04-10,2026-04-12,2026-04-04,nightly,cancelled,True,2,7,5772.83,1018.73,1154.57,2886.42,False
3876,BK0003876,4467,1,2,2026-04-03,2026-04-11,2026-04-12,,nightly,checked_out,False,1,8,3748.26,0.00,637.20,3748.26,False
3877,BK0003877,3677,1,4,2026-04-02,2026-04-11,2026-04-14,,nightly,checked_out,False,3,9,9528.60,0.00,1429.29,3176.20,False
3878,BK0003878,5147,1,4,2026-03-23,2026-04-11,2026-05-01,,nightly,checked_out,False,20,19,84175.50,14854.50,12626.33,4208.78,False
3879,BK0003879,3566,1,2,2026-03-30,2026-04-11,2026-04-12,,nightly,checked_out,False,1,12,3514.04,620.13,597.39,3514.04,False
3880,BK0003880,7080,1,2,2026-04-06,2026-04-11,2026-04-14,,nightly,checked_out,False,3,5,9501.48,0.00,1615.25,3167.16,False
3881,BK0003881,3415,2,3,2026-03-28,2026-04-11,2026-04-16,,nightly,checked_out,False,5,14,22090.25,1162.65,3976.24,4418.05,False
3882,BK0003882,3258,2,3,2026-04-07,2026-04-11,2026-04-14,,nightly,checked_out,False,3,4,11379.10,1264.34,2048.24,3793.03,False
3883,BK0003883,4352,3,1,2026-04-07,2026-04-11,2026-04-13,2026-04-08,nightly,cancelled,True,2,4,6434.69,338.67,1286.94,3217.35,False
3884,BK0003884,5954,1,1,2026-04-08,2026-04-12,2026-04-18,,nightly,checked_out,False,6,4,21704.23,1142.33,4340.85,3617.37,False
3885,BK0003885,3365,1,5,2026-03-29,2026-04-12,2026-04-13,,nightly,checked_out,False,1,14,2838.33,149.39,0.00,2838.33,False
3886,BK0003886,4414,1,2,2026-03-24,2026-04-12,2026-04-14,,nightly,checked_out,False,2,19,8021.48,0.00,1363.65,4010.74,False
3887,BK0003887,9271,1,6,2026-04-11,2026-04-12,2026-05-01,,nightly,checked_out,False,19,1,68803.73,7644.86,0.00,3621.25,False
3888,BK0003888,4253,1,2,2026-04-01,2026-04-12,2026-04-14,,nightly,checked_out,False,2,11,7891.97,415.37,1341.63,3945.99,False
3889,BK0003889,8811,1,5,2026-04-05,2026-04-12,2026-04-18,,nightly,checked_out,False,6,7,18764.68,987.62,0.00,3127.45,False
3890,BK0003890,909,1,6,2026-04-08,2026-04-12,2026-04-15,2026-04-10,nightly,cancelled,True,3,4,11086.11,0.00,0.00,3695.37,False
3891,BK0003891,890,2,6,2026-04-10,2026-04-12,2026-04-19,,nightly,checked_out,False,7,2,25204.74,4447.89,0.00,3600.68,False
3892,BK0003892,1000,2,6,2026-04-11,2026-04-12,2026-05-01,,nightly,checked_out,False,19,1,78606.80,0.00,0.00,4137.20,False
3893,BK0003893,2497,2,6,2026-04-07,2026-04-12,2026-04-13,,nightly,checked_out,False,1,5,3319.72,0.00,0.00,3319.72,False
3894,BK0003894,3623,1,3,2026-03-28,2026-04-13,2026-04-14,2026-04-09,nightly,cancelled,True,1,16,4507.83,0.00,811.41,4507.83,False
3895,BK0003895,3678,1,7,2026-04-12,2026-04-13,2026-04-13,,microstay,checked_out,False,0,1,895.64,47.14,107.48,895.64,False
3896,BK0003896,2469,1,4,2026-03-15,2026-04-13,2026-04-14,2026-04-08,nightly,cancelled,True,1,29,4282.68,0.00,642.40,4282.68,False
3897,BK0003897,5853,2,6,2026-04-10,2026-04-13,2026-05-04,,nightly,checked_out,False,21,3,93337.67,4912.51,0.00,4444.65,False
3898,BK0003898,5274,2,5,2026-04-06,2026-04-13,2026-04-15,2026-04-09,nightly,cancelled,True,2,7,7571.22,1336.10,0.00,3785.61,False
3899,BK0003899,6711,2,5,2026-04-03,2026-04-13,2026-04-15,,nightly,no_show,False,2,10,14908.22,0.00,0.00,7454.11,False
3900,BK0003900,5153,2,6,2026-04-11,2026-04-13,2026-04-14,,nightly,checked_out,False,1,2,3659.50,0.00,0.00,3659.50,False
3901,BK0003901,5246,2,5,2026-04-03,2026-04-13,2026-04-16,,nightly,checked_out,False,3,10,16419.69,0.00,0.00,5473.23,False
3902,BK0003902,7821,2,2,2026-03-23,2026-04-13,2026-04-17,2026-04-03,nightly,cancelled,True,4,21,17539.84,0.00,2981.77,4384.96,False
3903,BK0003903,4119,3,1,2026-04-06,2026-04-13,2026-04-14,,nightly,checked_out,False,1,7,4663.17,0.00,932.63,4663.17,False
3904,BK0003904,5397,1,1,2026-04-11,2026-04-14,2026-04-17,,nightly,checked_out,False,3,3,14438.07,0.00,2887.61,4812.69,False
3905,BK0003905,8248,1,6,2026-04-04,2026-04-14,2026-05-05,,nightly,checked_out,False,21,10,72840.24,3833.70,0.00,3468.58,False
3906,BK0003906,4716,1,1,2026-04-11,2026-04-14,2026-04-15,,nightly,checked_out,False,1,3,3562.13,187.48,712.43,3562.13,False
3907,BK0003907,4584,1,8,2026-04-14,2026-04-14,2026-04-16,,nightly,checked_out,False,2,0,7364.99,818.33,0.00,3682.50,False
3908,BK0003908,5451,1,2,2026-04-09,2026-04-14,2026-04-17,,nightly,checked_out,False,3,5,9585.86,1065.10,1629.60,3195.29,False
3909,BK0003909,3473,1,2,2026-04-08,2026-04-14,2026-04-15,,nightly,checked_out,False,1,6,4467.25,0.00,759.43,4467.25,False
3910,BK0003910,4445,1,6,2026-04-08,2026-04-14,2026-04-23,2026-04-09,nightly,cancelled,True,9,6,38901.51,0.00,0.00,4322.39,False
3911,BK0003911,58,1,1,2026-03-24,2026-04-14,2026-04-17,2026-03-24,nightly,cancelled,True,3,21,9475.95,1672.23,1895.19,3158.65,False
3912,BK0003912,6040,2,1,2026-04-07,2026-04-14,2026-04-15,,nightly,checked_out,False,1,7,4308.30,226.75,861.66,4308.30,False
3913,BK0003913,7503,2,4,2026-04-09,2026-04-14,2026-04-17,,nightly,checked_out,False,3,5,11157.60,0.00,1673.64,3719.20,False
3914,BK0003914,4168,2,1,2026-04-11,2026-04-14,2026-04-17,,nightly,checked_out,False,3,3,8664.42,1529.01,1732.88,2888.14,False
3915,BK0003915,1332,2,6,2026-04-11,2026-04-14,2026-04-20,,nightly,checked_out,False,6,3,26910.48,0.00,0.00,4485.08,False
3916,BK0003916,9354,1,4,2026-04-09,2026-04-15,2026-04-18,,nightly,checked_out,False,3,6,10748.67,0.00,1612.30,3582.89,False
3917,BK0003917,8708,1,3,2026-02-27,2026-04-15,2026-04-16,,nightly,checked_out,False,1,47,4201.45,0.00,756.26,4201.45,False
3918,BK0003918,3579,2,5,2026-04-08,2026-04-15,2026-04-18,,nightly,checked_out,False,3,7,10896.06,0.00,0.00,3632.02,False
3919,BK0003919,3303,2,4,2026-03-17,2026-04-15,2026-04-28,,nightly,checked_out,False,13,29,55625.05,0.00,8343.76,4278.85,False
3920,BK0003920,5900,2,6,2026-04-06,2026-04-15,2026-04-22,,nightly,checked_out,False,7,9,51058.97,2687.31,0.00,7294.14,False
3921,BK0003921,2628,3,7,2026-04-15,2026-04-15,2026-04-15,,microstay,checked_out,False,0,0,843.61,0.00,101.23,843.61,False
3922,BK0003922,5744,1,7,2026-04-15,2026-04-16,2026-04-16,,microstay,checked_out,False,0,1,1185.02,0.00,142.20,1185.02,False
3923,BK0003923,7473,1,6,2026-04-06,2026-04-16,2026-04-25,,nightly,checked_out,False,9,10,31277.48,5519.56,0.00,3475.28,False
3924,BK0003924,3060,1,5,2026-04-13,2026-04-16,2026-04-21,,nightly,checked_out,False,5,3,25300.45,0.00,0.00,5060.09,False
3925,BK0003925,3665,2,2,2026-04-06,2026-04-16,2026-04-18,,nightly,checked_out,False,2,10,10702.40,0.00,1819.41,5351.20,False
3926,BK0003926,4735,2,1,2026-02-16,2026-04-16,2026-04-17,,nightly,checked_out,False,1,59,5542.20,0.00,1108.44,5542.20,False
3927,BK0003927,1867,2,6,2026-04-08,2026-04-16,2026-04-19,2026-04-14,nightly,cancelled,True,3,8,16002.72,842.25,0.00,5334.24,False
3928,BK0003928,1203,2,1,2026-04-12,2026-04-16,2026-04-19,,nightly,checked_out,False,3,4,20399.64,0.00,4079.93,6799.88,False
3929,BK0003929,7605,3,7,2026-04-16,2026-04-16,2026-04-16,,microstay,checked_out,False,0,0,1224.68,0.00,146.96,1224.68,False
3930,BK0003930,2079,1,2,2026-03-24,2026-04-17,2026-04-19,,nightly,checked_out,False,2,24,12211.79,642.73,2076.00,6105.90,False
3931,BK0003931,7497,1,6,2026-04-15,2026-04-17,2026-04-18,,nightly,checked_out,False,1,2,4127.25,458.58,0.00,4127.25,False
3932,BK0003932,7067,1,6,2026-04-12,2026-04-17,2026-04-24,,nightly,checked_out,False,7,5,22816.92,0.00,0.00,3259.56,False
3933,BK0003933,5889,1,2,2026-04-03,2026-04-17,2026-04-28,,nightly,checked_out,False,11,14,37259.28,6575.17,6334.08,3387.21,False
3934,BK0003934,4516,1,2,2026-04-05,2026-04-17,2026-04-19,2026-04-09,nightly,cancelled,True,2,12,8627.04,0.00,1466.60,4313.52,False
3935,BK0003935,1966,2,1,2026-04-12,2026-04-17,2026-04-19,,nightly,checked_out,False,2,5,9393.92,494.42,1878.78,4696.96,False
3936,BK0003936,5347,2,1,2026-04-08,2026-04-17,2026-04-18,,nightly,checked_out,False,1,9,3330.02,0.00,666.00,3330.02,False
3937,BK0003937,3097,2,6,2026-04-14,2026-04-17,2026-04-18,,nightly,checked_out,False,1,3,3629.86,0.00,0.00,3629.86,False
3938,BK0003938,1659,2,1,2026-04-03,2026-04-17,2026-04-18,2026-04-09,nightly,cancelled,True,1,14,3423.18,180.17,684.64,3423.18,False
3939,BK0003939,5370,3,6,2026-04-15,2026-04-17,2026-04-22,,nightly,checked_out,False,5,2,17724.45,0.00,0.00,3544.89,False
3940,BK0003940,4516,3,6,2026-04-02,2026-04-17,2026-04-19,,nightly,checked_out,False,2,15,8197.80,0.00,0.00,4098.90,False
3941,BK0003941,7573,3,5,2026-03-27,2026-04-17,2026-04-18,,nightly,checked_out,False,1,21,3554.09,0.00,0.00,3554.09,False
3942,BK0003942,1404,3,2,2026-04-11,2026-04-17,2026-04-23,,nightly,checked_out,False,6,6,14522.86,2562.86,2468.89,2420.48,False
3943,BK0003943,4516,3,4,2026-04-09,2026-04-17,2026-04-22,,nightly,checked_out,False,5,8,17310.15,0.00,2596.52,3462.03,False
3944,BK0003944,4957,1,7,2026-04-17,2026-04-18,2026-04-18,,microstay,checked_out,False,0,1,1017.08,53.53,122.05,1017.08,False
3945,BK0003945,7744,2,8,2026-04-17,2026-04-18,2026-04-20,,nightly,checked_out,False,2,1,9643.94,0.00,0.00,4821.97,False
3946,BK0003946,6613,2,6,2026-04-11,2026-04-18,2026-04-28,2026-04-18,nightly,cancelled,True,10,7,37181.40,0.00,0.00,3718.14,False
3947,BK0003947,7708,2,1,2026-03-23,2026-04-18,2026-04-20,,nightly,checked_out,False,2,26,6609.38,0.00,1321.88,3304.69,False
3948,BK0003948,5522,2,2,2026-04-13,2026-04-18,2026-04-20,,nightly,checked_out,False,2,5,8443.58,0.00,1435.41,4221.79,False
3949,BK0003949,4389,2,6,2026-04-12,2026-04-18,2026-04-20,,nightly,checked_out,False,2,6,6302.86,0.00,0.00,3151.43,False
3950,BK0003950,5150,2,5,2026-04-15,2026-04-18,2026-04-25,,nightly,checked_out,False,7,3,21858.23,2428.69,0.00,3122.60,False
3951,BK0003951,1758,3,1,2026-04-08,2026-04-18,2026-04-23,,nightly,checked_out,False,5,10,19855.90,0.00,3971.18,3971.18,False
3952,BK0003952,5583,3,8,2026-04-18,2026-04-18,2026-04-21,,nightly,checked_out,False,3,0,10298.52,0.00,0.00,3432.84,False
3953,BK0003953,3793,1,6,2026-04-07,2026-04-19,2026-04-25,,nightly,checked_out,False,6,12,23595.24,0.00,0.00,3932.54,False
3954,BK0003954,6894,2,1,2026-04-11,2026-04-19,2026-04-20,,nightly,checked_out,False,1,8,3780.21,0.00,756.04,3780.21,False
3955,BK0003955,2250,2,5,2026-04-17,2026-04-19,2026-04-23,,nightly,checked_out,False,4,2,25661.24,0.00,0.00,6415.31,False
3956,BK0003956,6290,2,2,2026-04-08,2026-04-19,2026-04-20,,nightly,checked_out,False,1,11,5041.29,0.00,857.02,5041.29,False
3957,BK0003957,5132,3,3,2026-03-31,2026-04-19,2026-04-20,,nightly,checked_out,False,1,19,2786.37,0.00,501.55,2786.37,False
3958,BK0003958,7519,3,6,2026-04-18,2026-04-19,2026-04-27,,nightly,checked_out,False,8,1,34765.44,0.00,0.00,4345.68,False
3959,BK0003959,1346,1,2,2026-04-08,2026-04-20,2026-04-22,,nightly,checked_out,False,2,12,7382.34,0.00,1255.00,3691.17,False
3960,BK0003960,2290,1,2,2026-03-29,2026-04-20,2026-04-29,,nightly,checked_out,False,9,22,35335.35,6235.65,6007.01,3926.15,False
3961,BK0003961,6248,1,6,2026-04-18,2026-04-20,2026-04-25,,nightly,checked_out,False,5,2,18033.70,0.00,0.00,3606.74,False
3962,BK0003962,7503,1,8,2026-04-17,2026-04-20,2026-04-21,,nightly,checked_out,False,1,3,7146.93,0.00,0.00,7146.93,False
3963,BK0003963,9091,2,2,2026-04-17,2026-04-20,2026-04-21,,nightly,checked_out,False,1,3,3477.94,183.05,591.25,3477.94,False
3964,BK0003964,921,2,1,2026-04-10,2026-04-20,2026-04-21,,nightly,checked_out,False,1,10,5317.05,0.00,1063.41,5317.05,False
3965,BK0003965,7461,2,7,2026-04-20,2026-04-20,2026-04-20,,microstay,checked_out,False,0,0,1032.80,114.75,123.94,1032.80,False
3966,BK0003966,2676,2,5,2026-04-17,2026-04-20,2026-04-25,,nightly,checked_out,False,5,3,22495.90,0.00,0.00,4499.18,False
3967,BK0003967,379,2,1,2026-03-31,2026-04-20,2026-04-22,2026-04-18,nightly,cancelled,True,2,20,10863.38,0.00,2172.68,5431.69,False
3968,BK0003968,8500,2,4,2026-02-22,2026-04-20,2026-04-21,,nightly,checked_out,False,1,57,4507.17,0.00,676.08,4507.17,False
3969,BK0003969,7898,2,4,2026-03-16,2026-04-20,2026-04-21,,nightly,checked_out,False,1,35,5314.21,0.00,797.13,5314.21,False
3970,BK0003970,7272,2,6,2026-04-13,2026-04-20,2026-05-07,,nightly,checked_out,False,17,7,65321.31,0.00,0.00,3842.43,False
3971,BK0003971,1907,3,5,2026-04-16,2026-04-20,2026-04-24,,nightly,checked_out,False,4,4,17218.79,906.25,0.00,4304.70,False
3972,BK0003972,9299,3,2,2026-04-18,2026-04-20,2026-04-21,,nightly,checked_out,False,1,2,3221.45,0.00,547.65,3221.45,False
3973,BK0003973,887,3,1,2026-04-05,2026-04-20,2026-04-21,,nightly,checked_out,False,1,15,2732.07,303.56,546.41,2732.07,False
3974,BK0003974,3201,1,4,2026-03-31,2026-04-21,2026-04-22,2026-04-07,nightly,cancelled,True,1,21,3660.27,645.93,549.04,3660.27,False
3975,BK0003975,5634,1,6,2026-03-27,2026-04-21,2026-04-22,2026-04-04,nightly,cancelled,True,1,25,4204.05,0.00,0.00,4204.05,False
3976,BK0003976,7387,1,1,2026-03-28,2026-04-21,2026-04-22,,nightly,checked_out,False,1,24,4721.48,0.00,944.30,4721.48,False
3977,BK0003977,345,1,3,2026-04-17,2026-04-21,2026-04-26,,nightly,checked_out,False,5,4,20271.20,0.00,3648.82,4054.24,False
3978,BK0003978,5064,1,6,2026-04-18,2026-04-21,2026-04-24,,nightly,checked_out,False,3,3,18177.21,2019.69,0.00,6059.07,False
3979,BK0003979,4231,1,5,2026-04-20,2026-04-21,2026-04-24,,nightly,checked_out,False,3,1,14640.87,0.00,0.00,4880.29,False
3980,BK0003980,5153,2,2,2026-04-03,2026-04-21,2026-04-22,,nightly,checked_out,False,1,18,3629.24,191.01,616.97,3629.24,False
3981,BK0003981,2448,2,5,2026-04-15,2026-04-21,2026-04-22,,nightly,checked_out,False,1,6,5482.19,0.00,0.00,5482.19,False
3982,BK0003982,4892,2,5,2026-04-18,2026-04-21,2026-04-23,,nightly,checked_out,False,2,3,9906.84,0.00,0.00,4953.42,False
3983,BK0003983,4081,2,8,2026-04-21,2026-04-21,2026-04-24,,nightly,checked_out,False,3,0,12738.82,1415.42,0.00,4246.27,False
3984,BK0003984,5781,2,6,2026-04-19,2026-04-21,2026-04-24,,nightly,checked_out,False,3,2,12646.90,665.63,0.00,4215.63,False
3985,BK0003985,1037,3,1,2026-03-19,2026-04-21,2026-04-25,,nightly,checked_out,False,4,33,13051.60,0.00,2610.32,3262.90,False
3986,BK0003986,5424,3,1,2026-04-17,2026-04-21,2026-04-22,,nightly,checked_out,False,1,4,3815.10,0.00,763.02,3815.10,False
3987,BK0003987,4727,3,5,2026-04-11,2026-04-21,2026-05-04,,nightly,checked_out,False,13,10,49222.41,2590.65,0.00,3786.34,False
3988,BK0003988,431,1,5,2026-04-19,2026-04-22,2026-04-29,,nightly,checked_out,False,7,3,37529.45,0.00,0.00,5361.35,False
3989,BK0003989,4275,1,5,2026-04-13,2026-04-22,2026-04-24,,nightly,checked_out,False,2,9,7117.08,0.00,0.00,3558.54,False
3990,BK0003990,2323,2,1,2026-04-09,2026-04-22,2026-04-23,,nightly,checked_out,False,1,13,6669.06,0.00,1333.81,6669.06,False
3991,BK0003991,795,2,1,2026-04-19,2026-04-22,2026-04-23,,nightly,checked_out,False,1,3,3718.02,0.00,743.60,3718.02,False
3992,BK0003992,8058,2,7,2026-04-22,2026-04-22,2026-04-22,,microstay,checked_out,False,0,0,1465.13,0.00,175.82,1465.13,False
3993,BK0003993,2841,3,2,2026-02-06,2026-04-22,2026-04-23,2026-04-12,nightly,cancelled,True,1,74,2991.58,0.00,508.57,2991.58,True
3994,BK0003994,6813,2,6,2026-04-20,2026-04-23,2026-04-25,2026-04-20,nightly,cancelled,True,2,3,9432.08,0.00,0.00,4716.04,False
3995,BK0003995,6323,2,7,2026-04-22,2026-04-23,2026-04-23,,microstay,checked_out,False,0,1,1522.06,0.00,182.65,1522.06,False
3996,BK0003996,213,2,3,2026-04-19,2026-04-23,2026-04-24,,nightly,checked_out,False,1,4,7016.19,0.00,1262.91,7016.19,False
3997,BK0003997,4819,2,2,2026-04-09,2026-04-23,2026-04-25,,nightly,checked_out,False,2,14,13692.52,0.00,2327.73,6846.26,False
3998,BK0003998,3438,2,2,2026-02-16,2026-04-23,2026-04-26,2026-03-04,nightly,cancelled,True,3,66,10740.18,0.00,1825.83,3580.06,False
3999,BK0003999,6894,3,5,2026-03-27,2026-04-23,2026-04-26,,nightly,checked_out,False,3,27,10578.32,556.75,0.00,3526.11,False
4000,BK0004000,4584,3,5,2026-04-21,2026-04-23,2026-04-26,,nightly,checked_out,False,3,2,7584.67,1338.47,0.00,2528.22,False
4001,BK0004001,4433,1,6,2026-04-19,2026-04-24,2026-05-04,,nightly,checked_out,False,10,5,29584.80,3287.20,0.00,2958.48,False
4002,BK0004002,5246,2,6,2026-04-19,2026-04-24,2026-04-26,,nightly,checked_out,False,2,5,10319.32,0.00,0.00,5159.66,False
4003,BK0004003,4384,2,3,2026-04-06,2026-04-24,2026-04-27,,nightly,checked_out,False,3,18,18637.38,0.00,3354.73,6212.46,False
4004,BK0004004,3837,2,5,2026-04-18,2026-04-24,2026-04-25,2026-04-23,nightly,cancelled,True,1,6,7280.85,0.00,0.00,7280.85,False
4005,BK0004005,7706,2,6,2026-04-20,2026-04-24,2026-04-26,,nightly,checked_out,False,2,4,8237.56,0.00,0.00,4118.78,False
4006,BK0004006,7843,2,1,2026-03-29,2026-04-24,2026-04-25,,nightly,checked_out,False,1,26,3730.76,414.53,746.15,3730.76,False
4007,BK0004007,3895,2,6,2026-04-13,2026-04-24,2026-04-28,,nightly,checked_out,False,4,11,20371.96,0.00,0.00,5092.99,False
4008,BK0004008,4206,3,6,2026-04-22,2026-04-24,2026-04-25,,nightly,checked_out,False,1,2,3835.16,426.13,0.00,3835.16,False
4009,BK0004009,142,3,5,2026-04-18,2026-04-24,2026-05-01,,nightly,checked_out,False,7,6,23806.40,1252.97,0.00,3400.91,False
4010,BK0004010,922,1,4,2026-04-16,2026-04-25,2026-04-26,,nightly,checked_out,False,1,9,3332.47,0.00,499.87,3332.47,False
4011,BK0004011,1318,1,2,2026-04-24,2026-04-25,2026-04-30,,nightly,checked_out,False,5,1,18114.80,0.00,3079.52,3622.96,False
4012,BK0004012,4896,2,5,2026-04-20,2026-04-25,2026-04-26,,nightly,checked_out,False,1,5,6417.98,0.00,0.00,6417.98,False
4013,BK0004013,2506,2,1,2026-04-09,2026-04-25,2026-04-26,,nightly,checked_out,False,1,16,3147.33,0.00,629.47,3147.33,False
4014,BK0004014,3270,2,6,2026-04-21,2026-04-25,2026-04-27,,nightly,checked_out,False,2,4,7666.28,0.00,0.00,3833.14,False
4015,BK0004015,3365,2,2,2026-04-23,2026-04-25,2026-04-27,,nightly,checked_out,False,2,2,7988.34,0.00,1358.02,3994.17,False
4016,BK0004016,2091,2,1,2026-04-15,2026-04-25,2026-05-02,,nightly,checked_out,False,7,10,23637.18,0.00,4727.44,3376.74,False
4017,BK0004017,7898,1,6,2026-04-14,2026-04-26,2026-05-17,,nightly,checked_out,False,21,12,80006.01,0.00,0.00,3809.81,False
4018,BK0004018,2680,1,1,2026-04-23,2026-04-26,2026-04-27,,nightly,checked_out,False,1,3,4070.78,0.00,814.16,4070.78,False
4019,BK0004019,6748,1,6,2026-04-24,2026-04-26,2026-04-30,,nightly,checked_out,False,4,2,13450.36,0.00,0.00,3362.59,False
4020,BK0004020,2540,2,2,2026-04-21,2026-04-26,2026-04-27,,nightly,checked_out,False,1,5,6628.19,0.00,1126.79,6628.19,False
4021,BK0004021,8286,2,4,2026-04-17,2026-04-26,2026-04-30,,nightly,checked_out,False,4,9,28066.92,0.00,4210.04,7016.73,False
4022,BK0004022,7045,2,5,2026-04-20,2026-04-26,2026-05-02,,nightly,checked_out,False,6,6,28988.58,0.00,0.00,4831.43,False
4023,BK0004023,8918,2,7,2026-04-26,2026-04-26,2026-04-26,,microstay,checked_out,False,0,0,881.09,46.37,105.73,881.09,False
4024,BK0004024,8382,2,4,2026-03-18,2026-04-26,2026-04-29,,nightly,checked_out,False,3,39,11815.02,0.00,1772.25,3938.34,False
4025,BK0004025,9235,2,3,2026-03-27,2026-04-26,2026-04-27,2026-04-20,nightly,cancelled,True,1,30,3451.64,0.00,621.30,3451.64,False
4026,BK0004026,7461,3,4,2026-04-16,2026-04-26,2026-04-28,,nightly,checked_out,False,2,10,5789.50,0.00,868.42,2894.75,False
4027,BK0004027,8475,3,6,2026-04-05,2026-04-26,2026-05-02,,nightly,checked_out,False,6,21,21066.24,0.00,0.00,3511.04,False
4028,BK0004028,1611,1,5,2026-04-13,2026-04-27,2026-05-06,,nightly,checked_out,False,9,14,60226.92,0.00,0.00,6691.88,False
4029,BK0004029,8243,1,5,2026-04-09,2026-04-27,2026-04-28,,nightly,checked_out,False,1,18,3640.34,0.00,0.00,3640.34,False
4030,BK0004030,2153,1,2,2026-03-28,2026-04-27,2026-04-28,,nightly,checked_out,False,1,30,5041.21,0.00,857.01,5041.21,False
4031,BK0004031,4923,1,7,2026-04-27,2026-04-27,2026-04-27,,microstay,checked_out,False,0,0,1915.25,0.00,229.83,1915.25,False
4032,BK0004032,8530,1,4,2026-04-09,2026-04-27,2026-04-29,,nightly,checked_out,False,2,18,7944.72,418.14,1191.71,3972.36,False
4033,BK0004033,6927,2,2,2026-04-11,2026-04-27,2026-04-28,,nightly,checked_out,False,1,16,7037.26,0.00,1196.33,7037.26,False
4034,BK0004034,1205,2,3,2026-04-20,2026-04-27,2026-05-06,,nightly,checked_out,False,9,7,32386.86,0.00,5829.63,3598.54,False
4035,BK0004035,7983,2,2,2026-04-18,2026-04-27,2026-04-28,2026-04-25,nightly,cancelled,True,1,9,3382.00,0.00,574.94,3382.00,False
4036,BK0004036,8608,2,3,2026-04-08,2026-04-27,2026-04-28,,nightly,checked_out,False,1,19,3745.90,416.21,674.26,3745.90,False
4037,BK0004037,3664,2,7,2026-04-27,2026-04-27,2026-04-27,,microstay,checked_out,False,0,0,1147.34,60.39,137.68,1147.34,False
4038,BK0004038,9354,2,6,2026-04-22,2026-04-27,2026-04-29,,nightly,checked_out,False,2,5,13724.48,0.00,0.00,6862.24,False
4039,BK0004039,5263,3,6,2026-04-19,2026-04-27,2026-04-28,,nightly,checked_out,False,1,8,3206.59,0.00,0.00,3206.59,False
4040,BK0004040,8025,3,6,2026-04-13,2026-04-27,2026-05-05,2026-04-22,nightly,cancelled,True,8,14,32490.16,0.00,0.00,4061.27,False
4041,BK0004041,8898,3,3,2026-04-22,2026-04-27,2026-04-28,,nightly,checked_out,False,1,5,4583.44,0.00,825.02,4583.44,False
4042,BK0004042,944,3,2,2026-04-20,2026-04-27,2026-04-28,,nightly,checked_out,False,1,7,3942.68,438.08,670.26,3942.68,False
4043,BK0004043,2323,3,7,2026-04-26,2026-04-27,2026-04-27,2026-04-27,microstay,cancelled,True,0,1,951.80,0.00,114.22,951.80,False
4044,BK0004044,3738,1,4,2026-04-09,2026-04-28,2026-05-03,,nightly,checked_out,False,5,19,17690.75,0.00,2653.61,3538.15,False
4045,BK0004045,8817,1,2,2026-04-17,2026-04-28,2026-05-05,,nightly,no_show,False,7,11,51459.38,0.00,8748.09,7351.34,False
4046,BK0004046,9082,1,3,2026-04-13,2026-04-28,2026-04-30,,nightly,checked_out,False,2,15,7900.33,415.81,1422.06,3950.17,False
4047,BK0004047,7713,1,4,2025-12-29,2026-04-28,2026-05-02,,nightly,checked_out,False,4,120,20367.76,0.00,3055.16,5091.94,False
4048,BK0004048,3388,1,1,2026-04-14,2026-04-28,2026-04-29,2026-04-15,nightly,cancelled,True,1,14,3795.31,421.70,759.06,3795.31,False
4049,BK0004049,5803,2,2,2026-04-26,2026-04-28,2026-04-30,,nightly,checked_out,False,2,2,10499.70,0.00,1784.95,5249.85,False
4050,BK0004050,2302,2,7,2026-04-28,2026-04-28,2026-04-28,,microstay,checked_out,False,0,0,1340.94,0.00,160.91,1340.94,False
4051,BK0004051,4206,3,4,2026-03-31,2026-04-28,2026-04-29,,nightly,checked_out,False,1,28,4086.50,0.00,612.98,4086.50,False
4052,BK0004052,8372,3,7,2026-04-27,2026-04-28,2026-04-28,,microstay,checked_out,False,0,1,1232.31,0.00,147.88,1232.31,False
4053,BK0004053,8716,3,7,2026-04-28,2026-04-28,2026-04-28,,microstay,checked_out,False,0,0,1249.74,0.00,149.97,1249.74,False
4054,BK0004054,3755,3,2,2026-02-22,2026-04-28,2026-04-30,,nightly,checked_out,False,2,65,6705.34,0.00,1139.91,3352.67,False
4055,BK0004055,6717,1,5,2026-04-26,2026-04-29,2026-05-01,,nightly,checked_out,False,2,3,7944.98,418.16,0.00,3972.49,False
4056,BK0004056,3146,1,6,2026-04-25,2026-04-29,2026-05-02,,nightly,checked_out,False,3,4,15298.92,0.00,0.00,5099.64,False
4057,BK0004057,7419,1,6,2026-04-22,2026-04-29,2026-05-02,,nightly,checked_out,False,3,7,12463.25,655.96,0.00,4154.42,False
4058,BK0004058,1511,2,6,2026-04-25,2026-04-29,2026-05-03,,nightly,checked_out,False,4,4,17461.91,919.05,0.00,4365.48,False
4059,BK0004059,1610,2,5,2026-04-20,2026-04-29,2026-05-07,,nightly,checked_out,False,8,9,53532.08,0.00,0.00,6691.51,False
4060,BK0004060,592,2,2,2026-02-14,2026-04-29,2026-04-30,,nightly,checked_out,False,1,74,7323.13,0.00,1244.93,7323.13,False
4061,BK0004061,7303,2,6,2026-04-25,2026-04-29,2026-04-30,,nightly,checked_out,False,1,4,3946.83,438.54,0.00,3946.83,False
4062,BK0004062,2640,2,7,2026-04-29,2026-04-29,2026-04-29,,microstay,checked_out,False,0,0,1046.94,184.75,125.63,1046.94,False
4063,BK0004063,4632,2,2,2026-04-19,2026-04-29,2026-05-04,,nightly,checked_out,False,5,10,23540.50,0.00,4001.89,4708.10,False
4064,BK0004064,6385,3,6,2026-04-27,2026-04-29,2026-05-05,,nightly,checked_out,False,6,2,17293.91,910.21,0.00,2882.32,False
4065,BK0004065,7479,3,7,2026-04-29,2026-04-29,2026-04-29,,microstay,checked_out,False,0,0,927.60,48.82,111.31,927.60,False
4066,BK0004066,7214,1,2,2026-04-27,2026-04-30,2026-05-03,,nightly,checked_out,False,3,3,10365.96,0.00,1762.21,3455.32,False
4067,BK0004067,9252,1,5,2026-04-26,2026-04-30,2026-05-01,,nightly,checked_out,False,1,4,3900.33,433.37,0.00,3900.33,False
4068,BK0004068,6227,1,1,2026-03-24,2026-04-30,2026-05-02,,nightly,checked_out,False,2,37,8693.02,0.00,1738.60,4346.51,False
4069,BK0004069,2535,1,2,2026-04-29,2026-04-30,2026-05-01,2026-04-30,nightly,cancelled,True,1,1,6646.35,0.00,1129.88,6646.35,False
4070,BK0004070,1109,1,2,2026-04-12,2026-04-30,2026-05-02,2026-04-12,nightly,cancelled,True,2,18,9474.77,1052.75,1610.71,4737.39,False
4071,BK0004071,5893,1,2,2026-03-22,2026-04-30,2026-05-01,2026-04-08,nightly,cancelled,True,1,39,4250.42,0.00,722.57,4250.42,False
4072,BK0004072,1694,2,1,2026-04-28,2026-04-30,2026-05-01,,nightly,checked_out,False,1,2,6930.08,0.00,1386.02,6930.08,False
4073,BK0004073,7308,2,7,2026-04-27,2026-04-30,2026-04-30,,microstay,checked_out,False,0,3,1232.65,0.00,147.92,1232.65,False
4074,BK0004074,8807,3,4,2026-04-27,2026-04-30,2026-05-01,,nightly,checked_out,False,1,3,3188.04,167.79,478.21,3188.04,False
4075,BK0004075,3256,3,3,2026-04-23,2026-04-30,2026-05-01,,nightly,checked_out,False,1,7,3091.59,162.72,556.49,3091.59,False
4076,BK0004076,8885,3,1,2026-04-14,2026-04-30,2026-05-02,,nightly,checked_out,False,2,16,7215.98,0.00,1443.20,3607.99,False
4077,BK0004077,2313,1,2,2026-04-24,2026-05-01,2026-05-05,,nightly,checked_out,False,4,7,17145.07,1905.01,2914.66,4286.27,False
4078,BK0004078,6197,1,1,2026-04-15,2026-05-01,2026-05-02,,nightly,checked_out,False,1,16,3974.49,0.00,794.90,3974.49,False
4079,BK0004079,1547,1,2,2026-04-20,2026-05-01,2026-05-03,,nightly,checked_out,False,2,11,7889.84,0.00,1341.27,3944.92,False
4080,BK0004080,3665,1,6,2026-04-29,2026-05-01,2026-05-08,,nightly,checked_out,False,7,2,35986.44,0.00,0.00,5140.92,False
4081,BK0004081,2017,1,1,2026-04-09,2026-05-01,2026-05-02,,nightly,checked_out,False,1,22,3785.56,199.24,757.11,3785.56,False
4082,BK0004082,4082,2,1,2026-04-16,2026-05-01,2026-05-05,,nightly,checked_out,False,4,15,16560.60,0.00,3312.12,4140.15,False
4083,BK0004083,2652,2,3,2026-03-25,2026-05-01,2026-05-02,,nightly,checked_out,False,1,37,4042.60,0.00,727.67,4042.60,False
4084,BK0004084,2090,1,1,2026-04-27,2026-05-02,2026-05-03,,nightly,checked_out,False,1,5,3342.83,371.43,668.57,3342.83,False
4085,BK0004085,2079,1,6,2026-05-01,2026-05-02,2026-05-08,,nightly,checked_out,False,6,1,23625.18,0.00,0.00,3937.53,False
4086,BK0004086,7495,1,5,2026-04-26,2026-05-02,2026-05-03,,nightly,checked_out,False,1,6,4246.56,223.50,0.00,4246.56,False
4087,BK0004087,7934,1,6,2026-04-13,2026-05-02,2026-05-03,,nightly,checked_out,False,1,19,4010.56,0.00,0.00,4010.56,False
4088,BK0004088,5916,2,4,2026-04-13,2026-05-02,2026-05-05,,nightly,checked_out,False,3,19,14150.91,0.00,2122.64,4716.97,False
4089,BK0004089,8981,2,1,2026-04-22,2026-05-02,2026-05-03,,nightly,checked_out,False,1,10,4239.93,471.10,847.99,4239.93,False
4090,BK0004090,8689,2,6,2026-05-02,2026-05-02,2026-05-03,,nightly,checked_out,False,1,0,6325.92,0.00,0.00,6325.92,False
4091,BK0004091,2079,1,5,2026-04-25,2026-05-03,2026-05-09,,nightly,checked_out,False,6,8,25096.74,0.00,0.00,4182.79,False
4092,BK0004092,1418,1,5,2026-04-30,2026-05-03,2026-05-04,,nightly,checked_out,False,1,3,3711.94,195.37,0.00,3711.94,False
4093,BK0004093,1866,1,2,2026-03-18,2026-05-03,2026-05-15,2026-04-13,nightly,cancelled,True,12,46,51036.36,0.00,8676.18,4253.03,False
4094,BK0004094,4940,1,2,2026-04-25,2026-05-03,2026-05-07,,nightly,checked_out,False,4,8,16196.78,2858.26,2753.45,4049.20,False
4095,BK0004095,537,2,2,2026-04-26,2026-05-03,2026-05-05,,nightly,checked_out,False,2,7,7303.52,384.40,1241.60,3651.76,False
4096,BK0004096,8406,2,6,2026-04-29,2026-05-03,2026-05-11,,nightly,checked_out,False,8,4,52495.60,0.00,0.00,6561.95,False
4097,BK0004097,5884,2,6,2026-05-02,2026-05-03,2026-05-06,,nightly,checked_out,False,3,1,12266.02,1362.89,0.00,4088.67,False
4098,BK0004098,6682,2,2,2026-04-13,2026-05-03,2026-05-04,2026-04-20,nightly,cancelled,True,1,20,4751.16,0.00,807.70,4751.16,False
4099,BK0004099,2640,2,5,2026-05-01,2026-05-03,2026-05-08,,nightly,checked_out,False,5,2,19586.72,1030.88,0.00,3917.34,False
4100,BK0004100,1965,2,6,2026-04-25,2026-05-03,2026-05-13,,nightly,checked_out,False,10,8,40782.20,0.00,0.00,4078.22,False
4101,BK0004101,5013,2,1,2026-04-26,2026-05-03,2026-05-04,,nightly,checked_out,False,1,7,3403.93,0.00,680.79,3403.93,False
4102,BK0004102,6754,2,4,2026-04-15,2026-05-03,2026-05-12,,nightly,checked_out,False,9,18,65176.91,3430.36,9776.54,7241.88,False
4103,BK0004103,4018,3,2,2026-04-24,2026-05-03,2026-05-06,,nightly,checked_out,False,3,9,8955.54,0.00,1522.44,2985.18,False
4104,BK0004104,5796,1,2,2026-04-29,2026-05-04,2026-05-05,,nightly,checked_out,False,1,5,3377.45,177.76,574.17,3377.45,False
4105,BK0004105,3551,1,2,2026-04-17,2026-05-04,2026-05-07,,nightly,checked_out,False,3,17,9881.22,0.00,1679.81,3293.74,False
4106,BK0004106,3041,1,7,2026-05-02,2026-05-04,2026-05-04,,microstay,checked_out,False,0,2,1177.03,0.00,141.24,1177.03,False
4107,BK0004107,937,1,2,2026-04-26,2026-05-04,2026-05-05,,nightly,checked_out,False,1,8,3912.20,0.00,665.07,3912.20,False
4108,BK0004108,260,1,6,2026-05-01,2026-05-04,2026-05-09,,nightly,checked_out,False,5,3,22309.70,0.00,0.00,4461.94,False
4109,BK0004109,7926,1,3,2026-03-03,2026-05-04,2026-05-05,,nightly,checked_out,False,1,62,3179.93,167.37,572.39,3179.93,False
4110,BK0004110,7317,1,7,2026-05-03,2026-05-04,2026-05-04,2026-05-03,microstay,cancelled,True,0,1,1153.81,60.73,138.46,1153.81,False
4111,BK0004111,1326,1,6,2026-05-02,2026-05-04,2026-05-20,,nightly,checked_out,False,16,2,69011.20,0.00,0.00,4313.20,False
4112,BK0004112,3977,2,6,2026-04-30,2026-05-04,2026-05-05,,nightly,checked_out,False,1,4,3877.44,430.83,0.00,3877.44,False
4113,BK0004113,3143,2,6,2026-04-30,2026-05-04,2026-05-13,,nightly,checked_out,False,9,4,44995.68,0.00,0.00,4999.52,False
4114,BK0004114,6289,2,6,2026-04-20,2026-05-04,2026-05-07,,nightly,checked_out,False,3,14,10785.84,0.00,0.00,3595.28,False
4115,BK0004115,1825,3,1,2026-04-28,2026-05-04,2026-05-06,,nightly,checked_out,False,2,6,5361.88,946.22,1072.38,2680.94,False
4116,BK0004116,729,1,6,2026-05-04,2026-05-05,2026-05-07,,nightly,checked_out,False,2,1,9218.68,0.00,0.00,4609.34,False
4117,BK0004117,7776,1,7,2026-05-04,2026-05-05,2026-05-05,,microstay,checked_out,False,0,1,1183.61,0.00,142.03,1183.61,False
4118,BK0004118,1922,1,6,2026-04-30,2026-05-05,2026-05-06,,nightly,checked_out,False,1,5,3482.45,0.00,0.00,3482.45,False
4119,BK0004119,5454,1,6,2026-05-04,2026-05-05,2026-05-17,,nightly,checked_out,False,12,1,44542.32,0.00,0.00,3711.86,False
4120,BK0004120,4898,1,7,2026-05-05,2026-05-05,2026-05-05,,microstay,checked_out,False,0,0,1071.47,0.00,128.58,1071.47,False
4121,BK0004121,2743,2,6,2026-04-13,2026-05-05,2026-05-09,,nightly,checked_out,False,4,22,17708.32,0.00,0.00,4427.08,False
4122,BK0004122,4312,2,4,2026-05-01,2026-05-05,2026-05-09,,nightly,checked_out,False,4,4,17639.52,0.00,2645.93,4409.88,False
4123,BK0004123,7694,2,6,2026-04-30,2026-05-05,2026-05-08,,nightly,checked_out,False,3,5,17232.96,0.00,0.00,5744.32,False
4124,BK0004124,966,3,6,2026-04-26,2026-05-05,2026-05-09,,nightly,checked_out,False,4,9,17868.00,0.00,0.00,4467.00,False
4125,BK0004125,5851,1,7,2026-05-05,2026-05-06,2026-05-06,,microstay,checked_out,False,0,1,2141.94,0.00,257.03,2141.94,False
4126,BK0004126,2655,1,5,2026-05-02,2026-05-06,2026-05-07,,nightly,checked_out,False,1,4,3924.50,206.55,0.00,3924.50,False
4127,BK0004127,484,1,2,2026-04-30,2026-05-06,2026-05-12,,nightly,checked_out,False,6,6,36040.90,4004.54,6126.95,6006.82,False
4128,BK0004128,1148,1,7,2026-05-06,2026-05-06,2026-05-06,,microstay,checked_out,False,0,0,960.08,0.00,115.21,960.08,False
4129,BK0004129,8696,1,5,2026-05-03,2026-05-06,2026-05-10,,nightly,checked_out,False,4,3,16865.72,0.00,0.00,4216.43,False
4130,BK0004130,1808,2,3,2026-05-03,2026-05-06,2026-05-08,,nightly,checked_out,False,2,3,7672.85,403.83,1381.11,3836.43,False
4131,BK0004131,7605,2,1,2026-04-21,2026-05-06,2026-05-07,,nightly,checked_out,False,1,15,3747.89,0.00,749.58,3747.89,False
4132,BK0004132,5933,2,7,2026-05-05,2026-05-06,2026-05-06,,microstay,checked_out,False,0,1,1421.40,74.81,170.57,1421.40,False
4133,BK0004133,6885,3,2,2026-05-01,2026-05-06,2026-05-18,,nightly,checked_out,False,12,5,43764.24,0.00,7439.92,3647.02,False
4134,BK0004134,4123,3,4,2026-04-18,2026-05-06,2026-05-07,,nightly,checked_out,False,1,18,4091.95,0.00,613.79,4091.95,False
4135,BK0004135,2640,3,2,2026-05-04,2026-05-06,2026-05-09,,nightly,checked_out,False,3,2,13887.03,0.00,2360.80,4629.01,False
4136,BK0004136,8522,1,5,2026-05-05,2026-05-07,2026-05-09,,nightly,checked_out,False,2,2,8522.92,0.00,0.00,4261.46,False
4137,BK0004137,4256,1,6,2026-05-03,2026-05-07,2026-05-10,,nightly,checked_out,False,3,4,10162.80,0.00,0.00,3387.60,False
4138,BK0004138,1053,2,1,2026-05-04,2026-05-07,2026-05-08,,nightly,checked_out,False,1,3,6726.45,0.00,1345.29,6726.45,False
4139,BK0004139,4876,2,6,2026-05-03,2026-05-07,2026-05-09,,nightly,checked_out,False,2,4,8958.02,995.34,0.00,4479.01,False
4140,BK0004140,8971,2,2,2026-04-28,2026-05-07,2026-05-09,,nightly,checked_out,False,2,9,6449.09,716.57,1096.35,3224.55,False
4141,BK0004141,2783,2,1,2026-04-25,2026-05-07,2026-05-08,,nightly,checked_out,False,1,12,3229.60,569.93,645.92,3229.60,False
4142,BK0004142,2377,2,1,2026-05-03,2026-05-07,2026-05-12,,nightly,checked_out,False,5,4,17682.05,0.00,3536.41,3536.41,False
4143,BK0004143,881,3,5,2026-04-22,2026-05-07,2026-05-08,,nightly,checked_out,False,1,15,2861.94,0.00,0.00,2861.94,False
4144,BK0004144,4253,3,1,2026-04-12,2026-05-07,2026-05-09,,nightly,checked_out,False,2,25,6576.57,1160.57,1315.31,3288.29,False
4145,BK0004145,2455,1,6,2026-05-07,2026-05-08,2026-05-16,,nightly,checked_out,False,8,1,24571.08,2730.12,0.00,3071.39,False
4146,BK0004146,3559,1,3,2026-04-29,2026-05-08,2026-05-09,,nightly,checked_out,False,1,9,6091.99,0.00,1096.56,6091.99,False
4147,BK0004147,1698,1,2,2026-05-04,2026-05-08,2026-05-11,2026-05-08,nightly,cancelled,True,3,4,14151.27,0.00,2405.72,4717.09,False
4148,BK0004148,6132,2,5,2026-05-03,2026-05-08,2026-05-09,,nightly,checked_out,False,1,5,3863.20,429.25,0.00,3863.20,False
4149,BK0004149,4809,2,6,2026-04-17,2026-05-08,2026-05-11,,nightly,checked_out,False,3,21,12416.49,0.00,0.00,4138.83,False
4150,BK0004150,5502,2,5,2026-05-05,2026-05-08,2026-05-09,,nightly,checked_out,False,1,3,4971.33,261.65,0.00,4971.33,False
4151,BK0004151,2333,2,7,2026-05-08,2026-05-08,2026-05-08,,microstay,checked_out,False,0,0,921.49,0.00,110.58,921.49,False
4152,BK0004152,7056,3,3,2026-04-14,2026-05-08,2026-05-11,,nightly,checked_out,False,3,24,9334.14,0.00,1680.15,3111.38,False
4153,BK0004153,2448,3,6,2026-05-06,2026-05-08,2026-05-12,,nightly,checked_out,False,4,2,11540.94,607.42,0.00,2885.24,False
4154,BK0004154,5717,3,6,2026-04-24,2026-05-08,2026-05-18,,nightly,checked_out,False,10,14,31234.50,0.00,0.00,3123.45,False
4155,BK0004155,8614,1,6,2026-04-27,2026-05-09,2026-05-28,,nightly,checked_out,False,19,12,96828.56,0.00,0.00,5096.24,False
4156,BK0004156,614,1,3,2026-04-29,2026-05-09,2026-05-13,,nightly,checked_out,False,4,10,19038.16,0.00,3426.87,4759.54,False
4157,BK0004157,7857,2,1,2026-04-29,2026-05-09,2026-05-10,,nightly,checked_out,False,1,10,3151.78,165.88,630.36,3151.78,False
4158,BK0004158,5671,2,6,2026-05-08,2026-05-09,2026-05-10,,nightly,no_show,False,1,1,3747.54,0.00,0.00,3747.54,False
4159,BK0004159,3862,2,3,2026-04-23,2026-05-09,2026-05-11,,nightly,checked_out,False,2,16,8756.02,460.84,1576.08,4378.01,False
4160,BK0004160,1667,2,2,2026-04-30,2026-05-09,2026-05-11,2026-05-08,nightly,cancelled,True,2,9,6348.12,0.00,1079.18,3174.06,False
4161,BK0004161,4342,2,4,2026-04-26,2026-05-09,2026-05-10,,nightly,checked_out,False,1,13,5266.39,585.16,789.96,5266.39,False
4162,BK0004162,3321,3,3,2026-05-04,2026-05-09,2026-05-10,,nightly,checked_out,False,1,5,3712.20,0.00,668.20,3712.20,False
4163,BK0004163,7393,1,6,2026-05-03,2026-05-10,2026-05-22,,nightly,checked_out,False,12,7,46392.48,0.00,0.00,3866.04,False
4164,BK0004164,8248,1,5,2026-04-28,2026-05-10,2026-05-12,,nightly,checked_out,False,2,12,12250.48,644.76,0.00,6125.24,False
4165,BK0004165,4486,2,3,2026-04-23,2026-05-10,2026-05-14,2026-05-07,nightly,cancelled,True,4,17,24614.88,0.00,4430.68,6153.72,False
4166,BK0004166,6059,2,6,2026-04-26,2026-05-10,2026-05-18,,nightly,no_show,False,8,14,28902.67,3211.41,0.00,3612.83,False
4167,BK0004167,7843,2,1,2026-05-09,2026-05-10,2026-05-11,,nightly,checked_out,False,1,1,5680.70,631.19,1136.14,5680.70,False
4168,BK0004168,1207,2,1,2026-05-06,2026-05-10,2026-05-12,,nightly,checked_out,False,2,4,7942.68,0.00,1588.54,3971.34,False
4169,BK0004169,8710,3,6,2026-05-09,2026-05-10,2026-05-11,,nightly,checked_out,False,1,1,3033.14,159.64,0.00,3033.14,False
4170,BK0004170,2782,1,3,2026-05-04,2026-05-11,2026-05-12,,nightly,checked_out,False,1,7,4019.99,709.41,723.60,4019.99,False
4171,BK0004171,2992,1,1,2026-04-05,2026-05-11,2026-05-12,2026-04-13,nightly,cancelled,True,1,36,3930.55,206.87,786.11,3930.55,False
4172,BK0004172,5489,1,6,2026-05-06,2026-05-11,2026-05-18,,nightly,checked_out,False,7,5,22693.23,0.00,0.00,3241.89,False
4173,BK0004173,7617,1,5,2026-05-06,2026-05-11,2026-05-12,,nightly,checked_out,False,1,5,3991.48,0.00,0.00,3991.48,False
4174,BK0004174,6884,1,1,2026-05-06,2026-05-11,2026-05-13,,nightly,checked_out,False,2,5,8400.68,0.00,1680.14,4200.34,False
4175,BK0004175,2037,1,8,2026-05-11,2026-05-11,2026-05-15,,nightly,checked_out,False,4,0,16595.59,873.45,0.00,4148.90,False
4176,BK0004176,2236,2,6,2026-05-09,2026-05-11,2026-05-18,,nightly,checked_out,False,7,2,26359.27,0.00,0.00,3765.61,False
4177,BK0004177,2132,2,1,2026-04-29,2026-05-11,2026-05-15,,nightly,checked_out,False,4,12,26660.40,0.00,5332.08,6665.10,False
4178,BK0004178,3652,2,4,2026-03-30,2026-05-11,2026-05-18,,nightly,checked_out,False,7,42,30793.49,0.00,4619.02,4399.07,False
4179,BK0004179,3726,3,2,2026-04-06,2026-05-11,2026-05-12,,nightly,checked_out,False,1,35,3909.17,0.00,664.56,3909.17,False
4180,BK0004180,2424,1,5,2026-04-24,2026-05-12,2026-05-15,2026-04-29,nightly,cancelled,True,3,18,14442.60,1604.73,0.00,4814.20,False
4181,BK0004181,4157,1,2,2026-04-28,2026-05-12,2026-05-13,,nightly,checked_out,False,1,14,5349.71,0.00,909.45,5349.71,False
4182,BK0004182,3927,1,2,2026-05-11,2026-05-12,2026-05-13,,nightly,checked_out,False,1,1,3467.12,611.84,589.41,3467.12,False
4183,BK0004183,921,1,1,2026-04-23,2026-05-12,2026-05-16,,nightly,checked_out,False,4,19,14929.28,0.00,2985.86,3732.32,False
4184,BK0004184,2643,1,5,2026-05-08,2026-05-12,2026-05-17,,nightly,checked_out,False,5,4,31781.15,0.00,0.00,6356.23,False
4185,BK0004185,972,1,4,2026-04-21,2026-05-12,2026-05-14,,nightly,checked_out,False,2,21,10088.62,0.00,1513.29,5044.31,False
4186,BK0004186,1210,2,1,2026-05-06,2026-05-12,2026-05-13,,nightly,checked_out,False,1,6,3456.65,384.07,691.33,3456.65,False
4187,BK0004187,7865,2,7,2026-05-12,2026-05-12,2026-05-12,,microstay,checked_out,False,0,0,1125.93,59.26,135.11,1125.93,False
4188,BK0004188,5744,3,2,2026-03-31,2026-05-12,2026-05-13,,nightly,checked_out,False,1,42,3803.52,0.00,646.60,3803.52,False
4189,BK0004189,2959,1,5,2026-05-08,2026-05-13,2026-05-14,,nightly,checked_out,False,1,5,7284.81,0.00,0.00,7284.81,False
4190,BK0004190,6724,1,5,2026-04-27,2026-05-13,2026-05-14,,nightly,checked_out,False,1,16,5384.99,0.00,0.00,5384.99,False
4191,BK0004191,7335,1,6,2026-05-12,2026-05-13,2026-05-20,,nightly,checked_out,False,7,1,37127.79,0.00,0.00,5303.97,False
4192,BK0004192,7938,1,5,2026-05-06,2026-05-13,2026-05-14,,nightly,checked_out,False,1,7,4257.67,0.00,0.00,4257.67,False
4193,BK0004193,173,1,1,2026-03-20,2026-05-13,2026-05-16,2026-04-23,nightly,cancelled,True,3,54,19370.88,1019.52,3874.18,6456.96,False
4194,BK0004194,5953,1,1,2026-05-12,2026-05-13,2026-05-14,,nightly,checked_out,False,1,1,4191.08,0.00,838.22,4191.08,False
4195,BK0004195,2262,1,2,2026-04-13,2026-05-13,2026-05-16,2026-05-08,nightly,cancelled,True,3,30,12112.56,637.50,2059.14,4037.52,False
4196,BK0004196,1643,2,3,2026-05-06,2026-05-13,2026-05-15,,nightly,checked_out,False,2,7,9354.68,0.00,1683.84,4677.34,False
4197,BK0004197,5933,2,2,2026-05-04,2026-05-13,2026-05-15,,nightly,checked_out,False,2,9,9394.94,1043.88,1597.14,4697.47,False
4198,BK0004198,9193,2,7,2026-05-13,2026-05-13,2026-05-13,,microstay,checked_out,False,0,0,2173.61,0.00,260.83,2173.61,False
4199,BK0004199,7595,2,5,2026-05-09,2026-05-13,2026-05-14,,nightly,checked_out,False,1,4,3200.11,168.43,0.00,3200.11,False
4200,BK0004200,4433,2,1,2026-04-29,2026-05-13,2026-05-16,,nightly,checked_out,False,3,14,11576.90,2042.98,2315.38,3858.97,False
4201,BK0004201,2739,2,6,2026-05-12,2026-05-13,2026-05-16,,nightly,checked_out,False,3,1,15964.59,0.00,0.00,5321.53,False
4202,BK0004202,8624,2,5,2026-05-08,2026-05-13,2026-05-16,,nightly,checked_out,False,3,5,11224.35,0.00,0.00,3741.45,False
4203,BK0004203,1700,2,5,2026-05-10,2026-05-13,2026-05-19,,nightly,checked_out,False,6,3,23815.80,0.00,0.00,3969.30,False
4204,BK0004204,5861,2,2,2026-04-21,2026-05-13,2026-05-16,,nightly,checked_out,False,3,22,14163.79,1573.76,2407.84,4721.26,False
4205,BK0004205,1775,3,2,2026-05-03,2026-05-13,2026-05-15,,nightly,checked_out,False,2,10,7575.42,0.00,1287.82,3787.71,False
4206,BK0004206,1971,3,6,2026-05-08,2026-05-13,2026-05-16,2026-05-10,nightly,cancelled,True,3,5,9444.00,0.00,0.00,3148.00,False
4207,BK0004207,8811,1,6,2026-05-12,2026-05-14,2026-05-21,,nightly,checked_out,False,7,2,26808.83,2978.76,0.00,3829.83,False
4208,BK0004208,5853,1,1,2026-05-07,2026-05-14,2026-05-16,,nightly,checked_out,False,2,7,13587.30,0.00,2717.46,6793.65,False
4209,BK0004209,8604,1,7,2026-05-14,2026-05-14,2026-05-14,,microstay,checked_out,False,0,0,1136.05,0.00,136.33,1136.05,False
4210,BK0004210,6458,2,6,2026-05-10,2026-05-14,2026-05-16,,nightly,checked_out,False,2,4,14770.96,777.42,0.00,7385.48,False
4211,BK0004211,7191,2,2,2026-04-30,2026-05-14,2026-05-16,2026-05-03,nightly,cancelled,True,2,14,8281.21,435.85,1407.81,4140.61,False
4212,BK0004212,8965,2,7,2026-05-12,2026-05-14,2026-05-14,,microstay,checked_out,False,0,2,1623.92,286.57,194.87,1623.92,False
4213,BK0004213,2095,2,2,2026-04-28,2026-05-14,2026-05-16,,nightly,checked_out,False,2,16,6395.70,0.00,1087.27,3197.85,False
4214,BK0004214,2986,3,6,2026-05-11,2026-05-14,2026-05-16,,nightly,checked_out,False,2,3,9191.62,0.00,0.00,4595.81,False
4215,BK0004215,7602,1,7,2026-05-14,2026-05-15,2026-05-15,,microstay,checked_out,False,0,1,1340.50,0.00,160.86,1340.50,False
4216,BK0004216,1241,1,6,2026-05-12,2026-05-15,2026-05-22,,nightly,checked_out,False,7,3,26059.39,0.00,0.00,3722.77,False
4217,BK0004217,8118,1,3,2026-05-09,2026-05-15,2026-05-17,,nightly,checked_out,False,2,6,10180.28,0.00,1832.45,5090.14,False
4218,BK0004218,7573,2,1,2026-05-02,2026-05-15,2026-05-15,2026-05-11,nightly,cancelled,True,0,13,13319.86,1479.98,2663.97,13319.86,False
4219,BK0004219,2995,2,2,2026-05-12,2026-05-15,2026-05-19,,nightly,checked_out,False,4,3,22892.18,2543.58,3891.67,5723.05,False
4220,BK0004220,1870,2,6,2026-05-10,2026-05-15,2026-05-16,,nightly,checked_out,False,1,5,6852.66,0.00,0.00,6852.66,False
4221,BK0004221,144,2,2,2026-04-08,2026-05-15,2026-05-17,2026-04-10,nightly,cancelled,True,2,37,10050.34,0.00,1708.56,5025.17,False
4222,BK0004222,6459,2,3,2026-05-05,2026-05-15,2026-05-16,,nightly,checked_out,False,1,10,4797.91,252.52,863.62,4797.91,False
4223,BK0004223,2259,3,1,2026-04-29,2026-05-15,2026-05-16,2026-05-04,nightly,cancelled,True,1,16,4583.11,0.00,916.62,4583.11,False
4224,BK0004224,959,3,2,2026-05-01,2026-05-15,2026-05-16,,nightly,checked_out,False,1,14,3768.37,0.00,640.62,3768.37,False
4225,BK0004225,3577,1,1,2026-04-27,2026-05-16,2026-05-18,,nightly,checked_out,False,2,19,8264.28,0.00,1652.86,4132.14,False
4226,BK0004226,3023,2,4,2026-04-11,2026-05-16,2026-05-17,,nightly,checked_out,False,1,35,3739.10,0.00,560.87,3739.10,False
4227,BK0004227,4092,2,8,2026-05-15,2026-05-16,2026-05-17,,nightly,checked_out,False,1,1,6884.09,0.00,0.00,6884.09,False
4228,BK0004228,1349,2,2,2026-05-03,2026-05-16,2026-05-18,,nightly,checked_out,False,2,13,9081.32,0.00,1543.82,4540.66,False
4229,BK0004229,739,2,6,2026-05-14,2026-05-16,2026-05-19,2026-05-16,nightly,cancelled,True,3,2,10022.97,1113.66,0.00,3340.99,False
4230,BK0004230,192,3,1,2026-04-23,2026-05-16,2026-05-17,,nightly,checked_out,False,1,23,3562.98,0.00,712.60,3562.98,False
4231,BK0004231,8663,3,6,2026-05-14,2026-05-16,2026-05-22,,nightly,checked_out,False,6,2,18599.73,978.93,0.00,3099.96,False
4232,BK0004232,3128,3,2,2026-05-10,2026-05-16,2026-05-18,,nightly,checked_out,False,2,6,6864.82,0.00,1167.02,3432.41,False
4233,BK0004233,2652,1,2,2026-05-11,2026-05-17,2026-05-18,,nightly,checked_out,False,1,6,6586.38,0.00,1119.68,6586.38,False
4234,BK0004234,491,1,6,2026-05-05,2026-05-17,2026-05-18,,nightly,checked_out,False,1,12,2932.92,325.88,0.00,2932.92,False
4235,BK0004235,4889,1,6,2026-05-14,2026-05-17,2026-05-18,,nightly,checked_out,False,1,3,3713.79,0.00,0.00,3713.79,False
4236,BK0004236,1971,2,5,2026-04-22,2026-05-17,2026-05-18,,nightly,checked_out,False,1,25,6003.48,315.97,0.00,6003.48,False
4237,BK0004237,6362,2,1,2026-04-30,2026-05-17,2026-05-18,,nightly,checked_out,False,1,17,4836.69,0.00,967.34,4836.69,False
4238,BK0004238,8781,2,6,2026-05-10,2026-05-17,2026-05-25,,nightly,checked_out,False,8,7,26215.92,0.00,0.00,3276.99,False
4239,BK0004239,5543,2,2,2026-05-06,2026-05-17,2026-05-20,2026-05-15,nightly,cancelled,True,3,11,9582.93,504.36,1629.10,3194.31,False
4240,BK0004240,7436,2,4,2026-03-23,2026-05-17,2026-06-07,,nightly,checked_out,False,21,55,102164.37,0.00,15324.66,4864.97,False
4241,BK0004241,5862,2,1,2026-05-12,2026-05-17,2026-05-22,,nightly,checked_out,False,5,5,35433.10,0.00,7086.62,7086.62,False
4242,BK0004242,5844,3,6,2026-05-14,2026-05-17,2026-05-19,2026-05-14,nightly,cancelled,True,2,3,8678.18,0.00,0.00,4339.09,False
4243,BK0004243,7161,3,6,2026-05-10,2026-05-17,2026-05-31,,nightly,checked_out,False,14,7,45449.04,0.00,0.00,3246.36,False
4244,BK0004244,3528,1,5,2026-05-15,2026-05-18,2026-05-22,,nightly,checked_out,False,4,3,13629.84,0.00,0.00,3407.46,False
4245,BK0004245,6490,1,6,2026-05-06,2026-05-18,2026-05-20,,nightly,checked_out,False,2,12,13765.10,0.00,0.00,6882.55,False
4246,BK0004246,1768,1,2,2026-05-16,2026-05-18,2026-05-19,,nightly,checked_out,False,1,2,7268.18,0.00,1235.59,7268.18,False
4247,BK0004247,6623,1,1,2026-05-02,2026-05-18,2026-05-19,,nightly,checked_out,False,1,16,3473.46,0.00,694.69,3473.46,False
4248,BK0004248,2719,2,2,2026-05-17,2026-05-18,2026-05-19,,nightly,checked_out,False,1,1,3971.86,0.00,675.22,3971.86,False
4249,BK0004249,2118,2,6,2026-05-10,2026-05-18,2026-05-21,,nightly,checked_out,False,3,8,12635.56,665.03,0.00,4211.85,False
4250,BK0004250,4800,2,1,2026-05-01,2026-05-18,2026-05-21,,nightly,checked_out,False,3,17,13083.99,0.00,2616.80,4361.33,False
4251,BK0004251,7003,2,7,2026-05-18,2026-05-18,2026-05-18,2026-05-18,microstay,cancelled,True,0,0,972.38,0.00,116.69,972.38,False
4252,BK0004252,966,3,2,2026-04-28,2026-05-18,2026-05-19,,nightly,checked_out,False,1,20,3620.14,190.53,615.42,3620.14,False
4253,BK0004253,5464,3,7,2026-05-17,2026-05-18,2026-05-18,,microstay,checked_out,False,0,1,852.60,44.87,102.31,852.60,False
4254,BK0004254,738,1,7,2026-05-17,2026-05-19,2026-05-19,2026-05-18,microstay,cancelled,True,0,2,1170.06,0.00,140.41,1170.06,False
4255,BK0004255,9143,1,6,2026-05-07,2026-05-19,2026-05-24,,nightly,checked_out,False,5,12,33313.65,0.00,0.00,6662.73,False
4256,BK0004256,2665,1,2,2026-04-27,2026-05-19,2026-05-21,,nightly,checked_out,False,2,22,7121.24,0.00,1210.61,3560.62,False
4257,BK0004257,5879,1,6,2026-05-13,2026-05-19,2026-05-25,2026-05-16,nightly,cancelled,True,6,6,43525.02,0.00,0.00,7254.17,False
4258,BK0004258,7778,1,6,2026-05-17,2026-05-19,2026-05-21,,nightly,checked_out,False,2,2,8040.24,0.00,0.00,4020.12,False
4259,BK0004259,5086,1,6,2026-05-16,2026-05-19,2026-05-20,,nightly,checked_out,False,1,3,2872.47,319.16,0.00,2872.47,False
4260,BK0004260,8692,1,5,2026-05-10,2026-05-19,2026-05-24,,nightly,checked_out,False,5,9,25082.90,0.00,0.00,5016.58,False
4261,BK0004261,1931,1,7,2026-05-19,2026-05-19,2026-05-19,,microstay,checked_out,False,0,0,1162.87,0.00,139.54,1162.87,False
4262,BK0004262,9349,2,5,2026-05-09,2026-05-19,2026-05-20,,nightly,checked_out,False,1,10,3837.10,0.00,0.00,3837.10,False
4263,BK0004263,168,2,6,2026-05-12,2026-05-19,2026-05-19,,nightly,checked_out,False,0,7,19573.24,2174.80,0.00,19573.24,False
4264,BK0004264,8986,3,4,2026-04-29,2026-05-19,2026-05-24,,nightly,checked_out,False,5,20,23237.45,0.00,3485.62,4647.49,False
4265,BK0004265,1093,3,4,2026-03-22,2026-05-19,2026-05-20,,nightly,checked_out,False,1,58,3585.67,0.00,537.85,3585.67,False
4266,BK0004266,7060,1,3,2026-05-11,2026-05-20,2026-05-21,,nightly,checked_out,False,1,9,5389.84,0.00,970.17,5389.84,False
4267,BK0004267,2906,1,6,2026-05-10,2026-05-20,2026-05-21,,nightly,checked_out,False,1,10,3664.78,407.20,0.00,3664.78,False
4268,BK0004268,5385,1,2,2026-02-19,2026-05-20,2026-05-21,,nightly,checked_out,False,1,90,7156.93,0.00,1216.68,7156.93,False
4269,BK0004269,7111,1,6,2026-05-12,2026-05-20,2026-05-29,,nightly,checked_out,False,9,8,44564.85,0.00,0.00,4951.65,False
4270,BK0004270,2072,2,3,2026-05-04,2026-05-20,2026-05-21,,nightly,checked_out,False,1,16,4345.67,0.00,782.22,4345.67,False
4271,BK0004271,4159,2,7,2026-05-19,2026-05-20,2026-05-20,,microstay,checked_out,False,0,1,1220.27,64.23,146.43,1220.27,False
4272,BK0004272,1433,3,1,2026-05-04,2026-05-20,2026-05-21,,nightly,checked_out,False,1,16,3746.22,0.00,749.24,3746.22,False
4273,BK0004273,8799,3,5,2026-05-17,2026-05-20,2026-05-23,,nightly,checked_out,False,3,3,10816.98,0.00,0.00,3605.66,False
4274,BK0004274,5012,3,3,2026-04-20,2026-05-20,2026-05-22,2026-05-05,nightly,cancelled,True,2,30,7896.44,0.00,1421.36,3948.22,False
4275,BK0004275,5207,1,6,2026-05-19,2026-05-21,2026-05-24,,nightly,checked_out,False,3,2,9709.12,1078.79,0.00,3236.37,False
4276,BK0004276,5451,1,6,2026-05-17,2026-05-21,2026-06-02,,nightly,checked_out,False,12,4,55766.16,0.00,0.00,4647.18,False
4277,BK0004277,7220,2,2,2026-05-12,2026-05-21,2026-05-22,,nightly,checked_out,False,1,9,3816.87,200.89,648.87,3816.87,False
4278,BK0004278,2927,2,6,2026-05-17,2026-05-21,2026-05-23,,nightly,checked_out,False,2,4,8627.88,454.10,0.00,4313.94,False
4279,BK0004279,6043,2,6,2026-04-27,2026-05-21,2026-05-30,,nightly,checked_out,False,9,24,40174.92,0.00,0.00,4463.88,False
4280,BK0004280,3891,2,8,2026-05-21,2026-05-21,2026-05-22,,nightly,checked_out,False,1,0,5308.98,279.42,0.00,5308.98,False
4281,BK0004281,4655,3,5,2026-05-08,2026-05-21,2026-05-24,,nightly,checked_out,False,3,13,11294.85,0.00,0.00,3764.95,False
4282,BK0004282,8893,3,7,2026-05-21,2026-05-21,2026-05-21,,microstay,checked_out,False,0,0,909.87,47.89,109.18,909.87,False
4283,BK0004283,4376,3,6,2026-05-11,2026-05-21,2026-05-26,,nightly,checked_out,False,5,10,16275.95,0.00,0.00,3255.19,False
4284,BK0004284,8193,3,1,2026-05-17,2026-05-21,2026-05-22,,nightly,checked_out,False,1,4,4114.32,0.00,822.86,4114.32,False
4285,BK0004285,8359,1,4,2026-05-12,2026-05-22,2026-05-24,,nightly,checked_out,False,2,10,7381.97,388.53,1107.30,3690.99,False
4286,BK0004286,6740,1,1,2026-05-08,2026-05-22,2026-05-25,2026-05-20,nightly,cancelled,True,3,14,11187.53,1243.06,2237.51,3729.18,False
4287,BK0004287,3278,1,3,2026-05-07,2026-05-22,2026-05-24,,nightly,checked_out,False,2,15,5974.73,1054.37,1075.45,2987.37,False
4288,BK0004288,8898,1,4,2026-05-09,2026-05-22,2026-05-24,,nightly,no_show,False,2,13,8134.58,0.00,1220.19,4067.29,False
4289,BK0004289,7310,1,5,2026-05-17,2026-05-22,2026-05-24,,nightly,checked_out,False,2,5,12757.54,0.00,0.00,6378.77,False
4290,BK0004290,3216,2,6,2026-05-15,2026-05-22,2026-05-24,,nightly,checked_out,False,2,7,7931.90,0.00,0.00,3965.95,False
4291,BK0004291,1249,2,6,2026-05-20,2026-05-22,2026-06-05,,nightly,checked_out,False,14,2,55827.66,0.00,0.00,3987.69,False
4292,BK0004292,8596,2,1,2026-05-09,2026-05-22,2026-05-24,,nightly,checked_out,False,2,13,8896.37,988.49,1779.27,4448.19,False
4293,BK0004293,1949,2,6,2026-05-13,2026-05-22,2026-05-28,,nightly,checked_out,False,6,9,40230.96,0.00,0.00,6705.16,False
4294,BK0004294,8584,2,6,2026-05-17,2026-05-22,2026-06-11,,nightly,checked_out,False,20,5,122112.00,13568.00,0.00,6105.60,False
4295,BK0004295,9021,2,6,2026-05-15,2026-05-22,2026-06-08,,nightly,checked_out,False,17,7,57169.13,0.00,0.00,3362.89,False
4296,BK0004296,966,2,1,2026-05-10,2026-05-22,2026-05-24,,nightly,checked_out,False,2,12,14510.72,0.00,2902.14,7255.36,False
4297,BK0004297,2949,2,2,2026-05-13,2026-05-22,2026-05-27,,nightly,checked_out,False,5,9,20184.40,0.00,3431.35,4036.88,False
4298,BK0004298,4510,2,6,2026-05-21,2026-05-22,2026-06-10,,nightly,checked_out,False,19,1,61136.68,0.00,0.00,3217.72,False
4299,BK0004299,5500,2,2,2026-05-11,2026-05-22,2026-05-23,2026-05-15,nightly,cancelled,True,1,11,4134.55,0.00,702.87,4134.55,False
4300,BK0004300,8921,3,4,2026-05-07,2026-05-22,2026-05-23,,nightly,checked_out,False,1,15,3346.19,176.12,501.93,3346.19,False
4301,BK0004301,5000,3,6,2026-05-09,2026-05-22,2026-06-03,,nightly,checked_out,False,12,13,51173.69,2693.35,0.00,4264.47,False
4302,BK0004302,2120,1,6,2026-05-18,2026-05-23,2026-06-13,,nightly,checked_out,False,21,5,66257.52,0.00,0.00,3155.12,False
4303,BK0004303,1182,1,3,2026-05-01,2026-05-23,2026-05-25,2026-05-12,nightly,cancelled,True,2,22,8319.22,0.00,1497.46,4159.61,False
4304,BK0004304,1238,1,3,2026-05-15,2026-05-23,2026-05-25,,nightly,checked_out,False,2,8,7794.96,0.00,1403.09,3897.48,False
4305,BK0004305,7381,1,1,2026-04-20,2026-05-23,2026-05-25,,nightly,checked_out,False,2,33,9494.19,499.69,1898.84,4747.10,False
4306,BK0004306,5997,2,6,2026-05-07,2026-05-23,2026-06-08,,nightly,checked_out,False,16,16,61266.08,0.00,0.00,3829.13,False
4307,BK0004307,3856,2,6,2026-05-12,2026-05-23,2026-05-31,,nightly,checked_out,False,8,11,34043.06,1791.74,0.00,4255.38,False
4308,BK0004308,5056,2,2,2026-05-06,2026-05-23,2026-05-24,2026-05-09,nightly,cancelled,True,1,17,4773.17,0.00,811.44,4773.17,False
4309,BK0004309,6494,3,6,2026-05-13,2026-05-23,2026-05-26,,nightly,checked_out,False,3,10,8904.99,0.00,0.00,2968.33,False
4310,BK0004310,9183,3,6,2026-05-16,2026-05-23,2026-06-12,,nightly,checked_out,False,20,7,76007.40,0.00,0.00,3800.37,False
4311,BK0004311,1094,3,1,2026-05-13,2026-05-23,2026-05-24,2026-05-14,nightly,cancelled,True,1,10,3824.56,0.00,764.91,3824.56,False
4312,BK0004312,4360,1,6,2026-05-23,2026-05-24,2026-05-25,,nightly,checked_out,False,1,1,3429.66,605.23,0.00,3429.66,False
4313,BK0004313,7703,1,7,2026-05-24,2026-05-24,2026-05-24,,microstay,checked_out,False,0,0,928.58,0.00,111.43,928.58,False
4314,BK0004314,9345,1,6,2026-05-19,2026-05-24,2026-05-28,,nightly,checked_out,False,4,5,19367.16,0.00,0.00,4841.79,False
4315,BK0004315,6741,1,6,2026-05-14,2026-05-24,2026-06-11,,nightly,checked_out,False,18,10,69855.84,0.00,0.00,3880.88,False
4316,BK0004316,2472,3,2,2026-05-13,2026-05-24,2026-05-26,,nightly,checked_out,False,2,11,6880.10,0.00,1169.62,3440.05,False
4317,BK0004317,6022,3,6,2026-05-22,2026-05-24,2026-05-25,,nightly,checked_out,False,1,2,3582.12,0.00,0.00,3582.12,False
4318,BK0004318,5759,1,5,2026-05-22,2026-05-25,2026-05-27,,nightly,checked_out,False,2,3,6573.00,0.00,0.00,3286.50,False
4319,BK0004319,6410,1,6,2026-05-24,2026-05-25,2026-05-26,,nightly,checked_out,False,1,1,4145.73,0.00,0.00,4145.73,False
4320,BK0004320,263,1,6,2026-05-23,2026-05-25,2026-05-29,,nightly,checked_out,False,4,2,20870.52,0.00,0.00,5217.63,False
4321,BK0004321,2348,2,6,2026-05-18,2026-05-25,2026-06-06,,nightly,checked_out,False,12,7,94253.26,4960.70,0.00,7854.44,False
4322,BK0004322,5509,2,1,2026-05-01,2026-05-25,2026-05-27,,nightly,checked_out,False,2,24,7527.26,0.00,1505.45,3763.63,False
4323,BK0004323,6588,2,6,2026-05-23,2026-05-25,2026-06-01,,nightly,checked_out,False,7,2,33507.67,0.00,0.00,4786.81,False
4324,BK0004324,3625,2,3,2026-03-24,2026-05-25,2026-05-26,,nightly,checked_out,False,1,62,4265.04,0.00,767.71,4265.04,False
4325,BK0004325,8439,1,2,2026-04-26,2026-05-26,2026-05-28,,nightly,checked_out,False,2,30,6744.84,0.00,1146.62,3372.42,False
4326,BK0004326,6364,1,6,2026-05-25,2026-05-26,2026-05-28,,nightly,checked_out,False,2,1,13736.80,0.00,0.00,6868.40,False
4327,BK0004327,5252,1,6,2026-05-13,2026-05-26,2026-06-14,,nightly,checked_out,False,19,13,83569.22,0.00,0.00,4398.38,False
4328,BK0004328,4723,2,3,2026-05-15,2026-05-26,2026-06-01,,nightly,checked_out,False,6,11,22799.99,2533.33,4104.00,3800.00,False
4329,BK0004329,8630,2,1,2026-05-24,2026-05-26,2026-05-29,2026-05-25,nightly,cancelled,True,3,2,12416.28,653.49,2483.26,4138.76,False
4330,BK0004330,6959,3,7,2026-05-26,2026-05-26,2026-05-26,,microstay,checked_out,False,0,0,911.99,101.33,109.44,911.99,False
4331,BK0004331,4766,3,2,2026-05-12,2026-05-26,2026-05-27,,nightly,checked_out,False,1,14,3543.49,393.72,602.39,3543.49,False
4332,BK0004332,3639,3,5,2026-05-20,2026-05-26,2026-05-27,,nightly,checked_out,False,1,6,3364.86,0.00,0.00,3364.86,False
4333,BK0004333,921,1,5,2026-05-24,2026-05-27,2026-05-29,,nightly,checked_out,False,2,3,12034.68,633.40,0.00,6017.34,False
4334,BK0004334,3577,2,6,2026-05-25,2026-05-27,2026-05-28,,nightly,checked_out,False,1,2,3261.02,171.63,0.00,3261.02,False
4335,BK0004335,7616,2,7,2026-05-27,2026-05-27,2026-05-27,,microstay,checked_out,False,0,0,1301.16,0.00,156.14,1301.16,False
4336,BK0004336,4988,1,2,2026-05-27,2026-05-28,2026-05-30,,nightly,checked_out,False,2,1,7729.69,858.85,1314.05,3864.85,False
4337,BK0004337,2389,1,6,2026-05-24,2026-05-28,2026-06-02,,nightly,checked_out,False,5,4,16916.23,2985.22,0.00,3383.25,False
4338,BK0004338,1290,1,4,2026-05-08,2026-05-28,2026-05-30,,nightly,checked_out,False,2,20,6462.07,718.01,969.31,3231.04,False
4339,BK0004339,7072,1,6,2026-05-21,2026-05-28,2026-05-30,,nightly,checked_out,False,2,7,10178.96,0.00,0.00,5089.48,False
4340,BK0004340,8775,1,3,2026-05-25,2026-05-28,2026-06-09,,nightly,checked_out,False,12,3,45337.20,0.00,8160.70,3778.10,False
4341,BK0004341,7148,2,4,2026-05-21,2026-05-28,2026-05-29,,nightly,checked_out,False,1,7,4306.74,0.00,646.01,4306.74,False
4342,BK0004342,1599,2,7,2026-05-27,2026-05-28,2026-05-28,,microstay,checked_out,False,0,1,1053.68,0.00,126.44,1053.68,False
4343,BK0004343,7474,2,6,2026-05-23,2026-05-28,2026-06-13,,nightly,checked_out,False,16,5,108330.70,5701.62,0.00,6770.67,False
4344,BK0004344,5819,3,4,2026-05-04,2026-05-28,2026-06-02,,nightly,checked_out,False,5,24,18465.05,0.00,2769.76,3693.01,False
4345,BK0004345,5218,1,2,2026-05-06,2026-05-29,2026-05-30,,nightly,checked_out,False,1,23,4074.11,0.00,692.60,4074.11,False
4346,BK0004346,6178,1,5,2026-05-23,2026-05-29,2026-05-30,,nightly,checked_out,False,1,6,4331.68,0.00,0.00,4331.68,False
4347,BK0004347,4608,1,2,2026-05-12,2026-05-29,2026-05-30,2026-05-22,nightly,cancelled,True,1,17,6533.09,0.00,1110.63,6533.09,False
4348,BK0004348,900,1,5,2026-05-13,2026-05-29,2026-05-31,,nightly,checked_out,False,2,16,8910.70,468.98,0.00,4455.35,False
4349,BK0004349,4896,1,4,2026-05-17,2026-05-29,2026-06-02,,nightly,checked_out,False,4,12,19378.96,0.00,2906.84,4844.74,False
4350,BK0004350,4889,1,2,2026-04-28,2026-05-29,2026-06-01,,nightly,checked_out,False,3,31,20073.75,0.00,3412.54,6691.25,False
4351,BK0004351,6723,2,2,2026-05-15,2026-05-29,2026-05-31,,nightly,checked_out,False,2,14,7918.76,0.00,1346.19,3959.38,False
4352,BK0004352,106,1,3,2026-05-02,2026-05-30,2026-06-03,,nightly,checked_out,False,4,28,19013.28,0.00,3422.39,4753.32,False
4353,BK0004353,8830,1,6,2026-05-28,2026-05-30,2026-06-03,,nightly,checked_out,False,4,2,26452.04,0.00,0.00,6613.01,False
4354,BK0004354,9025,1,6,2026-05-26,2026-05-30,2026-06-07,,nightly,checked_out,False,8,4,38292.32,0.00,0.00,4786.54,False
4355,BK0004355,6784,1,6,2026-05-20,2026-05-30,2026-06-01,,nightly,checked_out,False,2,10,6817.30,0.00,0.00,3408.65,False
4356,BK0004356,6873,1,2,2026-05-17,2026-05-30,2026-06-01,,nightly,checked_out,False,2,13,6275.96,0.00,1066.91,3137.98,False
4357,BK0004357,7060,2,4,2026-05-18,2026-05-30,2026-06-01,,nightly,checked_out,False,2,12,6648.86,0.00,997.33,3324.43,False
4358,BK0004358,5655,2,1,2026-03-13,2026-05-30,2026-06-01,2026-04-07,nightly,cancelled,True,2,78,7184.20,0.00,1436.84,3592.10,False
4359,BK0004359,7049,2,1,2026-05-20,2026-05-30,2026-06-03,,nightly,checked_out,False,4,10,13975.98,735.58,2795.20,3494.00,False
4360,BK0004360,4889,3,6,2026-05-26,2026-05-30,2026-06-01,,nightly,checked_out,False,2,4,8948.24,0.00,0.00,4474.12,False
4361,BK0004361,1707,3,3,2026-05-20,2026-05-30,2026-05-31,,nightly,checked_out,False,1,10,3034.47,0.00,546.20,3034.47,False
4362,BK0004362,7827,1,6,2026-05-26,2026-05-31,2026-06-02,,nightly,checked_out,False,2,5,6335.42,1118.02,0.00,3167.71,False
4363,BK0004363,6658,2,6,2026-05-26,2026-05-31,2026-06-11,,nightly,checked_out,False,11,5,48888.97,2573.10,0.00,4444.45,False
4364,BK0004364,9271,2,5,2026-05-13,2026-05-31,2026-06-08,,nightly,checked_out,False,8,18,30818.02,3424.22,0.00,3852.25,False
4365,BK0004365,8689,1,6,2026-05-29,2026-06-01,2026-06-12,,nightly,checked_out,False,11,3,78975.16,0.00,0.00,7179.56,False
4366,BK0004366,8030,1,6,2026-05-18,2026-06-01,2026-06-04,,nightly,checked_out,False,3,14,10576.98,0.00,0.00,3525.66,False
4367,BK0004367,4150,1,5,2026-05-27,2026-06-01,2026-06-02,,nightly,checked_out,False,1,5,3957.39,0.00,0.00,3957.39,False
4368,BK0004368,7656,1,2,2026-04-18,2026-06-01,2026-06-02,,nightly,checked_out,False,1,44,3618.20,0.00,615.09,3618.20,False
4369,BK0004369,5732,1,5,2026-05-23,2026-06-01,2026-06-06,,nightly,checked_out,False,5,9,27484.05,0.00,0.00,5496.81,False
4370,BK0004370,6410,2,2,2026-05-20,2026-06-01,2026-06-05,2026-05-29,nightly,cancelled,True,4,12,21550.88,0.00,3663.65,5387.72,False
4371,BK0004371,6405,2,4,2026-05-12,2026-06-01,2026-06-05,2026-05-28,nightly,cancelled,True,4,20,21212.96,0.00,3181.94,5303.24,False
4372,BK0004372,3859,2,6,2026-05-31,2026-06-01,2026-06-10,,nightly,checked_out,False,9,1,32463.07,1708.58,0.00,3607.01,False
4373,BK0004373,450,2,7,2026-05-31,2026-06-01,2026-06-01,2026-06-01,microstay,cancelled,True,0,1,1509.19,79.43,181.10,1509.19,False
4374,BK0004374,2859,3,5,2026-04-25,2026-06-01,2026-06-02,,nightly,checked_out,False,1,37,4488.57,0.00,0.00,4488.57,False
4375,BK0004375,5564,3,6,2026-05-31,2026-06-01,2026-06-08,,nightly,checked_out,False,7,1,19385.48,2153.94,0.00,2769.35,False
4376,BK0004376,9213,1,2,2026-05-14,2026-06-02,2026-06-03,,nightly,checked_out,False,1,19,5322.77,0.00,904.87,5322.77,False
4377,BK0004377,3977,1,7,2026-06-02,2026-06-02,2026-06-02,,microstay,checked_out,False,0,0,1044.99,116.11,125.40,1044.99,False
4378,BK0004378,5696,1,6,2026-05-25,2026-06-02,2026-06-04,,nightly,checked_out,False,2,8,7709.38,0.00,0.00,3854.69,False
4379,BK0004379,1362,1,1,2026-05-18,2026-06-02,2026-06-07,,nightly,checked_out,False,5,15,20617.80,0.00,4123.56,4123.56,False
4380,BK0004380,5535,1,1,2026-05-21,2026-06-02,2026-06-03,2026-05-26,nightly,cancelled,True,1,12,4851.04,0.00,970.21,4851.04,False
4381,BK0004381,6385,2,5,2026-05-21,2026-06-02,2026-06-04,,nightly,checked_out,False,2,12,11207.80,0.00,0.00,5603.90,False
4382,BK0004382,629,2,5,2026-05-26,2026-06-02,2026-06-04,,nightly,checked_out,False,2,7,8959.26,0.00,0.00,4479.63,False
4383,BK0004383,661,2,6,2026-05-26,2026-06-02,2026-06-07,2026-06-02,nightly,cancelled,True,5,7,15329.88,2705.27,0.00,3065.98,False
4384,BK0004384,8604,3,2,2026-05-10,2026-06-02,2026-06-03,,nightly,checked_out,False,1,23,3016.29,0.00,512.77,3016.29,False
4385,BK0004385,5729,3,6,2026-05-27,2026-06-02,2026-06-11,,nightly,checked_out,False,9,6,25380.94,2820.11,0.00,2820.10,False
4386,BK0004386,5562,3,6,2026-05-23,2026-06-02,2026-06-06,,nightly,checked_out,False,4,10,14307.61,753.03,0.00,3576.90,False
4387,BK0004387,9019,1,1,2026-05-28,2026-06-03,2026-06-06,,nightly,checked_out,False,3,6,14099.73,0.00,2819.95,4699.91,False
4388,BK0004388,7986,1,4,2026-05-22,2026-06-03,2026-06-05,,nightly,checked_out,False,2,12,11749.82,1305.54,1762.47,5874.91,False
4389,BK0004389,3366,1,1,2026-05-18,2026-06-03,2026-06-04,,nightly,checked_out,False,1,16,5635.08,0.00,1127.02,5635.08,False
4390,BK0004390,3523,1,6,2026-05-31,2026-06-03,2026-06-15,,nightly,checked_out,False,12,3,46945.12,5216.12,0.00,3912.09,False
4391,BK0004391,3974,1,6,2026-06-01,2026-06-03,2026-06-16,,nightly,checked_out,False,13,2,61962.29,0.00,0.00,4766.33,False
4392,BK0004392,3260,1,6,2026-05-29,2026-06-03,2026-06-08,,nightly,checked_out,False,5,5,26566.15,0.00,0.00,5313.23,False
4393,BK0004393,4301,2,6,2026-06-01,2026-06-03,2026-06-04,,nightly,checked_out,False,1,2,4495.67,0.00,0.00,4495.67,False
4394,BK0004394,5808,2,1,2026-05-28,2026-06-03,2026-06-04,2026-06-03,nightly,cancelled,True,1,6,5442.72,0.00,1088.54,5442.72,False
4395,BK0004395,4659,2,6,2026-05-31,2026-06-03,2026-06-07,2026-06-02,nightly,cancelled,True,4,3,18433.28,0.00,0.00,4608.32,False
4396,BK0004396,5496,3,1,2026-05-31,2026-06-03,2026-06-06,,nightly,checked_out,False,3,3,13291.69,699.56,2658.34,4430.56,False
4397,BK0004397,6562,1,2,2026-05-22,2026-06-04,2026-06-05,,nightly,checked_out,False,1,13,3326.91,175.10,565.57,3326.91,False
4398,BK0004398,1138,1,1,2026-05-23,2026-06-04,2026-06-06,,nightly,checked_out,False,2,12,7515.00,0.00,1503.00,3757.50,False
4399,BK0004399,1907,1,6,2026-06-01,2026-06-04,2026-06-07,,nightly,checked_out,False,3,3,15415.44,0.00,0.00,5138.48,False
4400,BK0004400,1148,2,6,2026-06-03,2026-06-04,2026-06-14,,nightly,checked_out,False,10,1,42868.08,2256.22,0.00,4286.81,False
4401,BK0004401,5107,2,6,2026-06-03,2026-06-04,2026-06-06,,nightly,checked_out,False,2,1,9285.35,1031.71,0.00,4642.68,False
4402,BK0004402,5680,2,6,2026-05-29,2026-06-04,2026-06-06,,nightly,checked_out,False,2,6,8316.46,0.00,0.00,4158.23,False
4403,BK0004403,545,3,6,2026-05-31,2026-06-04,2026-06-07,,nightly,checked_out,False,3,4,8946.45,1578.78,0.00,2982.15,False
4404,BK0004404,1241,1,6,2026-05-31,2026-06-05,2026-06-07,,nightly,checked_out,False,2,5,7142.68,0.00,0.00,3571.34,False
4405,BK0004405,2441,1,7,2026-06-05,2026-06-05,2026-06-05,,microstay,checked_out,False,0,0,1657.11,87.22,198.85,1657.11,False
4406,BK0004406,4385,1,2,2026-05-27,2026-06-05,2026-06-07,2026-05-27,nightly,cancelled,True,2,9,7839.62,0.00,1332.74,3919.81,False
4407,BK0004407,1966,2,6,2026-05-26,2026-06-05,2026-06-07,,nightly,checked_out,False,2,10,7554.53,1333.15,0.00,3777.27,False
4408,BK0004408,2499,2,1,2026-05-20,2026-06-05,2026-06-08,2026-05-23,nightly,cancelled,True,3,16,12626.40,2228.19,2525.28,4208.80,False
4409,BK0004409,8344,2,2,2026-05-25,2026-06-05,2026-06-07,2026-06-04,nightly,cancelled,True,2,11,6897.36,363.02,1172.55,3448.68,False
4410,BK0004410,6926,3,2,2026-04-01,2026-06-05,2026-06-13,,nightly,checked_out,False,8,65,28821.12,0.00,4899.59,3602.64,False
4411,BK0004411,407,3,6,2026-06-04,2026-06-05,2026-06-09,,nightly,checked_out,False,4,1,18326.72,0.00,0.00,4581.68,False
4412,BK0004412,5132,3,1,2026-05-28,2026-06-05,2026-06-07,,nightly,checked_out,False,2,8,6937.76,0.00,1387.55,3468.88,False
4413,BK0004413,4054,3,8,2026-06-05,2026-06-05,2026-06-06,,nightly,checked_out,False,1,0,4251.92,223.79,0.00,4251.92,False
4414,BK0004414,2192,1,2,2026-05-10,2026-06-06,2026-06-07,,nightly,checked_out,False,1,27,6128.71,0.00,1041.88,6128.71,False
4415,BK0004415,2995,1,7,2026-06-05,2026-06-06,2026-06-06,,microstay,checked_out,False,0,1,1078.91,0.00,129.47,1078.91,False
4416,BK0004416,6344,1,2,2026-05-31,2026-06-06,2026-06-07,,nightly,checked_out,False,1,6,4366.69,229.83,742.34,4366.69,False
4417,BK0004417,2692,1,2,2026-05-30,2026-06-06,2026-06-10,,nightly,checked_out,False,4,7,12899.32,0.00,2192.88,3224.83,False
4418,BK0004418,6838,2,2,2026-06-04,2026-06-06,2026-06-08,,nightly,checked_out,False,2,2,9092.18,0.00,1545.67,4546.09,False
4419,BK0004419,2939,2,3,2026-05-30,2026-06-06,2026-06-08,,nightly,checked_out,False,2,7,6657.95,739.77,1198.43,3328.98,False
4420,BK0004420,7062,2,6,2026-06-01,2026-06-06,2026-06-11,,nightly,checked_out,False,5,5,32832.10,0.00,0.00,6566.42,False
4421,BK0004421,8173,1,2,2026-05-28,2026-06-07,2026-06-10,2026-06-04,nightly,cancelled,True,3,10,12496.38,0.00,2124.38,4165.46,False
4422,BK0004422,2991,1,1,2026-05-26,2026-06-07,2026-06-11,2026-06-07,nightly,cancelled,True,4,12,16403.64,0.00,3280.73,4100.91,False
4423,BK0004423,1823,1,2,2026-06-04,2026-06-07,2026-06-10,,nightly,checked_out,False,3,3,12312.55,2172.80,2093.13,4104.18,False
4424,BK0004424,6459,1,8,2026-06-07,2026-06-07,2026-06-08,,nightly,checked_out,False,1,0,4443.37,0.00,0.00,4443.37,False
4425,BK0004425,1173,1,5,2026-05-30,2026-06-07,2026-06-09,,nightly,checked_out,False,2,8,12597.32,663.02,0.00,6298.66,False
4426,BK0004426,2448,2,6,2026-06-01,2026-06-07,2026-06-10,,nightly,checked_out,False,3,6,14255.19,0.00,0.00,4751.73,False
4427,BK0004427,7913,2,7,2026-06-06,2026-06-07,2026-06-07,,microstay,checked_out,False,0,1,1044.62,54.98,125.35,1044.62,False
4428,BK0004428,7519,3,6,2026-06-06,2026-06-07,2026-06-09,,nightly,checked_out,False,2,1,6359.32,334.70,0.00,3179.66,False
4429,BK0004429,2205,1,6,2026-06-07,2026-06-08,2026-06-09,,nightly,checked_out,False,1,1,4460.81,495.64,0.00,4460.81,False
4430,BK0004430,9042,1,5,2026-05-24,2026-06-08,2026-06-16,,nightly,checked_out,False,8,15,35632.60,1875.40,0.00,4454.08,False
4431,BK0004431,7788,1,6,2026-06-02,2026-06-08,2026-06-10,,nightly,checked_out,False,2,6,9864.50,519.18,0.00,4932.25,False
4432,BK0004432,6995,1,2,2026-05-27,2026-06-08,2026-06-11,,nightly,checked_out,False,3,12,11858.55,0.00,2015.95,3952.85,False
4433,BK0004433,5314,1,6,2026-06-04,2026-06-08,2026-06-09,,nightly,checked_out,False,1,4,3281.74,0.00,0.00,3281.74,False
4434,BK0004434,4388,1,8,2026-06-08,2026-06-08,2026-06-09,,nightly,checked_out,False,1,0,4238.72,0.00,0.00,4238.72,False
4435,BK0004435,7250,2,5,2026-06-07,2026-06-08,2026-06-12,2026-06-08,nightly,cancelled,True,4,1,18641.88,0.00,0.00,4660.47,False
4436,BK0004436,3338,2,2,2026-06-04,2026-06-08,2026-06-11,,nightly,checked_out,False,3,4,14100.63,0.00,2397.11,4700.21,False
4437,BK0004437,6769,2,2,2026-05-30,2026-06-08,2026-06-11,,nightly,checked_out,False,3,9,13811.76,0.00,2348.00,4603.92,False
4438,BK0004438,1353,2,6,2026-06-05,2026-06-08,2026-06-20,,nightly,checked_out,False,12,3,48748.11,2565.69,0.00,4062.34,False
4439,BK0004439,2723,2,6,2026-05-30,2026-06-08,2026-06-23,,nightly,checked_out,False,15,9,67105.39,7456.16,0.00,4473.69,False
4440,BK0004440,5370,2,6,2026-06-01,2026-06-08,2026-06-11,,nightly,checked_out,False,3,7,10524.96,0.00,0.00,3508.32,False
4441,BK0004441,5912,2,5,2026-06-07,2026-06-08,2026-06-10,,nightly,checked_out,False,2,1,8191.02,0.00,0.00,4095.51,False
4442,BK0004442,5381,3,6,2026-06-05,2026-06-08,2026-06-19,,nightly,checked_out,False,11,3,49495.94,5499.55,0.00,4499.63,False
4443,BK0004443,185,1,2,2026-05-16,2026-06-09,2026-06-12,,nightly,checked_out,False,3,24,12067.00,1340.78,2051.39,4022.33,False
4444,BK0004444,5835,1,5,2026-06-02,2026-06-09,2026-06-13,2026-06-09,nightly,cancelled,True,4,7,16488.39,867.81,0.00,4122.10,False
4445,BK0004445,6427,1,6,2026-06-07,2026-06-09,2026-06-12,,nightly,checked_out,False,3,2,16585.25,2926.81,0.00,5528.42,False
4446,BK0004446,5345,1,6,2026-06-06,2026-06-09,2026-06-23,,nightly,checked_out,False,14,3,80418.52,0.00,0.00,5744.18,False
4447,BK0004447,2316,1,2,2026-05-20,2026-06-09,2026-06-11,,nightly,checked_out,False,2,20,7001.60,777.96,1190.27,3500.80,False
4448,BK0004448,6464,1,5,2026-05-29,2026-06-09,2026-06-15,,nightly,checked_out,False,6,11,21086.92,1109.84,0.00,3514.49,False
4449,BK0004449,3418,3,7,2026-06-09,2026-06-09,2026-06-09,,microstay,checked_out,False,0,0,885.41,46.60,106.25,885.41,False
4450,BK0004450,2818,3,6,2026-06-07,2026-06-09,2026-06-10,,nightly,checked_out,False,1,2,4197.80,466.42,0.00,4197.80,False
4451,BK0004451,3669,1,5,2026-05-31,2026-06-10,2026-06-12,2026-06-08,nightly,cancelled,True,2,10,8310.16,0.00,0.00,4155.08,False
4452,BK0004452,3289,1,2,2026-05-21,2026-06-10,2026-06-15,,nightly,checked_out,False,5,20,24815.19,1306.06,4218.58,4963.04,False
4453,BK0004453,4110,1,6,2026-06-10,2026-06-10,2026-06-16,,nightly,checked_out,False,6,0,20537.40,0.00,0.00,3422.90,False
4454,BK0004454,1096,2,5,2026-06-07,2026-06-10,2026-06-12,,nightly,checked_out,False,2,3,10835.58,0.00,0.00,5417.79,False
4455,BK0004455,7859,2,6,2026-06-01,2026-06-10,2026-06-15,,nightly,checked_out,False,5,9,17249.39,3044.01,0.00,3449.88,False
4456,BK0004456,5971,2,6,2026-06-05,2026-06-10,2026-06-18,,nightly,checked_out,False,8,5,28364.88,0.00,0.00,3545.61,False
4457,BK0004457,9299,2,3,2026-05-27,2026-06-10,2026-06-19,2026-06-08,nightly,cancelled,True,9,14,40659.73,4517.75,7318.75,4517.75,False
4458,BK0004458,2313,2,7,2026-06-10,2026-06-10,2026-06-10,,microstay,checked_out,False,0,0,983.97,51.79,118.08,983.97,False
4459,BK0004459,8730,3,1,2026-05-30,2026-06-10,2026-06-12,,nightly,checked_out,False,2,11,7876.39,414.55,1575.28,3938.20,False
4460,BK0004460,3856,3,3,2026-06-02,2026-06-10,2026-06-11,2026-06-04,nightly,cancelled,True,1,8,3955.26,697.99,711.95,3955.26,False
4461,BK0004461,3146,3,3,2026-05-29,2026-06-10,2026-06-11,,nightly,checked_out,False,1,12,4730.00,0.00,851.40,4730.00,False
4462,BK0004462,8950,3,6,2026-05-28,2026-06-10,2026-06-27,,nightly,checked_out,False,17,13,85045.05,0.00,0.00,5002.65,False
4463,BK0004463,8874,1,2,2026-06-09,2026-06-11,2026-06-12,,nightly,checked_out,False,1,2,4219.97,0.00,717.39,4219.97,False
4464,BK0004464,9062,1,5,2026-05-25,2026-06-11,2026-06-15,,nightly,checked_out,False,4,17,20996.36,0.00,0.00,5249.09,False
4465,BK0004465,3367,1,1,2026-05-24,2026-06-11,2026-06-12,,nightly,checked_out,False,1,18,4035.74,212.41,807.15,4035.74,False
4466,BK0004466,5040,1,2,2026-05-23,2026-06-11,2026-06-12,,nightly,checked_out,False,1,19,3627.18,0.00,616.62,3627.18,False
4467,BK0004467,5875,1,2,2026-06-03,2026-06-11,2026-06-13,2026-06-11,nightly,cancelled,True,2,8,8146.88,0.00,1384.97,4073.44,False
4468,BK0004468,7125,2,5,2026-06-03,2026-06-11,2026-06-18,,nightly,checked_out,False,7,8,24368.68,0.00,0.00,3481.24,False
4469,BK0004469,6252,2,3,2026-06-07,2026-06-11,2026-06-14,2026-06-10,nightly,cancelled,True,3,4,13558.95,0.00,2440.61,4519.65,False
4470,BK0004470,602,2,2,2026-05-21,2026-06-11,2026-06-12,,nightly,checked_out,False,1,21,4241.10,223.22,720.99,4241.10,False
4471,BK0004471,5647,2,5,2026-06-02,2026-06-11,2026-06-12,,nightly,checked_out,False,1,9,3938.64,0.00,0.00,3938.64,False
4472,BK0004472,3670,2,6,2026-06-10,2026-06-11,2026-06-22,2026-06-11,nightly,cancelled,True,11,1,39670.51,0.00,0.00,3606.41,False
4473,BK0004473,1852,2,5,2026-05-23,2026-06-11,2026-06-12,,nightly,checked_out,False,1,19,7600.08,0.00,0.00,7600.08,False
4474,BK0004474,8443,2,6,2026-06-03,2026-06-11,2026-06-12,,nightly,checked_out,False,1,8,3990.11,210.01,0.00,3990.11,False
4475,BK0004475,5560,2,4,2026-05-21,2026-06-11,2026-06-12,,nightly,checked_out,False,1,21,7697.12,0.00,1154.57,7697.12,False
4476,BK0004476,5597,2,6,2026-06-09,2026-06-11,2026-06-13,,nightly,checked_out,False,2,2,11698.32,0.00,0.00,5849.16,False
4477,BK0004477,8040,1,6,2026-06-09,2026-06-12,2026-06-13,,nightly,checked_out,False,1,3,3179.98,167.37,0.00,3179.98,False
4478,BK0004478,2363,1,6,2026-06-08,2026-06-12,2026-06-22,,nightly,checked_out,False,10,4,67425.50,0.00,0.00,6742.55,False
4479,BK0004479,476,1,6,2026-06-10,2026-06-12,2026-06-15,,nightly,checked_out,False,3,2,12866.55,0.00,0.00,4288.85,False
4480,BK0004480,5721,1,2,2026-05-19,2026-06-12,2026-06-15,,nightly,checked_out,False,3,24,16828.20,0.00,2860.79,5609.40,False
4481,BK0004481,2329,1,6,2026-06-09,2026-06-12,2026-06-24,,nightly,checked_out,False,12,3,48743.44,2565.44,0.00,4061.95,False
4482,BK0004482,4595,1,3,2026-06-05,2026-06-12,2026-06-18,2026-06-05,nightly,cancelled,True,6,7,25807.62,0.00,4645.37,4301.27,False
4483,BK0004483,4516,1,6,2026-06-09,2026-06-12,2026-06-24,,nightly,checked_out,False,12,3,45648.60,0.00,0.00,3804.05,False
4484,BK0004484,6162,2,1,2026-05-27,2026-06-12,2026-06-13,,nightly,checked_out,False,1,16,4058.68,0.00,811.74,4058.68,False
4485,BK0004485,4458,2,5,2026-06-09,2026-06-12,2026-06-18,,nightly,checked_out,False,6,3,24810.78,0.00,0.00,4135.13,False
4486,BK0004486,96,2,6,2026-06-11,2026-06-12,2026-06-18,,nightly,checked_out,False,6,1,42219.42,0.00,0.00,7036.57,False
4487,BK0004487,1240,2,2,2026-06-01,2026-06-12,2026-06-16,,nightly,checked_out,False,4,11,28821.21,1516.91,4899.61,7205.30,False
4488,BK0004488,913,2,6,2026-06-09,2026-06-12,2026-06-13,,nightly,checked_out,False,1,3,4783.27,0.00,0.00,4783.27,False
4489,BK0004489,8066,3,6,2026-06-03,2026-06-12,2026-06-13,,nightly,checked_out,False,1,9,4425.18,232.90,0.00,4425.18,False
4490,BK0004490,4810,3,5,2026-06-05,2026-06-12,2026-06-18,,nightly,checked_out,False,6,7,19309.92,0.00,0.00,3218.32,False
4491,BK0004491,4570,3,6,2026-06-05,2026-06-12,2026-06-15,,nightly,checked_out,False,3,7,12365.40,0.00,0.00,4121.80,False
4492,BK0004492,2675,3,5,2026-06-01,2026-06-12,2026-06-14,,nightly,checked_out,False,2,11,6100.40,0.00,0.00,3050.20,False
4493,BK0004493,5236,1,7,2026-06-12,2026-06-13,2026-06-13,,microstay,checked_out,False,0,1,804.27,42.33,96.51,804.27,False
4494,BK0004494,3664,1,1,2026-06-12,2026-06-13,2026-06-14,,nightly,checked_out,False,1,1,3571.49,0.00,714.30,3571.49,False
4495,BK0004495,3505,2,7,2026-06-12,2026-06-13,2026-06-13,,microstay,checked_out,False,0,1,1016.15,53.48,121.94,1016.15,False
4496,BK0004496,9018,2,6,2026-06-09,2026-06-13,2026-06-22,,nightly,checked_out,False,9,4,42665.58,0.00,0.00,4740.62,False
4497,BK0004497,361,2,6,2026-06-11,2026-06-13,2026-06-18,,nightly,checked_out,False,5,2,14719.00,0.00,0.00,2943.80,False
4498,BK0004498,7171,2,2,2026-05-31,2026-06-13,2026-06-14,,nightly,checked_out,False,1,13,6567.20,0.00,1116.42,6567.20,False
4499,BK0004499,1618,3,6,2026-06-12,2026-06-13,2026-06-14,,nightly,checked_out,False,1,1,3100.68,547.18,0.00,3100.68,False
4500,BK0004500,2190,3,1,2026-05-21,2026-06-13,2026-06-20,2026-06-13,nightly,cancelled,True,7,23,24822.91,0.00,4964.58,3546.13,False
4501,BK0004501,8088,3,6,2026-06-03,2026-06-13,2026-06-15,,nightly,checked_out,False,2,10,6416.14,0.00,0.00,3208.07,False
4502,BK0004502,1768,3,7,2026-06-13,2026-06-13,2026-06-13,,microstay,checked_out,False,0,0,1290.14,67.90,154.82,1290.14,False
4503,BK0004503,6390,1,6,2026-06-12,2026-06-14,2026-06-19,,nightly,checked_out,False,5,2,16052.30,0.00,0.00,3210.46,False
4504,BK0004504,2090,1,3,2026-03-13,2026-06-14,2026-06-18,,nightly,checked_out,False,4,93,15144.82,797.10,2726.07,3786.21,False
4505,BK0004505,3240,2,6,2026-06-12,2026-06-14,2026-06-23,,nightly,checked_out,False,9,2,36122.81,1901.20,0.00,4013.65,False
4506,BK0004506,7686,2,5,2026-06-09,2026-06-14,2026-06-16,,nightly,checked_out,False,2,5,7845.84,412.94,0.00,3922.92,False
4507,BK0004507,5071,2,1,2026-06-09,2026-06-14,2026-06-15,,nightly,checked_out,False,1,5,4487.74,0.00,897.55,4487.74,False
4508,BK0004508,6533,2,6,2026-06-13,2026-06-14,2026-06-20,,nightly,checked_out,False,6,1,36353.16,0.00,0.00,6058.86,False
4509,BK0004509,8966,2,5,2026-06-09,2026-06-14,2026-06-24,2026-06-09,nightly,cancelled,True,10,5,64929.90,0.00,0.00,6492.99,False
4510,BK0004510,8467,1,6,2026-06-14,2026-06-15,2026-06-20,,nightly,checked_out,False,5,1,17600.95,0.00,0.00,3520.19,False
4511,BK0004511,6337,1,5,2026-06-08,2026-06-15,2026-06-16,,nightly,checked_out,False,1,7,3376.59,177.72,0.00,3376.59,False
4512,BK0004512,2529,1,6,2026-06-12,2026-06-15,2026-06-19,,nightly,checked_out,False,4,3,21347.92,0.00,0.00,5336.98,False
4513,BK0004513,8452,1,2,2026-06-09,2026-06-15,2026-06-21,,nightly,checked_out,False,6,6,26444.18,1391.80,4495.51,4407.36,False
4514,BK0004514,1901,1,5,2026-06-13,2026-06-15,2026-06-16,,nightly,checked_out,False,1,2,6936.19,0.00,0.00,6936.19,False
4515,BK0004515,3337,1,6,2026-06-01,2026-06-15,2026-06-17,,nightly,checked_out,False,2,14,8626.82,0.00,0.00,4313.41,False
4516,BK0004516,7898,1,1,2026-05-18,2026-06-15,2026-06-16,,nightly,checked_out,False,1,28,5171.37,0.00,1034.27,5171.37,False
4517,BK0004517,1454,2,6,2026-06-12,2026-06-15,2026-06-16,,nightly,checked_out,False,1,3,4973.57,552.62,0.00,4973.57,False
4518,BK0004518,3073,2,8,2026-06-12,2026-06-15,2026-06-16,,nightly,checked_out,False,1,3,4546.54,0.00,0.00,4546.54,False
4519,BK0004519,404,3,8,2026-06-14,2026-06-15,2026-06-16,,nightly,checked_out,False,1,1,3613.78,0.00,0.00,3613.78,False
4520,BK0004520,2668,3,3,2026-06-08,2026-06-15,2026-06-16,,nightly,checked_out,False,1,7,4128.65,0.00,743.16,4128.65,False
4521,BK0004521,7552,3,5,2026-06-02,2026-06-15,2026-06-20,,nightly,checked_out,False,5,13,23891.00,0.00,0.00,4778.20,False
4522,BK0004522,3226,3,5,2026-06-10,2026-06-15,2026-06-16,,nightly,checked_out,False,1,5,3665.59,192.93,0.00,3665.59,False
4523,BK0004523,7490,1,6,2026-06-13,2026-06-16,2026-06-18,,nightly,checked_out,False,2,3,8477.84,0.00,0.00,4238.92,False
4524,BK0004524,1644,1,6,2026-06-12,2026-06-16,2026-07-07,,nightly,checked_out,False,21,4,92506.20,16324.62,0.00,4405.06,False
4525,BK0004525,285,2,6,2026-05-29,2026-06-16,2026-06-28,,nightly,checked_out,False,12,18,97758.00,0.00,0.00,8146.50,False
4526,BK0004526,8612,2,7,2026-06-16,2026-06-16,2026-06-16,,microstay,checked_out,False,0,0,1203.36,212.36,144.40,1203.36,False
4527,BK0004527,4622,2,5,2026-06-12,2026-06-16,2026-06-18,,nightly,checked_out,False,2,4,8381.12,0.00,0.00,4190.56,False
4528,BK0004528,291,2,6,2026-06-14,2026-06-16,2026-06-22,,nightly,checked_out,False,6,2,24426.21,1285.59,0.00,4071.04,False
4529,BK0004529,8699,3,2,2026-06-01,2026-06-16,2026-06-19,,nightly,checked_out,False,3,15,9719.04,0.00,1652.24,3239.68,False
4530,BK0004530,3590,1,6,2026-06-16,2026-06-17,2026-07-06,,nightly,checked_out,False,19,1,63180.91,7020.10,0.00,3325.31,False
4531,BK0004531,383,1,1,2026-06-14,2026-06-17,2026-06-19,,nightly,no_show,False,2,3,7124.08,0.00,1424.82,3562.04,False
4532,BK0004532,3373,1,6,2026-06-14,2026-06-17,2026-06-20,,nightly,checked_out,False,3,3,13298.76,0.00,0.00,4432.92,False
4533,BK0004533,6199,1,6,2026-06-13,2026-06-17,2026-06-20,,nightly,checked_out,False,3,4,20916.61,1100.87,0.00,6972.20,False
4534,BK0004534,5295,1,1,2026-06-10,2026-06-17,2026-06-23,,nightly,checked_out,False,6,7,30543.42,0.00,6108.68,5090.57,False
4535,BK0004535,1714,2,5,2026-06-09,2026-06-17,2026-06-21,2026-06-17,nightly,cancelled,True,4,8,15309.11,1701.01,0.00,3827.28,False
4536,BK0004536,8976,2,3,2026-06-12,2026-06-17,2026-06-18,,nightly,checked_out,False,1,5,5235.26,275.54,942.35,5235.26,False
4537,BK0004537,4046,2,2,2026-06-05,2026-06-17,2026-06-18,2026-06-15,nightly,cancelled,True,1,12,5526.96,0.00,939.58,5526.96,False
4538,BK0004538,1807,3,7,2026-06-17,2026-06-17,2026-06-17,,microstay,checked_out,False,0,0,781.49,137.91,93.78,781.49,False
4539,BK0004539,264,3,1,2026-06-02,2026-06-17,2026-06-19,,nightly,checked_out,False,2,15,7879.50,0.00,1575.90,3939.75,False
4540,BK0004540,4326,3,7,2026-06-17,2026-06-17,2026-06-17,,microstay,checked_out,False,0,0,1061.80,0.00,127.42,1061.80,False
4541,BK0004541,9325,1,1,2026-06-01,2026-06-18,2026-06-20,2026-06-14,nightly,cancelled,True,2,17,7906.18,416.12,1581.24,3953.09,False
4542,BK0004542,3041,1,2,2026-06-10,2026-06-18,2026-06-19,,nightly,checked_out,False,1,8,3582.78,398.09,609.07,3582.78,False
4543,BK0004543,3471,2,3,2026-05-30,2026-06-18,2026-06-19,,nightly,checked_out,False,1,19,5262.76,0.00,947.30,5262.76,False
4544,BK0004544,279,2,7,2026-06-17,2026-06-18,2026-06-18,,microstay,checked_out,False,0,1,1147.63,60.40,137.72,1147.63,False
4545,BK0004545,1639,2,4,2026-06-06,2026-06-18,2026-06-25,2026-06-10,nightly,cancelled,True,7,12,22031.42,2447.93,3304.71,3147.35,False
4546,BK0004546,4988,2,7,2026-06-18,2026-06-18,2026-06-18,,microstay,checked_out,False,0,0,944.40,49.71,113.33,944.40,False
4547,BK0004547,1655,2,5,2026-06-10,2026-06-18,2026-06-20,,nightly,checked_out,False,2,8,13776.50,1530.72,0.00,6888.25,False
4548,BK0004548,2535,2,1,2026-06-08,2026-06-18,2026-06-22,,nightly,checked_out,False,4,10,17924.40,0.00,3584.88,4481.10,False
4549,BK0004549,2381,2,6,2026-06-06,2026-06-18,2026-06-21,,nightly,checked_out,False,3,12,10302.24,0.00,0.00,3434.08,False
4550,BK0004550,5721,2,1,2026-06-13,2026-06-18,2026-06-19,,nightly,checked_out,False,1,5,3223.14,358.13,644.63,3223.14,False
4551,BK0004551,7781,3,5,2026-06-15,2026-06-18,2026-06-20,,nightly,checked_out,False,2,3,7804.48,0.00,0.00,3902.24,False
4552,BK0004552,7148,3,3,2026-03-23,2026-06-18,2026-06-19,2026-04-26,nightly,cancelled,True,1,87,3620.93,402.33,651.77,3620.93,False
4553,BK0004553,4177,3,6,2026-06-06,2026-06-18,2026-06-20,,nightly,checked_out,False,2,12,5521.53,974.39,0.00,2760.77,False
4554,BK0004554,1555,1,2,2026-06-16,2026-06-19,2026-06-21,2026-06-16,nightly,cancelled,True,2,3,7253.50,805.94,1233.10,3626.75,False
4555,BK0004555,434,1,6,2026-06-14,2026-06-19,2026-06-24,,nightly,checked_out,False,5,5,19709.35,0.00,0.00,3941.87,False
4556,BK0004556,208,1,2,2026-06-11,2026-06-19,2026-06-22,2026-06-12,nightly,cancelled,True,3,8,11417.34,0.00,1940.95,3805.78,False
4557,BK0004557,7179,1,6,2026-06-16,2026-06-19,2026-06-24,,nightly,no_show,False,5,3,17477.55,0.00,0.00,3495.51,False
4558,BK0004558,6420,1,6,2026-06-15,2026-06-19,2026-06-25,,nightly,checked_out,False,6,4,32147.22,0.00,0.00,5357.87,False
4559,BK0004559,2072,2,6,2026-06-09,2026-06-19,2026-06-30,,nightly,checked_out,False,11,10,53005.48,0.00,0.00,4818.68,False
4560,BK0004560,3843,2,1,2026-06-10,2026-06-19,2026-06-21,,nightly,checked_out,False,2,9,7932.62,0.00,1586.52,3966.31,False
4561,BK0004561,6724,2,6,2026-06-16,2026-06-19,2026-06-28,,nightly,checked_out,False,9,3,30843.18,0.00,0.00,3427.02,False
4562,BK0004562,6784,2,1,2026-06-03,2026-06-19,2026-06-21,,nightly,checked_out,False,2,16,6321.89,332.73,1264.38,3160.95,False
4563,BK0004563,3953,3,2,2026-06-15,2026-06-19,2026-06-21,,nightly,checked_out,False,2,4,5965.41,313.97,1014.12,2982.71,False
4564,BK0004564,6993,3,5,2026-06-13,2026-06-19,2026-06-21,,nightly,checked_out,False,2,6,6582.12,0.00,0.00,3291.06,False
4565,BK0004565,1742,3,5,2026-06-15,2026-06-19,2026-06-20,,nightly,checked_out,False,1,4,4071.13,0.00,0.00,4071.13,False
4566,BK0004566,3908,1,6,2026-06-18,2026-06-20,2026-06-24,,nightly,checked_out,False,4,2,13180.80,0.00,0.00,3295.20,False
4567,BK0004567,7486,1,7,2026-06-19,2026-06-20,2026-06-20,2026-06-19,microstay,cancelled,True,0,1,1339.55,0.00,160.75,1339.55,False
4568,BK0004568,7777,2,2,2026-06-11,2026-06-20,2026-06-22,,nightly,checked_out,False,2,9,8118.05,427.27,1380.07,4059.03,False
4569,BK0004569,6697,2,3,2026-05-23,2026-06-20,2026-06-21,,nightly,checked_out,False,1,28,6348.36,334.12,1142.70,6348.36,False
4570,BK0004570,173,2,3,2026-06-06,2026-06-20,2026-06-21,2026-06-19,nightly,cancelled,True,1,14,3031.53,0.00,545.68,3031.53,False
4571,BK0004571,3126,2,2,2026-06-03,2026-06-20,2026-06-21,2026-06-11,nightly,cancelled,True,1,17,3363.82,593.62,571.85,3363.82,False
4572,BK0004572,6070,3,1,2026-06-15,2026-06-20,2026-06-23,,nightly,checked_out,False,3,5,10900.35,0.00,2180.07,3633.45,False
4573,BK0004573,7772,1,5,2026-06-17,2026-06-21,2026-06-23,,nightly,checked_out,False,2,4,7660.86,0.00,0.00,3830.43,False
4574,BK0004574,9246,1,6,2026-06-16,2026-06-21,2026-06-26,,nightly,checked_out,False,5,5,28199.20,3133.25,0.00,5639.84,False
4575,BK0004575,2327,1,2,2026-06-08,2026-06-21,2026-06-22,,nightly,checked_out,False,1,13,3835.54,0.00,652.04,3835.54,False
4576,BK0004576,3486,1,3,2026-06-01,2026-06-21,2026-06-26,,nightly,checked_out,False,5,20,17203.11,3035.84,3096.56,3440.62,False
4577,BK0004577,7087,1,5,2026-06-09,2026-06-21,2026-06-23,,nightly,checked_out,False,2,12,6703.10,0.00,0.00,3351.55,False
4578,BK0004578,1109,2,5,2026-06-18,2026-06-21,2026-06-24,,nightly,checked_out,False,3,3,21167.04,0.00,0.00,7055.68,False
4579,BK0004579,3896,2,1,2026-04-06,2026-06-21,2026-06-23,2026-06-06,nightly,cancelled,True,2,76,9585.82,504.52,1917.16,4792.91,False
4580,BK0004580,4969,2,7,2026-06-21,2026-06-21,2026-06-21,,microstay,checked_out,False,0,0,1942.95,102.26,233.15,1942.95,False
4581,BK0004581,6405,2,6,2026-06-10,2026-06-21,2026-07-04,,nightly,checked_out,False,13,11,51137.71,0.00,0.00,3933.67,False
4582,BK0004582,7930,3,1,2026-06-08,2026-06-21,2026-06-22,,nightly,checked_out,False,1,13,3599.87,189.47,719.97,3599.87,False
4583,BK0004583,9305,1,6,2026-06-20,2026-06-22,2026-06-24,,nightly,checked_out,False,2,2,8729.48,0.00,0.00,4364.74,False
4584,BK0004584,5454,1,1,2026-06-19,2026-06-22,2026-06-24,,nightly,checked_out,False,2,3,14021.08,0.00,2804.22,7010.54,False
4585,BK0004585,2519,2,3,2026-06-16,2026-06-22,2026-06-25,,nightly,checked_out,False,3,6,16782.69,0.00,3020.88,5594.23,False
4586,BK0004586,6737,2,6,2026-06-20,2026-06-22,2026-06-23,,nightly,checked_out,False,1,2,3847.10,0.00,0.00,3847.10,False
4587,BK0004587,7611,2,7,2026-06-22,2026-06-22,2026-06-22,,microstay,checked_out,False,0,0,935.91,49.26,112.31,935.91,False
4588,BK0004588,7926,2,5,2026-06-10,2026-06-22,2026-06-23,2026-06-11,nightly,cancelled,True,1,12,3935.88,437.32,0.00,3935.88,False
4589,BK0004589,1000,2,6,2026-06-20,2026-06-22,2026-06-24,,nightly,checked_out,False,2,2,7754.62,408.14,0.00,3877.31,False
4590,BK0004590,8249,3,7,2026-06-22,2026-06-22,2026-06-22,,microstay,checked_out,False,0,0,1117.13,58.80,134.06,1117.13,False
4591,BK0004591,4934,3,6,2026-06-19,2026-06-22,2026-06-23,,nightly,checked_out,False,1,3,2878.24,507.93,0.00,2878.24,False
4592,BK0004592,4443,3,6,2026-06-21,2026-06-22,2026-06-26,,nightly,checked_out,False,4,1,15522.20,0.00,0.00,3880.55,False
4593,BK0004593,2354,1,7,2026-06-22,2026-06-23,2026-06-23,,microstay,no_show,False,0,1,1372.01,152.45,164.64,1372.01,False
4594,BK0004594,3817,1,6,2026-06-19,2026-06-23,2026-06-25,,nightly,checked_out,False,2,4,7931.14,0.00,0.00,3965.57,False
4595,BK0004595,100,1,4,2026-06-09,2026-06-23,2026-06-25,2026-06-09,nightly,cancelled,True,2,14,8573.40,0.00,1286.01,4286.70,False
4596,BK0004596,6839,2,1,2026-06-13,2026-06-23,2026-06-27,,nightly,checked_out,False,4,10,14102.48,742.24,2820.50,3525.62,False
4597,BK0004597,4451,2,1,2026-06-03,2026-06-23,2026-06-28,,nightly,checked_out,False,5,20,27763.85,0.00,5552.77,5552.77,False
4598,BK0004598,4238,2,2,2026-06-05,2026-06-23,2026-06-25,,nightly,checked_out,False,2,18,15250.12,0.00,2592.52,7625.06,False
4599,BK0004599,6469,2,7,2026-06-22,2026-06-23,2026-06-23,,microstay,checked_out,False,0,1,1183.64,62.30,142.04,1183.64,False
4600,BK0004600,4433,2,6,2026-06-21,2026-06-23,2026-06-26,,nightly,checked_out,False,3,2,9690.89,1076.77,0.00,3230.30,False
4601,BK0004601,4221,2,2,2026-06-13,2026-06-23,2026-06-25,,nightly,checked_out,False,2,10,9428.08,0.00,1602.77,4714.04,False
4602,BK0004602,7264,2,3,2026-06-14,2026-06-23,2026-06-24,,nightly,checked_out,False,1,9,4220.65,222.14,759.72,4220.65,False
4603,BK0004603,7229,1,5,2026-06-05,2026-06-24,2026-06-25,,nightly,checked_out,False,1,19,5525.46,0.00,0.00,5525.46,False
4604,BK0004604,583,1,6,2026-06-14,2026-06-24,2026-06-30,,nightly,checked_out,False,6,10,21897.49,2433.05,0.00,3649.58,False
4605,BK0004605,7085,1,7,2026-06-23,2026-06-24,2026-06-24,,microstay,checked_out,False,0,1,1184.15,0.00,142.10,1184.15,False
4606,BK0004606,878,1,6,2026-06-14,2026-06-24,2026-07-04,,nightly,checked_out,False,10,10,36295.40,0.00,0.00,3629.54,False
4607,BK0004607,135,2,5,2026-06-22,2026-06-24,2026-06-26,,nightly,checked_out,False,2,2,8663.36,0.00,0.00,4331.68,False
4608,BK0004608,4531,2,6,2026-06-21,2026-06-24,2026-07-01,,nightly,checked_out,False,7,3,28868.91,0.00,0.00,4124.13,False
4609,BK0004609,3286,2,2,2026-06-15,2026-06-24,2026-06-26,2026-06-19,nightly,cancelled,True,2,9,10152.44,534.34,1725.91,5076.22,False
4610,BK0004610,1068,2,5,2026-06-20,2026-06-24,2026-06-26,,nightly,checked_out,False,2,4,13055.87,687.15,0.00,6527.94,False
4611,BK0004611,5721,2,3,2026-06-12,2026-06-24,2026-06-26,,nightly,checked_out,False,2,12,8877.48,0.00,1597.95,4438.74,False
4612,BK0004612,4534,3,5,2026-06-22,2026-06-24,2026-06-26,,nightly,checked_out,False,2,2,7995.70,0.00,0.00,3997.85,False
4613,BK0004613,798,3,1,2026-06-19,2026-06-24,2026-06-27,,nightly,checked_out,False,3,5,9721.52,511.66,1944.30,3240.51,False
4614,BK0004614,2126,3,4,2026-05-26,2026-06-24,2026-06-28,,nightly,checked_out,False,4,29,12920.72,0.00,1938.11,3230.18,False
4615,BK0004615,7821,3,2,2026-06-04,2026-06-24,2026-06-26,,nightly,checked_out,False,2,20,10100.34,0.00,1717.06,5050.17,False
4616,BK0004616,8735,3,2,2026-06-07,2026-06-24,2026-06-25,,nightly,checked_out,False,1,17,5064.92,0.00,861.04,5064.92,False
4617,BK0004617,8866,1,5,2026-06-12,2026-06-25,2026-06-28,,nightly,checked_out,False,3,13,12173.79,0.00,0.00,4057.93,False
4618,BK0004618,8385,1,4,2026-06-19,2026-06-25,2026-06-26,,nightly,checked_out,False,1,6,4309.68,0.00,646.45,4309.68,False
4619,BK0004619,1326,1,2,2026-05-17,2026-06-25,2026-06-26,,nightly,checked_out,False,1,39,6855.53,360.82,1165.44,6855.53,False
4620,BK0004620,9257,1,5,2026-06-15,2026-06-25,2026-06-26,,nightly,checked_out,False,1,10,3289.09,0.00,0.00,3289.09,False
4621,BK0004621,7067,1,1,2026-06-17,2026-06-25,2026-06-27,2026-06-17,nightly,cancelled,True,2,8,6043.30,1066.46,1208.66,3021.65,False
4622,BK0004622,6003,1,6,2026-06-23,2026-06-25,2026-06-28,,nightly,checked_out,False,3,2,12791.34,0.00,0.00,4263.78,False
4623,BK0004623,3944,1,6,2026-06-17,2026-06-25,2026-06-28,,nightly,checked_out,False,3,8,12989.25,0.00,0.00,4329.75,False
4624,BK0004624,3575,1,6,2026-06-22,2026-06-25,2026-06-26,,nightly,checked_out,False,1,3,5204.18,0.00,0.00,5204.18,False
4625,BK0004625,2694,2,1,2026-06-21,2026-06-25,2026-06-26,2026-06-25,nightly,cancelled,True,1,4,3662.70,0.00,732.54,3662.70,False
4626,BK0004626,2072,2,6,2026-06-22,2026-06-25,2026-06-27,,nightly,checked_out,False,2,3,7594.02,843.78,0.00,3797.01,False
4627,BK0004627,8616,3,7,2026-06-24,2026-06-25,2026-06-25,,microstay,checked_out,False,0,1,1246.30,65.60,149.56,1246.30,False
4628,BK0004628,2660,3,5,2026-06-08,2026-06-25,2026-06-27,,nightly,checked_out,False,2,17,7334.72,386.04,0.00,3667.36,False
4629,BK0004629,246,1,2,2026-06-08,2026-06-26,2026-06-30,,nightly,checked_out,False,4,18,18483.08,0.00,3142.12,4620.77,False
4630,BK0004630,2861,1,6,2026-06-23,2026-06-26,2026-06-27,,nightly,checked_out,False,1,3,5102.00,0.00,0.00,5102.00,False
4631,BK0004631,4640,2,5,2026-06-17,2026-06-26,2026-06-27,,nightly,checked_out,False,1,9,4179.11,0.00,0.00,4179.11,False
4632,BK0004632,448,2,1,2026-06-19,2026-06-26,2026-06-27,,nightly,checked_out,False,1,7,5749.66,1014.64,1149.93,5749.66,False
4633,BK0004633,5354,3,5,2026-06-21,2026-06-26,2026-06-30,,nightly,checked_out,False,4,5,13770.92,0.00,0.00,3442.73,False
4634,BK0004634,3322,3,5,2026-06-17,2026-06-26,2026-06-28,,nightly,checked_out,False,2,9,7604.60,0.00,0.00,3802.30,False
4635,BK0004635,261,3,2,2026-05-20,2026-06-26,2026-06-28,,nightly,checked_out,False,2,37,9920.06,0.00,1686.41,4960.03,False
4636,BK0004636,4339,1,5,2026-06-17,2026-06-27,2026-06-28,2026-06-23,nightly,cancelled,True,1,10,3446.32,0.00,0.00,3446.32,False
4637,BK0004637,6587,2,6,2026-06-20,2026-06-27,2026-07-05,,nightly,checked_out,False,8,7,28694.38,3188.26,0.00,3586.80,False
4638,BK0004638,7337,2,4,2026-06-14,2026-06-27,2026-07-01,,nightly,checked_out,False,4,13,23541.30,1239.02,3531.20,5885.33,False
4639,BK0004639,931,2,2,2026-05-20,2026-06-27,2026-06-29,,nightly,checked_out,False,2,38,7000.06,777.78,1190.01,3500.03,False
4640,BK0004640,1820,2,5,2026-06-25,2026-06-27,2026-07-01,,nightly,checked_out,False,4,2,21198.52,0.00,0.00,5299.63,False
4641,BK0004641,138,3,2,2026-06-18,2026-06-27,2026-06-30,2026-06-26,nightly,cancelled,True,3,9,11336.00,1259.56,1927.12,3778.67,False
4642,BK0004642,6098,1,6,2026-06-27,2026-06-28,2026-06-29,,nightly,checked_out,False,1,1,3305.42,0.00,0.00,3305.42,False
4643,BK0004643,9234,1,6,2026-06-24,2026-06-28,2026-07-02,,nightly,checked_out,False,4,4,15664.88,0.00,0.00,3916.22,False
4644,BK0004644,6198,2,6,2026-06-24,2026-06-28,2026-06-28,,nightly,checked_out,False,0,4,52704.80,0.00,0.00,52704.80,False
4645,BK0004645,5049,2,6,2026-06-22,2026-06-28,2026-06-29,,nightly,checked_out,False,1,6,3339.04,0.00,0.00,3339.04,False
4646,BK0004646,2964,2,1,2026-05-26,2026-06-28,2026-06-30,,nightly,checked_out,False,2,33,7453.03,392.27,1490.61,3726.52,False
4647,BK0004647,177,2,1,2026-05-28,2026-06-28,2026-06-29,,nightly,checked_out,False,1,31,6864.31,0.00,1372.86,6864.31,False
4648,BK0004648,7085,2,8,2026-06-27,2026-06-28,2026-06-29,,nightly,checked_out,False,1,1,2977.24,525.40,0.00,2977.24,False
4649,BK0004649,6594,3,6,2026-06-23,2026-06-28,2026-07-07,,nightly,checked_out,False,9,5,34612.38,0.00,0.00,3845.82,False
4650,BK0004650,4192,1,6,2026-06-27,2026-06-29,2026-06-30,,nightly,checked_out,False,1,2,3736.79,0.00,0.00,3736.79,False
4651,BK0004651,4203,1,7,2026-06-28,2026-06-29,2026-06-29,,microstay,checked_out,False,0,1,1195.84,0.00,143.50,1195.84,False
4652,BK0004652,3105,1,6,2026-06-26,2026-06-29,2026-06-30,,nightly,checked_out,False,1,3,6142.17,682.46,0.00,6142.17,False
4653,BK0004653,8031,2,6,2026-06-27,2026-06-29,2026-07-05,,nightly,checked_out,False,6,2,26304.90,0.00,0.00,4384.15,False
4654,BK0004654,5565,2,6,2026-06-23,2026-06-29,2026-07-05,,nightly,checked_out,False,6,6,46223.40,0.00,0.00,7703.90,False
4655,BK0004655,7938,2,6,2026-06-25,2026-06-29,2026-07-20,,nightly,checked_out,False,21,4,81244.59,0.00,0.00,3868.79,False
4656,BK0004656,3892,2,6,2026-06-27,2026-06-29,2026-07-01,,nightly,checked_out,False,2,2,10346.22,0.00,0.00,5173.11,False
4657,BK0004657,9106,2,1,2026-06-27,2026-06-29,2026-06-30,,nightly,checked_out,False,1,2,3698.26,0.00,739.65,3698.26,False
4658,BK0004658,4516,2,6,2026-06-26,2026-06-29,2026-07-04,,nightly,checked_out,False,5,3,18690.90,0.00,0.00,3738.18,False
4659,BK0004659,620,3,5,2026-06-28,2026-06-29,2026-07-01,,nightly,checked_out,False,2,1,5450.71,961.89,0.00,2725.36,False
4660,BK0004660,8447,3,4,2026-06-14,2026-06-29,2026-07-01,,nightly,checked_out,False,2,15,8267.60,0.00,1240.14,4133.80,False
4661,BK0004661,9184,1,4,2026-05-20,2026-06-30,2026-07-12,,nightly,checked_out,False,12,41,43645.39,7702.13,6546.81,3637.12,False
4662,BK0004662,6577,1,2,2026-05-31,2026-06-30,2026-07-05,,nightly,checked_out,False,5,30,19644.35,2182.70,3339.54,3928.87,False
4663,BK0004663,1412,1,2,2026-06-21,2026-06-30,2026-07-02,,nightly,checked_out,False,2,9,8543.91,1507.75,1452.46,4271.96,False
4664,BK0004664,2323,1,6,2026-06-25,2026-06-30,2026-07-05,,nightly,checked_out,False,5,5,33928.82,1785.73,0.00,6785.76,False
4665,BK0004665,5814,1,1,2026-06-23,2026-06-30,2026-07-03,,nightly,checked_out,False,3,7,11705.20,1300.58,2341.04,3901.73,False
4666,BK0004666,5032,1,6,2026-06-29,2026-06-30,2026-07-02,,nightly,checked_out,False,2,1,9063.50,0.00,0.00,4531.75,False
4667,BK0004667,733,1,1,2026-06-23,2026-06-30,2026-07-06,2026-06-26,nightly,cancelled,True,6,7,22160.76,0.00,4432.15,3693.46,False
4668,BK0004668,4961,1,6,2026-06-29,2026-06-30,2026-07-06,,nightly,checked_out,False,6,1,22198.14,0.00,0.00,3699.69,False
4669,BK0004669,8908,2,6,2026-06-18,2026-06-30,2026-07-03,,nightly,checked_out,False,3,12,10755.54,1898.04,0.00,3585.18,False
4670,BK0004670,6065,2,6,2026-06-19,2026-06-30,2026-07-04,,nightly,checked_out,False,4,11,20125.16,0.00,0.00,5031.29,False
4671,BK0004671,7572,2,6,2026-06-28,2026-06-30,2026-07-07,,nightly,checked_out,False,7,2,24077.12,1267.22,0.00,3439.59,False
4672,BK0004672,6565,3,2,2026-06-27,2026-06-30,2026-07-08,,nightly,checked_out,False,8,3,39117.92,0.00,6650.05,4889.74,False
4673,BK0004673,2212,3,5,2026-06-15,2026-06-30,2026-07-05,,nightly,checked_out,False,5,15,23145.05,0.00,0.00,4629.01,False
4674,BK0004674,6141,3,2,2026-06-26,2026-06-30,2026-07-01,,nightly,checked_out,False,1,4,4830.60,536.73,821.20,4830.60,False
4675,BK0004675,1667,1,1,2026-06-25,2026-07-01,2026-07-05,,nightly,checked_out,False,4,6,17324.76,0.00,3464.95,4331.19,False
4676,BK0004676,9296,1,6,2026-06-26,2026-07-01,2026-07-08,,nightly,checked_out,False,7,5,55418.51,0.00,0.00,7916.93,False
4677,BK0004677,9293,1,3,2026-05-03,2026-07-01,2026-07-05,,nightly,checked_out,False,4,59,14539.68,0.00,2617.14,3634.92,False
4678,BK0004678,3653,1,1,2026-06-25,2026-07-01,2026-07-05,,nightly,checked_out,False,4,6,21562.24,0.00,4312.45,5390.56,False
4679,BK0004679,5551,1,5,2026-06-22,2026-07-01,2026-07-03,,nightly,checked_out,False,2,9,11559.22,0.00,0.00,5779.61,False
4680,BK0004680,9152,2,1,2026-06-27,2026-07-01,2026-07-02,,nightly,checked_out,False,1,4,5212.18,274.32,1042.44,5212.18,False
4681,BK0004681,6419,2,4,2026-06-18,2026-07-01,2026-07-13,,nightly,checked_out,False,12,13,62285.40,0.00,9342.81,5190.45,False
4682,BK0004682,898,2,6,2026-06-27,2026-07-01,2026-07-02,,nightly,checked_out,False,1,4,4537.55,0.00,0.00,4537.55,False
4683,BK0004683,8811,2,5,2026-06-22,2026-07-01,2026-07-07,,nightly,checked_out,False,6,9,42180.11,2220.01,0.00,7030.02,False
4684,BK0004684,1586,2,1,2026-06-24,2026-07-01,2026-07-02,2026-07-01,nightly,cancelled,True,1,7,3395.84,178.73,679.17,3395.84,False
4685,BK0004685,1318,3,6,2026-06-28,2026-07-01,2026-07-03,,nightly,checked_out,False,2,3,7053.52,0.00,0.00,3526.76,False
4686,BK0004686,7574,1,5,2026-06-12,2026-07-02,2026-07-07,,nightly,checked_out,False,5,20,22743.70,0.00,0.00,4548.74,False
4687,BK0004687,1180,1,6,2026-06-28,2026-07-02,2026-07-04,,nightly,checked_out,False,2,4,7710.14,856.68,0.00,3855.07,False
4688,BK0004688,4443,1,1,2026-06-23,2026-07-02,2026-07-05,,nightly,checked_out,False,3,9,15430.56,0.00,3086.11,5143.52,False
4689,BK0004689,7390,1,5,2026-06-23,2026-07-02,2026-07-09,2026-06-26,nightly,cancelled,True,7,9,24813.46,0.00,0.00,3544.78,False
4690,BK0004690,7954,1,2,2026-06-15,2026-07-02,2026-07-07,2026-06-28,nightly,cancelled,True,5,17,24709.90,2745.55,4200.68,4941.98,False
4691,BK0004691,3392,2,2,2026-06-24,2026-07-02,2026-07-04,,nightly,checked_out,False,2,8,10244.80,0.00,1741.62,5122.40,False
4692,BK0004692,5142,2,5,2026-06-30,2026-07-02,2026-07-03,,nightly,checked_out,False,1,2,4528.12,0.00,0.00,4528.12,False
4693,BK0004693,6750,3,1,2026-06-21,2026-07-02,2026-07-03,,nightly,checked_out,False,1,11,4319.62,0.00,863.92,4319.62,False
4694,BK0004694,3889,1,1,2026-06-23,2026-07-03,2026-07-04,,nightly,checked_out,False,1,10,5015.12,263.95,1003.02,5015.12,False
4695,BK0004695,4440,1,1,2026-06-11,2026-07-03,2026-07-05,,nightly,no_show,False,2,22,8069.50,0.00,1613.90,4034.75,False
4696,BK0004696,2223,2,6,2026-06-28,2026-07-03,2026-07-12,,nightly,checked_out,False,9,5,38445.93,2023.47,0.00,4271.77,False
4697,BK0004697,6894,2,1,2026-05-04,2026-07-03,2026-07-04,,nightly,checked_out,False,1,60,4136.69,0.00,827.34,4136.69,False
4698,BK0004698,2665,2,1,2026-06-06,2026-07-04,2026-07-05,,nightly,checked_out,False,1,28,3134.65,0.00,626.93,3134.65,False
4699,BK0004699,9305,2,1,2026-06-29,2026-07-04,2026-07-05,,nightly,checked_out,False,1,5,4481.85,0.00,896.37,4481.85,False
4700,BK0004700,4360,2,4,2026-06-16,2026-07-04,2026-07-16,,nightly,checked_out,False,12,18,52621.32,0.00,7893.20,4385.11,False
4701,BK0004701,5021,3,1,2026-06-02,2026-07-04,2026-07-08,,nightly,checked_out,False,4,32,15140.61,796.87,3028.12,3785.15,False
4702,BK0004702,2061,1,1,2026-06-28,2026-07-05,2026-07-09,,nightly,checked_out,False,4,7,15009.12,0.00,3001.82,3752.28,False
4703,BK0004703,7093,1,6,2026-06-22,2026-07-05,2026-07-07,,nightly,checked_out,False,2,13,10034.14,0.00,0.00,5017.07,False
4704,BK0004704,7358,1,2,2026-06-13,2026-07-05,2026-07-08,,nightly,checked_out,False,3,22,14070.63,0.00,2392.01,4690.21,False
4705,BK0004705,1406,1,3,2026-06-29,2026-07-05,2026-07-06,,nightly,checked_out,False,1,6,3107.65,0.00,559.38,3107.65,False
4706,BK0004706,1352,1,1,2026-06-27,2026-07-05,2026-07-07,,nightly,checked_out,False,2,8,8252.32,0.00,1650.46,4126.16,False
4707,BK0004707,4534,1,7,2026-07-05,2026-07-05,2026-07-05,,microstay,checked_out,False,0,0,892.46,99.16,107.10,892.46,False
4708,BK0004708,1910,1,8,2026-07-04,2026-07-05,2026-07-06,,nightly,checked_out,False,1,1,6469.23,0.00,0.00,6469.23,False
4709,BK0004709,7898,2,5,2026-06-30,2026-07-05,2026-07-06,,nightly,checked_out,False,1,5,3713.14,195.43,0.00,3713.14,False
4710,BK0004710,3240,2,1,2026-07-02,2026-07-05,2026-07-07,,nightly,checked_out,False,2,3,7316.76,0.00,1463.35,3658.38,False
4711,BK0004711,7608,2,6,2026-07-01,2026-07-05,2026-07-10,,nightly,checked_out,False,5,4,32922.60,0.00,0.00,6584.52,False
4712,BK0004712,2000,2,6,2026-07-02,2026-07-05,2026-07-06,,nightly,checked_out,False,1,3,5111.28,0.00,0.00,5111.28,False
4713,BK0004713,9094,2,1,2026-06-20,2026-07-05,2026-07-08,,nightly,checked_out,False,3,15,14795.04,0.00,2959.01,4931.68,False
4714,BK0004714,1808,3,8,2026-07-05,2026-07-05,2026-07-06,,nightly,checked_out,False,1,0,3231.99,170.10,0.00,3231.99,False
4715,BK0004715,2212,3,6,2026-07-03,2026-07-05,2026-07-06,,nightly,checked_out,False,1,2,2879.39,151.55,0.00,2879.39,False
4716,BK0004716,2490,1,8,2026-07-05,2026-07-06,2026-07-08,,nightly,checked_out,False,2,1,10369.34,0.00,0.00,5184.67,False
4717,BK0004717,8179,1,5,2026-06-29,2026-07-06,2026-07-08,,nightly,checked_out,False,2,7,9063.18,0.00,0.00,4531.59,False
4718,BK0004718,8955,1,3,2026-06-30,2026-07-06,2026-07-11,,nightly,checked_out,False,5,6,17157.55,1906.40,3088.36,3431.51,False
4719,BK0004719,379,1,5,2026-07-04,2026-07-06,2026-07-08,,nightly,checked_out,False,2,2,14315.38,0.00,0.00,7157.69,False
4720,BK0004720,5156,1,5,2026-06-30,2026-07-06,2026-07-08,,nightly,checked_out,False,2,6,7470.30,0.00,0.00,3735.15,False
4721,BK0004721,2325,1,1,2026-06-20,2026-07-06,2026-07-07,,nightly,checked_out,False,1,16,3557.68,0.00,711.54,3557.68,False
4722,BK0004722,7998,1,1,2026-06-20,2026-07-06,2026-07-07,,nightly,checked_out,False,1,16,3516.16,0.00,703.23,3516.16,False
4723,BK0004723,4125,1,1,2026-06-28,2026-07-06,2026-07-07,,nightly,checked_out,False,1,8,3417.39,379.71,683.48,3417.39,False
4724,BK0004724,7580,2,2,2026-06-22,2026-07-06,2026-07-07,2026-07-02,nightly,cancelled,True,1,14,3827.77,0.00,650.72,3827.77,False
4725,BK0004725,9193,2,7,2026-07-06,2026-07-06,2026-07-06,,microstay,checked_out,False,0,0,1340.96,0.00,160.92,1340.96,False
4726,BK0004726,8198,2,4,2026-06-04,2026-07-06,2026-07-07,,nightly,checked_out,False,1,32,6431.31,714.59,964.70,6431.31,False
4727,BK0004727,9110,2,7,2026-07-06,2026-07-06,2026-07-06,,microstay,checked_out,False,0,0,1246.14,0.00,149.54,1246.14,False
4728,BK0004728,7983,2,2,2026-05-25,2026-07-06,2026-07-11,2026-07-04,nightly,cancelled,True,5,42,22654.50,0.00,3851.26,4530.90,False
4729,BK0004729,2787,3,1,2026-06-25,2026-07-06,2026-07-08,,nightly,checked_out,False,2,11,6278.94,0.00,1255.79,3139.47,False
4730,BK0004730,3665,3,1,2026-07-01,2026-07-06,2026-07-09,,nightly,checked_out,False,3,5,9870.78,0.00,1974.16,3290.26,False
4731,BK0004731,3596,3,6,2026-07-02,2026-07-06,2026-07-11,,nightly,checked_out,False,5,4,20778.30,0.00,0.00,4155.66,False
4732,BK0004732,6158,3,5,2026-07-03,2026-07-06,2026-07-13,,nightly,checked_out,False,7,3,25404.89,0.00,0.00,3629.27,False
4733,BK0004733,4982,3,1,2026-06-15,2026-07-06,2026-07-10,,nightly,no_show,False,4,21,19243.28,0.00,3848.66,4810.82,False
4734,BK0004734,8428,3,1,2026-07-01,2026-07-06,2026-07-10,,nightly,checked_out,False,4,5,17491.82,1943.54,3498.36,4372.96,False
4735,BK0004735,7532,1,3,2026-06-27,2026-07-07,2026-07-13,2026-06-28,nightly,cancelled,True,6,10,25219.02,0.00,4539.42,4203.17,False
4736,BK0004736,6108,1,5,2026-07-05,2026-07-07,2026-07-09,,nightly,checked_out,False,2,2,7640.41,848.93,0.00,3820.21,False
4737,BK0004737,1267,1,4,2026-06-05,2026-07-07,2026-07-13,,nightly,checked_out,False,6,32,32553.12,0.00,4882.97,5425.52,False
4738,BK0004738,5889,1,1,2026-07-03,2026-07-07,2026-07-09,,nightly,checked_out,False,2,4,11492.68,0.00,2298.54,5746.34,False
4739,BK0004739,7213,1,1,2026-05-05,2026-07-07,2026-07-12,2026-06-05,nightly,cancelled,True,5,63,19315.00,0.00,3863.00,3863.00,False
4740,BK0004740,887,1,3,2026-07-01,2026-07-07,2026-07-08,2026-07-03,nightly,cancelled,True,1,6,3810.52,0.00,685.89,3810.52,False
4741,BK0004741,8778,1,2,2026-05-31,2026-07-07,2026-07-09,2026-06-12,nightly,cancelled,True,2,37,7675.13,852.79,1304.77,3837.57,False
4742,BK0004742,3661,1,1,2026-06-30,2026-07-07,2026-07-13,,nightly,checked_out,False,6,7,21354.24,0.00,4270.85,3559.04,False
4743,BK0004743,6569,1,7,2026-07-06,2026-07-07,2026-07-07,,microstay,checked_out,False,0,1,1015.50,0.00,121.86,1015.50,False
4744,BK0004744,4672,2,6,2026-07-01,2026-07-07,2026-07-19,,nightly,checked_out,False,12,6,53790.48,0.00,0.00,4482.54,False
4745,BK0004745,3699,2,4,2026-06-26,2026-07-07,2026-07-10,2026-07-04,nightly,cancelled,True,3,11,13126.26,0.00,1968.94,4375.42,False
4746,BK0004746,8393,2,6,2026-07-01,2026-07-07,2026-07-17,,nightly,checked_out,False,10,6,37391.00,0.00,0.00,3739.10,False
4747,BK0004747,6780,2,2,2026-06-04,2026-07-07,2026-07-08,,nightly,checked_out,False,1,33,5160.66,0.00,877.31,5160.66,False
4748,BK0004748,5222,2,7,2026-07-06,2026-07-07,2026-07-07,,microstay,checked_out,False,0,1,1158.87,0.00,139.06,1158.87,False
4749,BK0004749,671,2,5,2026-07-01,2026-07-07,2026-07-16,,nightly,checked_out,False,9,6,30285.81,1593.99,0.00,3365.09,False
4750,BK0004750,3515,2,7,2026-07-07,2026-07-07,2026-07-07,,microstay,checked_out,False,0,0,1980.92,0.00,237.71,1980.92,False
4751,BK0004751,6724,2,1,2026-06-30,2026-07-07,2026-07-09,,nightly,checked_out,False,2,7,13845.00,0.00,2769.00,6922.50,False
4752,BK0004752,452,3,3,2026-04-13,2026-07-07,2026-07-08,,nightly,checked_out,False,1,85,4041.01,0.00,727.38,4041.01,False
4753,BK0004753,3665,3,3,2026-07-02,2026-07-07,2026-07-08,,nightly,checked_out,False,1,5,3621.13,639.02,651.80,3621.13,False
4754,BK0004754,9358,1,6,2026-07-01,2026-07-08,2026-07-13,,nightly,checked_out,False,5,7,23333.25,0.00,0.00,4666.65,False
4755,BK0004755,1420,1,1,2026-06-16,2026-07-08,2026-07-10,,nightly,checked_out,False,2,22,10517.82,0.00,2103.56,5258.91,False
4756,BK0004756,4567,1,1,2026-06-30,2026-07-08,2026-07-09,,nightly,checked_out,False,1,8,4602.42,0.00,920.48,4602.42,False
4757,BK0004757,5329,1,8,2026-07-07,2026-07-08,2026-07-09,,nightly,checked_out,False,1,1,7659.52,0.00,0.00,7659.52,False
4758,BK0004758,5385,1,6,2026-07-05,2026-07-08,2026-07-21,,nightly,checked_out,False,13,3,70627.96,0.00,0.00,5432.92,False
4759,BK0004759,7085,1,2,2026-06-07,2026-07-08,2026-07-09,,nightly,checked_out,False,1,31,7270.68,0.00,1236.02,7270.68,False
4760,BK0004760,6870,1,2,2026-07-03,2026-07-08,2026-07-10,2026-07-07,nightly,cancelled,True,2,5,9097.47,1010.83,1546.57,4548.74,False
4761,BK0004761,6169,1,6,2026-06-29,2026-07-08,2026-07-16,,nightly,checked_out,False,8,9,31603.60,0.00,0.00,3950.45,False
4762,BK0004762,4809,1,4,2026-06-03,2026-07-08,2026-07-09,,nightly,checked_out,False,1,35,3082.84,342.54,462.43,3082.84,False
4763,BK0004763,4116,2,5,2026-06-30,2026-07-08,2026-07-12,,nightly,checked_out,False,4,8,24923.63,1311.77,0.00,6230.91,False
4764,BK0004764,2306,2,1,2026-07-05,2026-07-08,2026-07-11,,nightly,checked_out,False,3,3,13113.42,0.00,2622.68,4371.14,False
4765,BK0004765,8037,2,6,2026-07-01,2026-07-08,2026-07-13,,nightly,checked_out,False,5,7,25652.85,0.00,0.00,5130.57,False
4766,BK0004766,6896,2,1,2026-06-29,2026-07-08,2026-07-09,,nightly,checked_out,False,1,9,5342.22,0.00,1068.44,5342.22,False
4767,BK0004767,1999,2,2,2026-06-07,2026-07-08,2026-07-12,,nightly,checked_out,False,4,31,16165.04,0.00,2748.06,4041.26,False
4768,BK0004768,2602,3,2,2026-07-02,2026-07-08,2026-07-09,2026-07-07,nightly,cancelled,True,1,6,5145.44,0.00,874.72,5145.44,False
4769,BK0004769,1394,3,6,2026-07-07,2026-07-08,2026-07-18,,nightly,checked_out,False,10,1,44179.50,0.00,0.00,4417.95,False
4770,BK0004770,6371,3,5,2026-07-06,2026-07-08,2026-07-09,,nightly,checked_out,False,1,2,3669.74,0.00,0.00,3669.74,False
4771,BK0004771,3321,3,7,2026-07-07,2026-07-08,2026-07-08,,microstay,checked_out,False,0,1,1031.43,114.60,123.77,1031.43,False
4772,BK0004772,1950,3,2,2026-06-16,2026-07-08,2026-07-10,,nightly,checked_out,False,2,22,7419.52,390.50,1261.32,3709.76,False
4773,BK0004773,5762,3,8,2026-07-08,2026-07-08,2026-07-09,,nightly,checked_out,False,1,0,4193.70,0.00,0.00,4193.70,False
4774,BK0004774,4267,1,2,2026-06-25,2026-07-09,2026-07-10,2026-07-02,nightly,cancelled,True,1,14,4243.44,223.34,721.38,4243.44,False
4775,BK0004775,7289,1,3,2026-06-05,2026-07-09,2026-07-10,,nightly,checked_out,False,1,34,3355.22,0.00,603.94,3355.22,False
4776,BK0004776,2477,1,2,2026-07-02,2026-07-09,2026-07-15,,nightly,checked_out,False,6,7,21988.75,2443.19,3738.09,3664.79,False
4777,BK0004777,8789,1,2,2026-06-08,2026-07-09,2026-07-11,,nightly,checked_out,False,2,31,7319.98,385.26,1244.40,3659.99,False
4778,BK0004778,4436,2,6,2026-06-26,2026-07-09,2026-07-18,,nightly,checked_out,False,9,13,44579.48,4953.28,0.00,4953.28,False
4779,BK0004779,3347,2,2,2026-07-01,2026-07-09,2026-07-13,2026-07-05,nightly,cancelled,True,4,8,16682.84,0.00,2836.08,4170.71,False
4780,BK0004780,7372,2,7,2026-07-08,2026-07-09,2026-07-09,,microstay,checked_out,False,0,1,1920.85,0.00,230.50,1920.85,False
4781,BK0004781,3689,3,4,2026-06-27,2026-07-09,2026-07-15,,nightly,checked_out,False,6,12,22492.89,2499.21,3373.93,3748.82,False
4782,BK0004782,8147,3,5,2026-06-28,2026-07-09,2026-07-11,,nightly,checked_out,False,2,11,6144.74,0.00,0.00,3072.37,False
4783,BK0004783,6796,1,8,2026-07-07,2026-07-10,2026-07-15,,nightly,checked_out,False,5,3,16355.20,860.80,0.00,3271.04,False
4784,BK0004784,9129,1,6,2026-07-04,2026-07-10,2026-07-15,,nightly,checked_out,False,5,6,18413.73,2045.97,0.00,3682.75,False
4785,BK0004785,8557,1,3,2026-04-29,2026-07-10,2026-07-11,,nightly,checked_out,False,1,72,6465.28,340.28,1163.75,6465.28,False
4786,BK0004786,6588,1,3,2026-06-29,2026-07-10,2026-07-11,,nightly,checked_out,False,1,11,6909.87,0.00,1243.78,6909.87,False
4787,BK0004787,3388,1,6,2026-07-08,2026-07-10,2026-07-24,,nightly,checked_out,False,14,2,49764.37,8781.95,0.00,3554.60,False
4788,BK0004788,3628,1,5,2026-07-07,2026-07-10,2026-07-16,,nightly,checked_out,False,6,3,30657.42,0.00,0.00,5109.57,False
4789,BK0004789,8262,2,5,2026-06-28,2026-07-10,2026-07-12,,nightly,checked_out,False,2,12,15747.98,0.00,0.00,7873.99,False
4790,BK0004790,2574,2,4,2026-07-02,2026-07-10,2026-07-16,,nightly,checked_out,False,6,8,44533.86,0.00,6680.08,7422.31,False
4791,BK0004791,3633,2,1,2026-06-29,2026-07-10,2026-07-11,2026-07-01,nightly,cancelled,True,1,11,4446.45,0.00,889.29,4446.45,False
4792,BK0004792,3957,3,1,2026-07-03,2026-07-10,2026-07-11,,nightly,checked_out,False,1,7,3374.13,0.00,674.83,3374.13,False
4793,BK0004793,5862,1,4,2026-06-24,2026-07-11,2026-07-15,,nightly,checked_out,False,4,17,13403.08,0.00,2010.46,3350.77,False
4794,BK0004794,7649,1,2,2026-04-05,2026-07-11,2026-07-12,2026-05-16,nightly,cancelled,True,1,97,4089.83,0.00,695.27,4089.83,False
4795,BK0004795,5544,1,3,2026-06-10,2026-07-11,2026-07-13,,nightly,checked_out,False,2,31,12985.26,0.00,2337.35,6492.63,False
4796,BK0004796,6643,1,2,2026-06-20,2026-07-11,2026-07-13,,nightly,checked_out,False,2,21,9365.52,0.00,1592.14,4682.76,False
4797,BK0004797,4777,1,2,2026-06-27,2026-07-11,2026-07-12,2026-06-29,nightly,cancelled,True,1,14,3373.03,0.00,573.42,3373.03,False
4798,BK0004798,3081,2,3,2026-07-09,2026-07-11,2026-07-12,,nightly,checked_out,False,1,2,4258.41,0.00,766.51,4258.41,False
4799,BK0004799,6499,2,1,2026-06-23,2026-07-11,2026-07-12,2026-06-29,nightly,cancelled,True,1,18,3806.44,200.34,761.29,3806.44,False
4800,BK0004800,5589,2,4,2026-06-06,2026-07-11,2026-07-12,2026-06-21,nightly,cancelled,True,1,35,3099.58,163.14,464.94,3099.58,False
4801,BK0004801,6129,3,6,2026-07-03,2026-07-11,2026-08-01,,nightly,checked_out,False,21,8,56224.11,9921.90,0.00,2677.34,False
4802,BK0004802,98,1,5,2026-07-04,2026-07-12,2026-07-22,,nightly,checked_out,False,10,8,61550.60,0.00,0.00,6155.06,False
4803,BK0004803,2364,1,2,2026-06-11,2026-07-12,2026-07-14,,nightly,checked_out,False,2,31,8185.48,0.00,1391.53,4092.74,False
4804,BK0004804,5316,1,4,2026-06-27,2026-07-12,2026-07-18,,nightly,checked_out,False,6,15,23598.18,0.00,3539.73,3933.03,False
4805,BK0004805,8505,2,2,2026-06-16,2026-07-12,2026-07-13,2026-07-11,nightly,cancelled,True,1,26,4374.47,0.00,743.66,4374.47,False
4806,BK0004806,5114,2,7,2026-07-12,2026-07-12,2026-07-12,,microstay,checked_out,False,0,0,2177.32,0.00,261.28,2177.32,False
4807,BK0004807,1318,3,6,2026-06-27,2026-07-12,2026-07-18,,nightly,checked_out,False,6,15,20817.92,2313.10,0.00,3469.65,False
4808,BK0004808,853,3,3,2026-07-05,2026-07-12,2026-07-14,,nightly,checked_out,False,2,7,6411.14,0.00,1154.01,3205.57,False
4809,BK0004809,1,3,1,2026-07-01,2026-07-12,2026-07-16,2026-07-07,nightly,cancelled,True,4,11,12322.80,0.00,2464.56,3080.70,False
4810,BK0004810,2902,1,5,2026-07-12,2026-07-13,2026-07-16,2026-07-12,nightly,cancelled,True,3,1,16530.78,0.00,0.00,5510.26,False
4811,BK0004811,7631,1,1,2026-06-27,2026-07-13,2026-07-15,,nightly,checked_out,False,2,16,9858.56,0.00,1971.71,4929.28,False
4812,BK0004812,1982,1,1,2026-07-04,2026-07-13,2026-07-14,,nightly,checked_out,False,1,9,6905.51,0.00,1381.10,6905.51,False
4813,BK0004813,851,1,7,2026-07-13,2026-07-13,2026-07-13,,microstay,checked_out,False,0,0,1480.11,0.00,177.61,1480.11,False
4814,BK0004814,1108,1,4,2026-07-07,2026-07-13,2026-07-17,,nightly,checked_out,False,4,6,17976.48,0.00,2696.47,4494.12,False
4815,BK0004815,3970,2,6,2026-07-06,2026-07-13,2026-07-19,,nightly,checked_out,False,6,7,29613.38,1558.60,0.00,4935.56,False
4816,BK0004816,9299,2,6,2026-07-11,2026-07-13,2026-07-16,,nightly,checked_out,False,3,2,13746.51,0.00,0.00,4582.17,False
4817,BK0004817,3419,3,5,2026-06-30,2026-07-13,2026-07-15,,nightly,checked_out,False,2,13,8540.72,1507.18,0.00,4270.36,False
4818,BK0004818,6098,3,6,2026-07-10,2026-07-13,2026-07-20,,nightly,checked_out,False,7,3,36386.98,0.00,0.00,5198.14,False
4819,BK0004819,6784,1,5,2026-07-12,2026-07-14,2026-07-16,,nightly,checked_out,False,2,2,9347.36,0.00,0.00,4673.68,False
4820,BK0004820,4819,1,7,2026-07-13,2026-07-14,2026-07-14,,microstay,checked_out,False,0,1,1490.22,0.00,178.83,1490.22,False
4821,BK0004821,1838,1,5,2026-07-08,2026-07-14,2026-07-15,,nightly,checked_out,False,1,6,6925.45,0.00,0.00,6925.45,False
4822,BK0004822,7060,1,2,2026-06-23,2026-07-14,2026-07-15,,nightly,checked_out,False,1,21,3755.08,0.00,638.36,3755.08,False
4823,BK0004823,5261,2,7,2026-07-14,2026-07-14,2026-07-14,,microstay,checked_out,False,0,0,1960.08,103.16,235.21,1960.08,False
4824,BK0004824,8480,2,6,2026-07-09,2026-07-14,2026-08-04,2026-07-10,nightly,cancelled,True,21,5,74704.56,0.00,0.00,3557.36,False
4825,BK0004825,3628,2,3,2026-05-27,2026-07-14,2026-07-15,,nightly,checked_out,False,1,48,7379.88,0.00,1328.38,7379.88,False
4826,BK0004826,5491,2,5,2026-07-09,2026-07-14,2026-07-15,,nightly,checked_out,False,1,5,4498.72,0.00,0.00,4498.72,False
4827,BK0004827,1029,2,3,2026-06-02,2026-07-14,2026-07-15,,nightly,checked_out,False,1,42,5095.60,0.00,917.21,5095.60,False
4828,BK0004828,3464,2,3,2026-07-13,2026-07-14,2026-07-15,,nightly,checked_out,False,1,1,5237.81,0.00,942.81,5237.81,False
4829,BK0004829,4699,3,1,2026-07-03,2026-07-14,2026-07-21,,nightly,checked_out,False,7,11,27171.50,1430.08,5434.30,3881.64,False
4830,BK0004830,2236,3,1,2026-06-28,2026-07-14,2026-07-15,2026-07-08,nightly,cancelled,True,1,16,3289.63,173.14,657.93,3289.63,False
4831,BK0004831,403,3,5,2026-07-03,2026-07-14,2026-07-20,,nightly,checked_out,False,6,11,23615.40,0.00,0.00,3935.90,False
4832,BK0004832,6825,1,1,2026-07-05,2026-07-15,2026-07-17,2026-07-13,nightly,cancelled,True,2,10,8213.12,0.00,1642.62,4106.56,False
4833,BK0004833,798,1,4,2026-06-02,2026-07-15,2026-07-24,,nightly,checked_out,False,9,43,33670.08,3741.12,5050.51,3741.12,False
4834,BK0004834,2422,1,2,2026-07-05,2026-07-15,2026-07-16,,nightly,checked_out,False,1,10,6865.14,361.32,1167.07,6865.14,False
4835,BK0004835,1000,1,2,2026-07-04,2026-07-15,2026-07-16,,nightly,checked_out,False,1,11,5061.64,0.00,860.48,5061.64,False
4836,BK0004836,6652,1,2,2026-07-05,2026-07-15,2026-07-17,,nightly,checked_out,False,2,10,7357.00,0.00,1250.69,3678.50,False
4837,BK0004837,9167,1,3,2026-06-07,2026-07-15,2026-07-17,2026-06-23,nightly,cancelled,True,2,38,9812.57,516.45,1766.26,4906.29,False
4838,BK0004838,4116,1,1,2026-06-21,2026-07-15,2026-07-16,,nightly,checked_out,False,1,24,3586.81,188.78,717.36,3586.81,False
4839,BK0004839,3538,1,7,2026-07-14,2026-07-15,2026-07-15,,microstay,checked_out,False,0,1,1200.30,0.00,144.04,1200.30,False
4840,BK0004840,1568,2,1,2026-07-09,2026-07-15,2026-07-17,,nightly,checked_out,False,2,6,14427.88,0.00,2885.58,7213.94,False
4841,BK0004841,2535,2,6,2026-07-12,2026-07-15,2026-07-17,,nightly,checked_out,False,2,3,14749.12,0.00,0.00,7374.56,False
4842,BK0004842,7881,2,5,2026-07-12,2026-07-15,2026-07-18,,nightly,checked_out,False,3,3,14876.04,0.00,0.00,4958.68,False
4843,BK0004843,4414,2,5,2026-07-13,2026-07-15,2026-07-17,,nightly,checked_out,False,2,2,8605.98,0.00,0.00,4302.99,False
4844,BK0004844,6702,2,4,2026-06-28,2026-07-15,2026-07-27,,nightly,checked_out,False,12,17,52141.20,0.00,7821.18,4345.10,False
4845,BK0004845,64,2,2,2026-07-10,2026-07-15,2026-07-20,2026-07-10,nightly,cancelled,True,5,5,34463.05,1813.85,5858.72,6892.61,False
4846,BK0004846,6395,3,1,2026-07-08,2026-07-15,2026-07-16,,nightly,checked_out,False,1,7,4049.38,0.00,809.88,4049.38,False
4847,BK0004847,1390,3,1,2026-07-11,2026-07-15,2026-07-17,2026-07-14,nightly,cancelled,True,2,4,9957.76,0.00,1991.55,4978.88,False
4848,BK0004848,6498,3,5,2026-07-13,2026-07-15,2026-07-20,,nightly,checked_out,False,5,2,15978.45,0.00,0.00,3195.69,False
4849,BK0004849,1559,1,1,2026-07-13,2026-07-16,2026-07-22,2026-07-15,nightly,cancelled,True,6,3,23145.99,1218.21,4629.20,3857.67,False
4850,BK0004850,1093,1,3,2026-06-27,2026-07-16,2026-07-19,,nightly,checked_out,False,3,19,11725.26,0.00,2110.55,3908.42,False
4851,BK0004851,7626,1,4,2026-07-10,2026-07-16,2026-07-19,,nightly,checked_out,False,3,6,10638.51,0.00,1595.78,3546.17,False
4852,BK0004852,3489,1,7,2026-07-16,2026-07-16,2026-07-16,,microstay,checked_out,False,0,0,1494.35,0.00,179.32,1494.35,False
4853,BK0004853,6885,2,5,2026-07-14,2026-07-16,2026-07-17,,nightly,checked_out,False,1,2,7228.02,0.00,0.00,7228.02,False
4854,BK0004854,8320,2,5,2026-06-30,2026-07-16,2026-07-21,,nightly,checked_out,False,5,16,20460.60,2273.40,0.00,4092.12,False
4855,BK0004855,3305,2,5,2026-06-25,2026-07-16,2026-07-17,,nightly,checked_out,False,1,21,4568.08,0.00,0.00,4568.08,False
4856,BK0004856,6314,2,3,2026-06-28,2026-07-16,2026-07-17,,nightly,checked_out,False,1,18,3464.05,0.00,623.53,3464.05,False
4857,BK0004857,8550,3,1,2026-07-06,2026-07-16,2026-07-18,,nightly,checked_out,False,2,10,6858.30,0.00,1371.66,3429.15,False
4858,BK0004858,2776,3,5,2026-07-11,2026-07-16,2026-07-17,,nightly,checked_out,False,1,5,4113.05,0.00,0.00,4113.05,False
4859,BK0004859,8575,3,6,2026-07-14,2026-07-16,2026-07-19,,nightly,checked_out,False,3,2,14482.47,0.00,0.00,4827.49,False
4860,BK0004860,5000,1,6,2026-07-08,2026-07-17,2026-07-26,,nightly,checked_out,False,9,9,30736.34,3415.15,0.00,3415.15,False
4861,BK0004861,1484,1,7,2026-07-16,2026-07-17,2026-07-17,,microstay,checked_out,False,0,1,1198.32,0.00,143.80,1198.32,False
4862,BK0004862,1560,1,2,2026-07-07,2026-07-17,2026-07-20,,nightly,checked_out,False,3,10,15354.24,0.00,2610.22,5118.08,False
4863,BK0004863,279,1,6,2026-07-10,2026-07-17,2026-07-22,,nightly,checked_out,False,5,7,35287.80,0.00,0.00,7057.56,False
4864,BK0004864,4385,1,2,2026-07-13,2026-07-17,2026-07-22,,nightly,checked_out,False,5,4,17727.95,0.00,3013.75,3545.59,False
4865,BK0004865,4195,1,8,2026-07-17,2026-07-17,2026-07-20,,nightly,checked_out,False,3,0,11685.36,0.00,0.00,3895.12,False
4866,BK0004866,4545,1,4,2026-07-01,2026-07-17,2026-07-23,,nightly,checked_out,False,6,16,25557.99,4510.23,3833.70,4259.67,False
4867,BK0004867,6539,1,6,2026-07-12,2026-07-17,2026-07-22,,nightly,checked_out,False,5,5,26578.45,0.00,0.00,5315.69,False
4868,BK0004868,5645,1,5,2026-07-09,2026-07-17,2026-07-20,,nightly,checked_out,False,3,8,8888.08,987.56,0.00,2962.69,False
4869,BK0004869,7400,2,5,2026-07-15,2026-07-17,2026-07-18,,nightly,checked_out,False,1,2,3804.14,422.68,0.00,3804.14,False
4870,BK0004870,8680,2,7,2026-07-17,2026-07-17,2026-07-17,,microstay,checked_out,False,0,0,1813.98,201.55,217.68,1813.98,False
4871,BK0004871,2103,2,6,2026-07-12,2026-07-17,2026-07-30,,nightly,checked_out,False,13,5,95870.97,0.00,0.00,7374.69,False
4872,BK0004872,450,2,2,2026-07-11,2026-07-17,2026-07-20,,nightly,checked_out,False,3,6,11209.17,0.00,1905.56,3736.39,False
4873,BK0004873,7054,2,7,2026-07-15,2026-07-17,2026-07-17,,microstay,checked_out,False,0,2,1164.71,0.00,139.77,1164.71,False
4874,BK0004874,6183,3,1,2026-07-02,2026-07-17,2026-07-23,,nightly,checked_out,False,6,15,24544.02,0.00,4908.80,4090.67,False
4875,BK0004875,1622,1,2,2026-07-11,2026-07-18,2026-07-19,,nightly,checked_out,False,1,7,3924.54,0.00,667.17,3924.54,False
4876,BK0004876,7688,1,6,2026-07-04,2026-07-18,2026-07-24,,nightly,checked_out,False,6,14,24847.08,0.00,0.00,4141.18,False
4877,BK0004877,9289,2,1,2026-07-09,2026-07-18,2026-07-20,,nightly,checked_out,False,2,9,12915.72,679.78,2583.14,6457.86,False
4878,BK0004878,5908,2,6,2026-07-15,2026-07-18,2026-07-26,,nightly,checked_out,False,8,3,30593.34,1610.18,0.00,3824.17,False
4879,BK0004879,1707,3,6,2026-07-14,2026-07-18,2026-07-29,,nightly,checked_out,False,11,4,42615.87,0.00,0.00,3874.17,False
4880,BK0004880,3355,1,5,2026-07-09,2026-07-19,2026-07-21,,nightly,checked_out,False,2,10,6766.80,0.00,0.00,3383.40,False
4881,BK0004881,4534,1,1,2026-06-29,2026-07-19,2026-07-22,,nightly,checked_out,False,3,20,13442.28,0.00,2688.46,4480.76,False
4882,BK0004882,8410,1,2,2026-07-07,2026-07-19,2026-07-20,,nightly,checked_out,False,1,12,3240.28,0.00,550.85,3240.28,False
4883,BK0004883,3394,1,5,2026-07-12,2026-07-19,2026-07-21,2026-07-15,nightly,cancelled,True,2,7,8603.80,0.00,0.00,4301.90,False
4884,BK0004884,4534,2,8,2026-07-18,2026-07-19,2026-07-20,,nightly,checked_out,False,1,1,3997.69,0.00,0.00,3997.69,False
4885,BK0004885,2248,2,2,2026-07-08,2026-07-19,2026-07-20,,nightly,checked_out,False,1,11,3519.21,621.04,598.27,3519.21,False
4886,BK0004886,1982,2,4,2026-05-28,2026-07-19,2026-07-24,,nightly,checked_out,False,5,52,16556.70,0.00,2483.51,3311.34,False
4887,BK0004887,3100,2,1,2026-07-15,2026-07-19,2026-07-20,,nightly,checked_out,False,1,4,4986.35,262.44,997.27,4986.35,False
4888,BK0004888,5191,3,6,2026-07-15,2026-07-19,2026-07-23,,nightly,checked_out,False,4,4,18181.08,0.00,0.00,4545.27,False
4889,BK0004889,2875,1,3,2026-04-05,2026-07-20,2026-07-22,,nightly,checked_out,False,2,106,8071.12,424.80,1452.80,4035.56,False
4890,BK0004890,3608,1,3,2026-07-05,2026-07-20,2026-07-21,,nightly,checked_out,False,1,15,3504.19,0.00,630.75,3504.19,False
4891,BK0004891,1632,1,1,2026-07-15,2026-07-20,2026-07-22,,nightly,checked_out,False,2,5,10029.97,527.89,2005.99,5014.99,False
4892,BK0004892,2085,1,1,2026-07-10,2026-07-20,2026-07-25,,nightly,checked_out,False,5,10,17835.49,938.71,3567.10,3567.10,False
4893,BK0004893,3641,2,1,2026-07-10,2026-07-20,2026-07-27,,nightly,checked_out,False,7,10,49469.70,0.00,9893.94,7067.10,False
4894,BK0004894,4951,2,3,2026-06-17,2026-07-20,2026-07-22,,nightly,checked_out,False,2,33,9262.82,1634.62,1667.31,4631.41,False
4895,BK0004895,6141,2,3,2026-07-13,2026-07-20,2026-07-21,2026-07-20,nightly,cancelled,True,1,7,3658.79,0.00,658.58,3658.79,False
4896,BK0004896,8094,2,3,2026-07-14,2026-07-20,2026-07-22,,nightly,checked_out,False,2,6,7585.22,0.00,1365.34,3792.61,False
4897,BK0004897,7821,3,7,2026-07-20,2026-07-20,2026-07-20,,microstay,checked_out,False,0,0,931.15,49.01,111.74,931.15,False
4898,BK0004898,7317,3,8,2026-07-16,2026-07-20,2026-07-21,,nightly,checked_out,False,1,4,4320.67,0.00,0.00,4320.67,False
4899,BK0004899,1841,3,5,2026-07-17,2026-07-20,2026-07-21,2026-07-17,nightly,cancelled,True,1,3,4772.07,0.00,0.00,4772.07,False
4900,BK0004900,6129,3,2,2026-07-17,2026-07-20,2026-07-21,,nightly,checked_out,False,1,3,4397.81,776.08,747.63,4397.81,False
4901,BK0004901,2151,1,1,2026-07-18,2026-07-21,2026-07-22,,nightly,checked_out,False,1,3,3400.53,377.84,680.11,3400.53,False
4902,BK0004902,2156,1,4,2026-07-03,2026-07-21,2026-07-22,,nightly,checked_out,False,1,18,5523.79,0.00,828.57,5523.79,False
4903,BK0004903,8591,1,3,2026-05-31,2026-07-21,2026-07-22,,nightly,checked_out,False,1,51,3783.44,0.00,681.02,3783.44,False
4904,BK0004904,1980,1,3,2026-06-25,2026-07-21,2026-07-23,2026-07-07,nightly,cancelled,True,2,26,14521.60,0.00,2613.89,7260.80,False
4905,BK0004905,7250,2,5,2026-07-04,2026-07-21,2026-07-22,,nightly,checked_out,False,1,17,3778.25,419.81,0.00,3778.25,False
4906,BK0004906,446,2,7,2026-07-21,2026-07-21,2026-07-21,,microstay,checked_out,False,0,0,1125.72,0.00,135.09,1125.72,False
4907,BK0004907,4645,2,6,2026-07-19,2026-07-21,2026-07-26,,nightly,checked_out,False,5,2,18171.00,3206.65,0.00,3634.20,False
4908,BK0004908,3335,2,7,2026-07-21,2026-07-21,2026-07-21,,microstay,checked_out,False,0,0,1209.94,213.52,145.19,1209.94,False
4909,BK0004909,1267,2,1,2026-07-11,2026-07-21,2026-07-25,,nightly,checked_out,False,4,10,28864.00,0.00,5772.80,7216.00,False
4910,BK0004910,74,3,7,2026-07-20,2026-07-21,2026-07-21,2026-07-20,microstay,cancelled,True,0,1,961.68,169.71,115.40,961.68,False
4911,BK0004911,5117,3,5,2026-07-18,2026-07-21,2026-07-24,,nightly,checked_out,False,3,3,14304.06,752.85,0.00,4768.02,False
4912,BK0004912,7832,3,6,2026-07-12,2026-07-21,2026-07-24,,nightly,checked_out,False,3,9,14580.24,0.00,0.00,4860.08,False
4913,BK0004913,5683,1,5,2026-07-09,2026-07-22,2026-07-25,,nightly,checked_out,False,3,13,17812.31,3143.35,0.00,5937.44,False
4914,BK0004914,7,1,5,2026-07-03,2026-07-22,2026-07-25,2026-07-17,nightly,cancelled,True,3,19,11525.91,0.00,0.00,3841.97,False
4915,BK0004915,7020,1,7,2026-07-21,2026-07-22,2026-07-22,,microstay,checked_out,False,0,1,1050.06,0.00,126.01,1050.06,False
4916,BK0004916,7815,1,2,2026-07-07,2026-07-22,2026-07-26,,nightly,checked_out,False,4,15,27780.36,0.00,4722.66,6945.09,False
4917,BK0004917,1608,1,6,2026-07-16,2026-07-22,2026-07-23,,nightly,checked_out,False,1,6,4499.02,0.00,0.00,4499.02,False
4918,BK0004918,4545,1,6,2026-07-07,2026-07-22,2026-08-04,,nightly,checked_out,False,13,15,66117.70,3479.88,0.00,5085.98,False
4919,BK0004919,5165,1,2,2026-07-19,2026-07-22,2026-07-26,,nightly,checked_out,False,4,3,17283.43,909.65,2938.18,4320.86,False
4920,BK0004920,9133,1,2,2026-06-12,2026-07-22,2026-07-24,,nightly,checked_out,False,2,40,10589.18,0.00,1800.16,5294.59,False
4921,BK0004921,128,2,4,2026-05-20,2026-07-22,2026-07-25,,nightly,checked_out,False,3,63,11158.02,0.00,1673.70,3719.34,False
4922,BK0004922,4112,2,5,2026-07-03,2026-07-22,2026-08-01,,nightly,checked_out,False,10,19,40932.30,0.00,0.00,4093.23,False
4923,BK0004923,2336,2,1,2026-07-08,2026-07-22,2026-07-23,,nightly,checked_out,False,1,14,5205.51,0.00,1041.10,5205.51,False
4924,BK0004924,1101,2,4,2026-06-14,2026-07-22,2026-07-27,,nightly,checked_out,False,5,38,25990.20,0.00,3898.53,5198.04,False
4925,BK0004925,1808,2,1,2026-07-10,2026-07-22,2026-07-23,,nightly,checked_out,False,1,12,3537.53,186.19,707.51,3537.53,False
4926,BK0004926,1838,2,7,2026-07-21,2026-07-22,2026-07-22,,microstay,checked_out,False,0,1,1437.57,75.66,172.51,1437.57,False
4927,BK0004927,964,2,1,2026-07-13,2026-07-22,2026-07-23,2026-07-15,nightly,cancelled,True,1,9,3518.20,0.00,703.64,3518.20,False
4928,BK0004928,8496,2,4,2026-07-16,2026-07-22,2026-07-23,,nightly,checked_out,False,1,6,4612.54,0.00,691.88,4612.54,False
4929,BK0004929,2105,2,4,2026-05-24,2026-07-22,2026-07-26,2026-07-22,nightly,cancelled,True,4,59,31107.12,0.00,4666.07,7776.78,False
4930,BK0004930,301,3,6,2026-07-18,2026-07-22,2026-07-27,,nightly,checked_out,False,5,4,16126.05,0.00,0.00,3225.21,False
4931,BK0004931,8893,3,6,2026-07-17,2026-07-22,2026-08-01,,nightly,checked_out,False,10,5,32635.00,0.00,0.00,3263.50,False
4932,BK0004932,4256,1,5,2026-07-08,2026-07-23,2026-07-25,,nightly,checked_out,False,2,15,9537.00,0.00,0.00,4768.50,False
4933,BK0004933,4829,1,3,2026-07-19,2026-07-23,2026-07-26,,nightly,checked_out,False,3,4,10363.02,0.00,1865.34,3454.34,False
4934,BK0004934,2739,1,2,2026-07-05,2026-07-23,2026-07-24,,nightly,checked_out,False,1,18,5165.45,0.00,878.13,5165.45,False
4935,BK0004935,2020,1,1,2026-07-15,2026-07-23,2026-07-31,2026-07-15,nightly,cancelled,True,8,8,25706.81,2856.31,5141.36,3213.35,False
4936,BK0004936,7403,1,1,2026-06-22,2026-07-23,2026-07-24,2026-06-26,nightly,cancelled,True,1,31,3616.56,638.22,723.31,3616.56,False
4937,BK0004937,3759,1,4,2026-07-06,2026-07-23,2026-07-26,,nightly,checked_out,False,3,17,10583.40,0.00,1587.51,3527.80,False
4938,BK0004938,9186,1,3,2026-07-10,2026-07-23,2026-07-24,2026-07-12,nightly,cancelled,True,1,13,3588.16,0.00,645.87,3588.16,False
4939,BK0004939,5894,2,7,2026-07-22,2026-07-23,2026-07-23,,microstay,checked_out,False,0,1,881.68,97.97,105.80,881.68,False
4940,BK0004940,900,2,6,2026-07-13,2026-07-23,2026-08-02,2026-07-22,nightly,cancelled,True,10,10,38780.64,4308.96,0.00,3878.06,False
4941,BK0004941,5596,2,6,2026-07-16,2026-07-23,2026-07-26,,nightly,checked_out,False,3,7,14637.39,0.00,0.00,4879.13,False
4942,BK0004942,1703,2,2,2026-07-08,2026-07-23,2026-07-24,2026-07-16,nightly,cancelled,True,1,15,3326.36,587.00,565.48,3326.36,False
4943,BK0004943,1416,2,1,2026-06-20,2026-07-23,2026-07-26,,nightly,checked_out,False,3,33,16955.01,0.00,3391.00,5651.67,False
4944,BK0004944,8072,2,1,2026-07-10,2026-07-23,2026-07-25,2026-07-18,nightly,cancelled,True,2,13,7785.25,865.03,1557.05,3892.63,False
4945,BK0004945,4779,3,1,2026-07-04,2026-07-23,2026-07-26,,nightly,no_show,False,3,19,15293.73,0.00,3058.75,5097.91,False
4946,BK0004946,7169,3,1,2026-07-14,2026-07-23,2026-07-24,,nightly,checked_out,False,1,9,3927.34,206.70,785.47,3927.34,False
4947,BK0004947,2223,3,5,2026-07-13,2026-07-23,2026-07-24,,nightly,checked_out,False,1,10,4171.96,0.00,0.00,4171.96,False
4948,BK0004948,5581,3,7,2026-07-23,2026-07-23,2026-07-23,,microstay,checked_out,False,0,0,974.16,108.24,116.90,974.16,False
4949,BK0004949,5618,3,5,2026-07-11,2026-07-23,2026-07-24,2026-07-23,nightly,cancelled,True,1,12,4164.05,0.00,0.00,4164.05,False
4950,BK0004950,1263,1,2,2026-06-23,2026-07-24,2026-07-25,,nightly,checked_out,False,1,31,4267.08,0.00,725.40,4267.08,False
4951,BK0004951,7568,1,6,2026-07-19,2026-07-24,2026-07-26,,nightly,checked_out,False,2,5,9545.68,0.00,0.00,4772.84,False
4952,BK0004952,8597,1,8,2026-07-23,2026-07-24,2026-07-27,,nightly,checked_out,False,3,1,12401.07,0.00,0.00,4133.69,False
4953,BK0004953,6937,2,2,2026-07-06,2026-07-24,2026-07-26,,nightly,checked_out,False,2,18,8321.52,0.00,1414.66,4160.76,False
4954,BK0004954,7950,2,4,2026-07-18,2026-07-24,2026-07-28,,nightly,checked_out,False,4,6,13957.80,0.00,2093.67,3489.45,False
4955,BK0004955,9315,2,1,2026-06-22,2026-07-24,2026-07-28,,nightly,checked_out,False,4,32,13294.45,699.71,2658.89,3323.61,False
4956,BK0004956,3388,3,5,2026-07-21,2026-07-24,2026-07-28,,nightly,checked_out,False,4,3,15979.72,1775.52,0.00,3994.93,False
4957,BK0004957,2448,3,5,2026-07-18,2026-07-24,2026-07-27,,nightly,checked_out,False,3,6,13910.31,0.00,0.00,4636.77,False
4958,BK0004958,647,1,1,2026-07-02,2026-07-25,2026-07-27,2026-07-14,nightly,cancelled,True,2,23,6847.09,760.79,1369.42,3423.55,False
4959,BK0004959,5882,1,3,2026-07-10,2026-07-25,2026-07-27,2026-07-11,nightly,cancelled,True,2,15,7293.11,383.85,1312.76,3646.56,False
4960,BK0004960,7405,1,1,2026-07-15,2026-07-25,2026-07-27,,nightly,checked_out,False,2,10,6325.75,332.93,1265.15,3162.88,False
4961,BK0004961,6325,1,6,2026-07-24,2026-07-25,2026-08-01,,nightly,checked_out,False,7,1,24279.02,1277.84,0.00,3468.43,False
4962,BK0004962,7204,2,4,2026-07-16,2026-07-25,2026-07-26,,nightly,checked_out,False,1,9,3306.22,0.00,495.93,3306.22,False
4963,BK0004963,285,2,1,2026-07-10,2026-07-25,2026-07-27,2026-07-18,nightly,cancelled,True,2,15,6991.78,0.00,1398.36,3495.89,False
4964,BK0004964,4635,3,7,2026-07-25,2026-07-25,2026-07-25,,microstay,checked_out,False,0,0,964.31,0.00,115.72,964.31,False
4965,BK0004965,7543,1,2,2026-07-24,2026-07-26,2026-07-28,,nightly,no_show,False,2,2,7515.05,395.53,1277.56,3757.53,False
4966,BK0004966,935,1,2,2026-07-17,2026-07-26,2026-07-27,,nightly,checked_out,False,1,9,6814.85,0.00,1158.52,6814.85,False
4967,BK0004967,662,1,8,2026-07-25,2026-07-26,2026-07-27,,nightly,checked_out,False,1,1,4227.73,0.00,0.00,4227.73,False
4968,BK0004968,9214,1,1,2026-07-24,2026-07-26,2026-07-27,,nightly,checked_out,False,1,2,3301.43,0.00,660.29,3301.43,False
4969,BK0004969,5150,1,1,2026-07-05,2026-07-26,2026-07-27,,nightly,checked_out,False,1,21,2955.76,0.00,591.15,2955.76,False
4970,BK0004970,8081,1,1,2026-07-16,2026-07-26,2026-07-28,,nightly,checked_out,False,2,10,9538.62,0.00,1907.72,4769.31,False
4971,BK0004971,3321,1,4,2026-06-18,2026-07-26,2026-07-31,2026-07-01,nightly,cancelled,True,5,38,23223.70,1222.30,3483.55,4644.74,False
4972,BK0004972,8822,2,6,2026-07-23,2026-07-26,2026-07-31,,nightly,checked_out,False,5,3,23022.54,2558.06,0.00,4604.51,False
4973,BK0004973,6547,2,6,2026-07-25,2026-07-26,2026-08-04,,nightly,checked_out,False,9,1,31387.49,5538.97,0.00,3487.50,False
4974,BK0004974,4425,2,1,2026-06-20,2026-07-26,2026-07-28,,nightly,checked_out,False,2,36,13377.40,0.00,2675.48,6688.70,False
4975,BK0004975,6144,2,1,2026-07-23,2026-07-26,2026-07-30,,nightly,checked_out,False,4,3,16506.28,0.00,3301.26,4126.57,False
4976,BK0004976,10,2,2,2026-07-04,2026-07-26,2026-07-30,,nightly,checked_out,False,4,22,13391.84,0.00,2276.61,3347.96,False
4977,BK0004977,6285,3,2,2026-06-29,2026-07-26,2026-07-27,,nightly,checked_out,False,1,27,3632.13,0.00,617.46,3632.13,False
4978,BK0004978,8849,1,5,2026-07-20,2026-07-27,2026-07-28,,nightly,checked_out,False,1,7,4282.40,0.00,0.00,4282.40,False
4979,BK0004979,9017,1,3,2026-07-15,2026-07-27,2026-07-28,,nightly,checked_out,False,1,12,7259.96,0.00,1306.79,7259.96,False
4980,BK0004980,8196,1,1,2026-07-11,2026-07-27,2026-07-28,,nightly,checked_out,False,1,16,5141.73,0.00,1028.35,5141.73,False
4981,BK0004981,3041,1,5,2026-07-18,2026-07-27,2026-07-28,,nightly,checked_out,False,1,9,4835.14,0.00,0.00,4835.14,False
4982,BK0004982,9157,1,1,2026-07-12,2026-07-27,2026-07-29,2026-07-16,nightly,cancelled,True,2,15,9112.12,0.00,1822.42,4556.06,False
4983,BK0004983,7913,1,6,2026-07-21,2026-07-27,2026-08-01,,nightly,no_show,False,5,6,18633.32,3288.23,0.00,3726.66,False
4984,BK0004984,1568,2,7,2026-07-27,2026-07-27,2026-07-27,,microstay,checked_out,False,0,0,1489.20,78.38,178.70,1489.20,False
4985,BK0004985,7948,2,7,2026-07-26,2026-07-27,2026-07-27,,microstay,checked_out,False,0,1,1375.73,0.00,165.09,1375.73,False
4986,BK0004986,213,2,1,2026-07-15,2026-07-27,2026-07-28,,nightly,checked_out,False,1,12,3681.29,649.64,736.26,3681.29,False
4987,BK0004987,2565,2,6,2026-07-24,2026-07-27,2026-08-13,,nightly,confirmed,False,17,3,113568.16,0.00,0.00,6680.48,False
4988,BK0004988,7464,2,2,2026-07-05,2026-07-27,2026-08-01,,nightly,checked_out,False,5,22,20156.75,0.00,3426.65,4031.35,False
4989,BK0004989,374,1,5,2026-07-24,2026-07-28,2026-07-30,,nightly,checked_out,False,2,4,9067.78,0.00,0.00,4533.89,False
4990,BK0004990,7212,1,7,2026-07-27,2026-07-28,2026-07-28,,microstay,checked_out,False,0,1,1392.96,0.00,167.16,1392.96,False
4991,BK0004991,338,1,5,2026-07-09,2026-07-28,2026-07-29,,nightly,checked_out,False,1,19,5540.74,0.00,0.00,5540.74,False
4992,BK0004992,8091,1,4,2026-07-17,2026-07-28,2026-07-29,,nightly,checked_out,False,1,11,7238.52,380.97,1085.78,7238.52,False
4993,BK0004993,5342,1,1,2026-07-08,2026-07-28,2026-07-29,,nightly,checked_out,False,1,20,5492.89,0.00,1098.58,5492.89,False
4994,BK0004994,8759,2,1,2026-07-04,2026-07-28,2026-07-29,,nightly,checked_out,False,1,24,3604.73,0.00,720.95,3604.73,False
4995,BK0004995,371,2,1,2026-07-12,2026-07-28,2026-08-01,,nightly,checked_out,False,4,16,15755.96,0.00,3151.19,3938.99,False
4996,BK0004996,6403,2,1,2026-07-16,2026-07-28,2026-07-29,,nightly,checked_out,False,1,12,5466.25,0.00,1093.25,5466.25,False
4997,BK0004997,6363,2,1,2026-07-19,2026-07-28,2026-07-29,,nightly,checked_out,False,1,9,3798.39,0.00,759.68,3798.39,False
4998,BK0004998,3265,2,1,2026-07-14,2026-07-28,2026-08-03,,nightly,checked_out,False,6,14,42299.88,0.00,8459.98,7049.98,False
4999,BK0004999,5835,2,6,2026-07-19,2026-07-28,2026-08-06,,nightly,checked_out,False,9,9,53065.26,0.00,0.00,5896.14,False
5000,BK0005000,91,3,2,2026-07-25,2026-07-28,2026-07-31,,nightly,checked_out,False,3,3,11109.87,0.00,1888.68,3703.29,False
5001,BK0005001,5146,1,1,2026-07-11,2026-07-29,2026-08-03,2026-07-17,nightly,cancelled,True,5,18,28800.15,0.00,5760.03,5760.03,False
5002,BK0005002,6825,1,2,2026-07-10,2026-07-29,2026-07-31,,nightly,checked_out,False,2,19,7274.46,0.00,1236.66,3637.23,False
5003,BK0005003,9124,1,5,2026-07-25,2026-07-29,2026-07-30,,nightly,checked_out,False,1,4,6360.10,706.68,0.00,6360.10,False
5004,BK0005004,5153,1,5,2026-07-24,2026-07-29,2026-08-07,,nightly,checked_out,False,9,5,39908.43,0.00,0.00,4434.27,False
5005,BK0005005,5096,1,5,2026-07-27,2026-07-29,2026-07-30,,nightly,checked_out,False,1,2,5605.62,0.00,0.00,5605.62,False
5006,BK0005006,1592,1,4,2026-07-19,2026-07-29,2026-07-31,2026-07-26,nightly,cancelled,True,2,10,8987.87,998.65,1348.18,4493.94,False
5007,BK0005007,6877,1,4,2026-05-11,2026-07-29,2026-07-31,,nightly,checked_out,False,2,79,7342.55,386.45,1101.38,3671.28,False
5008,BK0005008,806,2,5,2026-07-23,2026-07-29,2026-07-30,,nightly,checked_out,False,1,6,3473.96,0.00,0.00,3473.96,False
5009,BK0005009,4379,2,1,2026-07-19,2026-07-29,2026-07-31,,nightly,no_show,False,2,10,8843.03,1560.53,1768.61,4421.52,False
5010,BK0005010,1852,2,4,2026-07-23,2026-07-29,2026-07-30,,nightly,checked_out,False,1,6,3873.90,0.00,581.09,3873.90,False
5011,BK0005011,9307,3,1,2026-07-26,2026-07-29,2026-08-03,,nightly,checked_out,False,5,3,20778.20,0.00,4155.64,4155.64,False
5012,BK0005012,8971,3,5,2026-07-25,2026-07-29,2026-08-01,,nightly,checked_out,False,3,4,12625.50,0.00,0.00,4208.50,False
5013,BK0005013,2733,1,3,2026-06-30,2026-07-30,2026-08-07,2026-07-01,nightly,cancelled,True,8,30,34805.28,0.00,6264.95,4350.66,False
5014,BK0005014,2561,1,2,2026-07-05,2026-07-30,2026-08-06,,nightly,checked_out,False,7,25,25030.74,0.00,4255.23,3575.82,False
5015,BK0005015,5900,1,3,2026-07-23,2026-07-30,2026-08-01,,nightly,checked_out,False,2,7,8442.38,0.00,1519.63,4221.19,False
5016,BK0005016,6986,1,5,2026-07-28,2026-07-30,2026-07-31,,nightly,checked_out,False,1,2,7231.14,0.00,0.00,7231.14,False
5017,BK0005017,6032,2,7,2026-07-28,2026-07-30,2026-07-30,,microstay,checked_out,False,0,2,2056.61,0.00,246.79,2056.61,False
5018,BK0005018,5246,2,8,2026-07-30,2026-07-30,2026-07-31,,nightly,checked_out,False,1,0,3751.97,0.00,0.00,3751.97,False
5019,BK0005019,261,2,6,2026-07-12,2026-07-30,2026-08-11,,nightly,checked_out,False,12,18,42088.68,0.00,0.00,3507.39,False
5020,BK0005020,4422,2,6,2026-07-26,2026-07-30,2026-08-01,,nightly,checked_out,False,2,4,7823.74,0.00,0.00,3911.87,False
5021,BK0005021,4934,2,7,2026-07-29,2026-07-30,2026-07-30,,microstay,checked_out,False,0,1,1279.23,0.00,153.51,1279.23,False
5022,BK0005022,5395,2,4,2026-07-24,2026-07-30,2026-08-01,2026-07-28,nightly,cancelled,True,2,6,9914.44,0.00,1487.17,4957.22,False
5023,BK0005023,1615,3,7,2026-07-30,2026-07-30,2026-07-30,,microstay,checked_out,False,0,0,1150.07,0.00,138.01,1150.07,False
5024,BK0005024,5153,1,3,2026-07-28,2026-07-31,2026-08-01,2026-07-30,nightly,cancelled,True,1,3,7241.97,0.00,1303.55,7241.97,False
5025,BK0005025,7289,1,6,2026-07-26,2026-07-31,2026-08-06,,nightly,checked_out,False,6,5,20618.84,1085.20,0.00,3436.47,False
5026,BK0005026,7112,1,5,2026-07-19,2026-07-31,2026-08-01,,nightly,checked_out,False,1,12,6885.59,0.00,0.00,6885.59,False
5027,BK0005027,8531,1,3,2026-07-22,2026-07-31,2026-08-05,,nightly,checked_out,False,5,9,14842.75,1649.20,2671.70,2968.55,False
5028,BK0005028,4326,1,5,2026-07-09,2026-07-31,2026-08-02,,nightly,checked_out,False,2,22,6649.90,0.00,0.00,3324.95,False
5029,BK0005029,3338,1,5,2026-07-20,2026-07-31,2026-08-05,,nightly,checked_out,False,5,11,25775.45,0.00,0.00,5155.09,False
5030,BK0005030,8148,2,7,2026-07-31,2026-07-31,2026-07-31,,microstay,checked_out,False,0,0,1258.12,0.00,150.97,1258.12,False
5031,BK0005031,5455,2,2,2026-07-19,2026-07-31,2026-08-02,,nightly,checked_out,False,2,12,11519.74,0.00,1958.36,5759.87,False
5032,BK0005032,6405,2,3,2026-07-10,2026-07-31,2026-08-04,,nightly,checked_out,False,4,21,27445.00,3049.44,4940.10,6861.25,False
5033,BK0005033,553,2,3,2026-07-28,2026-07-31,2026-08-01,,nightly,checked_out,False,1,3,3553.12,0.00,639.56,3553.12,False
5034,BK0005034,450,2,8,2026-07-31,2026-07-31,2026-08-02,,nightly,checked_out,False,2,0,10053.32,0.00,0.00,5026.66,False
5035,BK0005035,1506,2,8,2026-07-30,2026-07-31,2026-08-02,2026-07-31,nightly,cancelled,True,2,1,6844.74,0.00,0.00,3422.37,False
5036,BK0005036,253,2,2,2026-07-18,2026-07-31,2026-08-01,2026-07-27,nightly,cancelled,True,1,13,4076.14,0.00,692.94,4076.14,False
5037,BK0005037,7097,3,5,2026-07-28,2026-07-31,2026-08-03,2026-07-29,nightly,cancelled,True,3,3,9818.02,516.74,0.00,3272.67,False
5038,BK0005038,8432,3,7,2026-07-31,2026-07-31,2026-07-31,,microstay,checked_out,False,0,0,1216.59,64.03,145.99,1216.59,False
5039,BK0005039,2854,3,5,2026-07-28,2026-07-31,2026-08-04,,nightly,checked_out,False,4,3,15228.76,0.00,0.00,3807.19,False
5040,BK0005040,3765,3,4,2026-07-09,2026-07-31,2026-08-03,,nightly,checked_out,False,3,22,9150.95,481.63,1372.64,3050.32,False
5041,BK0005041,6209,3,3,2026-07-26,2026-07-31,2026-08-02,,nightly,checked_out,False,2,5,8014.66,0.00,1442.64,4007.33,False
5042,BK0005042,6051,3,5,2026-07-26,2026-07-31,2026-08-02,,nightly,checked_out,False,2,5,8940.50,0.00,0.00,4470.25,False
5043,BK0005043,2675,1,5,2026-07-18,2026-08-01,2026-08-03,,nightly,checked_out,False,2,14,12849.26,0.00,0.00,6424.63,False
5044,BK0005044,1265,1,1,2026-07-30,2026-08-01,2026-08-07,,nightly,checked_out,False,6,2,24893.10,0.00,4978.62,4148.85,False
5045,BK0005045,5179,1,2,2026-07-28,2026-08-01,2026-08-04,,nightly,checked_out,False,3,4,12041.94,0.00,2047.13,4013.98,False
5046,BK0005046,8399,1,5,2026-07-25,2026-08-01,2026-08-03,,nightly,checked_out,False,2,7,9296.48,0.00,0.00,4648.24,False
5047,BK0005047,2870,2,2,2026-07-17,2026-08-01,2026-08-03,2026-07-28,nightly,cancelled,True,2,15,6866.42,0.00,1167.29,3433.21,False
5048,BK0005048,927,2,1,2026-07-20,2026-08-01,2026-08-02,,nightly,checked_out,False,1,12,3484.28,387.14,696.86,3484.28,False
5049,BK0005049,3189,2,4,2026-07-14,2026-08-01,2026-08-03,,nightly,checked_out,False,2,18,7935.12,0.00,1190.27,3967.56,False
5050,BK0005050,5589,2,1,2026-07-21,2026-08-01,2026-08-04,,nightly,checked_out,False,3,11,10707.60,0.00,2141.52,3569.20,False
5051,BK0005051,3041,1,2,2026-07-26,2026-08-02,2026-08-04,,nightly,checked_out,False,2,7,8105.60,0.00,1377.95,4052.80,False
5052,BK0005052,6141,1,1,2026-07-27,2026-08-02,2026-08-03,,nightly,checked_out,False,1,6,3314.79,0.00,662.96,3314.79,False
5053,BK0005053,6524,1,4,2026-07-29,2026-08-02,2026-08-05,,nightly,checked_out,False,3,4,12577.59,0.00,1886.64,4192.53,False
5054,BK0005054,508,1,4,2026-07-08,2026-08-02,2026-08-04,,nightly,checked_out,False,2,25,12502.48,0.00,1875.37,6251.24,False
5055,BK0005055,4427,1,5,2026-07-16,2026-08-02,2026-08-03,,nightly,checked_out,False,1,17,4234.65,0.00,0.00,4234.65,False
5056,BK0005056,8560,2,4,2026-07-26,2026-08-02,2026-08-03,,nightly,checked_out,False,1,7,3167.19,166.69,475.08,3167.19,False
5057,BK0005057,1827,2,6,2026-07-27,2026-08-02,2026-08-11,,nightly,checked_out,False,9,6,44808.21,0.00,0.00,4978.69,False
5058,BK0005058,8692,3,6,2026-08-01,2026-08-02,2026-08-07,,nightly,checked_out,False,5,1,17531.90,0.00,0.00,3506.38,False
5059,BK0005059,6416,3,6,2026-07-30,2026-08-02,2026-08-04,,nightly,checked_out,False,2,3,7488.02,0.00,0.00,3744.01,False
5060,BK0005060,7382,1,1,2026-07-31,2026-08-03,2026-08-05,,nightly,checked_out,False,2,3,9868.90,0.00,1973.78,4934.45,False
5061,BK0005061,3669,1,2,2026-07-23,2026-08-03,2026-08-06,2026-07-29,nightly,cancelled,True,3,11,16770.66,0.00,2851.01,5590.22,False
5062,BK0005062,2502,1,5,2026-07-28,2026-08-03,2026-08-08,,nightly,checked_out,False,5,6,20271.50,0.00,0.00,4054.30,False
5063,BK0005063,5181,1,5,2026-07-28,2026-08-03,2026-08-07,,nightly,checked_out,False,4,6,28763.84,0.00,0.00,7190.96,False
5064,BK0005064,4248,1,4,2026-08-01,2026-08-03,2026-08-14,,nightly,confirmed,False,11,2,56285.57,0.00,8442.84,5116.87,False
5065,BK0005065,3427,2,5,2026-07-15,2026-08-03,2026-08-04,,nightly,checked_out,False,1,19,7050.50,0.00,0.00,7050.50,False
5066,BK0005066,4246,2,1,2026-07-17,2026-08-03,2026-08-06,,nightly,checked_out,False,3,17,12661.29,0.00,2532.26,4220.43,False
5067,BK0005067,4988,2,5,2026-08-01,2026-08-03,2026-08-06,,nightly,checked_out,False,3,2,13326.00,0.00,0.00,4442.00,False
5068,BK0005068,3696,2,1,2026-07-31,2026-08-03,2026-08-08,2026-07-31,nightly,cancelled,True,5,3,22079.85,0.00,4415.97,4415.97,False
5069,BK0005069,3819,2,1,2026-07-18,2026-08-03,2026-08-05,,nightly,checked_out,False,2,16,7366.06,0.00,1473.21,3683.03,False
5070,BK0005070,2182,2,1,2026-07-30,2026-08-03,2026-08-05,2026-07-31,nightly,cancelled,True,2,4,8604.26,0.00,1720.85,4302.13,False
5071,BK0005071,7639,3,1,2026-07-29,2026-08-03,2026-08-07,,nightly,checked_out,False,4,5,12905.78,1433.98,2581.16,3226.45,False
5072,BK0005072,4160,3,5,2026-08-01,2026-08-03,2026-08-08,,nightly,checked_out,False,5,2,17853.55,0.00,0.00,3570.71,False
5073,BK0005073,5322,1,2,2026-07-23,2026-08-04,2026-08-05,,nightly,checked_out,False,1,12,6663.18,350.69,1132.74,6663.18,False
5074,BK0005074,2517,1,4,2026-06-21,2026-08-04,2026-08-05,,nightly,checked_out,False,1,44,4721.19,524.58,708.18,4721.19,False
5075,BK0005075,7833,1,1,2026-07-30,2026-08-04,2026-08-08,,nightly,checked_out,False,4,5,12909.92,1434.44,2581.98,3227.48,False
5076,BK0005076,242,1,5,2026-07-16,2026-08-04,2026-08-06,,nightly,checked_out,False,2,19,8825.58,0.00,0.00,4412.79,False
5077,BK0005077,4806,1,6,2026-07-27,2026-08-04,2026-08-18,,nightly,confirmed,False,14,8,63350.70,0.00,0.00,4525.05,False
5078,BK0005078,2668,2,1,2026-07-29,2026-08-04,2026-08-06,,nightly,checked_out,False,2,6,10467.58,0.00,2093.52,5233.79,False
5079,BK0005079,1000,2,4,2026-07-28,2026-08-04,2026-08-16,2026-08-01,nightly,cancelled,True,12,7,49304.43,2594.97,7395.66,4108.70,False
5080,BK0005080,8910,2,6,2026-08-03,2026-08-04,2026-08-07,,nightly,checked_out,False,3,1,23251.71,0.00,0.00,7750.57,False
5081,BK0005081,6242,2,6,2026-07-27,2026-08-04,2026-08-07,,nightly,checked_out,False,3,8,22040.82,0.00,0.00,7346.94,False
5082,BK0005082,3930,2,2,2026-07-17,2026-08-04,2026-08-08,,nightly,checked_out,False,4,18,12361.62,2181.46,2101.48,3090.41,False
5083,BK0005083,5471,2,2,2026-07-16,2026-08-04,2026-08-08,,nightly,checked_out,False,4,19,17147.99,902.53,2915.16,4287.00,False
5084,BK0005084,6682,2,1,2026-07-19,2026-08-04,2026-08-06,2026-07-30,nightly,cancelled,True,2,16,14591.36,0.00,2918.27,7295.68,False
5085,BK0005085,3967,2,2,2026-07-22,2026-08-04,2026-08-05,,nightly,checked_out,False,1,13,4376.54,230.34,744.01,4376.54,False
5086,BK0005086,3590,3,5,2026-06-21,2026-08-04,2026-08-06,,nightly,checked_out,False,2,44,8204.42,0.00,0.00,4102.21,False
5087,BK0005087,6765,1,1,2026-07-21,2026-08-05,2026-08-06,2026-08-02,nightly,cancelled,True,1,15,4323.01,0.00,864.60,4323.01,False
5088,BK0005088,7381,1,6,2026-07-29,2026-08-05,2026-08-18,,nightly,confirmed,False,13,7,93186.86,0.00,0.00,7168.22,False
5089,BK0005089,2760,1,4,2026-07-29,2026-08-05,2026-08-08,,nightly,checked_out,False,3,7,15452.50,1716.95,2317.88,5150.83,False
5090,BK0005090,202,1,5,2026-07-18,2026-08-05,2026-08-07,,nightly,checked_out,False,2,18,7889.96,415.26,0.00,3944.98,False
5091,BK0005091,2454,1,3,2026-07-16,2026-08-05,2026-08-07,,nightly,checked_out,False,2,20,10233.40,0.00,1842.01,5116.70,False
5092,BK0005092,2167,1,2,2026-07-11,2026-08-05,2026-08-08,,nightly,checked_out,False,3,25,15774.06,0.00,2681.59,5258.02,False
5093,BK0005093,9167,1,7,2026-08-05,2026-08-05,2026-08-05,2026-08-04,microstay,cancelled,True,0,0,1038.30,0.00,124.60,1038.30,False
5094,BK0005094,3125,2,5,2026-07-23,2026-08-05,2026-08-14,,nightly,confirmed,False,9,13,39189.69,0.00,0.00,4354.41,False
5095,BK0005095,8538,2,3,2026-07-20,2026-08-05,2026-08-08,,nightly,checked_out,False,3,16,9960.49,524.24,1792.89,3320.16,False
5096,BK0005096,5887,2,2,2026-07-30,2026-08-05,2026-08-07,,nightly,checked_out,False,2,6,8585.95,953.99,1459.61,4292.98,False
5097,BK0005097,8099,3,2,2026-06-26,2026-08-05,2026-08-06,2026-07-01,nightly,cancelled,True,1,40,2998.65,529.17,509.77,2998.65,False
5098,BK0005098,5344,3,2,2026-07-29,2026-08-05,2026-08-07,,nightly,checked_out,False,2,7,8066.16,0.00,1371.25,4033.08,False
5099,BK0005099,1998,3,6,2026-07-19,2026-08-05,2026-08-08,,nightly,checked_out,False,3,17,15675.33,0.00,0.00,5225.11,False
5100,BK0005100,8775,3,3,2026-07-30,2026-08-05,2026-08-09,,nightly,checked_out,False,4,6,19592.00,0.00,3526.56,4898.00,False
5101,BK0005101,6442,3,6,2026-07-27,2026-08-05,2026-08-13,,nightly,confirmed,False,8,9,30686.06,1615.06,0.00,3835.76,False
5102,BK0005102,2532,3,4,2026-07-06,2026-08-05,2026-08-07,,nightly,checked_out,False,2,30,8632.66,0.00,1294.90,4316.33,False
5103,BK0005103,6318,3,1,2026-07-29,2026-08-05,2026-08-08,,nightly,checked_out,False,3,7,15230.67,0.00,3046.13,5076.89,False
5104,BK0005104,3323,1,6,2026-07-27,2026-08-06,2026-08-15,,nightly,confirmed,False,9,10,31781.55,1672.71,0.00,3531.28,False
5105,BK0005105,2469,1,2,2026-06-14,2026-08-06,2026-08-07,,nightly,checked_out,False,1,53,3630.40,0.00,617.17,3630.40,False
5106,BK0005106,7363,1,6,2026-07-31,2026-08-06,2026-08-08,,nightly,checked_out,False,2,6,8931.46,0.00,0.00,4465.73,False
5107,BK0005107,4631,2,2,2026-07-23,2026-08-06,2026-08-14,,nightly,confirmed,False,8,14,41612.96,2190.16,7074.20,5201.62,False
5108,BK0005108,6386,2,3,2026-07-20,2026-08-06,2026-08-07,,nightly,checked_out,False,1,17,4243.22,0.00,763.78,4243.22,False
5109,BK0005109,8248,2,5,2026-07-25,2026-08-06,2026-08-07,,nightly,no_show,False,1,12,5356.10,0.00,0.00,5356.10,False
5110,BK0005110,2545,2,2,2026-07-28,2026-08-06,2026-08-12,,nightly,confirmed,False,6,9,24649.20,0.00,4190.36,4108.20,False
5111,BK0005111,3590,3,1,2026-07-29,2026-08-06,2026-08-09,,nightly,checked_out,False,3,8,13022.49,0.00,2604.50,4340.83,False
5112,BK0005112,3372,3,2,2026-07-17,2026-08-06,2026-08-07,2026-07-30,nightly,cancelled,True,1,20,4336.59,0.00,737.22,4336.59,False
5113,BK0005113,4894,1,6,2026-08-06,2026-08-07,2026-08-25,,nightly,confirmed,False,18,1,66328.16,3490.96,0.00,3684.90,False
5114,BK0005114,2522,1,1,2026-07-23,2026-08-07,2026-08-09,2026-08-03,nightly,cancelled,True,2,15,10344.16,0.00,2068.83,5172.08,False
5115,BK0005115,5935,1,2,2026-08-01,2026-08-07,2026-08-10,,nightly,checked_out,False,3,6,10656.04,560.84,1811.53,3552.01,False
5116,BK0005116,3590,1,7,2026-08-07,2026-08-07,2026-08-07,,microstay,checked_out,False,0,0,1136.11,0.00,136.33,1136.11,False
5117,BK0005117,2626,1,2,2026-07-30,2026-08-07,2026-08-12,,nightly,confirmed,False,5,8,34203.50,0.00,5814.60,6840.70,False
5118,BK0005118,6675,1,4,2026-06-10,2026-08-07,2026-08-08,,nightly,checked_out,False,1,58,3885.46,0.00,582.82,3885.46,False
5119,BK0005119,6129,2,5,2026-08-01,2026-08-07,2026-08-10,,nightly,checked_out,False,3,6,12070.01,635.26,0.00,4023.34,False
5120,BK0005120,3505,2,2,2026-07-29,2026-08-07,2026-08-08,,nightly,checked_out,False,1,9,5521.68,0.00,938.69,5521.68,False
5121,BK0005121,1161,2,6,2026-07-22,2026-08-07,2026-08-24,,nightly,confirmed,False,17,16,126474.90,0.00,0.00,7439.70,False
5122,BK0005122,1329,2,7,2026-08-03,2026-08-07,2026-08-07,,microstay,checked_out,False,0,4,1222.02,0.00,146.64,1222.02,False
5123,BK0005123,3841,2,2,2026-08-03,2026-08-07,2026-08-08,,nightly,checked_out,False,1,4,6566.40,0.00,1116.29,6566.40,False
5124,BK0005124,6174,3,1,2026-07-14,2026-08-07,2026-08-08,,nightly,checked_out,False,1,24,3921.32,0.00,784.26,3921.32,False
5125,BK0005125,3486,3,6,2026-08-06,2026-08-07,2026-08-10,,nightly,no_show,False,3,1,9507.54,500.40,0.00,3169.18,False
5126,BK0005126,1161,3,1,2026-08-01,2026-08-07,2026-08-09,,nightly,checked_out,False,2,6,6638.10,0.00,1327.62,3319.05,False
5127,BK0005127,8240,1,3,2026-07-23,2026-08-08,2026-08-24,,nightly,confirmed,False,16,16,48189.92,0.00,8674.19,3011.87,False
5128,BK0005128,3940,1,5,2026-08-02,2026-08-08,2026-08-12,2026-08-04,nightly,cancelled,True,4,6,13959.86,1551.10,0.00,3489.97,False
5129,BK0005129,1598,2,2,2026-07-26,2026-08-08,2026-08-11,,nightly,checked_out,False,3,13,10474.59,0.00,1780.68,3491.53,False
5130,BK0005130,7552,2,6,2026-08-04,2026-08-08,2026-08-11,,nightly,checked_out,False,3,4,13506.42,0.00,0.00,4502.14,False
5131,BK0005131,926,2,7,2026-08-08,2026-08-08,2026-08-08,,microstay,checked_out,False,0,0,1098.59,0.00,131.83,1098.59,False
5132,BK0005132,3997,2,4,2026-07-23,2026-08-08,2026-08-17,,nightly,confirmed,False,9,16,25467.39,4494.24,3820.11,2829.71,False
5133,BK0005133,1342,2,3,2026-05-04,2026-08-08,2026-08-10,,nightly,checked_out,False,2,96,13080.50,0.00,2354.49,6540.25,False
5134,BK0005134,2826,1,5,2026-08-01,2026-08-09,2026-08-10,,nightly,checked_out,False,1,8,4150.83,0.00,0.00,4150.83,False
5135,BK0005135,3487,1,6,2026-08-07,2026-08-09,2026-08-13,,nightly,confirmed,False,4,2,13689.29,1521.03,0.00,3422.32,False
5136,BK0005136,7552,1,1,2026-08-03,2026-08-09,2026-08-11,,nightly,checked_out,False,2,6,7573.64,841.52,1514.73,3786.82,False
5137,BK0005137,1549,2,4,2026-08-04,2026-08-09,2026-08-12,,nightly,confirmed,False,3,5,12585.42,0.00,1887.81,4195.14,False
5138,BK0005138,8577,2,2,2026-07-28,2026-08-09,2026-08-10,,nightly,checked_out,False,1,12,3935.38,0.00,669.01,3935.38,False
5139,BK0005139,8307,3,5,2026-07-09,2026-08-09,2026-08-17,,nightly,confirmed,False,8,31,24762.06,4369.78,0.00,3095.26,False
5140,BK0005140,4248,3,6,2026-07-25,2026-08-09,2026-08-30,,nightly,confirmed,False,21,15,86753.77,4565.99,0.00,4131.13,False
5141,BK0005141,2623,3,5,2026-08-06,2026-08-09,2026-08-17,,nightly,confirmed,False,8,3,25702.71,4535.77,0.00,3212.84,False
5142,BK0005142,6766,3,2,2026-07-16,2026-08-09,2026-08-10,,nightly,checked_out,False,1,24,2988.30,157.28,508.01,2988.30,False
5143,BK0005143,4161,3,1,2026-08-06,2026-08-09,2026-08-10,,nightly,checked_out,False,1,3,3541.97,625.05,708.39,3541.97,False
5144,BK0005144,3110,3,6,2026-08-08,2026-08-09,2026-08-18,,nightly,confirmed,False,9,1,29322.54,0.00,0.00,3258.06,False
5145,BK0005145,3628,3,5,2026-07-29,2026-08-09,2026-08-11,,nightly,checked_out,False,2,11,8564.84,0.00,0.00,4282.42,False
5146,BK0005146,5143,3,5,2026-07-29,2026-08-09,2026-08-12,,nightly,confirmed,False,3,11,9262.86,0.00,0.00,3087.62,False
5147,BK0005147,4339,3,5,2026-06-26,2026-08-09,2026-08-13,2026-07-10,nightly,cancelled,True,4,44,13094.40,0.00,0.00,3273.60,False
5148,BK0005148,4391,1,1,2026-08-03,2026-08-10,2026-08-13,2026-08-03,nightly,cancelled,True,3,7,10646.40,0.00,2129.28,3548.80,False
5149,BK0005149,3070,1,1,2026-08-06,2026-08-10,2026-08-13,2026-08-07,nightly,cancelled,True,3,4,12263.92,645.47,2452.78,4087.97,False
5150,BK0005150,4081,1,3,2026-07-08,2026-08-10,2026-08-11,,nightly,checked_out,False,1,33,3797.26,670.10,683.51,3797.26,False
5151,BK0005151,8005,1,3,2026-07-26,2026-08-10,2026-08-12,,nightly,confirmed,False,2,15,11230.38,0.00,2021.47,5615.19,False
5152,BK0005152,4194,1,6,2026-08-04,2026-08-10,2026-08-19,,nightly,confirmed,False,9,6,46387.89,0.00,0.00,5154.21,False
5153,BK0005153,6724,1,5,2026-08-01,2026-08-10,2026-08-13,,nightly,confirmed,False,3,9,11308.32,0.00,0.00,3769.44,False
5154,BK0005154,2072,1,6,2026-07-30,2026-08-10,2026-08-23,,nightly,confirmed,False,13,11,42520.14,4724.46,0.00,3270.78,False
5155,BK0005155,1990,1,7,2026-08-09,2026-08-10,2026-08-10,,microstay,checked_out,False,0,1,1496.85,0.00,179.62,1496.85,False
5156,BK0005156,860,1,5,2026-08-08,2026-08-10,2026-08-16,,nightly,confirmed,False,6,2,24751.08,0.00,0.00,4125.18,False
5157,BK0005157,8692,2,5,2026-08-07,2026-08-10,2026-08-11,,nightly,checked_out,False,1,3,4252.43,0.00,0.00,4252.43,False
5158,BK0005158,5496,2,6,2026-08-06,2026-08-10,2026-08-16,,nightly,confirmed,False,6,4,43353.00,0.00,0.00,7225.50,False
5159,BK0005159,2612,2,6,2026-08-08,2026-08-10,2026-08-11,,nightly,checked_out,False,1,2,4419.13,0.00,0.00,4419.13,False
5160,BK0005160,7317,3,6,2026-08-04,2026-08-10,2026-08-21,,nightly,confirmed,False,11,6,36581.27,0.00,0.00,3325.57,False
5161,BK0005161,5812,3,2,2026-08-01,2026-08-10,2026-08-13,,nightly,confirmed,False,3,9,10040.22,1115.58,1706.84,3346.74,False
5162,BK0005162,2103,1,7,2026-08-11,2026-08-11,2026-08-11,,microstay,checked_out,False,0,0,1272.47,0.00,152.70,1272.47,False
5163,BK0005163,6248,1,2,2026-08-08,2026-08-11,2026-08-13,,nightly,confirmed,False,2,3,10937.50,0.00,1859.38,5468.75,False
5164,BK0005164,1443,1,1,2026-07-23,2026-08-11,2026-08-13,,nightly,confirmed,False,2,19,9066.96,0.00,1813.39,4533.48,False
5165,BK0005165,119,2,2,2026-08-07,2026-08-11,2026-08-12,,nightly,confirmed,False,1,4,5399.69,0.00,917.95,5399.69,False
5166,BK0005166,931,2,6,2026-08-10,2026-08-11,2026-08-12,,nightly,confirmed,False,1,1,4897.33,0.00,0.00,4897.33,False
5167,BK0005167,279,2,6,2026-08-07,2026-08-11,2026-08-12,,nightly,confirmed,False,1,4,3621.13,0.00,0.00,3621.13,False
5168,BK0005168,4302,2,2,2026-07-27,2026-08-11,2026-08-13,,nightly,confirmed,False,2,15,10200.20,0.00,1734.03,5100.10,False
5169,BK0005169,1325,2,5,2026-08-07,2026-08-11,2026-08-12,,nightly,confirmed,False,1,4,4103.90,0.00,0.00,4103.90,False
5170,BK0005170,6200,2,5,2026-08-10,2026-08-11,2026-08-13,2026-08-10,nightly,cancelled,True,2,1,8413.52,0.00,0.00,4206.76,False
5171,BK0005171,6724,3,7,2026-08-11,2026-08-11,2026-08-11,,microstay,checked_out,False,0,0,1411.20,0.00,169.34,1411.20,False
5172,BK0005172,1241,3,1,2026-08-10,2026-08-11,2026-08-15,2026-08-11,nightly,cancelled,True,4,1,20414.48,0.00,4082.90,5103.62,False
5173,BK9000000,1854,1,1,2025-11-11,2025-12-04,2025-12-09,,nightly,checked_out,False,5,23,22990.00,0.00,4598.00,4598.00,False
5174,BK9000001,6896,2,1,2026-06-29,2026-07-08,2026-07-09,,nightly,checked_out,False,1,9,5342.22,0.00,1068.44,5342.22,False
5175,BK9000002,9345,1,3,2025-01-29,2025-04-10,2025-04-11,,nightly,checked_out,False,1,71,2989.92,332.21,538.19,2989.92,False
5176,BK9000003,3267,2,1,2025-07-06,2025-07-28,2025-08-02,2025-07-10,nightly,cancelled,True,5,22,23476.16,1235.59,4695.23,4695.23,False
5177,BK9000004,4683,2,1,2026-03-09,2026-03-15,2026-03-19,,nightly,checked_out,False,4,6,30289.84,0.00,6057.97,7572.46,False
5178,BK9000005,7688,1,6,2026-07-04,2026-07-18,2026-07-24,,nightly,checked_out,False,6,14,24847.08,0.00,0.00,4141.18,False
5179,BK9000006,6849,2,6,2025-10-24,2025-11-16,2025-11-18,2025-10-26,nightly,cancelled,True,2,23,13999.36,0.00,0.00,6999.68,False
5180,BK9000007,8908,2,6,2026-06-18,2026-06-30,2026-07-03,,nightly,checked_out,False,3,12,10755.54,1898.04,0.00,3585.18,False
5181,BK9000008,5932,2,5,2025-09-03,2025-09-17,2025-09-24,2025-09-12,nightly,cancelled,True,7,14,29845.27,0.00,0.00,4263.61,False
5182,BK9000009,4904,1,6,2025-02-19,2025-03-25,2025-03-29,,nightly,checked_out,False,4,34,14182.76,0.00,0.00,3545.69,False
5183,BK9000010,8884,2,3,2026-01-01,2026-03-09,2026-03-12,2026-01-15,nightly,cancelled,True,3,67,9550.36,1061.15,1719.06,3183.45,False
5184,BK9000011,2497,1,1,2025-07-19,2025-08-05,2025-08-06,,nightly,checked_out,False,1,17,4219.93,0.00,843.99,4219.93,False
5185,BK9000012,5191,3,6,2026-07-15,2026-07-19,2026-07-23,,nightly,checked_out,False,4,4,18181.08,0.00,0.00,4545.27,False
5186,BK9000013,58,1,7,2026-01-10,2026-01-11,2026-01-11,,microstay,checked_out,False,0,1,1215.44,0.00,145.85,1215.44,False
5187,BK9000014,1782,2,1,2026-01-12,2026-01-28,2026-01-30,2026-01-12,nightly,cancelled,True,2,16,10408.78,0.00,2081.76,5204.39,False
5188,BK9000015,6129,2,5,2026-08-01,2026-08-07,2026-08-10,,nightly,checked_out,False,3,6,12070.01,635.26,0.00,4023.34,False
5189,BK9000016,6587,2,6,2026-06-20,2026-06-27,2026-07-05,,nightly,checked_out,False,8,7,28694.38,3188.26,0.00,3586.80,False
5190,BK9000017,747,2,2,2026-02-16,2026-02-20,2026-02-22,2026-02-17,nightly,cancelled,True,2,4,15867.62,0.00,2697.50,7933.81,False
5191,BK9000018,2532,2,1,2025-10-21,2025-11-03,2025-11-11,,nightly,checked_out,False,8,13,56027.28,0.00,11205.46,7003.41,False
5192,BK9000019,2969,1,6,2025-12-31,2026-01-01,2026-01-16,,nightly,checked_out,False,15,1,39082.83,6896.97,0.00,2605.52,False
5193,BK9000020,3013,1,2,2025-04-19,2025-04-29,2025-04-30,,nightly,checked_out,False,1,10,3830.46,201.60,651.18,3830.46,False
5194,BK9000021,8345,2,7,2025-12-14,2025-12-15,2025-12-15,,microstay,checked_out,False,0,1,919.12,48.37,110.29,919.12,False
5195,BK9000022,7308,2,7,2026-04-27,2026-04-30,2026-04-30,,microstay,checked_out,False,0,3,1232.65,0.00,147.92,1232.65,False
5196,BK9000023,4458,1,2,2025-08-09,2025-09-17,2025-09-26,2025-09-14,nightly,cancelled,True,9,39,38797.29,0.00,6595.54,4310.81,False
5197,BK9000024,3664,2,7,2026-04-27,2026-04-27,2026-04-27,,microstay,checked_out,False,0,0,1147.34,60.39,137.68,1147.34,False
5198,BK9000025,326,1,4,2025-10-17,2025-12-09,2025-12-16,,nightly,checked_out,False,7,53,34714.33,0.00,5207.15,4959.19,False
5199,BK9000026,3062,1,6,2025-04-22,2025-04-28,2025-05-04,,nightly,checked_out,False,6,6,27013.86,0.00,0.00,4502.31,False
5200,BK9000027,1399,2,5,2026-03-12,2026-03-17,2026-03-18,,nightly,no_show,False,1,5,6388.74,0.00,0.00,6388.74,False
5201,BK9000028,9307,1,2,2026-02-17,2026-02-27,2026-02-28,,nightly,checked_out,False,1,9,4337.30,228.28,737.34,4337.30,True
5202,BK9000029,3628,2,8,2025-09-08,2025-09-09,2025-09-13,,nightly,checked_out,False,4,1,22697.00,0.00,0.00,5674.25,False
5203,BK9000030,1301,1,1,2025-02-18,2025-02-25,2025-02-27,,nightly,checked_out,False,2,7,8991.46,473.24,1798.29,4495.73,False
5204,BK9000031,6289,2,6,2026-04-20,2026-05-04,2026-05-07,,nightly,checked_out,False,3,14,10785.84,0.00,0.00,3595.28,False
5205,BK9000032,3933,1,2,2025-01-31,2025-02-03,2025-02-04,,nightly,checked_out,False,1,3,5034.52,0.00,855.87,5034.52,False
5206,BK9000033,9345,1,6,2026-05-19,2026-05-24,2026-05-28,,nightly,checked_out,False,4,5,19367.16,0.00,0.00,4841.79,False
5207,BK9000034,5471,2,2,2026-07-16,2026-08-04,2026-08-08,,nightly,checked_out,False,4,19,17147.99,902.53,2915.16,4287.00,False
5208,BK9000035,512,1,7,2025-08-28,2025-08-28,2025-08-28,,microstay,checked_out,False,0,0,1284.47,0.00,154.14,1284.47,False
5209,BK9000036,4388,1,8,2026-06-08,2026-06-08,2026-06-09,,nightly,checked_out,False,1,0,4238.72,0.00,0.00,4238.72,False
5210,BK9000037,3388,2,6,2025-10-02,2025-10-08,2025-10-28,,nightly,checked_out,False,20,6,79335.64,4175.56,0.00,3966.78,False
5211,BK9000038,4806,2,6,2025-08-02,2025-08-05,2025-08-07,,nightly,checked_out,False,2,3,13696.02,720.84,0.00,6848.01,False
5212,BK9000039,8954,2,1,2025-01-25,2025-02-09,2025-02-10,2025-01-27,nightly,cancelled,True,1,15,6041.08,0.00,1208.22,6041.08,False
5213,BK9000040,739,1,7,2025-10-10,2025-10-10,2025-10-10,,microstay,checked_out,False,0,0,1116.76,0.00,134.01,1116.76,False
5214,BK9000041,7636,2,5,2025-08-09,2025-08-29,2025-08-30,,nightly,checked_out,False,1,20,5161.89,0.00,0.00,5161.89,False
5215,BK9000042,431,1,5,2026-04-19,2026-04-22,2026-04-29,,nightly,checked_out,False,7,3,37529.45,0.00,0.00,5361.35,False
5216,BK9000043,1775,3,2,2026-05-03,2026-05-13,2026-05-15,,nightly,checked_out,False,2,10,7575.42,0.00,1287.82,3787.71,False
5217,BK9000044,6626,1,7,2025-09-04,2025-09-04,2025-09-04,,microstay,checked_out,False,0,0,955.89,0.00,114.71,955.89,False
5218,BK9000045,5681,2,1,2026-02-27,2026-03-20,2026-03-21,,nightly,checked_out,False,1,21,5129.96,270.00,1025.99,5129.96,False
5219,BK9000046,2668,2,1,2026-07-29,2026-08-04,2026-08-06,,nightly,checked_out,False,2,6,10467.58,0.00,2093.52,5233.79,False
5220,BK9000047,1279,1,5,2025-07-28,2025-07-31,2025-08-04,,nightly,checked_out,False,4,3,16267.24,0.00,0.00,4066.81,False
5221,BK9000048,450,2,2,2026-07-11,2026-07-17,2026-07-20,,nightly,checked_out,False,3,6,11209.17,0.00,1905.56,3736.39,False
5222,BK9000049,1285,1,3,2025-04-22,2025-05-14,2025-05-16,,nightly,checked_out,False,2,22,7012.66,779.18,1262.28,3506.33,False
5223,BK9000050,662,2,2,2026-02-03,2026-02-09,2026-02-11,,nightly,checked_out,False,2,6,15848.56,0.00,2694.26,7924.28,False
5224,BK9000051,3489,2,6,2025-08-26,2025-08-28,2025-09-01,,nightly,checked_out,False,4,2,29279.04,0.00,0.00,7319.76,False
5225,BK9000052,34,1,5,2025-09-02,2025-09-13,2025-09-14,2025-09-09,nightly,cancelled,True,1,11,3836.14,0.00,0.00,3836.14,False
5226,BK9000053,8757,2,5,2026-03-04,2026-03-06,2026-03-08,,nightly,checked_out,False,2,2,10203.08,0.00,0.00,5101.54,False
5227,BK9000054,6995,2,3,2026-02-11,2026-02-18,2026-02-19,,nightly,checked_out,False,1,7,4127.33,0.00,742.92,4127.33,False
5228,BK9000055,6428,2,7,2026-02-11,2026-02-12,2026-02-12,,microstay,checked_out,False,0,1,1483.33,78.07,178.00,1483.33,False
