property_key,property_code,stay_date,date_key,year_month,day_name,is_weekend,rooms_available,rooms_out_of_order,unit_nights_physical,rooms_sold,rooms_sold_microstay,room_revenue_net_inr,gst_inr,room_revenue_gross_inr,commission_inr,net_after_commission_inr,occupancy_pct,occupancy_pct_benchmark,occupancy_ooo_gap_pp,adr_inr,adr_excl_microstay_inr,revpar_inr
2,BLR-KOR,2025-08-05,20250805,2025-08,Tuesday,False,14,0,14,12,0,57217.59,6866.11,64083.70,3507.13,53710.46,85.71,85.71,0.00,4768.13,4768.13,4086.97
2,BLR-KOR,2025-07-27,20250727,2025-07,Sunday,True,14,0,14,9,0,43023.12,5613.96,48637.08,3961.38,39061.74,64.29,64.29,0.00,4780.35,4780.35,3073.08
1,BLR-BTM,2025-09-21,20250921,2025-09,Sunday,True,16,0,16,8,0,33595.24,4031.42,37626.66,1761.99,31833.25,50.00,50.00,0.00,4199.41,4199.41,2099.70
1,BLR-BTM,2025-07-20,20250720,2025-07,Sunday,True,15,1,16,9,0,38148.06,4577.78,42725.84,1450.82,36697.24,60.00,56.25,3.75,4238.67,4238.67,2543.20
1,BLR-BTM,2026-03-09,20260309,2026-03,Monday,False,16,0,16,15,0,66617.92,3330.88,69948.80,5841.16,60776.76,93.75,93.75,0.00,4441.19,4441.19,4163.62
2,BLR-KOR,2025-09-10,20250910,2025-09,Wednesday,False,14,0,14,11,1,51367.12,6164.07,57531.19,3793.67,47573.45,78.57,78.57,0.00,4669.74,4991.34,3669.08
1,BLR-BTM,2025-10-27,20251027,2025-10,Monday,False,16,0,16,11,0,41832.09,2091.59,43923.68,1884.58,39947.51,68.75,68.75,0.00,3802.92,3802.92,2614.51
1,BLR-BTM,2025-06-18,20250618,2025-06,Wednesday,False,15,1,16,11,1,43907.41,5268.89,49176.30,3853.23,40054.18,73.33,68.75,4.58,3991.58,4203.64,2927.16
2,BLR-KOR,2025-06-11,20250611,2025-06,Wednesday,False,13,1,14,11,0,49541.86,5945.02,55486.88,2140.40,47401.46,84.62,78.57,6.04,4503.81,4503.81,3810.91
1,BLR-BTM,2025-02-04,20250204,2025-02,Tuesday,False,16,0,16,10,0,45379.70,5445.56,50825.26,2947.71,42431.99,62.50,62.50,0.00,4537.97,4537.97,2836.23
1,BLR-BTM,2026-03-10,20260310,2026-03,Tuesday,False,16,0,16,13,1,56514.33,2825.71,59340.04,5188.39,51325.94,81.25,81.25,0.00,4347.26,4620.94,3532.15
1,BLR-BTM,2025-12-12,20251212,2025-12,Friday,False,16,0,16,15,1,63547.48,3177.39,66724.87,4124.96,59422.52,93.75,93.75,0.00,4236.50,4440.55,3971.72
3,BLR-HSR,2026-03-01,20260301,2026-03,Sunday,True,9,1,10,0,0,0.00,0.00,0.00,0.00,0.00,0.00,0.00,0.00,,,0.00
1,BLR-BTM,2026-03-21,20260321,2026-03,Saturday,True,15,1,16,10,0,45842.12,2292.11,48134.23,4374.86,41467.26,66.67,62.50,4.17,4584.21,4584.21,3056.14
2,BLR-KOR,2025-07-10,20250710,2025-07,Thursday,False,12,2,14,8,0,37774.04,4532.89,42306.93,1508.36,36265.68,66.67,57.14,9.52,4721.76,4721.76,3147.84
3,BLR-HSR,2026-07-29,20260729,2026-07,Wednesday,False,10,0,10,5,0,18008.27,900.42,18908.69,1460.69,16547.58,50.00,50.00,0.00,3601.65,3601.65,1800.83
2,BLR-KOR,2026-02-26,20260226,2026-02,Thursday,False,14,0,14,13,1,62737.84,3136.90,65874.74,6263.51,56474.33,92.86,92.86,0.00,4825.99,5118.41,4481.27
3,BLR-HSR,2026-07-28,20260728,2026-07,Tuesday,False,9,1,10,3,0,9815.01,490.76,10305.77,0.00,9815.01,33.33,30.00,3.33,3271.67,3271.67,1090.56
3,BLR-HSR,2026-04-03,20260403,2026-04,Friday,False,9,1,10,1,0,3678.92,183.95,3862.87,0.00,3678.92,11.11,10.00,1.11,3678.92,3678.92,408.77
2,BLR-KOR,2026-07-18,20260718,2026-07,Saturday,True,14,0,14,9,0,43117.22,2155.87,45273.09,2578.52,40538.70,64.29,64.29,0.00,4790.80,4790.80,3079.80
1,BLR-BTM,2025-12-15,20251215,2025-12,Monday,False,16,0,16,13,1,52261.34,2613.08,54874.42,2587.20,49674.14,81.25,81.25,0.00,4020.10,4241.99,3266.33
2,BLR-KOR,2026-01-15,20260115,2026-01,Thursday,False,14,0,14,7,0,33328.37,2668.84,35997.21,1122.94,32205.43,50.00,50.00,0.00,4761.20,4761.20,2380.60
1,BLR-BTM,2026-01-08,20260108,2026-01,Thursday,False,16,0,16,15,1,59122.93,2956.16,62079.09,5872.04,53250.89,93.75,93.75,0.00,3941.53,4106.22,3695.18
2,BLR-KOR,2025-06-29,20250629,2025-06,Sunday,True,13,1,14,3,0,14760.99,1771.32,16532.31,0.00,14760.99,23.08,21.43,1.65,4920.33,4920.33,1135.46
1,BLR-BTM,2025-06-20,20250620,2025-06,Friday,False,16,0,16,10,0,44070.45,5288.44,49358.89,3051.51,41018.94,62.50,62.50,0.00,4407.05,4407.05,2754.40
2,BLR-KOR,2026-08-11,20260811,2026-08,Tuesday,False,13,1,14,12,0,62327.20,3116.38,65443.58,3996.89,58330.31,92.31,85.71,6.59,5193.93,5193.93,4794.40
1,BLR-BTM,2026-04-03,20260403,2026-04,Friday,False,16,0,16,11,0,50317.33,2515.88,52833.21,4510.68,45806.65,68.75,68.75,0.00,4574.30,4574.30,3144.83
1,BLR-BTM,2025-02-12,20250212,2025-02,Wednesday,False,16,0,16,15,0,63790.07,7654.82,71444.89,2148.80,61641.27,93.75,93.75,0.00,4252.67,4252.67,3986.88
2,BLR-KOR,2026-07-05,20260705,2026-07,Sunday,True,14,0,14,11,0,52184.73,2609.24,54793.97,3154.35,49030.38,78.57,78.57,0.00,4744.07,4744.07,3727.48
1,BLR-BTM,2026-03-31,20260331,2026-03,Tuesday,False,16,0,16,14,2,58693.22,2934.69,61627.91,5459.25,53233.97,87.50,87.50,0.00,4192.37,4633.53,3668.33
3,BLR-HSR,2026-03-31,20260331,2026-03,Tuesday,False,10,0,10,2,0,7374.51,368.73,7743.24,0.00,7374.51,20.00,20.00,0.00,3687.26,3687.26,737.45
3,BLR-HSR,2026-06-06,20260606,2026-06,Saturday,True,10,0,10,7,0,24025.17,1201.26,25226.43,1306.22,22718.95,70.00,70.00,0.00,3432.17,3432.17,2402.52
1,BLR-BTM,2026-04-30,20260430,2026-04,Thursday,False,15,1,16,15,0,62673.63,3133.68,65807.31,3382.53,59291.10,100.00,93.75,6.25,4178.24,4178.24,4178.24
2,BLR-KOR,2025-08-09,20250809,2025-08,Saturday,True,14,0,14,6,0,29330.65,3519.68,32850.33,4405.81,24924.84,42.86,42.86,0.00,4888.44,4888.44,2095.05
2,BLR-KOR,2025-05-20,20250520,2025-05,Tuesday,False,13,1,14,12,0,56216.07,6745.91,62961.98,3735.07,52481.00,92.31,85.71,6.59,4684.67,4684.67,4324.31
3,BLR-HSR,2026-05-08,20260508,2026-05,Friday,False,10,0,10,7,0,25151.38,1257.56,26408.94,2624.62,22526.76,70.00,70.00,0.00,3593.05,3593.05,2515.14
3,BLR-HSR,2026-05-23,20260523,2026-05,Saturday,True,9,1,10,6,0,22700.80,1135.04,23835.84,697.12,22003.68,66.67,60.00,6.67,3783.47,3783.47,2522.31
1,BLR-BTM,2025-08-20,20250820,2025-08,Wednesday,False,16,0,16,13,0,60334.09,7240.09,67574.18,3786.38,56547.71,81.25,81.25,0.00,4641.08,4641.08,3770.88
1,BLR-BTM,2025-09-29,20250929,2025-09,Monday,False,16,0,16,14,0,62559.11,3127.95,65687.06,8891.92,53667.19,87.50,87.50,0.00,4468.51,4468.51,3909.94
1,BLR-BTM,2025-04-29,20250429,2025-04,Tuesday,False,16,0,16,11,0,50241.86,6029.02,56270.88,2146.87,48094.99,68.75,68.75,0.00,4567.44,4567.44,3140.12
2,BLR-KOR,2026-01-24,20260124,2026-01,Saturday,True,14,0,14,11,0,51348.50,2567.41,53915.91,2643.08,48705.42,78.57,78.57,0.00,4668.05,4668.05,3667.75
2,BLR-KOR,2026-04-08,20260408,2026-04,Wednesday,False,13,1,14,8,0,31334.67,1566.74,32901.41,2615.58,28719.09,61.54,57.14,4.40,3916.83,3916.83,2410.36
1,BLR-BTM,2025-05-29,20250529,2025-05,Thursday,False,15,1,16,12,0,49475.47,5937.07,55412.54,2026.66,47448.81,80.00,75.00,5.00,4122.96,4122.96,3298.36
1,BLR-BTM,2026-02-01,20260201,2026-02,Sunday,True,16,0,16,8,0,36048.77,1802.45,37851.22,2437.99,33610.78,50.00,50.00,0.00,4506.10,4506.10,2253.05
1,BLR-BTM,2025-10-11,20251011,2025-10,Saturday,True,13,3,16,13,1,51752.55,2587.63,54340.18,4465.01,47287.54,100.00,81.25,18.75,3980.97,4236.41,3980.97
1,BLR-BTM,2025-07-10,20250710,2025-07,Thursday,False,15,1,16,11,0,46303.50,5556.43,51859.93,3734.20,42569.30,73.33,68.75,4.58,4209.41,4209.41,3086.90
1,BLR-BTM,2025-07-26,20250726,2025-07,Saturday,True,16,0,16,10,0,45369.30,5444.32,50813.62,2947.36,42421.94,62.50,62.50,0.00,4536.93,4536.93,2835.58
1,BLR-BTM,2025-04-19,20250419,2025-04,Saturday,True,16,0,16,10,0,42785.71,5134.28,47919.99,4779.78,38005.93,62.50,62.50,0.00,4278.57,4278.57,2674.11
1,BLR-BTM,2026-03-19,20260319,2026-03,Thursday,False,16,0,16,16,0,72991.53,4661.93,77653.46,2599.18,70392.35,100.00,100.00,0.00,4561.97,4561.97,4561.97
2,BLR-KOR,2026-05-21,20260521,2026-05,Thursday,False,13,1,14,7,0,33132.25,1656.61,34788.86,2795.94,30336.31,53.85,50.00,3.85,4733.18,4733.18,2548.63
1,BLR-BTM,2026-01-31,20260131,2026-01,Saturday,True,16,0,16,12,0,54578.79,2728.96,57307.75,4663.44,49915.35,75.00,75.00,0.00,4548.23,4548.23,3411.17
3,BLR-HSR,2026-07-14,20260714,2026-07,Tuesday,False,10,0,10,8,0,31599.80,1580.00,33179.80,1338.65,30261.15,80.00,80.00,0.00,3949.98,3949.98,3159.98
2,BLR-KOR,2025-10-31,20251031,2025-10,Friday,False,14,0,14,14,1,63734.78,4183.10,67917.88,3464.92,60269.86,100.00,100.00,0.00,4552.48,4826.87,4552.48
1,BLR-BTM,2025-04-30,20250430,2025-04,Wednesday,False,16,0,16,13,0,56467.89,6776.13,63244.02,2904.11,53563.78,81.25,81.25,0.00,4343.68,4343.68,3529.24
1,BLR-BTM,2026-06-06,20260606,2026-06,Saturday,True,14,2,16,14,1,61766.75,3088.35,64855.10,3966.68,57800.07,100.00,87.50,12.50,4411.91,4668.30,4411.91
2,BLR-KOR,2025-08-03,20250803,2025-08,Sunday,True,14,0,14,10,0,47296.84,5675.62,52972.46,3752.19,43544.65,71.43,71.43,0.00,4729.68,4729.68,3378.35
1,BLR-BTM,2025-07-25,20250725,2025-07,Friday,False,16,0,16,16,2,63360.43,7603.25,70963.68,4812.09,58548.34,100.00,100.00,0.00,3960.03,4311.59,3960.03
3,BLR-HSR,2026-06-02,20260602,2026-06,Tuesday,False,10,0,10,6,0,20247.48,1012.38,21259.86,512.77,19734.71,60.00,60.00,0.00,3374.58,3374.58,2024.75
3,BLR-HSR,2026-04-22,20260422,2026-04,Wednesday,False,10,0,10,6,0,22091.28,1104.57,23195.85,1858.30,20232.98,60.00,60.00,0.00,3681.88,3681.88,2209.13
2,BLR-KOR,2025-09-19,20250919,2025-09,Friday,False,14,0,14,10,0,50082.65,6009.92,56092.57,6492.29,43590.36,71.43,71.43,0.00,5008.27,5008.27,3577.33
1,BLR-BTM,2025-05-25,20250525,2025-05,Sunday,True,15,1,16,8,0,31625.45,3795.07,35420.52,2616.61,29008.84,53.33,50.00,3.33,3953.18,3953.18,2108.36
2,BLR-KOR,2025-09-06,20250906,2025-09,Saturday,True,14,0,14,8,0,36992.95,4439.17,41432.12,4204.71,32788.24,57.14,57.14,0.00,4624.12,4624.12,2642.35
1,BLR-BTM,2026-03-15,20260315,2026-03,Sunday,True,15,1,16,9,0,38126.68,1906.33,40033.01,1573.12,36553.56,60.00,56.25,3.75,4236.30,4236.30,2541.78
1,BLR-BTM,2025-09-12,20250912,2025-09,Friday,False,16,0,16,10,0,46668.99,5600.28,52269.27,3222.41,43446.58,62.50,62.50,0.00,4666.90,4666.90,2916.81
1,BLR-BTM,2026-06-25,20260625,2026-06,Thursday,False,16,0,16,13,0,56399.89,2820.00,59219.89,2431.20,53968.69,81.25,81.25,0.00,4338.45,4338.45,3524.99
2,BLR-KOR,2025-02-27,20250227,2025-02,Thursday,False,14,0,14,10,0,49543.16,5945.17,55488.33,4113.42,45429.74,71.43,71.43,0.00,4954.32,4954.32,3538.80
2,BLR-KOR,2025-11-03,20251103,2025-11,Monday,False,13,1,14,12,1,55135.37,2756.76,57892.13,4534.56,50600.81,92.31,85.71,6.59,4594.61,4887.41,4241.18
2,BLR-KOR,2026-02-10,20260210,2026-02,Tuesday,False,14,0,14,13,0,62433.85,4151.85,66585.70,5661.36,56772.49,92.86,92.86,0.00,4802.60,4802.60,4459.56
2,BLR-KOR,2025-10-03,20251003,2025-10,Friday,False,13,1,14,11,1,51836.44,3692.91,55529.35,3825.32,48011.12,84.62,78.57,6.04,4712.40,5093.25,3987.42
1,BLR-BTM,2026-04-29,20260429,2026-04,Wednesday,False,16,0,16,15,0,61907.18,3095.35,65002.53,3252.76,58654.42,93.75,93.75,0.00,4127.15,4127.15,3869.20
1,BLR-BTM,2025-10-05,20251005,2025-10,Sunday,True,16,0,16,7,0,32118.18,1605.91,33724.09,1349.95,30768.23,43.75,43.75,0.00,4588.31,4588.31,2007.39
1,BLR-BTM,2026-08-09,20260809,2026-08,Sunday,True,16,0,16,11,0,48790.87,2439.54,51230.41,3833.80,44957.07,68.75,68.75,0.00,4435.53,4435.53,3049.43
2,BLR-KOR,2026-03-19,20260319,2026-03,Thursday,False,13,1,14,12,0,58106.98,2905.36,61012.34,5446.08,52660.90,92.31,85.71,6.59,4842.25,4842.25,4469.77
1,BLR-BTM,2025-05-18,20250518,2025-05,Sunday,True,16,0,16,10,0,43938.53,5272.62,49211.15,1887.80,42050.73,62.50,62.50,0.00,4393.85,4393.85,2746.16
2,BLR-KOR,2025-07-30,20250730,2025-07,Wednesday,False,14,0,14,10,1,42729.56,5127.56,47857.12,2839.61,39889.95,71.43,71.43,0.00,4272.96,4593.43,3052.11
1,BLR-BTM,2026-02-12,20260212,2026-02,Thursday,False,16,0,16,15,0,69862.38,3493.13,73355.51,5851.14,64011.24,93.75,93.75,0.00,4657.49,4657.49,4366.40
1,BLR-BTM,2025-07-08,20250708,2025-07,Tuesday,False,16,0,16,11,0,45808.83,5497.06,51305.89,2524.41,43284.42,68.75,68.75,0.00,4164.44,4164.44,2863.05
2,BLR-KOR,2025-05-13,20250513,2025-05,Tuesday,False,14,0,14,10,0,46868.87,6084.19,52953.06,2250.49,44618.38,71.43,71.43,0.00,4686.89,4686.89,3347.78
2,BLR-KOR,2026-07-02,20260702,2026-07,Thursday,False,14,0,14,13,0,61142.54,4058.63,65201.17,1649.38,59493.16,92.86,92.86,0.00,4703.27,4703.27,4367.32
2,BLR-KOR,2026-01-29,20260129,2026-01,Thursday,False,13,1,14,11,0,54881.46,3784.99,58666.45,4337.79,50543.67,84.62,78.57,6.04,4989.22,4989.22,4221.65
1,BLR-BTM,2026-03-30,20260330,2026-03,Monday,False,15,1,16,10,0,46031.78,2301.60,48333.38,4212.23,41819.55,66.67,62.50,4.17,4603.18,4603.18,3068.79
1,BLR-BTM,2025-10-06,20251006,2025-10,Monday,False,15,1,16,6,0,27658.27,1382.91,29041.18,1907.43,25750.84,40.00,37.50,2.50,4609.71,4609.71,1843.88
3,BLR-HSR,2026-05-01,20260501,2026-05,Friday,False,10,0,10,4,0,13787.69,689.39,14477.08,721.60,13066.09,40.00,40.00,0.00,3446.92,3446.92,1378.77
1,BLR-BTM,2025-08-25,20250825,2025-08,Monday,False,16,0,16,15,1,63336.00,7600.33,70936.33,5049.14,58286.86,93.75,93.75,0.00,4222.40,4416.73,3958.50
1,BLR-BTM,2025-12-19,20251219,2025-12,Friday,False,16,0,16,11,0,45913.81,2295.71,48209.52,3006.42,42907.39,68.75,68.75,0.00,4173.98,4173.98,2869.61
1,BLR-BTM,2025-11-22,20251122,2025-11,Saturday,True,16,0,16,16,0,69155.64,3457.79,72613.43,6101.63,63054.01,100.00,100.00,0.00,4322.23,4322.23,4322.23
3,BLR-HSR,2026-05-19,20260519,2026-05,Tuesday,False,10,0,10,4,0,14579.47,728.97,15308.44,1234.97,13344.50,40.00,40.00,0.00,3644.87,3644.87,1457.95
2,BLR-KOR,2025-10-25,20251025,2025-10,Saturday,True,14,0,14,8,0,34247.06,1712.36,35959.42,2222.26,32024.80,57.14,57.14,0.00,4280.88,4280.88,2446.22
2,BLR-KOR,2026-02-23,20260223,2026-02,Monday,False,14,0,14,7,0,33786.48,1689.34,35475.82,3841.15,29945.33,50.00,50.00,0.00,4826.64,4826.64,2413.32
1,BLR-BTM,2025-07-09,20250709,2025-07,Wednesday,False,16,0,16,13,1,51524.83,6182.98,57707.81,3757.45,47767.38,81.25,81.25,0.00,3963.45,4179.86,3220.30
3,BLR-HSR,2026-06-23,20260623,2026-06,Tuesday,False,10,0,10,2,0,8883.20,444.16,9327.36,0.00,8883.20,20.00,20.00,0.00,4441.60,4441.60,888.32
1,BLR-BTM,2025-12-16,20251216,2025-12,Tuesday,False,16,0,16,14,0,61239.12,3061.97,64301.09,5483.18,55755.94,87.50,87.50,0.00,4374.22,4374.22,3827.45
1,BLR-BTM,2026-07-11,20260711,2026-07,Saturday,True,16,0,16,14,0,60480.61,3024.04,63504.65,5161.58,55319.03,87.50,87.50,0.00,4320.04,4320.04,3780.04
1,BLR-BTM,2025-09-16,20250916,2025-09,Tuesday,False,16,0,16,13,1,57489.56,6898.75,64388.31,5321.59,52167.97,81.25,81.25,0.00,4422.27,4658.02,3593.10
2,BLR-KOR,2026-01-30,20260130,2026-01,Friday,False,14,0,14,14,0,66719.27,4376.88,71096.15,5138.21,61581.06,100.00,100.00,0.00,4765.66,4765.66,4765.66
3,BLR-HSR,2026-04-30,20260430,2026-04,Thursday,False,10,0,10,7,0,23468.23,1173.42,24641.65,1756.30,21711.93,70.00,70.00,0.00,3352.60,3352.60,2346.82
2,BLR-KOR,2025-07-21,20250721,2025-07,Monday,False,14,0,14,14,0,65430.23,8312.62,73742.85,3016.64,62413.59,100.00,100.00,0.00,4673.59,4673.59,4673.59
2,BLR-KOR,2026-03-21,20260321,2026-03,Saturday,True,14,0,14,8,1,32011.09,1600.55,33611.64,893.40,31117.69,57.14,57.14,0.00,4001.39,4373.28,2286.51
3,BLR-HSR,2026-08-06,20260806,2026-08,Thursday,False,10,0,10,10,0,42029.54,2101.48,44131.02,4743.55,37285.99,100.00,100.00,0.00,4202.95,4202.95,4202.95
1,BLR-BTM,2026-03-07,20260307,2026-03,Saturday,True,16,0,16,13,1,52298.76,2614.93,54913.69,4036.46,48262.30,81.25,81.25,0.00,4022.98,4282.87,3268.67
2,BLR-KOR,2025-07-12,20250712,2025-07,Saturday,True,14,0,14,7,1,31377.55,3765.30,35142.85,135.55,31242.00,50.00,50.00,0.00,4482.51,5041.33,2241.25
1,BLR-BTM,2025-10-12,20251012,2025-10,Sunday,True,15,1,16,13,1,52404.17,2620.21,55024.38,2704.02,49700.15,86.67,81.25,5.42,4031.09,4284.38,3493.61
2,BLR-KOR,2026-02-13,20260213,2026-02,Friday,False,13,1,14,10,1,48198.78,2409.95,50608.73,3888.07,44310.71,76.92,71.43,5.49,4819.88,5249.47,3707.60
3,BLR-HSR,2026-07-02,20260702,2026-07,Thursday,False,10,0,10,5,0,21210.95,1060.55,22271.50,1695.18,19515.77,50.00,50.00,0.00,4242.19,4242.19,2121.10
1,BLR-BTM,2026-07-05,20260705,2026-07,Sunday,True,16,0,16,13,1,55587.91,3808.59,59396.50,3585.08,52002.83,81.25,81.25,0.00,4275.99,4557.95,3474.24
2,BLR-KOR,2025-07-20,20250720,2025-07,Sunday,True,14,0,14,13,1,59175.56,7562.05,66737.61,2253.10,56922.46,92.86,92.86,0.00,4551.97,4833.51,4226.83
1,BLR-BTM,2026-02-02,20260202,2026-02,Monday,False,16,0,16,11,1,48613.71,2430.70,51044.41,2558.72,46054.99,68.75,68.75,0.00,4419.43,4712.45,3038.36
1,BLR-BTM,2026-03-24,20260324,2026-03,Tuesday,False,15,1,16,13,0,59880.94,2994.05,62874.99,7249.11,52631.83,86.67,81.25,5.42,4606.23,4606.23,3992.06
3,BLR-HSR,2026-06-22,20260622,2026-06,Monday,False,10,0,10,5,1,16512.02,825.60,17337.62,860.75,15651.27,50.00,50.00,0.00,3302.40,3848.72,1651.20
1,BLR-BTM,2025-04-12,20250412,2025-04,Saturday,True,16,0,16,16,0,68301.50,8196.19,76497.69,6778.01,61523.49,100.00,100.00,0.00,4268.84,4268.84,4268.84
2,BLR-KOR,2025-04-06,20250406,2025-04,Sunday,True,14,0,14,8,0,36171.21,4340.54,40511.75,1694.06,34477.15,57.14,57.14,0.00,4521.40,4521.40,2583.66
1,BLR-BTM,2026-02-18,20260218,2026-02,Wednesday,False,16,0,16,15,0,69091.71,3454.60,72546.31,7584.21,61507.50,93.75,93.75,0.00,4606.11,4606.11,4318.23
2,BLR-KOR,2025-07-24,20250724,2025-07,Thursday,False,14,0,14,10,0,48591.98,6282.25,54874.23,2385.49,46206.49,71.43,71.43,0.00,4859.20,4859.20,3470.86
1,BLR-BTM,2025-12-18,20251218,2025-12,Thursday,False,16,0,16,16,0,71452.61,3572.65,75025.26,6726.30,64726.31,100.00,100.00,0.00,4465.79,4465.79,4465.79
2,BLR-KOR,2025-12-19,20251219,2025-12,Friday,False,14,0,14,11,1,48981.45,2449.07,51430.52,4930.64,44050.81,78.57,78.57,0.00,4452.86,4786.74,3498.68
2,BLR-KOR,2025-10-21,20251021,2025-10,Tuesday,False,13,1,14,8,0,36186.32,1809.32,37995.64,4243.38,31942.94,61.54,57.14,4.40,4523.29,4523.29,2783.56
1,BLR-BTM,2025-03-28,20250328,2025-03,Friday,False,15,1,16,13,0,56243.35,6749.18,62992.53,5181.97,51061.38,86.67,81.25,5.42,4326.41,4326.41,3749.56
2,BLR-KOR,2026-08-10,20260810,2026-08,Monday,False,14,0,14,14,0,67186.07,3359.32,70545.39,3229.95,63956.12,100.00,100.00,0.00,4799.01,4799.01,4799.01
2,BLR-KOR,2025-02-28,20250228,2025-02,Friday,False,14,0,14,9,0,43555.39,5226.63,48782.02,3706.70,39848.69,64.29,64.29,0.00,4839.49,4839.49,3111.10
2,BLR-KOR,2025-05-18,20250518,2025-05,Sunday,True,13,1,14,9,0,40213.93,4825.66,45039.59,1713.24,38500.69,69.23,64.29,4.95,4468.21,4468.21,3093.38
2,BLR-KOR,2025-05-08,20250508,2025-05,Thursday,False,14,0,14,11,0,48686.34,6302.28,54988.62,2595.83,46090.51,78.57,78.57,0.00,4426.03,4426.03,3477.60
3,BLR-HSR,2026-03-12,20260312,2026-03,Thursday,False,10,0,10,3,0,10076.27,503.82,10580.09,439.03,9637.24,30.00,30.00,0.00,3358.76,3358.76,1007.63
1,BLR-BTM,2025-11-26,20251126,2025-11,Wednesday,False,16,0,16,14,0,65894.80,3294.74,69189.54,6097.98,59796.82,87.50,87.50,0.00,4706.77,4706.77,4118.43
2,BLR-KOR,2025-10-28,20251028,2025-10,Tuesday,False,14,0,14,12,0,60015.02,3997.10,64012.12,4714.89,55300.13,85.71,85.71,0.00,5001.25,5001.25,4286.79
1,BLR-BTM,2026-04-19,20260419,2026-04,Sunday,True,16,0,16,10,0,41571.94,2078.59,43650.53,1207.15,40364.79,62.50,62.50,0.00,4157.19,4157.19,2598.25
2,BLR-KOR,2026-01-04,20260104,2026-01,Sunday,True,13,1,14,10,0,46901.57,2345.07,49246.64,4029.08,42872.49,76.92,71.43,5.49,4690.16,4690.16,3607.81
1,BLR-BTM,2025-07-07,20250707,2025-07,Monday,False,16,0,16,11,0,43916.61,5269.99,49186.60,2326.78,41589.83,68.75,68.75,0.00,3992.42,3992.42,2744.79
1,BLR-BTM,2025-09-28,20250928,2025-09,Sunday,True,16,0,16,7,0,31131.33,1556.57,32687.90,3720.62,27410.71,43.75,43.75,0.00,4447.33,4447.33,1945.71
2,BLR-KOR,2025-04-02,20250402,2025-04,Wednesday,False,14,0,14,9,0,37662.75,4519.52,42182.27,2190.39,35472.36,64.29,64.29,0.00,4184.75,4184.75,2690.20
3,BLR-HSR,2026-06-16,20260616,2026-06,Tuesday,False,9,1,10,5,0,20738.48,1036.92,21775.40,550.75,20187.73,55.56,50.00,5.56,4147.70,4147.70,2304.28
1,BLR-BTM,2025-12-20,20251220,2025-12,Saturday,True,15,1,16,9,0,39409.15,1970.47,41379.62,3113.79,36295.36,60.00,56.25,3.75,4378.79,4378.79,2627.28
2,BLR-KOR,2026-03-27,20260327,2026-03,Friday,False,14,0,14,10,0,40538.31,2026.92,42565.23,2949.23,37589.08,71.43,71.43,0.00,4053.83,4053.83,2895.59
3,BLR-HSR,2026-03-18,20260318,2026-03,Wednesday,False,10,0,10,4,0,13248.70,662.44,13911.14,882.89,12365.81,40.00,40.00,0.00,3312.18,3312.18,1324.87
2,BLR-KOR,2026-01-21,20260121,2026-01,Wednesday,False,14,0,14,14,0,65754.20,3287.72,69041.92,5276.88,60477.32,100.00,100.00,0.00,4696.73,4696.73,4696.73
2,BLR-KOR,2025-03-29,20250329,2025-03,Saturday,True,13,1,14,11,0,51756.47,6210.78,57967.25,3736.83,48019.64,84.62,78.57,6.04,4705.13,4705.13,3981.27
3,BLR-HSR,2026-06-24,20260624,2026-06,Wednesday,False,9,1,10,7,0,29466.83,1473.35,30940.18,2852.20,26614.63,77.78,70.00,7.78,4209.55,4209.55,3274.09
1,BLR-BTM,2025-12-22,20251222,2025-12,Monday,False,16,0,16,8,0,34413.31,1720.67,36133.98,2772.16,31641.15,50.00,50.00,0.00,4301.66,4301.66,2150.83
2,BLR-KOR,2025-03-06,20250306,2025-03,Thursday,False,14,0,14,7,0,37128.70,5368.60,42497.30,3953.54,33175.16,50.00,50.00,0.00,5304.10,5304.10,2652.05
2,BLR-KOR,2026-05-18,20260518,2026-05,Monday,False,14,0,14,8,0,37465.97,1873.30,39339.27,4667.48,32798.49,57.14,57.14,0.00,4683.25,4683.25,2676.14
2,BLR-KOR,2025-04-14,20250414,2025-04,Monday,False,14,0,14,12,0,58680.94,7041.72,65722.66,3456.14,55224.80,85.71,85.71,0.00,4890.08,4890.08,4191.50
1,BLR-BTM,2026-02-22,20260222,2026-02,Sunday,True,16,0,16,8,0,35026.29,1751.31,36777.60,2786.64,32239.65,50.00,50.00,0.00,4378.29,4378.29,2189.14
1,BLR-BTM,2026-07-28,20260728,2026-07,Tuesday,False,16,0,16,7,1,32753.41,1637.67,34391.08,2351.52,30401.89,43.75,43.75,0.00,4679.06,5226.74,2047.09
1,BLR-BTM,2025-10-07,20251007,2025-10,Tuesday,False,16,0,16,10,0,44118.55,2205.93,46324.48,5501.89,38616.66,62.50,62.50,0.00,4411.86,4411.86,2757.41
3,BLR-HSR,2026-05-29,20260529,2026-05,Friday,False,10,0,10,4,0,15004.21,750.21,15754.42,553.95,14450.26,40.00,40.00,0.00,3751.05,3751.05,1500.42
1,BLR-BTM,2026-01-22,20260122,2026-01,Thursday,False,15,1,16,14,0,62615.19,3130.78,65745.97,6446.38,56168.81,93.33,87.50,5.83,4472.51,4472.51,4174.35
3,BLR-HSR,2026-07-12,20260712,2026-07,Sunday,True,10,0,10,6,0,21148.60,1057.43,22206.03,1139.32,20009.28,60.00,60.00,0.00,3524.77,3524.77,2114.86
2,BLR-KOR,2026-07-22,20260722,2026-07,Wednesday,False,14,0,14,14,1,64576.36,3228.84,67805.20,7955.69,56620.67,100.00,100.00,0.00,4612.60,4856.83,4612.60
2,BLR-KOR,2026-08-03,20260803,2026-08,Monday,False,14,0,14,11,0,54376.61,2718.83,57095.44,3529.57,50847.04,78.57,78.57,0.00,4943.33,4943.33,3884.04
1,BLR-BTM,2025-08-30,20250830,2025-08,Saturday,True,16,0,16,11,0,49039.16,5884.70,54923.86,2150.45,46888.71,68.75,68.75,0.00,4458.11,4458.11,3064.95
1,BLR-BTM,2025-04-26,20250426,2025-04,Saturday,True,16,0,16,11,0,45900.38,5508.04,51408.42,3841.54,42058.84,68.75,68.75,0.00,4172.76,4172.76,2868.77
3,BLR-HSR,2026-08-11,20260811,2026-08,Tuesday,False,10,0,10,9,1,28704.18,1435.21,30139.39,738.29,27965.89,90.00,90.00,0.00,3189.35,3411.62,2870.42
1,BLR-BTM,2025-10-25,20251025,2025-10,Saturday,True,16,0,16,11,0,43616.60,2180.82,45797.42,3419.23,40197.37,68.75,68.75,0.00,3965.15,3965.15,2726.04
1,BLR-BTM,2025-05-03,20250503,2025-05,Saturday,True,16,0,16,7,0,30925.40,3711.03,34636.43,545.93,30379.47,43.75,43.75,0.00,4417.91,4417.91,1932.84
1,BLR-BTM,2025-12-01,20251201,2025-12,Monday,False,15,1,16,14,0,61890.49,3094.54,64985.03,3744.88,58145.61,93.33,87.50,5.83,4420.75,4420.75,4126.03
1,BLR-BTM,2025-11-03,20251103,2025-11,Monday,False,16,0,16,9,1,34504.51,1725.23,36229.74,1534.63,32969.88,56.25,56.25,0.00,3833.83,4159.37,2156.53
1,BLR-BTM,2026-07-29,20260729,2026-07,Wednesday,False,16,0,16,8,0,36796.80,1839.83,38636.63,1169.02,35627.78,50.00,50.00,0.00,4599.60,4599.60,2299.80
1,BLR-BTM,2025-09-08,20250908,2025-09,Monday,False,14,2,16,14,0,64268.11,7712.19,71980.30,5953.78,58314.33,100.00,87.50,12.50,4590.58,4590.58,4590.58
1,BLR-BTM,2025-03-11,20250311,2025-03,Tuesday,False,15,1,16,14,0,60874.23,7304.93,68179.16,2910.88,57963.35,93.33,87.50,5.83,4348.16,4348.16,4058.28
3,BLR-HSR,2026-06-12,20260612,2026-06,Friday,False,10,0,10,7,0,27920.42,1396.02,29316.44,612.45,27307.97,70.00,70.00,0.00,3988.63,3988.63,2792.04
2,BLR-KOR,2025-09-14,20250914,2025-09,Sunday,True,14,0,14,8,1,31932.89,3831.95,35764.84,4112.21,27820.68,57.14,57.14,0.00,3991.61,4278.71,2280.92
1,BLR-BTM,2026-06-28,20260628,2026-06,Sunday,True,15,1,16,7,0,26851.90,1342.60,28194.50,785.53,26066.37,46.67,43.75,2.92,3835.99,3835.99,1790.13
1,BLR-BTM,2025-03-06,20250306,2025-03,Thursday,False,15,1,16,14,1,57075.66,6849.09,63924.75,3522.28,53553.38,93.33,87.50,5.83,4076.83,4249.01,3805.04
2,BLR-KOR,2026-04-26,20260426,2026-04,Sunday,True,14,0,14,14,1,62508.41,3125.42,65633.83,5990.21,56518.20,100.00,100.00,0.00,4464.89,4740.56,4464.89
2,BLR-KOR,2025-09-23,20250923,2025-09,Tuesday,False,14,0,14,8,0,34519.13,1725.97,36245.10,2214.11,32305.02,57.14,57.14,0.00,4314.89,4314.89,2465.65
2,BLR-KOR,2026-04-01,20260401,2026-04,Wednesday,False,13,1,14,13,0,64186.14,4209.46,68395.60,5020.89,59165.25,100.00,92.86,7.14,4937.40,4937.40,4937.40
1,BLR-BTM,2025-05-10,20250510,2025-05,Saturday,True,16,0,16,8,2,30722.74,3686.73,34409.47,1924.58,28798.16,50.00,50.00,0.00,3840.34,4770.02,1920.17
1,BLR-BTM,2026-02-05,20260205,2026-02,Thursday,False,16,0,16,9,0,41477.92,2073.90,43551.82,2100.35,39377.57,56.25,56.25,0.00,4608.66,4608.66,2592.37
2,BLR-KOR,2025-03-28,20250328,2025-03,Friday,False,14,0,14,11,0,52155.90,6710.53,58866.43,4308.17,47847.73,78.57,78.57,0.00,4741.45,4741.45,3725.42
1,BLR-BTM,2026-02-20,20260220,2026-02,Friday,False,16,0,16,13,0,58195.58,2909.78,61105.36,4682.43,53513.15,81.25,81.25,0.00,4476.58,4476.58,3637.22
1,BLR-BTM,2026-07-12,20260712,2026-07,Sunday,True,15,1,16,15,0,65914.75,3295.74,69210.49,5901.73,60013.02,100.00,93.75,6.25,4394.32,4394.32,4394.32
3,BLR-HSR,2026-05-25,20260525,2026-05,Monday,False,10,0,10,6,0,20974.77,1048.74,22023.51,584.81,20389.96,60.00,60.00,0.00,3495.80,3495.80,2097.48
3,BLR-HSR,2026-04-10,20260410,2026-04,Friday,False,10,0,10,4,0,13624.69,681.23,14305.92,523.87,13100.82,40.00,40.00,0.00,3406.17,3406.17,1362.47
1,BLR-BTM,2026-02-06,20260206,2026-02,Friday,False,16,0,16,13,0,58846.41,2942.33,61788.74,4748.13,54098.28,81.25,81.25,0.00,4526.65,4526.65,3677.90
3,BLR-HSR,2026-04-14,20260414,2026-04,Tuesday,False,10,0,10,3,0,11005.32,550.26,11555.58,0.00,11005.32,30.00,30.00,0.00,3668.44,3668.44,1100.53
2,BLR-KOR,2025-12-21,20251221,2025-12,Sunday,True,14,0,14,7,0,32980.72,1649.03,34629.75,2050.10,30930.62,50.00,50.00,0.00,4711.53,4711.53,2355.77
2,BLR-KOR,2025-02-14,20250214,2025-02,Friday,False,14,0,14,8,0,37167.69,4460.12,41627.81,2597.31,34570.38,57.14,57.14,0.00,4645.96,4645.96,2654.84
1,BLR-BTM,2025-06-06,20250606,2025-06,Friday,False,16,0,16,11,0,44819.73,5378.37,50198.10,2338.77,42480.96,68.75,68.75,0.00,4074.52,4074.52,2801.23
2,BLR-KOR,2026-03-01,20260301,2026-03,Sunday,True,14,0,14,12,1,56469.01,2823.45,59292.46,4073.07,52395.94,85.71,85.71,0.00,4705.75,5002.79,4033.50
2,BLR-KOR,2025-11-27,20251127,2025-11,Thursday,False,13,1,14,13,0,62856.20,3142.83,65999.03,7686.38,55169.82,100.00,92.86,7.14,4835.09,4835.09,4835.09
2,BLR-KOR,2025-02-13,20250213,2025-02,Thursday,False,14,0,14,11,0,50602.10,6072.25,56674.35,3611.55,46990.55,78.57,78.57,0.00,4600.19,4600.19,3614.44
1,BLR-BTM,2025-10-15,20251015,2025-10,Wednesday,False,15,1,16,10,0,46133.14,2306.66,48439.80,3808.54,42324.60,66.67,62.50,4.17,4613.31,4613.31,3075.54
3,BLR-HSR,2026-06-09,20260609,2026-06,Tuesday,False,10,0,10,6,1,19805.95,990.30,20796.25,718.70,19087.25,60.00,60.00,0.00,3300.99,3784.11,1980.60
2,BLR-KOR,2025-10-02,20251002,2025-10,Thursday,False,13,1,14,10,1,45752.29,3388.69,49140.98,1797.10,43955.19,76.92,71.43,5.49,4575.23,4949.62,3519.41
2,BLR-KOR,2025-06-07,20250607,2025-06,Saturday,True,14,0,14,9,0,43603.16,5232.37,48835.53,1066.57,42536.59,64.29,64.29,0.00,4844.80,4844.80,3114.51
1,BLR-BTM,2025-10-19,20251019,2025-10,Sunday,True,16,0,16,6,1,26336.00,1316.80,27652.80,861.47,25474.53,37.50,37.50,0.00,4389.33,5018.39,1646.00
1,BLR-BTM,2025-03-24,20250324,2025-03,Monday,False,15,1,16,9,0,38619.57,4634.35,43253.92,3546.43,35073.14,60.00,56.25,3.75,4291.06,4291.06,2574.64
1,BLR-BTM,2025-03-20,20250320,2025-03,Thursday,False,15,1,16,13,0,60039.51,7204.75,67244.26,6915.35,53124.16,86.67,81.25,5.42,4618.42,4618.42,4002.63
1,BLR-BTM,2026-02-08,20260208,2026-02,Sunday,True,15,1,16,14,1,57963.46,2898.17,60861.63,5135.85,52827.61,93.33,87.50,5.83,4140.25,4358.69,3864.23
3,BLR-HSR,2026-04-20,20260420,2026-04,Monday,False,10,0,10,9,0,31435.32,1571.75,33007.07,2819.08,28616.24,90.00,90.00,0.00,3492.81,3492.81,3143.53
2,BLR-KOR,2026-07-27,20260727,2026-07,Monday,False,13,1,14,13,2,50419.58,2520.99,52940.57,5685.73,44733.85,100.00,92.86,7.14,3878.43,4323.15,3878.43
1,BLR-BTM,2026-05-04,20260504,2026-05,Monday,False,16,0,16,15,1,59282.47,2964.13,62246.60,3929.83,55352.64,93.75,93.75,0.00,3952.16,4150.39,3705.15
3,BLR-HSR,2026-03-04,20260304,2026-03,Wednesday,False,10,0,10,2,0,6789.25,339.47,7128.72,579.66,6209.59,20.00,20.00,0.00,3394.63,3394.63,678.93
2,BLR-KOR,2025-07-28,20250728,2025-07,Monday,False,13,1,14,6,1,25126.06,3466.32,28592.38,932.46,24193.60,46.15,42.86,3.30,4187.68,4821.13,1932.77
1,BLR-BTM,2026-04-13,20260413,2026-04,Monday,False,15,1,16,15,0,63980.77,3199.04,67179.81,5540.21,58440.56,100.00,93.75,6.25,4265.38,4265.38,4265.38
3,BLR-HSR,2026-03-08,20260308,2026-03,Sunday,True,10,0,10,2,0,6516.06,325.81,6841.87,533.21,5982.85,20.00,20.00,0.00,3258.03,3258.03,651.61
2,BLR-KOR,2025-09-27,20250927,2025-09,Saturday,True,14,0,14,8,0,35783.02,1789.17,37572.19,3373.81,32409.21,57.14,57.14,0.00,4472.88,4472.88,2555.93
3,BLR-HSR,2026-03-22,20260322,2026-03,Sunday,True,10,0,10,5,0,17431.77,871.59,18303.36,1600.92,15830.85,50.00,50.00,0.00,3486.35,3486.35,1743.18
1,BLR-BTM,2025-12-06,20251206,2025-12,Saturday,True,15,1,16,11,0,48238.97,2411.95,50650.92,3277.49,44961.48,73.33,68.75,4.58,4385.36,4385.36,3215.93
1,BLR-BTM,2025-02-11,20250211,2025-02,Tuesday,False,16,0,16,16,1,65984.45,7918.14,73902.59,1745.39,64239.06,100.00,100.00,0.00,4124.03,4268.83,4124.03
2,BLR-KOR,2026-06-28,20260628,2026-06,Sunday,True,14,0,14,11,0,48055.36,2402.77,50458.13,3595.96,44459.40,78.57,78.57,0.00,4368.67,4368.67,3432.53
3,BLR-HSR,2026-03-28,20260328,2026-03,Saturday,True,10,0,10,3,0,10967.38,548.37,11515.75,0.00,10967.38,30.00,30.00,0.00,3655.79,3655.79,1096.74
1,BLR-BTM,2025-02-22,20250222,2025-02,Saturday,True,16,0,16,11,0,44917.11,5390.06,50307.17,2142.44,42774.67,68.75,68.75,0.00,4083.37,4083.37,2807.32
2,BLR-KOR,2026-01-12,20260112,2026-01,Monday,False,14,0,14,11,0,50889.62,2544.49,53434.11,3258.17,47631.45,78.57,78.57,0.00,4626.33,4626.33,3634.97
2,BLR-KOR,2025-06-28,20250628,2025-06,Saturday,True,14,0,14,10,2,37577.42,4509.30,42086.72,235.94,37341.48,71.43,71.43,0.00,3757.74,4451.41,2684.10
1,BLR-BTM,2025-02-06,20250206,2025-02,Thursday,False,16,0,16,16,0,70442.77,8453.13,78895.90,6359.78,64082.99,100.00,100.00,0.00,4402.67,4402.67,4402.67
1,BLR-BTM,2026-03-11,20260311,2026-03,Wednesday,False,16,0,16,7,0,30010.22,1500.52,31510.74,1211.91,28798.31,43.75,43.75,0.00,4287.17,4287.17,1875.64
3,BLR-HSR,2026-06-20,20260620,2026-06,Saturday,True,10,0,10,4,0,14909.86,745.49,15655.35,1233.75,13676.11,40.00,40.00,0.00,3727.47,3727.47,1490.99
2,BLR-KOR,2025-04-08,20250408,2025-04,Tuesday,False,14,0,14,9,0,37823.42,4538.81,42362.23,1356.16,36467.26,64.29,64.29,0.00,4202.60,4202.60,2701.67
1,BLR-BTM,2026-03-25,20260325,2026-03,Wednesday,False,15,1,16,14,0,65758.79,4300.78,70059.57,6579.02,59179.77,93.33,87.50,5.83,4697.06,4697.06,4383.92
2,BLR-KOR,2025-06-17,20250617,2025-06,Tuesday,False,14,0,14,13,0,63557.93,7626.96,71184.89,4003.96,59553.97,92.86,92.86,0.00,4889.07,4889.07,4539.85
2,BLR-KOR,2025-02-16,20250216,2025-02,Sunday,True,14,0,14,11,0,48434.04,5812.09,54246.13,3135.29,45298.75,78.57,78.57,0.00,4403.09,4403.09,3459.57
2,BLR-KOR,2025-04-16,20250416,2025-04,Wednesday,False,14,0,14,14,1,62748.21,7529.78,70277.99,4222.88,58525.33,100.00,100.00,0.00,4482.02,4720.64,4482.02
2,BLR-KOR,2025-03-18,20250318,2025-03,Tuesday,False,13,1,14,11,2,42487.67,5098.51,47586.18,3006.23,39481.44,84.62,78.57,6.04,3862.52,4304.25,3268.28
1,BLR-BTM,2026-05-13,20260513,2026-05,Wednesday,False,16,0,16,16,0,72814.71,3640.73,76455.44,2341.33,70473.38,100.00,100.00,0.00,4550.92,4550.92,4550.92
2,BLR-KOR,2025-02-04,20250204,2025-02,Tuesday,False,13,1,14,9,1,40489.98,4858.81,45348.79,2906.33,37583.65,69.23,64.29,4.95,4498.89,4793.03,3114.61
1,BLR-BTM,2026-02-10,20260210,2026-02,Tuesday,False,15,1,16,9,1,32841.89,1642.10,34483.99,122.72,32719.17,60.00,56.25,3.75,3649.10,3977.40,2189.46
1,BLR-BTM,2025-11-21,20251121,2025-11,Friday,False,15,1,16,15,0,63275.08,3163.75,66438.83,6180.56,57094.52,100.00,93.75,6.25,4218.34,4218.34,4218.34
1,BLR-BTM,2026-01-25,20260125,2026-01,Sunday,True,16,0,16,13,0,56678.76,2833.95,59512.71,4112.43,52566.33,81.25,81.25,0.00,4359.90,4359.90,3542.42
1,BLR-BTM,2025-10-09,20251009,2025-10,Thursday,False,16,0,16,11,0,50223.99,2511.21,52735.20,6127.50,44096.49,68.75,68.75,0.00,4565.82,4565.82,3139.00
2,BLR-KOR,2026-02-06,20260206,2026-02,Friday,False,14,0,14,8,0,38421.44,1921.08,40342.52,3572.54,34848.90,57.14,57.14,0.00,4802.68,4802.68,2744.39
1,BLR-BTM,2026-01-04,20260104,2026-01,Sunday,True,16,0,16,15,0,60238.78,3011.94,63250.72,7063.29,53175.49,93.75,93.75,0.00,4015.92,4015.92,3764.92
3,BLR-HSR,2026-07-01,20260701,2026-07,Wednesday,False,9,1,10,4,0,16891.33,844.57,17735.90,831.26,16060.07,44.44,40.00,4.44,4222.83,4222.83,1876.81
2,BLR-KOR,2026-06-27,20260627,2026-06,Saturday,True,14,0,14,10,0,48274.55,3472.77,51747.32,2588.35,45686.20,71.43,71.43,0.00,4827.46,4827.46,3448.18
3,BLR-HSR,2026-06-01,20260601,2026-06,Monday,False,9,1,10,4,0,15322.76,766.14,16088.90,0.00,15322.76,44.44,40.00,4.44,3830.69,3830.69,1702.53
3,BLR-HSR,2026-06-11,20260611,2026-06,Thursday,False,10,0,10,5,0,20843.49,1042.17,21885.66,1400.09,19443.40,50.00,50.00,0.00,4168.70,4168.70,2084.35
2,BLR-KOR,2025-05-22,20250522,2025-05,Thursday,False,14,0,14,14,0,65196.20,7823.53,73019.73,2901.18,62295.02,100.00,100.00,0.00,4656.87,4656.87,4656.87
1,BLR-BTM,2025-02-09,20250209,2025-02,Sunday,True,16,0,16,11,0,48890.04,5866.81,54756.85,4190.50,44699.54,68.75,68.75,0.00,4444.55,4444.55,3055.63
3,BLR-HSR,2026-03-13,20260313,2026-03,Friday,False,10,0,10,3,0,11077.67,553.89,11631.56,707.08,10370.59,30.00,30.00,0.00,3692.56,3692.56,1107.77
2,BLR-KOR,2026-01-09,20260109,2026-01,Friday,False,14,0,14,11,1,51046.28,2552.33,53598.61,4031.49,47014.79,78.57,78.57,0.00,4640.57,5007.71,3646.16
2,BLR-KOR,2025-05-27,20250527,2025-05,Tuesday,False,14,0,14,10,0,41621.98,4994.64,46616.62,3622.91,37999.07,71.43,71.43,0.00,4162.20,4162.20,2973.00
1,BLR-BTM,2025-11-05,20251105,2025-11,Wednesday,False,16,0,16,10,1,41655.86,2082.80,43738.66,3110.51,38545.35,62.50,62.50,0.00,4165.59,4470.24,2603.49
1,BLR-BTM,2025-06-19,20250619,2025-06,Thursday,False,16,0,16,11,0,47050.65,5646.07,52696.72,4419.51,42631.14,68.75,68.75,0.00,4277.33,4277.33,2940.67
1,BLR-BTM,2026-08-08,20260808,2026-08,Saturday,True,16,0,16,8,0,37430.90,1871.54,39302.44,3076.43,34354.47,50.00,50.00,0.00,4678.86,4678.86,2339.43
2,BLR-KOR,2025-05-19,20250519,2025-05,Monday,False,14,0,14,13,0,59768.80,7172.25,66941.05,4291.02,55477.78,92.86,92.86,0.00,4597.60,4597.60,4269.20
1,BLR-BTM,2025-11-18,20251118,2025-11,Tuesday,False,16,0,16,10,0,45684.41,2284.22,47968.63,5032.70,40651.71,62.50,62.50,0.00,4568.44,4568.44,2855.28
1,BLR-BTM,2025-07-02,20250702,2025-07,Wednesday,False,16,0,16,13,0,56588.72,6790.64,63379.36,4763.03,51825.69,81.25,81.25,0.00,4352.98,4352.98,3536.80
1,BLR-BTM,2025-02-16,20250216,2025-02,Sunday,True,15,1,16,10,0,42860.13,5143.22,48003.35,0.00,42860.13,66.67,62.50,4.17,4286.01,4286.01,2857.34
1,BLR-BTM,2026-04-16,20260416,2026-04,Thursday,False,15,1,16,15,1,61250.31,3062.49,64312.80,5358.08,55892.23,100.00,93.75,6.25,4083.35,4290.38,4083.35
1,BLR-BTM,2026-07-04,20260704,2026-07,Saturday,True,16,0,16,12,0,56747.67,3866.60,60614.27,4840.81,51906.86,75.00,75.00,0.00,4728.97,4728.97,3546.73
1,BLR-BTM,2026-04-08,20260408,2026-04,Wednesday,False,16,0,16,12,1,46928.57,2346.42,49274.99,2499.46,44429.11,75.00,75.00,0.00,3910.71,4156.49,2933.04
3,BLR-HSR,2026-07-19,20260719,2026-07,Sunday,True,9,1,10,8,0,31398.82,1569.94,32968.76,1594.46,29804.36,88.89,80.00,8.89,3924.85,3924.85,3488.76
1,BLR-BTM,2026-05-16,20260516,2026-05,Saturday,True,15,1,16,11,0,48664.31,2433.21,51097.52,1742.66,46921.65,73.33,68.75,4.58,4424.03,4424.03,3244.29
1,BLR-BTM,2026-04-11,20260411,2026-04,Saturday,True,15,1,16,13,0,55153.95,2757.69,57911.64,4698.67,50455.28,86.67,81.25,5.42,4242.61,4242.61,3676.93
1,BLR-BTM,2026-06-21,20260621,2026-06,Sunday,True,16,0,16,15,0,65866.59,3293.33,69159.92,2289.46,63577.13,93.75,93.75,0.00,4391.11,4391.11,4116.66
2,BLR-KOR,2026-02-25,20260225,2026-02,Wednesday,False,14,0,14,9,0,42552.59,2127.64,44680.23,5090.72,37461.87,64.29,64.29,0.00,4728.07,4728.07,3039.47
2,BLR-KOR,2025-10-04,20251004,2025-10,Saturday,True,14,0,14,11,0,49315.29,2465.78,51781.07,2388.47,46926.82,78.57,78.57,0.00,4483.21,4483.21,3522.52
3,BLR-HSR,2026-03-23,20260323,2026-03,Monday,False,9,1,10,5,0,18674.90,933.75,19608.65,1057.53,17617.37,55.56,50.00,5.56,3734.98,3734.98,2074.99
1,BLR-BTM,2025-09-30,20250930,2025-09,Tuesday,False,16,0,16,13,0,55549.08,2777.45,58326.53,5135.25,50413.83,81.25,81.25,0.00,4273.01,4273.01,3471.82
2,BLR-KOR,2025-12-10,20251210,2025-12,Wednesday,False,14,0,14,13,0,58199.46,2909.98,61109.44,2497.03,55702.43,92.86,92.86,0.00,4476.88,4476.88,4157.10
3,BLR-HSR,2026-04-18,20260418,2026-04,Saturday,True,9,1,10,5,0,16959.14,847.95,17807.09,930.78,16028.36,55.56,50.00,5.56,3391.83,3391.83,1884.35
2,BLR-KOR,2025-05-31,20250531,2025-05,Saturday,True,14,0,14,6,0,25476.73,3057.20,28533.93,2633.88,22842.85,42.86,42.86,0.00,4246.12,4246.12,1819.77
1,BLR-BTM,2026-01-13,20260113,2026-01,Tuesday,False,16,0,16,15,0,65292.07,3264.61,68556.68,3463.43,61828.64,93.75,93.75,0.00,4352.80,4352.80,4080.75
1,BLR-BTM,2025-07-06,20250706,2025-07,Sunday,True,16,0,16,10,1,37327.20,4479.25,41806.45,1742.01,35585.19,62.50,62.50,0.00,3732.72,3943.18,2332.95
1,BLR-BTM,2026-03-06,20260306,2026-03,Friday,False,16,0,16,14,1,56058.22,2802.91,58861.13,5376.13,50682.09,87.50,87.50,0.00,4004.16,4220.80,3503.64
3,BLR-HSR,2026-03-15,20260315,2026-03,Sunday,True,9,1,10,3,0,9946.80,497.35,10444.15,475.55,9471.25,33.33,30.00,3.33,3315.60,3315.60,1105.20
1,BLR-BTM,2025-06-07,20250607,2025-06,Saturday,True,15,1,16,6,0,24594.73,2951.37,27546.10,968.66,23626.07,40.00,37.50,2.50,4099.12,4099.12,1639.65
2,BLR-KOR,2025-10-24,20251024,2025-10,Friday,False,14,0,14,11,0,47755.18,2387.77,50142.95,3969.18,43786.00,78.57,78.57,0.00,4341.38,4341.38,3411.08
2,BLR-KOR,2025-09-13,20250913,2025-09,Saturday,True,14,0,14,8,0,36593.64,4391.24,40984.88,3439.12,33154.52,57.14,57.14,0.00,4574.21,4574.21,2613.83
1,BLR-BTM,2026-04-14,20260414,2026-04,Tuesday,False,15,1,16,15,0,64923.97,3246.18,68170.15,5437.88,59486.09,100.00,93.75,6.25,4328.26,4328.26,4328.26
1,BLR-BTM,2025-07-01,20250701,2025-07,Tuesday,False,16,0,16,11,0,49610.92,5953.30,55564.22,4260.79,45350.13,68.75,68.75,0.00,4510.08,4510.08,3100.68
1,BLR-BTM,2025-04-27,20250427,2025-04,Sunday,True,15,1,16,9,1,34918.53,4190.22,39108.75,3182.76,31735.77,60.00,56.25,3.75,3879.84,4219.56,2327.90
1,BLR-BTM,2026-07-24,20260724,2026-07,Friday,False,16,0,16,12,0,54195.87,2709.79,56905.66,4504.97,49690.90,75.00,75.00,0.00,4516.32,4516.32,3387.24
2,BLR-KOR,2026-07-21,20260721,2026-07,Tuesday,False,14,0,14,12,2,51310.53,2565.54,53876.07,5801.68,45508.85,85.71,85.71,0.00,4275.88,4897.49,3665.04
1,BLR-BTM,2025-08-23,20250823,2025-08,Saturday,True,16,0,16,14,1,56634.46,6796.14,63430.60,6730.27,49904.19,87.50,87.50,0.00,4045.32,4264.05,3539.65
2,BLR-KOR,2025-12-27,20251227,2025-12,Saturday,True,14,0,14,9,1,37172.22,1858.62,39030.84,3511.76,33660.46,64.29,64.29,0.00,4130.25,4527.71,2655.16
1,BLR-BTM,2025-07-29,20250729,2025-07,Tuesday,False,16,0,16,16,2,65088.27,7810.59,72898.86,3689.05,61399.22,100.00,100.00,0.00,4068.02,4446.48,4068.02
2,BLR-KOR,2025-12-08,20251208,2025-12,Monday,False,14,0,14,14,0,63660.17,3183.01,66843.18,4235.12,59425.05,100.00,100.00,0.00,4547.16,4547.16,4547.16
1,BLR-BTM,2026-07-31,20260731,2026-07,Friday,False,16,0,16,10,0,42556.34,2127.81,44684.15,1902.05,40654.29,62.50,62.50,0.00,4255.63,4255.63,2659.77
2,BLR-KOR,2026-05-11,20260511,2026-05,Monday,False,13,1,14,7,0,34891.54,1744.58,36636.12,4580.71,30310.83,53.85,50.00,3.85,4984.51,4984.51,2683.96
3,BLR-HSR,2026-05-17,20260517,2026-05,Sunday,True,10,0,10,5,0,16549.19,827.46,17376.65,1203.50,15345.69,50.00,50.00,0.00,3309.84,3309.84,1654.92
1,BLR-BTM,2026-01-01,20260101,2026-01,Thursday,False,16,0,16,9,0,34226.46,1711.32,35937.78,2101.57,32124.89,56.25,56.25,0.00,3802.94,3802.94,2139.15
1,BLR-BTM,2025-05-07,20250507,2025-05,Wednesday,False,16,0,16,3,0,13904.95,1668.60,15573.55,0.00,13904.95,18.75,18.75,0.00,4634.98,4634.98,869.06
1,BLR-BTM,2026-04-26,20260426,2026-04,Sunday,True,16,0,16,13,0,52956.59,2647.83,55604.42,3304.66,49651.93,81.25,81.25,0.00,4073.58,4073.58,3309.79
2,BLR-KOR,2025-11-06,20251106,2025-11,Thursday,False,14,0,14,11,0,54577.87,2728.89,57306.76,5222.58,49355.29,78.57,78.57,0.00,4961.62,4961.62,3898.42
2,BLR-KOR,2026-05-02,20260502,2026-05,Saturday,True,14,0,14,10,0,47073.68,2353.70,49427.38,3831.69,43241.99,71.43,71.43,0.00,4707.37,4707.37,3362.41
2,BLR-KOR,2026-03-29,20260329,2026-03,Sunday,True,14,0,14,9,0,38920.91,1946.05,40866.96,2856.44,36064.47,64.29,64.29,0.00,4324.55,4324.55,2780.07
1,BLR-BTM,2025-03-09,20250309,2025-03,Sunday,True,16,0,16,10,0,46731.38,5607.78,52339.16,913.13,45818.25,62.50,62.50,0.00,4673.14,4673.14,2920.71
1,BLR-BTM,2026-05-12,20260512,2026-05,Tuesday,False,16,0,16,15,0,64168.90,3208.46,67377.36,4698.76,59470.14,93.75,93.75,0.00,4277.93,4277.93,4010.56
1,BLR-BTM,2026-02-28,20260228,2026-02,Saturday,True,15,1,16,14,0,63802.14,3190.11,66992.25,3067.24,60734.90,93.33,87.50,5.83,4557.30,4557.30,4253.48
3,BLR-HSR,2026-07-09,20260709,2026-07,Thursday,False,10,0,10,7,0,27106.78,1355.34,28462.12,2067.57,25039.21,70.00,70.00,0.00,3872.40,3872.40,2710.68
3,BLR-HSR,2026-04-26,20260426,2026-04,Sunday,True,9,1,10,4,0,15043.97,752.20,15796.17,0.00,15043.97,44.44,40.00,4.44,3760.99,3760.99,1671.55
2,BLR-KOR,2025-10-14,20251014,2025-10,Tuesday,False,13,1,14,11,1,53837.27,3786.10,57623.37,3445.42,50391.85,84.62,78.57,6.04,4894.30,5249.97,4141.33
1,BLR-BTM,2025-02-08,20250208,2025-02,Saturday,True,15,1,16,12,0,53827.87,6459.34,60287.21,5111.65,48716.22,80.00,75.00,5.00,4485.66,4485.66,3588.52
2,BLR-KOR,2026-02-24,20260224,2026-02,Tuesday,False,14,0,14,10,1,47102.00,3335.97,50437.97,6916.16,40185.84,71.43,71.43,0.00,4710.20,5120.32,3364.43
1,BLR-BTM,2025-02-05,20250205,2025-02,Wednesday,False,15,1,16,14,0,61831.73,7419.80,69251.53,4410.66,57421.07,93.33,87.50,5.83,4416.55,4416.55,4122.12
1,BLR-BTM,2025-03-13,20250313,2025-03,Thursday,False,16,0,16,13,0,58078.30,6969.40,65047.70,4509.92,53568.38,81.25,81.25,0.00,4467.56,4467.56,3629.89
2,BLR-KOR,2026-01-20,20260120,2026-01,Tuesday,False,14,0,14,11,1,44800.40,2240.03,47040.43,2669.18,42131.22,78.57,78.57,0.00,4072.76,4275.17,3200.03
1,BLR-BTM,2026-03-13,20260313,2026-03,Friday,False,16,0,16,12,0,52467.20,2623.36,55090.56,5191.93,47275.27,75.00,75.00,0.00,4372.27,4372.27,3279.20
3,BLR-HSR,2026-05-03,20260503,2026-05,Sunday,True,10,0,10,3,0,9653.84,482.70,10136.54,507.48,9146.36,30.00,30.00,0.00,3217.95,3217.95,965.38
2,BLR-KOR,2026-02-08,20260208,2026-02,Sunday,True,14,0,14,12,0,57286.81,2864.34,60151.15,3071.08,54215.73,85.71,85.71,0.00,4773.90,4773.90,4091.92
3,BLR-HSR,2026-06-08,20260608,2026-06,Monday,False,10,0,10,6,0,22484.08,1124.20,23608.28,612.45,21871.63,60.00,60.00,0.00,3747.35,3747.35,2248.41
2,BLR-KOR,2025-10-19,20251019,2025-10,Sunday,True,13,1,14,8,0,43770.06,3199.76,46969.82,4095.43,39674.63,61.54,57.14,4.40,5471.26,5471.26,3366.93
1,BLR-BTM,2026-02-27,20260227,2026-02,Friday,False,16,0,16,15,0,69184.82,3459.25,72644.07,6679.00,62505.82,93.75,93.75,0.00,4612.32,4612.32,4324.05
1,BLR-BTM,2026-01-21,20260121,2026-01,Wednesday,False,16,0,16,16,1,69032.80,3451.67,72484.47,4856.58,64176.22,100.00,100.00,0.00,4314.55,4500.12,4314.55
1,BLR-BTM,2026-01-20,20260120,2026-01,Tuesday,False,16,0,16,15,0,68202.86,3410.16,71613.02,5644.57,62558.29,93.75,93.75,0.00,4546.86,4546.86,4262.68
1,BLR-BTM,2025-06-01,20250601,2025-06,Sunday,True,15,1,16,9,0,40049.80,4805.98,44855.78,1426.74,38623.06,60.00,56.25,3.75,4449.98,4449.98,2669.99
2,BLR-KOR,2026-04-21,20260421,2026-04,Tuesday,False,13,1,14,13,0,64203.30,4268.54,68471.84,1258.80,62944.50,100.00,92.86,7.14,4938.72,4938.72,4938.72
2,BLR-KOR,2026-03-14,20260314,2026-03,Saturday,True,13,1,14,11,0,49782.84,2489.15,52271.99,2159.34,47623.50,84.62,78.57,6.04,4525.71,4525.71,3829.45
2,BLR-KOR,2026-01-28,20260128,2026-01,Wednesday,False,14,0,14,13,0,62791.17,4180.48,66971.65,5858.73,56932.44,92.86,92.86,0.00,4830.09,4830.09,4485.08
2,BLR-KOR,2026-01-22,20260122,2026-01,Thursday,False,14,0,14,14,0,66723.85,3336.18,70060.03,6382.93,60340.92,100.00,100.00,0.00,4765.99,4765.99,4765.99
1,BLR-BTM,2026-04-15,20260415,2026-04,Wednesday,False,16,0,16,16,0,68241.06,3412.03,71653.09,5972.14,62268.92,100.00,100.00,0.00,4265.07,4265.07,4265.07
1,BLR-BTM,2025-06-03,20250603,2025-06,Tuesday,False,16,0,16,12,1,46182.63,5541.92,51724.55,2920.55,43262.08,75.00,75.00,0.00,3848.55,4077.67,2886.41
1,BLR-BTM,2025-05-26,20250526,2025-05,Monday,False,16,0,16,8,0,31137.75,3736.54,34874.29,1476.28,29661.47,50.00,50.00,0.00,3892.22,3892.22,1946.11
3,BLR-HSR,2026-08-05,20260805,2026-08,Wednesday,False,10,0,10,10,0,41790.92,2089.55,43880.47,3875.38,37915.54,100.00,100.00,0.00,4179.09,4179.09,4179.09
1,BLR-BTM,2026-03-17,20260317,2026-03,Tuesday,False,16,0,16,16,0,72580.18,4641.36,77221.54,2783.62,69796.56,100.00,100.00,0.00,4536.26,4536.26,4536.26
2,BLR-KOR,2026-07-13,20260713,2026-07,Monday,False,14,0,14,9,0,41733.95,2086.71,43820.66,1771.12,39962.83,64.29,64.29,0.00,4637.11,4637.11,2981.00
2,BLR-KOR,2026-02-22,20260222,2026-02,Sunday,True,14,0,14,8,0,42715.01,2135.76,44850.77,1425.78,41289.23,57.14,57.14,0.00,5339.38,5339.38,3051.07
2,BLR-KOR,2025-09-20,20250920,2025-09,Saturday,True,14,0,14,9,0,39378.47,4725.42,44103.89,2506.15,36872.32,64.29,64.29,0.00,4375.39,4375.39,2812.75
1,BLR-BTM,2026-06-15,20260615,2026-06,Monday,False,16,0,16,16,0,73054.78,3652.75,76707.53,2465.04,70589.74,100.00,100.00,0.00,4565.92,4565.92,4565.92
1,BLR-BTM,2025-06-25,20250625,2025-06,Wednesday,False,16,0,16,12,0,49573.59,5948.83,55522.42,4766.54,44807.05,75.00,75.00,0.00,4131.13,4131.13,3098.35
1,BLR-BTM,2025-04-08,20250408,2025-04,Tuesday,False,16,0,16,13,0,55249.02,6629.88,61878.90,4088.28,51160.74,81.25,81.25,0.00,4249.92,4249.92,3453.06
2,BLR-KOR,2026-07-24,20260724,2026-07,Friday,False,14,0,14,14,0,67976.49,3398.83,71375.32,7871.79,60104.70,100.00,100.00,0.00,4855.46,4855.46,4855.46
1,BLR-BTM,2025-08-31,20250831,2025-08,Sunday,True,14,2,16,12,1,48319.51,5798.35,54117.86,2499.69,45819.82,85.71,75.00,10.71,4026.63,4234.12,3451.39
1,BLR-BTM,2026-07-19,20260719,2026-07,Sunday,True,15,1,16,15,0,64265.94,3213.29,67479.23,4119.94,60146.00,100.00,93.75,6.25,4284.40,4284.40,4284.40
2,BLR-KOR,2026-06-16,20260616,2026-06,Tuesday,False,12,2,14,12,0,56158.98,3866.99,60025.97,0.00,56158.98,100.00,85.71,14.29,4679.92,4679.92,4679.92
2,BLR-KOR,2025-08-24,20250824,2025-08,Sunday,True,14,0,14,5,0,24013.29,3352.52,27365.81,2597.53,21415.76,35.71,35.71,0.00,4802.66,4802.66,1715.24
2,BLR-KOR,2026-08-05,20260805,2026-08,Wednesday,False,14,0,14,14,0,69401.39,4477.64,73879.03,4472.44,64928.95,100.00,100.00,0.00,4957.24,4957.24,4957.24
2,BLR-KOR,2026-07-28,20260728,2026-07,Tuesday,False,12,2,14,12,0,58957.27,2947.87,61905.14,6063.68,52893.59,100.00,85.71,14.29,4913.11,4913.11,4913.11
1,BLR-BTM,2026-05-01,20260501,2026-05,Friday,False,15,1,16,15,0,63746.89,3187.35,66934.24,5702.51,58044.38,100.00,93.75,6.25,4249.79,4249.79,4249.79
2,BLR-KOR,2025-08-31,20250831,2025-08,Sunday,True,14,0,14,12,0,56150.30,6738.03,62888.33,3008.57,53141.73,85.71,85.71,0.00,4679.19,4679.19,4010.74
2,BLR-KOR,2026-03-20,20260320,2026-03,Friday,False,14,0,14,7,0,30399.30,1519.96,31919.26,2408.17,27991.13,50.00,50.00,0.00,4342.76,4342.76,2171.38
2,BLR-KOR,2026-06-03,20260603,2026-06,Wednesday,False,14,0,14,14,0,66476.02,4344.87,70820.89,729.75,65746.27,100.00,100.00,0.00,4748.29,4748.29,4748.29
1,BLR-BTM,2025-08-10,20250810,2025-08,Sunday,True,16,0,16,10,0,41991.27,5038.94,47030.21,4823.93,37167.34,62.50,62.50,0.00,4199.13,4199.13,2624.45
2,BLR-KOR,2025-08-30,20250830,2025-08,Saturday,True,14,0,14,11,0,53061.29,6367.36,59428.65,1681.62,51379.67,78.57,78.57,0.00,4823.75,4823.75,3790.09
1,BLR-BTM,2025-03-08,20250308,2025-03,Saturday,True,15,1,16,9,0,39878.51,4785.43,44663.94,0.00,39878.51,60.00,56.25,3.75,4430.95,4430.95,2658.57
1,BLR-BTM,2026-07-06,20260706,2026-07,Monday,False,16,0,16,16,0,72625.41,4660.47,77285.88,5634.52,66990.89,100.00,100.00,0.00,4539.09,4539.09,4539.09
2,BLR-KOR,2025-06-19,20250619,2025-06,Thursday,False,14,0,14,12,0,56407.99,6768.96,63176.95,3128.62,53279.37,85.71,85.71,0.00,4700.67,4700.67,4029.14
1,BLR-BTM,2025-02-15,20250215,2025-02,Saturday,True,16,0,16,14,1,58086.19,6970.35,65056.54,2011.94,56074.25,87.50,87.50,0.00,4149.01,4383.98,3630.39
1,BLR-BTM,2026-04-23,20260423,2026-04,Thursday,False,16,0,16,16,0,67958.23,3397.91,71356.14,2604.36,65353.87,100.00,100.00,0.00,4247.39,4247.39,4247.39
1,BLR-BTM,2025-11-04,20251104,2025-11,Tuesday,False,16,0,16,11,1,46288.60,2314.43,48603.03,2815.31,43473.29,68.75,68.75,0.00,4208.05,4493.46,2893.04
2,BLR-KOR,2026-06-10,20260610,2026-06,Wednesday,False,14,0,14,14,1,62919.68,3145.98,66065.66,1699.79,61219.89,100.00,100.00,0.00,4494.26,4764.29,4494.26
2,BLR-KOR,2025-11-22,20251122,2025-11,Saturday,True,14,0,14,7,0,32880.31,1644.01,34524.32,4516.97,28363.34,50.00,50.00,0.00,4697.19,4697.19,2348.59
1,BLR-BTM,2025-08-13,20250813,2025-08,Wednesday,False,16,0,16,9,0,39755.35,4770.64,44525.99,1488.28,38267.07,56.25,56.25,0.00,4417.26,4417.26,2484.71
1,BLR-BTM,2025-05-21,20250521,2025-05,Wednesday,False,16,0,16,9,0,39550.81,4746.10,44296.91,3241.17,36309.64,56.25,56.25,0.00,4394.53,4394.53,2471.93
2,BLR-KOR,2025-12-03,20251203,2025-12,Wednesday,False,13,1,14,13,1,54573.66,2728.70,57302.36,2882.46,51691.20,100.00,92.86,7.14,4197.97,4443.28,4197.97
2,BLR-KOR,2025-04-09,20250409,2025-04,Wednesday,False,14,0,14,11,0,55932.23,7173.47,63105.70,2772.33,53159.90,78.57,78.57,0.00,5084.75,5084.75,3995.16
1,BLR-BTM,2025-04-07,20250407,2025-04,Monday,False,16,0,16,15,0,62527.50,7503.29,70030.79,3841.12,58686.38,93.75,93.75,0.00,4168.50,4168.50,3907.97
2,BLR-KOR,2025-05-12,20250512,2025-05,Monday,False,14,0,14,11,0,50929.15,6571.41,57500.56,3692.08,47237.07,78.57,78.57,0.00,4629.92,4629.92,3637.80
3,BLR-HSR,2026-05-06,20260506,2026-05,Wednesday,False,10,0,10,4,0,16834.98,841.75,17676.73,2020.71,14814.27,40.00,40.00,0.00,4208.75,4208.75,1683.50
2,BLR-KOR,2026-07-19,20260719,2026-07,Sunday,True,14,0,14,11,0,49513.71,2475.69,51989.40,4670.76,44842.95,78.57,78.57,0.00,4501.25,4501.25,3536.69
2,BLR-KOR,2025-06-12,20250612,2025-06,Thursday,False,14,0,14,10,0,45165.82,5419.90,50585.72,674.12,44491.70,71.43,71.43,0.00,4516.58,4516.58,3226.13
2,BLR-KOR,2025-06-10,20250610,2025-06,Tuesday,False,13,1,14,8,0,37741.62,4528.99,42270.61,1891.31,35850.31,61.54,57.14,4.40,4717.70,4717.70,2903.20
1,BLR-BTM,2025-03-25,20250325,2025-03,Tuesday,False,16,0,16,16,1,67298.74,8075.84,75374.58,5512.00,61786.74,100.00,100.00,0.00,4206.17,4386.97,4206.17
2,BLR-KOR,2026-06-13,20260613,2026-06,Saturday,True,13,1,14,12,1,49907.77,2495.39,52403.16,2463.26,47444.51,92.31,85.71,6.59,4158.98,4444.69,3839.06
2,BLR-KOR,2026-04-24,20260424,2026-04,Friday,False,14,0,14,13,0,63627.19,4239.73,67866.92,3670.09,59957.10,92.86,92.86,0.00,4894.40,4894.40,4544.80
1,BLR-BTM,2025-10-23,20251023,2025-10,Thursday,False,16,0,16,16,0,65233.01,3261.64,68494.65,4108.84,61124.17,100.00,100.00,0.00,4077.06,4077.06,4077.06
3,BLR-HSR,2026-08-09,20260809,2026-08,Sunday,True,10,0,10,9,0,31433.36,1571.67,33005.03,1216.40,30216.96,90.00,90.00,0.00,3492.60,3492.60,3143.34
1,BLR-BTM,2025-11-27,20251127,2025-11,Thursday,False,16,0,16,14,0,66339.86,3317.01,69656.87,5676.05,60663.81,87.50,87.50,0.00,4738.56,4738.56,4146.24
2,BLR-KOR,2025-06-20,20250620,2025-06,Friday,False,13,1,14,12,0,57517.86,6902.15,64420.01,3352.60,54165.26,92.31,85.71,6.59,4793.16,4793.16,4424.45
2,BLR-KOR,2025-06-04,20250604,2025-06,Wednesday,False,14,0,14,10,2,40929.46,4911.53,45840.99,2195.34,38734.12,71.43,71.43,0.00,4092.95,4667.85,2923.53
1,BLR-BTM,2025-09-05,20250905,2025-09,Friday,False,16,0,16,14,1,57977.13,6957.25,64934.38,3505.03,54472.10,87.50,87.50,0.00,4141.22,4362.16,3623.57
2,BLR-KOR,2025-10-08,20251008,2025-10,Wednesday,False,14,0,14,14,0,67233.05,4387.93,71620.98,5935.97,61297.08,100.00,100.00,0.00,4802.36,4802.36,4802.36
2,BLR-KOR,2025-10-29,20251029,2025-10,Wednesday,False,14,0,14,14,0,68446.48,4418.69,72865.17,6559.32,61887.16,100.00,100.00,0.00,4889.03,4889.03,4889.03
1,BLR-BTM,2025-04-15,20250415,2025-04,Tuesday,False,16,0,16,14,0,63702.41,7644.28,71346.69,5154.40,58548.01,87.50,87.50,0.00,4550.17,4550.17,3981.40
1,BLR-BTM,2026-04-18,20260418,2026-04,Saturday,True,16,0,16,12,1,48738.38,2436.91,51175.29,2367.20,46371.18,75.00,75.00,0.00,4061.53,4338.30,3046.15
2,BLR-KOR,2025-12-26,20251226,2025-12,Friday,False,14,0,14,14,1,59437.61,2971.89,62409.50,5002.83,54434.78,100.00,100.00,0.00,4245.54,4435.60,4245.54
2,BLR-KOR,2025-02-18,20250218,2025-02,Tuesday,False,14,0,14,10,2,38934.48,4672.14,43606.62,3395.51,35538.97,71.43,71.43,0.00,3893.45,4392.14,2781.03
2,BLR-KOR,2026-02-02,20260202,2026-02,Monday,False,13,1,14,13,1,56348.34,2817.42,59165.76,4978.57,51369.77,100.00,92.86,7.14,4334.49,4596.10,4334.49
2,BLR-KOR,2025-03-11,20250311,2025-03,Tuesday,False,14,0,14,7,1,30029.65,3603.56,33633.21,2432.01,27597.64,50.00,50.00,0.00,4289.95,4822.40,2144.98
1,BLR-BTM,2026-05-10,20260510,2026-05,Sunday,True,16,0,16,9,0,40760.14,2038.00,42798.14,1877.88,38882.26,56.25,56.25,0.00,4528.90,4528.90,2547.51
2,BLR-KOR,2026-05-01,20260501,2026-05,Friday,False,14,0,14,10,0,44041.63,2202.09,46243.72,3679.17,40362.46,71.43,71.43,0.00,4404.16,4404.16,3145.83
2,BLR-KOR,2026-04-02,20260402,2026-04,Thursday,False,14,0,14,13,1,59744.00,3987.35,63731.35,6123.18,53620.82,92.86,92.86,0.00,4595.69,4871.90,4267.43
2,BLR-KOR,2026-05-04,20260504,2026-05,Monday,False,13,1,14,13,0,60002.14,3000.11,63002.25,3890.40,56111.74,100.00,92.86,7.14,4615.55,4615.55,4615.55
2,BLR-KOR,2025-03-21,20250321,2025-03,Friday,False,14,0,14,7,1,24521.28,2942.54,27463.82,2463.06,22058.22,50.00,50.00,0.00,3503.04,3785.94,1751.52
2,BLR-KOR,2025-02-21,20250221,2025-02,Friday,False,14,0,14,8,0,37137.35,4456.48,41593.83,3170.25,33967.10,57.14,57.14,0.00,4642.17,4642.17,2652.67
1,BLR-BTM,2026-02-21,20260221,2026-02,Saturday,True,16,0,16,14,0,58591.09,2929.54,61520.63,5982.62,52608.47,87.50,87.50,0.00,4185.08,4185.08,3661.94
1,BLR-BTM,2025-12-14,20251214,2025-12,Sunday,True,15,1,16,13,0,57428.69,2871.44,60300.13,1581.53,55847.16,86.67,81.25,5.42,4417.59,4417.59,3828.58
3,BLR-HSR,2026-08-01,20260801,2026-08,Saturday,True,10,0,10,5,0,19490.73,974.54,20465.27,2010.00,17480.73,50.00,50.00,0.00,3898.15,3898.15,1949.07
2,BLR-KOR,2025-11-21,20251121,2025-11,Friday,False,14,0,14,9,1,37613.94,1880.69,39494.63,4491.61,33122.33,64.29,64.29,0.00,4179.33,4553.45,2686.71
1,BLR-BTM,2026-07-10,20260710,2026-07,Friday,False,15,1,16,14,0,62783.98,3139.20,65923.18,5796.05,56987.93,93.33,87.50,5.83,4484.57,4484.57,4185.60
2,BLR-KOR,2026-01-05,20260105,2026-01,Monday,False,13,1,14,12,0,53992.47,2699.61,56692.08,6400.71,47591.76,92.31,85.71,6.59,4499.37,4499.37,4153.27
2,BLR-KOR,2025-12-13,20251213,2025-12,Saturday,True,13,1,14,13,0,61195.69,3059.76,64255.45,5540.98,55654.71,100.00,92.86,7.14,4707.36,4707.36,4707.36
2,BLR-KOR,2026-05-25,20260525,2026-05,Monday,False,14,0,14,14,0,65499.22,4296.03,69795.25,2936.46,62562.76,100.00,100.00,0.00,4678.52,4678.52,4678.52
1,BLR-BTM,2025-10-20,20251020,2025-10,Monday,False,16,0,16,12,0,51728.31,2586.41,54314.72,2986.48,48741.83,75.00,75.00,0.00,4310.69,4310.69,3233.02
2,BLR-KOR,2026-06-12,20260612,2026-06,Friday,False,14,0,14,13,0,63138.35,3156.91,66295.26,2036.64,61101.71,92.86,92.86,0.00,4856.80,4856.80,4509.88
2,BLR-KOR,2025-05-01,20250501,2025-05,Thursday,False,14,0,14,14,0,65907.95,7908.95,73816.90,5592.49,60315.46,100.00,100.00,0.00,4707.71,4707.71,4707.71
1,BLR-BTM,2025-05-17,20250517,2025-05,Saturday,True,16,0,16,12,0,53221.94,6386.64,59608.58,2496.75,50725.19,75.00,75.00,0.00,4435.16,4435.16,3326.37
2,BLR-KOR,2026-04-18,20260418,2026-04,Saturday,True,14,0,14,14,0,66501.29,4383.43,70884.72,4319.85,62181.44,100.00,100.00,0.00,4750.09,4750.09,4750.09
1,BLR-BTM,2026-07-13,20260713,2026-07,Monday,False,15,1,16,14,1,60056.29,3002.83,63059.12,5630.04,54426.25,93.33,87.50,5.83,4289.74,4505.86,4003.75
3,BLR-HSR,2026-04-02,20260402,2026-04,Thursday,False,10,0,10,2,0,7374.51,368.73,7743.24,0.00,7374.51,20.00,20.00,0.00,3687.26,3687.26,737.45
2,BLR-KOR,2026-07-03,20260703,2026-07,Friday,False,14,0,14,13,0,61437.70,4073.38,65511.08,2476.72,58960.98,92.86,92.86,0.00,4725.98,4725.98,4388.41
1,BLR-BTM,2025-12-29,20251229,2025-12,Monday,False,16,0,16,5,0,19007.88,950.39,19958.27,1656.46,17351.42,31.25,31.25,0.00,3801.58,3801.58,1187.99
1,BLR-BTM,2025-12-27,20251227,2025-12,Saturday,True,15,1,16,6,0,22167.36,1108.36,23275.72,1795.31,20372.05,40.00,37.50,2.50,3694.56,3694.56,1477.82
2,BLR-KOR,2026-01-11,20260111,2026-01,Sunday,True,13,1,14,10,0,47359.67,2367.98,49727.65,2388.15,44971.52,76.92,71.43,5.49,4735.97,4735.97,3643.05
1,BLR-BTM,2025-09-19,20250919,2025-09,Friday,False,14,2,16,14,1,61755.95,7410.70,69166.65,4822.86,56933.09,100.00,87.50,12.50,4411.14,4661.88,4411.14
1,BLR-BTM,2025-02-13,20250213,2025-02,Thursday,False,15,1,16,15,0,66483.52,7978.02,74461.54,887.24,65596.28,100.00,93.75,6.25,4432.23,4432.23,4432.23
3,BLR-HSR,2026-04-01,20260401,2026-04,Wednesday,False,9,1,10,3,1,8984.59,449.23,9433.82,731.40,8253.19,33.33,30.00,3.33,2994.86,4103.30,998.29
1,BLR-BTM,2025-06-22,20250622,2025-06,Sunday,True,16,0,16,10,0,41548.52,4985.82,46534.34,3360.22,38188.30,62.50,62.50,0.00,4154.85,4154.85,2596.78
2,BLR-KOR,2025-08-23,20250823,2025-08,Saturday,True,13,1,14,8,1,39643.69,5228.17,44871.86,2931.83,36711.86,61.54,57.14,4.40,4955.46,5413.25,3049.51
1,BLR-BTM,2025-10-17,20251017,2025-10,Friday,False,16,0,16,10,0,43085.45,2154.27,45239.72,3441.52,39643.93,62.50,62.50,0.00,4308.55,4308.55,2692.84
2,BLR-KOR,2026-03-22,20260322,2026-03,Sunday,True,12,2,14,7,1,30939.27,1546.97,32486.24,1766.33,29172.94,58.33,50.00,8.33,4419.90,4975.33,2578.27
2,BLR-KOR,2026-03-18,20260318,2026-03,Wednesday,False,14,0,14,13,0,61099.00,4039.37,65138.37,7265.62,53833.38,92.86,92.86,0.00,4699.92,4699.92,4364.21
1,BLR-BTM,2025-06-14,20250614,2025-06,Saturday,True,16,0,16,8,1,34777.36,4173.27,38950.63,3318.25,31459.11,50.00,50.00,0.00,4347.17,4800.08,2173.59
3,BLR-HSR,2026-06-03,20260603,2026-06,Wednesday,False,10,0,10,5,0,17397.28,869.88,18267.16,886.11,16511.17,50.00,50.00,0.00,3479.46,3479.46,1739.73
2,BLR-KOR,2026-01-13,20260113,2026-01,Tuesday,False,14,0,14,10,0,45235.50,3238.17,48473.67,3866.12,41369.38,71.43,71.43,0.00,4523.55,4523.55,3231.11
2,BLR-KOR,2025-03-10,20250310,2025-03,Monday,False,14,0,14,7,1,31930.83,3831.70,35762.53,831.54,31099.29,50.00,50.00,0.00,4561.55,5147.11,2280.77
3,BLR-HSR,2026-06-30,20260630,2026-06,Tuesday,False,10,0,10,6,0,25054.33,1252.72,26307.05,2272.53,22781.80,60.00,60.00,0.00,4175.72,4175.72,2505.43
1,BLR-BTM,2026-06-30,20260630,2026-06,Tuesday,False,15,1,16,10,0,42707.69,2135.39,44843.08,2720.06,39987.63,66.67,62.50,4.17,4270.77,4270.77,2847.18
1,BLR-BTM,2026-06-10,20260610,2026-06,Wednesday,False,16,0,16,15,0,66395.44,3319.77,69715.21,2794.63,63600.81,93.75,93.75,0.00,4426.36,4426.36,4149.72
1,BLR-BTM,2025-11-07,20251107,2025-11,Friday,False,16,0,16,10,0,41078.49,2053.92,43132.41,3715.28,37363.21,62.50,62.50,0.00,4107.85,4107.85,2567.41
2,BLR-KOR,2026-04-16,20260416,2026-04,Thursday,False,14,0,14,14,0,67799.23,4448.33,72247.56,5155.47,62643.76,100.00,100.00,0.00,4842.80,4842.80,4842.80
3,BLR-HSR,2026-04-28,20260428,2026-04,Tuesday,False,10,0,10,7,2,20619.51,1030.99,21650.50,1480.79,19138.72,70.00,70.00,0.00,2945.64,3627.49,2061.95
2,BLR-KOR,2026-05-26,20260526,2026-05,Tuesday,False,13,1,14,13,0,61816.46,4111.89,65928.35,2852.75,58963.71,100.00,92.86,7.14,4755.11,4755.11,4755.11
3,BLR-HSR,2026-08-10,20260810,2026-08,Monday,False,10,0,10,9,0,31575.40,1578.77,33154.17,568.95,31006.45,90.00,90.00,0.00,3508.38,3508.38,3157.54
3,BLR-HSR,2026-08-07,20260807,2026-08,Friday,False,10,0,10,8,0,34187.67,1709.39,35897.06,4213.26,29974.41,80.00,80.00,0.00,4273.46,4273.46,3418.77
3,BLR-HSR,2026-06-04,20260604,2026-06,Thursday,False,8,2,10,5,0,15948.87,797.46,16746.33,0.00,15948.87,62.50,50.00,12.50,3189.77,3189.77,1993.61
2,BLR-KOR,2026-03-05,20260305,2026-03,Thursday,False,14,0,14,13,0,64056.92,3202.85,67259.77,4270.62,59786.30,92.86,92.86,0.00,4927.46,4927.46,4575.49
1,BLR-BTM,2026-01-14,20260114,2026-01,Wednesday,False,15,1,16,15,0,64442.14,3222.10,67664.24,3227.45,61214.69,100.00,93.75,6.25,4296.14,4296.14,4296.14
3,BLR-HSR,2026-05-10,20260510,2026-05,Sunday,True,9,1,10,4,0,12153.21,607.66,12760.87,560.05,11593.16,44.44,40.00,4.44,3038.30,3038.30,1350.36
2,BLR-KOR,2026-03-15,20260315,2026-03,Sunday,True,14,0,14,14,0,65754.98,4272.17,70027.15,5760.08,59994.90,100.00,100.00,0.00,4696.78,4696.78,4696.78
2,BLR-KOR,2025-04-04,20250404,2025-04,Friday,False,14,0,14,10,0,47369.63,5684.35,53053.98,2542.34,44827.29,71.43,71.43,0.00,4736.96,4736.96,3383.55
2,BLR-KOR,2026-04-03,20260403,2026-04,Friday,False,13,1,14,12,1,55400.47,3770.18,59170.65,4608.46,50792.01,92.31,85.71,6.59,4616.71,4926.86,4261.57
2,BLR-KOR,2025-02-12,20250212,2025-02,Wednesday,False,14,0,14,10,1,40756.69,5341.69,46098.38,1630.97,39125.72,71.43,71.43,0.00,4075.67,4305.96,2911.19
2,BLR-KOR,2026-06-09,20260609,2026-06,Tuesday,False,14,0,14,14,0,65194.40,3259.73,68454.13,1581.71,63612.69,100.00,100.00,0.00,4656.74,4656.74,4656.74
1,BLR-BTM,2025-06-16,20250616,2025-06,Monday,False,16,0,16,14,0,60678.55,7281.43,67959.98,5806.89,54871.66,87.50,87.50,0.00,4334.18,4334.18,3792.41
2,BLR-KOR,2025-12-20,20251220,2025-12,Saturday,True,14,0,14,8,0,40026.99,2001.34,42028.33,3354.29,36672.70,57.14,57.14,0.00,5003.37,5003.37,2859.07
1,BLR-BTM,2025-05-01,20250501,2025-05,Thursday,False,16,0,16,12,1,47713.99,5725.65,53439.64,2890.71,44823.28,75.00,75.00,0.00,3976.17,4236.78,2982.12
2,BLR-KOR,2025-04-26,20250426,2025-04,Saturday,True,14,0,14,8,0,37838.63,4540.64,42379.27,4371.27,33467.36,57.14,57.14,0.00,4729.83,4729.83,2702.76
1,BLR-BTM,2025-10-14,20251014,2025-10,Tuesday,False,16,0,16,10,0,43939.43,2196.98,46136.41,2898.22,41041.21,62.50,62.50,0.00,4393.94,4393.94,2746.21
1,BLR-BTM,2026-01-09,20260109,2026-01,Friday,False,15,1,16,14,0,57566.68,2878.35,60445.03,5562.83,52003.85,93.33,87.50,5.83,4111.91,4111.91,3837.78
2,BLR-KOR,2025-11-26,20251126,2025-11,Wednesday,False,13,1,14,13,0,64800.04,3240.02,68040.06,7213.55,57586.49,100.00,92.86,7.14,4984.62,4984.62,4984.62
1,BLR-BTM,2026-05-15,20260515,2026-05,Friday,False,16,0,16,15,1,63279.84,3163.99,66443.83,3182.29,60097.55,93.75,93.75,0.00,4218.66,4424.24,3954.99
3,BLR-HSR,2026-06-19,20260619,2026-06,Friday,False,9,1,10,6,0,22010.54,1100.53,23111.07,507.06,21503.48,66.67,60.00,6.67,3668.42,3668.42,2445.62
2,BLR-KOR,2026-05-29,20260529,2026-05,Friday,False,14,0,14,13,0,61258.56,4084.00,65342.56,2086.85,59171.71,92.86,92.86,0.00,4712.20,4712.20,4375.61
1,BLR-BTM,2025-11-28,20251128,2025-11,Friday,False,15,1,16,12,0,54994.77,2749.75,57744.52,5514.56,49480.21,80.00,75.00,5.00,4582.90,4582.90,3666.32
2,BLR-KOR,2026-04-12,20260412,2026-04,Sunday,True,14,0,14,11,0,49446.86,3530.72,52977.58,3359.75,46087.11,78.57,78.57,0.00,4495.17,4495.17,3531.92
2,BLR-KOR,2026-08-01,20260801,2026-08,Saturday,True,14,0,14,11,0,55290.31,2764.51,58054.82,5630.04,49660.27,78.57,78.57,0.00,5026.39,5026.39,3949.31
3,BLR-HSR,2026-05-12,20260512,2026-05,Tuesday,False,10,0,10,3,0,10573.99,528.70,11102.69,1266.59,9307.40,30.00,30.00,0.00,3524.66,3524.66,1057.40
1,BLR-BTM,2026-03-05,20260305,2026-03,Thursday,False,16,0,16,13,2,48773.23,2438.68,51211.91,6262.54,42510.69,81.25,81.25,0.00,3751.79,4225.91,3048.33
1,BLR-BTM,2025-11-09,20251109,2025-11,Sunday,True,16,0,16,16,1,66268.47,3313.41,69581.88,6173.85,60094.62,100.00,100.00,0.00,4141.78,4356.70,4141.78
2,BLR-KOR,2026-06-21,20260621,2026-06,Sunday,True,13,1,14,11,1,50689.93,3593.53,54283.46,1819.40,48870.53,84.62,78.57,6.04,4608.18,4874.70,3899.23
2,BLR-KOR,2025-11-16,20251116,2025-11,Sunday,True,12,2,14,7,1,33700.37,2667.19,36367.56,2727.88,30972.49,58.33,50.00,8.33,4814.34,5420.22,2808.36
1,BLR-BTM,2026-07-21,20260721,2026-07,Tuesday,False,16,0,16,16,0,70991.77,3549.60,74541.37,7331.54,63660.23,100.00,100.00,0.00,4436.99,4436.99,4436.99
1,BLR-BTM,2025-04-28,20250428,2025-04,Monday,False,16,0,16,15,1,62480.29,7497.63,69977.92,5464.17,57016.12,93.75,93.75,0.00,4165.35,4381.50,3905.02
1,BLR-BTM,2026-04-10,20260410,2026-04,Friday,False,16,0,16,12,0,53050.25,2652.50,55702.75,2946.31,50103.94,75.00,75.00,0.00,4420.85,4420.85,3315.64
1,BLR-BTM,2026-08-03,20260803,2026-08,Monday,False,16,0,16,15,0,68612.16,3430.60,72042.76,6664.34,61947.82,93.75,93.75,0.00,4574.14,4574.14,4288.26
3,BLR-HSR,2026-05-13,20260513,2026-05,Wednesday,False,10,0,10,3,0,10558.18,527.91,11086.09,1263.90,9294.28,30.00,30.00,0.00,3519.39,3519.39,1055.82
1,BLR-BTM,2026-06-14,20260614,2026-06,Sunday,True,16,0,16,15,0,67529.65,3376.47,70906.12,2478.84,65050.81,93.75,93.75,0.00,4501.98,4501.98,4220.60
2,BLR-KOR,2025-08-16,20250816,2025-08,Saturday,True,14,0,14,9,0,43822.55,5258.71,49081.26,2972.26,40850.29,64.29,64.29,0.00,4869.17,4869.17,3130.18
2,BLR-KOR,2025-07-14,20250714,2025-07,Monday,False,14,0,14,10,0,48308.04,5796.96,54105.00,0.00,48308.04,71.43,71.43,0.00,4830.80,4830.80,3450.57
2,BLR-KOR,2025-08-21,20250821,2025-08,Thursday,False,14,0,14,13,0,64575.88,7749.09,72324.97,3905.71,60670.17,92.86,92.86,0.00,4967.38,4967.38,4612.56
2,BLR-KOR,2026-05-22,20260522,2026-05,Friday,False,14,0,14,13,0,60005.22,3000.26,63005.48,3756.72,56248.50,92.86,92.86,0.00,4615.79,4615.79,4286.09
1,BLR-BTM,2026-06-17,20260617,2026-06,Wednesday,False,15,1,16,14,0,63988.33,3199.43,67187.76,1430.77,62557.56,93.33,87.50,5.83,4570.60,4570.60,4265.89
3,BLR-HSR,2026-06-13,20260613,2026-06,Saturday,True,10,0,10,8,1,27491.49,1374.57,28866.06,154.82,27336.67,80.00,80.00,0.00,3436.44,3743.05,2749.15
3,BLR-HSR,2026-07-26,20260726,2026-07,Sunday,True,8,2,10,6,0,22626.71,1131.35,23758.06,617.46,22009.25,75.00,60.00,15.00,3771.12,3771.12,2828.34
3,BLR-HSR,2026-06-15,20260615,2026-06,Monday,False,10,0,10,7,0,28906.82,1445.34,30352.16,743.16,28163.66,70.00,70.00,0.00,4129.55,4129.55,2890.68
2,BLR-KOR,2026-03-24,20260324,2026-03,Tuesday,False,14,0,14,12,0,52961.00,2648.05,55609.05,4464.83,48496.17,85.71,85.71,0.00,4413.42,4413.42,3782.93
2,BLR-KOR,2025-12-25,20251225,2025-12,Thursday,False,13,1,14,11,0,51131.64,2556.59,53688.23,3224.19,47907.45,84.62,78.57,6.04,4648.33,4648.33,3933.20
2,BLR-KOR,2025-02-25,20250225,2025-02,Tuesday,False,14,0,14,9,1,39627.76,4755.33,44383.09,3346.96,36280.80,64.29,64.29,0.00,4403.08,4696.86,2830.55
2,BLR-KOR,2025-11-30,20251130,2025-11,Sunday,True,14,0,14,11,0,49850.97,2492.56,52343.53,2929.35,46921.62,78.57,78.57,0.00,4531.91,4531.91,3560.78
2,BLR-KOR,2026-07-01,20260701,2026-07,Wednesday,False,12,2,14,12,0,56029.57,3802.98,59832.55,778.57,55251.00,100.00,85.71,14.29,4669.13,4669.13,4669.13
1,BLR-BTM,2026-05-26,20260526,2026-05,Tuesday,False,16,0,16,11,0,49716.19,2485.81,52202.00,573.31,49142.88,68.75,68.75,0.00,4519.65,4519.65,3107.26
1,BLR-BTM,2025-05-16,20250516,2025-05,Friday,False,15,1,16,13,0,58709.23,7045.10,65754.33,3952.88,54756.35,86.67,81.25,5.42,4516.09,4516.09,3913.95
1,BLR-BTM,2025-02-20,20250220,2025-02,Thursday,False,16,0,16,13,0,55857.67,6702.93,62560.60,3633.72,52223.95,81.25,81.25,0.00,4296.74,4296.74,3491.10
2,BLR-KOR,2026-03-10,20260310,2026-03,Tuesday,False,14,0,14,13,2,56919.26,2845.97,59765.23,1242.07,55677.19,92.86,92.86,0.00,4378.40,4942.49,4065.66
1,BLR-BTM,2026-01-05,20260105,2026-01,Monday,False,15,1,16,14,0,61641.78,3082.09,64723.87,7414.86,54226.92,93.33,87.50,5.83,4402.98,4402.98,4109.45
2,BLR-KOR,2025-02-10,20250210,2025-02,Monday,False,14,0,14,8,0,38525.62,5073.96,43599.58,1482.23,37043.39,57.14,57.14,0.00,4815.70,4815.70,2751.83
1,BLR-BTM,2025-11-24,20251124,2025-11,Monday,False,14,2,16,9,0,39582.32,1979.12,41561.44,2191.83,37390.49,64.29,56.25,8.04,4398.04,4398.04,2827.31
1,BLR-BTM,2025-06-24,20250624,2025-06,Tuesday,False,16,0,16,12,0,51088.62,6130.63,57219.25,5754.90,45333.72,75.00,75.00,0.00,4257.39,4257.39,3193.04
3,BLR-HSR,2026-05-02,20260502,2026-05,Saturday,True,9,1,10,2,0,6668.66,333.44,7002.10,0.00,6668.66,22.22,20.00,2.22,3334.33,3334.33,740.96
2,BLR-KOR,2026-05-27,20260527,2026-05,Wednesday,False,14,0,14,14,1,61795.85,4110.87,65906.72,1569.89,60225.96,100.00,100.00,0.00,4413.99,4653.44,4413.99
2,BLR-KOR,2026-05-17,20260517,2026-05,Sunday,True,13,1,14,10,0,48466.44,2423.31,50889.75,5519.10,42947.34,76.92,71.43,5.49,4846.64,4846.64,3728.19
1,BLR-BTM,2025-10-16,20251016,2025-10,Thursday,False,15,1,16,12,0,54510.71,2725.53,57236.24,5163.39,49347.32,80.00,75.00,5.00,4542.56,4542.56,3634.05
1,BLR-BTM,2025-02-21,20250221,2025-02,Friday,False,15,1,16,12,0,54078.48,6489.43,60567.91,4757.88,49320.60,80.00,75.00,5.00,4506.54,4506.54,3605.23
3,BLR-HSR,2026-08-02,20260802,2026-08,Sunday,True,9,1,10,4,0,14757.16,737.86,15495.02,1288.68,13468.48,44.44,40.00,4.44,3689.29,3689.29,1639.68
1,BLR-BTM,2025-03-22,20250322,2025-03,Saturday,True,16,0,16,9,0,37745.89,4529.51,42275.40,2979.32,34766.57,56.25,56.25,0.00,4193.99,4193.99,2359.12
3,BLR-HSR,2026-03-25,20260325,2026-03,Wednesday,False,10,0,10,3,1,8244.25,412.21,8656.46,105.77,8138.48,30.00,30.00,0.00,2748.08,3681.40,824.43
1,BLR-BTM,2026-03-26,20260326,2026-03,Thursday,False,16,0,16,10,0,43174.39,2158.73,45333.12,3324.13,39850.26,62.50,62.50,0.00,4317.44,4317.44,2698.40
2,BLR-KOR,2025-04-30,20250430,2025-04,Wednesday,False,14,0,14,13,0,63263.13,7591.57,70854.70,5907.41,57355.72,92.86,92.86,0.00,4866.39,4866.39,4518.80
1,BLR-BTM,2026-07-08,20260708,2026-07,Wednesday,False,16,0,16,15,0,71296.40,4560.56,75856.96,8259.32,63037.08,93.75,93.75,0.00,4753.09,4753.09,4456.03
1,BLR-BTM,2025-02-10,20250210,2025-02,Monday,False,16,0,16,12,0,53368.69,6404.25,59772.94,2708.61,50660.08,75.00,75.00,0.00,4447.39,4447.39,3335.54
1,BLR-BTM,2025-08-02,20250802,2025-08,Saturday,True,16,0,16,12,0,52470.33,6296.44,58766.77,3685.55,48784.78,75.00,75.00,0.00,4372.53,4372.53,3279.40
1,BLR-BTM,2026-06-13,20260613,2026-06,Saturday,True,15,1,16,15,1,65792.64,3289.62,69082.26,2608.13,63184.51,100.00,93.75,6.25,4386.18,4642.03,4386.18
1,BLR-BTM,2025-09-03,20250903,2025-09,Wednesday,False,16,0,16,13,1,53779.81,6453.58,60233.39,4880.77,48899.04,81.25,81.25,0.00,4136.91,4380.89,3361.24
1,BLR-BTM,2025-02-27,20250227,2025-02,Thursday,False,15,1,16,11,2,43894.07,5267.28,49161.35,2391.51,41502.56,73.33,68.75,4.58,3990.37,4531.72,2926.27
3,BLR-HSR,2026-07-20,20260720,2026-07,Monday,False,10,0,10,8,1,28718.72,1435.93,30154.65,2453.83,26264.89,80.00,80.00,0.00,3589.84,3969.65,2871.87
2,BLR-KOR,2025-02-20,20250220,2025-02,Thursday,False,14,0,14,11,1,50260.66,6525.17,56785.83,5570.41,44690.25,78.57,78.57,0.00,4569.15,4904.45,3590.05
2,BLR-KOR,2025-02-17,20250217,2025-02,Monday,False,14,0,14,11,0,49801.63,5976.20,55777.83,1188.36,48613.27,78.57,78.57,0.00,4527.42,4527.42,3557.26
2,BLR-KOR,2026-04-28,20260428,2026-04,Tuesday,False,14,0,14,11,1,48639.09,2431.96,51071.05,4019.74,44619.35,78.57,78.57,0.00,4421.74,4729.82,3474.22
2,BLR-KOR,2025-06-06,20250606,2025-06,Friday,False,14,0,14,11,2,44573.05,5348.75,49921.80,2027.35,42545.70,78.57,78.57,0.00,4052.10,4709.59,3183.79
1,BLR-BTM,2026-03-22,20260322,2026-03,Sunday,True,15,1,16,5,0,23131.71,1156.59,24288.30,1921.59,21210.12,33.33,31.25,2.08,4626.34,4626.34,1542.11
2,BLR-KOR,2025-10-11,20251011,2025-10,Saturday,True,14,0,14,11,0,49906.44,2495.32,52401.76,7246.48,42659.96,78.57,78.57,0.00,4536.95,4536.95,3564.75
1,BLR-BTM,2025-08-09,20250809,2025-08,Saturday,True,16,0,16,13,0,54507.64,6540.91,61048.55,6235.44,48272.20,81.25,81.25,0.00,4192.90,4192.90,3406.73
2,BLR-KOR,2026-04-05,20260405,2026-04,Sunday,True,14,0,14,13,0,60343.10,3017.16,63360.26,6672.82,53670.28,92.86,92.86,0.00,4641.78,4641.78,4310.22
2,BLR-KOR,2026-02-15,20260215,2026-02,Sunday,True,14,0,14,7,0,35995.61,1799.78,37795.39,1674.73,34320.88,50.00,50.00,0.00,5142.23,5142.23,2571.12
2,BLR-KOR,2025-05-07,20250507,2025-05,Wednesday,False,14,0,14,10,0,44014.17,5281.71,49295.88,1186.90,42827.27,71.43,71.43,0.00,4401.42,4401.42,3143.87
1,BLR-BTM,2025-04-17,20250417,2025-04,Thursday,False,15,1,16,12,0,52345.38,6281.43,58626.81,3557.00,48788.38,80.00,75.00,5.00,4362.12,4362.12,3489.69
2,BLR-KOR,2025-07-18,20250718,2025-07,Friday,False,13,1,14,13,0,61980.88,7437.70,69418.58,3052.59,58928.29,100.00,92.86,7.14,4767.76,4767.76,4767.76
1,BLR-BTM,2025-07-13,20250713,2025-07,Sunday,True,16,0,16,12,0,50441.96,6053.04,56495.00,6337.34,44104.62,75.00,75.00,0.00,4203.50,4203.50,3152.62
2,BLR-KOR,2026-08-02,20260802,2026-08,Sunday,True,12,2,14,10,0,49165.38,2458.27,51623.65,4429.08,44736.30,83.33,71.43,11.90,4916.54,4916.54,4097.12
2,BLR-KOR,2026-06-07,20260607,2026-06,Sunday,True,14,0,14,14,1,59714.36,2985.71,62700.07,1497.41,58216.95,100.00,100.00,0.00,4265.31,4513.06,4265.31
3,BLR-HSR,2026-04-13,20260413,2026-04,Monday,False,10,0,10,4,0,15668.49,783.42,16451.91,932.63,14735.86,40.00,40.00,0.00,3917.12,3917.12,1566.85
2,BLR-KOR,2025-08-08,20250808,2025-08,Friday,False,14,0,14,9,1,39614.53,4753.74,44368.27,6120.74,33493.79,64.29,64.29,0.00,4401.61,4740.47,2829.61
1,BLR-BTM,2026-05-25,20260525,2026-05,Monday,False,16,0,16,9,0,39222.72,1961.14,41183.86,0.00,39222.72,56.25,56.25,0.00,4358.08,4358.08,2451.42
2,BLR-KOR,2026-01-01,20260101,2026-01,Thursday,False,14,0,14,6,0,25448.05,1272.39,26720.44,2593.69,22854.36,42.86,42.86,0.00,4241.34,4241.34,1817.72
2,BLR-KOR,2026-07-31,20260731,2026-07,Friday,False,14,0,14,14,1,65055.95,3252.80,68308.75,5887.87,59168.08,100.00,100.00,0.00,4646.85,4907.53,4646.85
3,BLR-HSR,2026-06-26,20260626,2026-06,Friday,False,10,0,10,7,0,27345.76,1367.30,28713.06,1975.84,25369.92,70.00,70.00,0.00,3906.54,3906.54,2734.58
2,BLR-KOR,2026-02-12,20260212,2026-02,Thursday,False,14,0,14,14,2,60294.30,3014.72,63309.02,4449.30,55845.00,100.00,100.00,0.00,4306.74,4779.02,4306.74
2,BLR-KOR,2026-03-11,20260311,2026-03,Wednesday,False,14,0,14,13,0,63684.98,4186.44,67871.42,1541.35,62143.63,92.86,92.86,0.00,4898.84,4898.84,4548.93
1,BLR-BTM,2026-06-27,20260627,2026-06,Saturday,True,16,0,16,8,0,32281.72,1614.10,33895.82,785.53,31496.19,50.00,50.00,0.00,4035.22,4035.22,2017.61
1,BLR-BTM,2025-03-18,20250318,2025-03,Tuesday,False,15,1,16,13,0,55568.44,6668.22,62236.66,4065.91,51502.53,86.67,81.25,5.42,4274.50,4274.50,3704.56
3,BLR-HSR,2026-06-29,20260629,2026-06,Monday,False,10,0,10,4,0,14147.71,707.39,14855.10,620.07,13527.64,40.00,40.00,0.00,3536.93,3536.93,1414.77
1,BLR-BTM,2025-02-28,20250228,2025-02,Friday,False,16,0,16,9,0,38711.43,4645.37,43356.80,2902.03,35809.40,56.25,56.25,0.00,4301.27,4301.27,2419.46
1,BLR-BTM,2026-05-05,20260505,2026-05,Tuesday,False,16,0,16,14,2,53939.74,2696.99,56636.73,1518.91,52420.83,87.50,87.50,0.00,3852.84,4307.06,3371.23
1,BLR-BTM,2026-02-09,20260209,2026-02,Monday,False,16,0,16,10,0,44509.82,2225.49,46735.31,4281.85,40227.97,62.50,62.50,0.00,4450.98,4450.98,2781.86
1,BLR-BTM,2025-04-25,20250425,2025-04,Friday,False,16,0,16,12,0,51202.25,6144.27,57346.52,5508.85,45693.40,75.00,75.00,0.00,4266.85,4266.85,3200.14
2,BLR-KOR,2026-01-25,20260125,2026-01,Sunday,True,13,1,14,12,0,58596.67,2929.82,61526.49,3450.27,55146.40,92.31,85.71,6.59,4883.06,4883.06,4507.44
2,BLR-KOR,2025-12-23,20251223,2025-12,Tuesday,False,13,1,14,13,1,59546.84,2977.35,62524.19,5183.78,54363.06,100.00,92.86,7.14,4580.53,4842.46,4580.53
1,BLR-BTM,2026-07-07,20260707,2026-07,Tuesday,False,16,0,16,14,1,63603.75,4209.40,67813.15,5507.81,58095.94,87.50,87.50,0.00,4543.13,4814.48,3975.23
2,BLR-KOR,2025-03-15,20250315,2025-03,Saturday,True,13,1,14,10,0,42622.72,5114.72,47737.44,1856.81,40765.91,76.92,71.43,5.49,4262.27,4262.27,3278.67
1,BLR-BTM,2025-12-21,20251221,2025-12,Sunday,True,14,2,16,8,0,32630.34,1631.52,34261.86,1841.02,30789.32,57.14,50.00,7.14,4078.79,4078.79,2330.74
2,BLR-KOR,2025-09-15,20250915,2025-09,Monday,False,13,1,14,8,0,38829.29,5110.10,43939.39,3645.72,35183.57,61.54,57.14,4.40,4853.66,4853.66,2986.87
1,BLR-BTM,2026-01-10,20260110,2026-01,Saturday,True,15,1,16,13,0,54475.80,2723.80,57199.60,6887.52,47588.28,86.67,81.25,5.42,4190.45,4190.45,3631.72
1,BLR-BTM,2025-08-17,20250817,2025-08,Sunday,True,16,0,16,9,0,37942.32,4553.08,42495.40,1416.19,36526.13,56.25,56.25,0.00,4215.81,4215.81,2371.40
1,BLR-BTM,2025-09-26,20250926,2025-09,Friday,False,16,0,16,10,0,45332.76,2266.64,47599.40,4864.31,40468.45,62.50,62.50,0.00,4533.28,4533.28,2833.30
2,BLR-KOR,2026-02-01,20260201,2026-02,Sunday,True,14,0,14,10,0,50208.68,3551.36,53760.04,2786.21,47422.47,71.43,71.43,0.00,5020.87,5020.87,3586.33
2,BLR-KOR,2025-09-28,20250928,2025-09,Sunday,True,14,0,14,11,0,51338.98,2566.96,53905.94,4874.37,46464.61,78.57,78.57,0.00,4667.18,4667.18,3667.07
1,BLR-BTM,2025-04-04,20250404,2025-04,Friday,False,16,0,16,15,1,62517.73,7502.13,70019.86,6210.21,56307.52,93.75,93.75,0.00,4167.85,4374.53,3907.36
3,BLR-HSR,2026-05-09,20260509,2026-05,Saturday,True,10,0,10,5,0,16479.29,823.96,17303.25,1848.24,14631.05,50.00,50.00,0.00,3295.86,3295.86,1647.93
2,BLR-KOR,2025-12-04,20251204,2025-12,Thursday,False,14,0,14,14,1,63006.20,4126.95,67133.15,4545.22,58460.98,100.00,100.00,0.00,4500.44,4777.39,4500.44
1,BLR-BTM,2025-10-26,20251026,2025-10,Sunday,True,16,0,16,12,1,43927.94,2196.38,46124.32,2772.77,41155.17,75.00,75.00,0.00,3660.66,3892.14,2745.50
2,BLR-KOR,2025-09-25,20250925,2025-09,Thursday,False,13,1,14,10,0,47514.68,2375.75,49890.43,3123.22,44391.46,76.92,71.43,5.49,4751.47,4751.47,3654.98
2,BLR-KOR,2025-05-04,20250504,2025-05,Sunday,True,14,0,14,6,0,21610.23,2593.23,24203.46,1905.06,19705.17,42.86,42.86,0.00,3601.71,3601.71,1543.59
3,BLR-HSR,2026-05-31,20260531,2026-05,Sunday,True,10,0,10,4,0,16231.97,811.60,17043.57,553.95,15678.02,40.00,40.00,0.00,4057.99,4057.99,1623.20
2,BLR-KOR,2025-11-10,20251110,2025-11,Monday,False,14,0,14,10,0,51696.13,2584.80,54280.93,2842.22,48853.91,71.43,71.43,0.00,5169.61,5169.61,3692.58
2,BLR-KOR,2026-06-06,20260606,2026-06,Saturday,True,14,0,14,14,0,62560.24,3128.00,65688.24,2101.81,60458.43,100.00,100.00,0.00,4468.59,4468.59,4468.59
1,BLR-BTM,2026-02-03,20260203,2026-02,Tuesday,False,16,0,16,14,1,64502.13,3225.12,67727.25,4092.66,60409.47,87.50,87.50,0.00,4607.30,4888.42,4031.38
1,BLR-BTM,2025-06-29,20250629,2025-06,Sunday,True,16,0,16,10,0,42727.85,5127.34,47855.19,4489.58,38238.27,62.50,62.50,0.00,4272.79,4272.79,2670.49
2,BLR-KOR,2025-07-26,20250726,2025-07,Saturday,True,13,1,14,7,0,37563.85,4958.86,42522.71,1736.95,35826.90,53.85,50.00,3.85,5366.26,5366.26,2889.53
2,BLR-KOR,2026-03-25,20260325,2026-03,Wednesday,False,13,1,14,9,0,40163.56,2008.18,42171.74,2798.61,37364.95,69.23,64.29,4.95,4462.62,4462.62,3089.50
2,BLR-KOR,2025-07-03,20250703,2025-07,Thursday,False,14,0,14,4,1,19644.35,2812.80,22457.15,887.94,18756.41,28.57,28.57,0.00,4911.09,6207.30,1403.17
1,BLR-BTM,2025-04-21,20250421,2025-04,Monday,False,16,0,16,10,0,48153.13,5778.38,53931.51,4675.54,43477.59,62.50,62.50,0.00,4815.31,4815.31,3009.57
2,BLR-KOR,2025-11-24,20251124,2025-11,Monday,False,14,0,14,10,1,48544.07,3439.54,51983.61,4489.08,44054.99,71.43,71.43,0.00,4854.41,5274.53,3467.43
2,BLR-KOR,2025-09-26,20250926,2025-09,Friday,False,14,0,14,10,0,45520.32,2276.03,47796.35,3470.22,42050.10,71.43,71.43,0.00,4552.03,4552.03,3251.45
1,BLR-BTM,2026-06-03,20260603,2026-06,Wednesday,False,15,1,16,15,0,69594.31,3479.72,73074.03,4453.01,65141.30,100.00,93.75,6.25,4639.62,4639.62,4639.62
2,BLR-KOR,2026-04-25,20260425,2026-04,Saturday,True,14,0,14,13,0,58056.38,2902.82,60959.20,3743.90,54312.48,92.86,92.86,0.00,4465.88,4465.88,4146.88
2,BLR-KOR,2026-02-04,20260204,2026-02,Wednesday,False,14,0,14,11,2,48383.09,2419.16,50802.25,3220.39,45162.70,78.57,78.57,0.00,4398.46,5129.86,3455.94
1,BLR-BTM,2025-04-14,20250414,2025-04,Monday,False,16,0,16,12,2,45075.23,5409.03,50484.26,2753.59,42321.64,75.00,75.00,0.00,3756.27,4145.71,2817.20
2,BLR-KOR,2026-04-27,20260427,2026-04,Monday,False,14,0,14,14,1,63350.64,3167.54,66518.18,5616.45,57734.19,100.00,100.00,0.00,4525.05,4784.87,4525.05
1,BLR-BTM,2025-12-28,20251228,2025-12,Sunday,True,16,0,16,5,0,21807.31,1090.37,22897.68,1890.36,19916.95,31.25,31.25,0.00,4361.46,4361.46,1362.96
1,BLR-BTM,2026-03-03,20260303,2026-03,Tuesday,False,16,0,16,10,1,41458.53,2072.93,43531.46,3822.14,37636.39,62.50,62.50,0.00,4145.85,4448.65,2591.16
1,BLR-BTM,2025-02-01,20250201,2025-02,Saturday,True,16,0,16,5,1,18977.77,2277.34,21255.11,1804.63,17173.14,31.25,31.25,0.00,3795.55,4313.77,1186.11
2,BLR-KOR,2026-04-30,20260430,2026-04,Thursday,False,14,0,14,11,1,48158.81,2407.94,50566.75,3657.41,44501.40,78.57,78.57,0.00,4378.07,4692.62,3439.92
2,BLR-KOR,2025-04-19,20250419,2025-04,Saturday,True,14,0,14,12,0,56850.21,6822.02,63672.23,4047.45,52802.76,85.71,85.71,0.00,4737.52,4737.52,4060.73
1,BLR-BTM,2026-01-27,20260127,2026-01,Tuesday,False,16,0,16,15,0,69632.94,3481.67,73114.61,5596.42,64036.52,93.75,93.75,0.00,4642.20,4642.20,4352.06
1,BLR-BTM,2025-04-03,20250403,2025-04,Thursday,False,16,0,16,12,0,54323.25,6518.79,60842.04,4843.28,49479.97,75.00,75.00,0.00,4526.94,4526.94,3395.20
1,BLR-BTM,2025-08-03,20250803,2025-08,Sunday,True,16,0,16,9,0,41350.82,4962.10,46312.92,2855.73,38495.09,56.25,56.25,0.00,4594.54,4594.54,2584.43
2,BLR-KOR,2026-05-30,20260530,2026-05,Saturday,True,13,1,14,13,0,60250.21,4033.59,64283.80,3284.32,56965.89,100.00,92.86,7.14,4634.63,4634.63,4634.63
1,BLR-BTM,2026-04-27,20260427,2026-04,Monday,False,16,0,16,16,1,63344.25,3167.21,66511.46,4173.20,59171.05,100.00,100.00,0.00,3959.02,4095.27,3959.02
2,BLR-KOR,2026-02-21,20260221,2026-02,Saturday,True,14,0,14,13,0,65591.17,3279.57,68870.74,2511.31,63079.86,92.86,92.86,0.00,5045.47,5045.47,4685.08
1,BLR-BTM,2026-02-16,20260216,2026-02,Monday,False,16,0,16,11,0,51071.52,2553.58,53625.10,3165.71,47905.81,68.75,68.75,0.00,4642.87,4642.87,3191.97
2,BLR-KOR,2025-03-05,20250305,2025-03,Wednesday,False,14,0,14,8,0,37809.48,4988.32,42797.80,2567.61,35241.87,57.14,57.14,0.00,4726.19,4726.19,2700.68
2,BLR-KOR,2025-10-16,20251016,2025-10,Thursday,False,14,0,14,14,0,68699.61,4529.23,73228.84,5325.71,63373.90,100.00,100.00,0.00,4907.12,4907.12,4907.12
2,BLR-KOR,2025-11-18,20251118,2025-11,Tuesday,False,14,0,14,5,1,19933.15,996.65,20929.80,2619.36,17313.79,35.71,35.71,0.00,3986.63,4732.89,1423.80
1,BLR-BTM,2025-12-10,20251210,2025-12,Wednesday,False,16,0,16,16,0,71209.40,3560.48,74769.88,6207.72,65001.68,100.00,100.00,0.00,4450.59,4450.59,4450.59
1,BLR-BTM,2025-07-31,20250731,2025-07,Thursday,False,16,0,16,14,0,62726.31,7527.15,70253.46,3408.08,59318.23,87.50,87.50,0.00,4480.45,4480.45,3920.39
1,BLR-BTM,2025-03-12,20250312,2025-03,Wednesday,False,16,0,16,15,0,67543.03,8105.19,75648.22,5604.85,61938.18,93.75,93.75,0.00,4502.87,4502.87,4221.44
1,BLR-BTM,2025-02-03,20250203,2025-02,Monday,False,15,1,16,10,0,43462.62,5215.51,48678.13,4750.13,38712.49,66.67,62.50,4.17,4346.26,4346.26,2897.51
2,BLR-KOR,2026-02-07,20260207,2026-02,Saturday,True,14,0,14,9,0,39165.80,1958.30,41124.10,2309.01,36856.79,64.29,64.29,0.00,4351.76,4351.76,2797.56
1,BLR-BTM,2026-05-27,20260527,2026-05,Wednesday,False,15,1,16,10,0,47229.40,2361.47,49590.87,573.31,46656.09,66.67,62.50,4.17,4722.94,4722.94,3148.63
2,BLR-KOR,2025-11-08,20251108,2025-11,Saturday,True,14,0,14,11,1,51616.99,2580.85,54197.84,4577.73,47039.26,78.57,78.57,0.00,4692.45,5070.26,3686.93
2,BLR-KOR,2025-06-09,20250609,2025-06,Monday,False,13,1,14,8,0,42146.97,5057.63,47204.60,1066.57,41080.40,61.54,57.14,4.40,5268.37,5268.37,3242.07
1,BLR-BTM,2025-02-07,20250207,2025-02,Friday,False,15,1,16,15,0,67269.53,8072.34,75341.87,5850.48,61419.05,100.00,93.75,6.25,4484.64,4484.64,4484.64
2,BLR-KOR,2026-06-22,20260622,2026-06,Monday,False,12,2,14,9,1,41802.65,3149.17,44951.82,1119.27,40683.38,75.00,64.29,10.71,4644.74,5108.34,3483.55
2,BLR-KOR,2026-03-30,20260330,2026-03,Monday,False,14,0,14,10,0,46431.74,3321.74,49753.48,3957.04,42474.70,71.43,71.43,0.00,4643.17,4643.17,3316.55
2,BLR-KOR,2025-10-27,20251027,2025-10,Monday,False,14,0,14,9,0,39323.28,1966.17,41289.45,1792.77,37530.51,64.29,64.29,0.00,4369.25,4369.25,2808.81
1,BLR-BTM,2025-05-06,20250506,2025-05,Tuesday,False,16,0,16,6,1,24583.66,2950.04,27533.70,2114.93,22468.73,37.50,37.50,0.00,4097.28,4726.89,1536.48
1,BLR-BTM,2025-11-23,20251123,2025-11,Sunday,True,16,0,16,15,1,61306.50,3065.33,64371.83,6459.93,54846.57,93.75,93.75,0.00,4087.10,4301.66,3831.66
1,BLR-BTM,2025-09-15,20250915,2025-09,Monday,False,16,0,16,10,0,45354.54,5442.55,50797.09,2775.50,42579.04,62.50,62.50,0.00,4535.45,4535.45,2834.66
1,BLR-BTM,2026-04-17,20260417,2026-04,Friday,False,16,0,16,16,0,66000.81,3300.03,69300.84,4079.74,61921.07,100.00,100.00,0.00,4125.05,4125.05,4125.05
2,BLR-KOR,2025-05-16,20250516,2025-05,Friday,False,13,1,14,9,0,40707.67,4884.93,45592.60,1690.00,39017.67,69.23,64.29,4.95,4523.07,4523.07,3131.36
2,BLR-KOR,2025-12-05,20251205,2025-12,Friday,False,14,0,14,12,0,56493.89,2824.70,59318.59,2039.19,54454.70,85.71,85.71,0.00,4707.82,4707.82,4035.28
2,BLR-KOR,2025-02-02,20250202,2025-02,Sunday,True,14,0,14,4,0,18100.19,2172.03,20272.22,698.78,17401.41,28.57,28.57,0.00,4525.05,4525.05,1292.87
2,BLR-KOR,2025-10-10,20251010,2025-10,Friday,False,13,1,14,13,0,57592.71,2879.65,60472.36,7929.66,49663.05,100.00,92.86,7.14,4430.21,4430.21,4430.21
2,BLR-KOR,2026-03-26,20260326,2026-03,Thursday,False,14,0,14,12,0,53677.09,2683.87,56360.96,5565.06,48112.03,85.71,85.71,0.00,4473.09,4473.09,3834.08
1,BLR-BTM,2026-05-17,20260517,2026-05,Sunday,True,15,1,16,10,0,43025.38,2151.27,45176.65,1946.11,41079.27,66.67,62.50,4.17,4302.54,4302.54,2868.36
2,BLR-KOR,2026-07-12,20260712,2026-07,Sunday,True,14,0,14,10,1,44714.56,2235.74,46950.30,2810.97,41903.59,71.43,71.43,0.00,4471.46,4726.36,3193.90
2,BLR-KOR,2025-10-12,20251012,2025-10,Sunday,True,14,0,14,13,1,56943.05,2847.14,59790.19,7511.09,49431.96,92.86,92.86,0.00,4380.23,4657.75,4067.36
2,BLR-KOR,2026-04-10,20260410,2026-04,Friday,False,13,1,14,13,1,60848.33,4100.79,64949.12,2759.27,58089.06,100.00,92.86,7.14,4680.64,4992.53,4680.64
1,BLR-BTM,2025-03-29,20250329,2025-03,Saturday,True,16,0,16,16,0,69770.62,8372.46,78143.08,6093.81,63676.81,100.00,100.00,0.00,4360.66,4360.66,4360.66
2,BLR-KOR,2026-08-06,20260806,2026-08,Thursday,False,14,0,14,13,0,63162.07,4165.67,67327.74,4928.03,58234.04,92.86,92.86,0.00,4858.62,4858.62,4511.58
1,BLR-BTM,2025-07-27,20250727,2025-07,Sunday,True,16,0,16,7,1,27981.08,3357.72,31338.80,110.37,27870.71,43.75,43.75,0.00,3997.30,4510.22,1748.82
2,BLR-KOR,2026-01-02,20260102,2026-01,Friday,False,14,0,14,10,0,40877.33,2043.86,42921.19,4772.18,36105.15,71.43,71.43,0.00,4087.73,4087.73,2919.81
2,BLR-KOR,2026-03-03,20260303,2026-03,Tuesday,False,14,0,14,14,1,64405.51,3220.28,67625.79,3541.17,60864.34,100.00,100.00,0.00,4600.39,4878.90,4600.39
1,BLR-BTM,2026-01-23,20260123,2026-01,Friday,False,16,0,16,16,2,63636.90,3181.86,66818.76,5569.39,58067.51,100.00,100.00,0.00,3977.31,4278.32,3977.31
2,BLR-KOR,2025-11-05,20251105,2025-11,Wednesday,False,14,0,14,12,1,55012.59,2750.62,57763.21,3934.47,51078.12,85.71,85.71,0.00,4584.38,4884.91,3929.47
1,BLR-BTM,2026-07-23,20260723,2026-07,Thursday,False,16,0,16,14,0,62919.20,3145.97,66065.17,6118.95,56800.25,87.50,87.50,0.00,4494.23,4494.23,3932.45
3,BLR-HSR,2026-07-08,20260708,2026-07,Wednesday,False,10,0,10,9,1,32470.72,1623.54,34094.26,2287.07,30183.65,90.00,90.00,0.00,3607.86,3929.91,3247.07
2,BLR-KOR,2026-05-23,20260523,2026-05,Saturday,True,14,0,14,14,0,63775.79,3188.79,66964.58,3756.72,60019.07,100.00,100.00,0.00,4555.41,4555.41,4555.41
1,BLR-BTM,2025-03-17,20250317,2025-03,Monday,False,16,0,16,16,0,70471.40,8456.58,78927.98,5481.26,64990.14,100.00,100.00,0.00,4404.46,4404.46,4404.46
3,BLR-HSR,2026-03-27,20260327,2026-03,Friday,False,9,1,10,3,0,10967.38,548.37,11515.75,0.00,10967.38,33.33,30.00,3.33,3655.79,3655.79,1218.60
2,BLR-KOR,2026-07-07,20260707,2026-07,Tuesday,False,14,0,14,13,2,56042.00,2802.11,58844.11,5061.26,50980.74,92.86,92.86,0.00,4310.92,4809.29,4003.00
1,BLR-BTM,2025-11-01,20251101,2025-11,Saturday,True,16,0,16,10,0,39820.57,1991.04,41811.61,631.76,39188.81,62.50,62.50,0.00,3982.06,3982.06,2488.79
1,BLR-BTM,2025-03-14,20250314,2025-03,Friday,False,15,1,16,11,0,49058.51,5887.03,54945.54,3411.96,45646.55,73.33,68.75,4.58,4459.86,4459.86,3270.57
2,BLR-KOR,2025-05-21,20250521,2025-05,Wednesday,False,14,0,14,14,1,61811.56,7417.37,69228.93,4219.63,57591.93,100.00,100.00,0.00,4415.11,4670.73,4415.11
3,BLR-HSR,2026-03-30,20260330,2026-03,Monday,False,10,0,10,2,0,7374.51,368.73,7743.24,0.00,7374.51,20.00,20.00,0.00,3687.26,3687.26,737.45
2,BLR-KOR,2025-07-17,20250717,2025-07,Thursday,False,13,1,14,13,0,59364.09,7123.69,66487.78,3118.02,56246.07,100.00,92.86,7.14,4566.47,4566.47,4566.47
1,BLR-BTM,2026-04-20,20260420,2026-04,Monday,False,15,1,16,13,0,56683.37,2834.17,59517.54,2502.10,54181.27,86.67,81.25,5.42,4360.26,4360.26,3778.89
1,BLR-BTM,2025-05-31,20250531,2025-05,Saturday,True,15,1,16,9,0,40591.32,4870.97,45462.29,936.13,39655.19,60.00,56.25,3.75,4510.15,4510.15,2706.09
1,BLR-BTM,2025-03-15,20250315,2025-03,Saturday,True,16,0,16,12,0,53278.50,6393.43,59671.93,4147.20,49131.30,75.00,75.00,0.00,4439.88,4439.88,3329.91
3,BLR-HSR,2026-04-19,20260419,2026-04,Sunday,True,10,0,10,7,0,23963.47,1198.16,25161.63,2226.57,21736.90,70.00,70.00,0.00,3423.35,3423.35,2396.35
2,BLR-KOR,2025-12-07,20251207,2025-12,Sunday,True,13,1,14,13,1,54574.01,2728.71,57302.72,1498.64,53075.37,100.00,92.86,7.14,4198.00,4471.15,4198.00
1,BLR-BTM,2026-08-04,20260804,2026-08,Tuesday,False,15,1,16,15,0,69321.38,3466.06,72787.44,6841.72,62479.66,100.00,93.75,6.25,4621.43,4621.43,4621.43
2,BLR-KOR,2025-08-20,20250820,2025-08,Wednesday,False,13,1,14,12,1,55333.61,6640.02,61973.63,3549.27,51784.34,92.31,85.71,6.59,4611.13,4912.36,4256.43
1,BLR-BTM,2026-04-12,20260412,2026-04,Sunday,True,15,1,16,15,0,62873.11,3143.66,66016.77,4869.39,58003.72,100.00,93.75,6.25,4191.54,4191.54,4191.54
2,BLR-KOR,2026-01-03,20260103,2026-01,Saturday,True,13,1,14,9,0,39742.58,1987.12,41729.70,3610.90,36131.68,69.23,64.29,4.95,4415.84,4415.84,3057.12
2,BLR-KOR,2025-04-11,20250411,2025-04,Friday,False,14,0,14,11,0,52296.84,6275.62,58572.46,5044.55,47252.29,78.57,78.57,0.00,4754.26,4754.26,3735.49
1,BLR-BTM,2025-12-23,20251223,2025-12,Tuesday,False,16,0,16,8,0,32114.95,1605.76,33720.71,4012.97,28101.98,50.00,50.00,0.00,4014.37,4014.37,2007.18
1,BLR-BTM,2026-07-16,20260716,2026-07,Thursday,False,16,0,16,10,1,39938.29,1996.93,41935.22,3865.37,36072.92,62.50,62.50,0.00,3993.83,4271.55,2496.14
1,BLR-BTM,2025-06-05,20250605,2025-06,Thursday,False,15,1,16,9,0,35933.95,4312.08,40246.03,1289.47,34644.48,60.00,56.25,3.75,3992.66,3992.66,2395.60
2,BLR-KOR,2025-08-04,20250804,2025-08,Monday,False,14,0,14,10,0,44682.21,5361.87,50044.08,2231.53,42450.68,71.43,71.43,0.00,4468.22,4468.22,3191.59
2,BLR-KOR,2025-03-31,20250331,2025-03,Monday,False,13,1,14,13,1,56164.08,6739.69,62903.77,6921.50,49242.58,100.00,92.86,7.14,4320.31,4585.52,4320.31
2,BLR-KOR,2025-03-30,20250330,2025-03,Sunday,True,13,1,14,11,0,50468.21,6056.17,56524.38,5933.53,44534.68,84.62,78.57,6.04,4588.02,4588.02,3882.17
1,BLR-BTM,2026-01-28,20260128,2026-01,Wednesday,False,16,0,16,16,0,73797.51,3689.90,77487.41,4723.32,69074.19,100.00,100.00,0.00,4612.34,4612.34,4612.34
1,BLR-BTM,2025-07-05,20250705,2025-07,Saturday,True,15,1,16,4,0,16010.12,1921.21,17931.33,891.54,15118.58,26.67,25.00,1.67,4002.53,4002.53,1067.34
1,BLR-BTM,2025-08-29,20250829,2025-08,Friday,False,16,0,16,10,0,45532.31,5463.88,50996.19,1554.29,43978.02,62.50,62.50,0.00,4553.23,4553.23,2845.77
2,BLR-KOR,2026-07-30,20260730,2026-07,Thursday,False,14,0,14,13,2,54289.25,2714.47,57003.72,3283.43,51005.82,92.86,92.86,0.00,4176.10,4632.13,3877.80
1,BLR-BTM,2025-06-28,20250628,2025-06,Saturday,True,15,1,16,12,1,47385.51,5686.26,53071.77,5743.51,41642.00,80.00,75.00,5.00,3948.79,4226.68,3159.03
1,BLR-BTM,2026-02-26,20260226,2026-02,Thursday,False,16,0,16,10,0,48483.54,2424.17,50907.71,2849.90,45633.64,62.50,62.50,0.00,4848.35,4848.35,3030.22
1,BLR-BTM,2025-04-05,20250405,2025-04,Saturday,True,16,0,16,13,1,54105.30,6492.64,60597.94,4934.50,49170.80,81.25,81.25,0.00,4161.95,4420.91,3381.58
2,BLR-KOR,2025-08-11,20250811,2025-08,Monday,False,14,0,14,13,0,63236.14,8547.63,71783.77,6866.49,56369.65,92.86,92.86,0.00,4864.32,4864.32,4516.87
2,BLR-KOR,2025-05-03,20250503,2025-05,Saturday,True,14,0,14,12,0,52524.97,6303.00,58827.97,4510.06,48014.91,85.71,85.71,0.00,4377.08,4377.08,3751.78
1,BLR-BTM,2025-09-04,20250904,2025-09,Thursday,False,16,0,16,14,1,55690.00,6682.80,62372.80,4096.98,51593.02,87.50,87.50,0.00,3977.86,4210.32,3480.63
1,BLR-BTM,2025-05-14,20250514,2025-05,Wednesday,False,16,0,16,15,0,63558.30,7626.99,71185.29,6018.36,57539.94,93.75,93.75,0.00,4237.22,4237.22,3972.39
2,BLR-KOR,2025-08-25,20250825,2025-08,Monday,False,13,1,14,6,1,24636.73,3427.33,28064.06,3484.21,21152.52,46.15,42.86,3.30,4106.12,4727.20,1895.13
1,BLR-BTM,2025-12-02,20251202,2025-12,Tuesday,False,16,0,16,14,1,59362.58,2968.14,62330.72,2870.68,56491.90,87.50,87.50,0.00,4240.18,4486.57,3710.16
1,BLR-BTM,2025-08-26,20250826,2025-08,Tuesday,False,15,1,16,13,2,53681.94,6441.85,60123.79,3691.30,49990.64,86.67,81.25,5.42,4129.38,4601.52,3578.80
2,BLR-KOR,2025-11-15,20251115,2025-11,Saturday,True,14,0,14,9,0,45956.98,3280.03,49237.01,2293.93,43663.05,64.29,64.29,0.00,5106.33,5106.33,3282.64
2,BLR-KOR,2025-12-02,20251202,2025-12,Tuesday,False,13,1,14,13,1,60288.35,4006.07,64294.42,4656.92,55631.43,100.00,92.86,7.14,4637.57,4924.70,4637.57
2,BLR-KOR,2025-11-17,20251117,2025-11,Monday,False,13,1,14,6,0,30552.41,2509.80,33062.21,3071.93,27480.48,46.15,42.86,3.30,5092.07,5092.07,2350.19
2,BLR-KOR,2025-09-12,20250912,2025-09,Friday,False,14,0,14,11,0,49793.58,5975.24,55768.82,4944.25,44849.33,78.57,78.57,0.00,4526.69,4526.69,3556.68
1,BLR-BTM,2026-03-12,20260312,2026-03,Thursday,False,16,0,16,9,0,44176.60,2208.84,46385.44,3296.82,40879.78,56.25,56.25,0.00,4908.51,4908.51,2761.04
1,BLR-BTM,2025-07-11,20250711,2025-07,Friday,False,16,0,16,14,0,59421.91,7130.63,66552.54,4619.14,54802.77,87.50,87.50,0.00,4244.42,4244.42,3713.87
2,BLR-KOR,2025-03-13,20250313,2025-03,Thursday,False,14,0,14,10,0,47401.08,5688.12,53089.20,3907.48,43493.60,71.43,71.43,0.00,4740.11,4740.11,3385.79
2,BLR-KOR,2026-05-10,20260510,2026-05,Sunday,True,13,1,14,8,0,40615.52,2030.78,42646.30,3717.74,36897.78,61.54,57.14,4.40,5076.94,5076.94,3124.27
1,BLR-BTM,2025-08-08,20250808,2025-08,Friday,False,16,0,16,13,0,55944.93,6713.39,62658.32,3534.63,52410.30,81.25,81.25,0.00,4303.46,4303.46,3496.56
2,BLR-KOR,2025-03-03,20250303,2025-03,Monday,False,13,1,14,11,0,52446.30,6744.74,59191.04,3550.71,48895.59,84.62,78.57,6.04,4767.85,4767.85,4034.33
2,BLR-KOR,2026-03-31,20260331,2026-03,Tuesday,False,14,0,14,12,1,52356.56,3617.98,55974.54,5521.90,46834.66,85.71,85.71,0.00,4363.05,4625.98,3739.75
1,BLR-BTM,2026-07-14,20260714,2026-07,Tuesday,False,16,0,16,16,1,68372.81,3418.63,71791.44,4192.76,64180.05,100.00,100.00,0.00,4273.30,4458.84,4273.30
1,BLR-BTM,2025-07-23,20250723,2025-07,Wednesday,False,16,0,16,16,0,70469.23,8456.33,78925.56,4768.81,65700.42,100.00,100.00,0.00,4404.33,4404.33,4404.33
2,BLR-KOR,2025-06-25,20250625,2025-06,Wednesday,False,14,0,14,7,0,30900.81,3708.10,34608.91,2618.27,28282.54,50.00,50.00,0.00,4414.40,4414.40,2207.20
1,BLR-BTM,2025-06-13,20250613,2025-06,Friday,False,15,1,16,8,0,38244.63,4589.35,42833.98,3177.04,35067.59,53.33,50.00,3.33,4780.58,4780.58,2549.64
2,BLR-KOR,2026-05-14,20260514,2026-05,Thursday,False,14,0,14,13,1,58024.35,2901.22,60925.57,5946.27,52078.08,92.86,92.86,0.00,4463.41,4700.04,4144.60
1,BLR-BTM,2026-02-07,20260207,2026-02,Saturday,True,16,0,16,12,0,54444.96,2722.25,57167.21,3919.37,50525.59,75.00,75.00,0.00,4537.08,4537.08,3402.81
1,BLR-BTM,2025-11-25,20251125,2025-11,Tuesday,False,16,0,16,15,0,69224.74,3461.23,72685.97,6363.27,62861.47,93.75,93.75,0.00,4614.98,4614.98,4326.55
1,BLR-BTM,2025-07-30,20250730,2025-07,Wednesday,False,16,0,16,10,0,48181.45,5781.76,53963.21,2145.76,46035.69,62.50,62.50,0.00,4818.15,4818.15,3011.34
2,BLR-KOR,2025-04-18,20250418,2025-04,Friday,False,13,1,14,11,0,54206.95,6504.82,60711.77,2839.87,51367.08,84.62,78.57,6.04,4927.90,4927.90,4169.77
3,BLR-HSR,2026-07-25,20260725,2026-07,Saturday,True,8,2,10,5,1,15322.12,766.12,16088.24,115.72,15206.40,62.50,50.00,12.50,3064.42,3589.45,1915.27
3,BLR-HSR,2026-07-04,20260704,2026-07,Saturday,True,9,1,10,4,0,17149.72,857.49,18007.21,1588.29,15561.43,44.44,40.00,4.44,4287.43,4287.43,1905.52
2,BLR-KOR,2026-08-09,20260809,2026-08,Sunday,True,13,1,14,13,0,61679.78,3084.00,64763.78,4377.81,57301.97,100.00,92.86,7.14,4744.60,4744.60,4744.60
2,BLR-KOR,2025-05-26,20250526,2025-05,Monday,False,14,0,14,7,1,27296.97,3275.64,30572.61,917.09,26379.88,50.00,50.00,0.00,3899.57,4361.29,1949.78
2,BLR-KOR,2025-04-07,20250407,2025-04,Monday,False,13,1,14,9,2,32110.17,3853.22,35963.39,335.80,31774.37,69.23,64.29,4.95,3567.80,4187.41,2470.01
3,BLR-HSR,2026-05-24,20260524,2026-05,Sunday,True,9,1,10,7,0,24556.89,1227.85,25784.74,584.81,23972.08,77.78,70.00,7.78,3508.13,3508.13,2728.54
1,BLR-BTM,2025-09-10,20250910,2025-09,Wednesday,False,16,0,16,16,0,73262.77,8791.55,82054.32,6525.84,66736.93,100.00,100.00,0.00,4578.92,4578.92,4578.92
2,BLR-KOR,2026-07-26,20260726,2026-07,Sunday,True,14,0,14,12,0,57146.46,2857.34,60003.80,6765.24,50381.22,85.71,85.71,0.00,4762.21,4762.21,4081.89
1,BLR-BTM,2026-04-04,20260404,2026-04,Saturday,True,15,1,16,10,0,43515.77,2175.79,45691.56,4445.34,39070.43,66.67,62.50,4.17,4351.58,4351.58,2901.05
2,BLR-KOR,2026-02-14,20260214,2026-02,Saturday,True,14,0,14,11,1,51106.25,2555.32,53661.57,3734.24,47372.01,78.57,78.57,0.00,4646.02,5013.64,3650.45
1,BLR-BTM,2025-08-05,20250805,2025-08,Tuesday,False,16,0,16,12,0,54347.09,6521.66,60868.75,3207.43,51139.66,75.00,75.00,0.00,4528.92,4528.92,3396.69
2,BLR-KOR,2026-01-18,20260118,2026-01,Sunday,True,13,1,14,8,0,33133.05,1656.66,34789.71,2391.25,30741.80,61.54,57.14,4.40,4141.63,4141.63,2548.70
1,BLR-BTM,2026-04-01,20260401,2026-04,Wednesday,False,16,0,16,11,0,49128.79,2456.45,51585.24,4735.95,44392.84,68.75,68.75,0.00,4466.25,4466.25,3070.55
1,BLR-BTM,2025-08-18,20250818,2025-08,Monday,False,16,0,16,10,0,44695.21,5363.43,50058.64,536.97,44158.24,62.50,62.50,0.00,4469.52,4469.52,2793.45
2,BLR-KOR,2025-09-29,20250929,2025-09,Monday,False,14,0,14,10,0,48877.59,3553.77,52431.36,2672.07,46205.52,71.43,71.43,0.00,4887.76,4887.76,3491.26
2,BLR-KOR,2026-07-15,20260715,2026-07,Wednesday,False,14,0,14,14,0,69929.22,3496.48,73425.70,3865.67,66063.55,100.00,100.00,0.00,4994.94,4994.94,4994.94
1,BLR-BTM,2026-03-18,20260318,2026-03,Wednesday,False,16,0,16,16,0,72476.83,4636.19,77113.02,2866.32,69610.51,100.00,100.00,0.00,4529.80,4529.80,4529.80
1,BLR-BTM,2026-01-26,20260126,2026-01,Monday,False,15,1,16,11,0,52369.93,2618.52,54988.45,2095.95,50273.98,73.33,68.75,4.58,4760.90,4760.90,3491.33
1,BLR-BTM,2025-09-11,20250911,2025-09,Thursday,False,16,0,16,15,1,66491.54,7979.00,74470.54,5689.34,60802.20,93.75,93.75,0.00,4432.77,4685.07,4155.72
2,BLR-KOR,2026-08-08,20260808,2026-08,Saturday,True,14,0,14,13,1,58756.05,2937.81,61693.86,3909.75,54846.30,92.86,92.86,0.00,4519.70,4804.79,4196.86
2,BLR-KOR,2025-07-01,20250701,2025-07,Tuesday,False,13,1,14,7,1,34489.75,4627.64,39117.39,1728.91,32760.84,53.85,50.00,3.85,4927.11,5486.85,2653.06
1,BLR-BTM,2025-02-23,20250223,2025-02,Sunday,True,16,0,16,12,1,48466.65,5816.01,54282.66,3343.39,45123.26,75.00,75.00,0.00,4038.89,4282.14,3029.17
2,BLR-KOR,2025-06-24,20250624,2025-06,Tuesday,False,13,1,14,10,0,49780.90,5973.72,55754.62,5774.72,44006.18,76.92,71.43,5.49,4978.09,4978.09,3829.30
1,BLR-BTM,2026-03-27,20260327,2026-03,Friday,False,15,1,16,12,0,54542.94,2727.16,57270.10,4921.68,49621.26,80.00,75.00,5.00,4545.25,4545.25,3636.20
1,BLR-BTM,2026-05-29,20260529,2026-05,Friday,False,15,1,16,13,0,54980.65,2749.03,57729.68,3651.84,51328.81,86.67,81.25,5.42,4229.28,4229.28,3665.38
1,BLR-BTM,2026-04-24,20260424,2026-04,Friday,False,16,0,16,13,0,53159.25,2657.96,55817.21,2604.36,50554.89,81.25,81.25,0.00,4089.17,4089.17,3322.45
2,BLR-KOR,2026-06-29,20260629,2026-06,Monday,False,14,0,14,13,0,59941.13,3998.57,63939.70,2367.75,57573.38,92.86,92.86,0.00,4610.86,4610.86,4281.51
1,BLR-BTM,2025-06-02,20250602,2025-06,Monday,False,16,0,16,9,0,38111.12,4573.34,42684.46,2186.62,35924.50,56.25,56.25,0.00,4234.57,4234.57,2381.95
3,BLR-HSR,2026-03-09,20260309,2026-03,Monday,False,9,1,10,2,0,6516.06,325.81,6841.87,533.21,5982.85,22.22,20.00,2.22,3258.03,3258.03,724.01
1,BLR-BTM,2026-05-30,20260530,2026-05,Saturday,True,16,0,16,14,0,61933.75,3096.70,65030.45,3933.34,58000.41,87.50,87.50,0.00,4423.84,4423.84,3870.86
2,BLR-KOR,2026-02-28,20260228,2026-02,Saturday,True,14,0,14,14,3,59140.47,2957.04,62097.51,4935.81,54204.66,100.00,100.00,0.00,4224.32,5055.35,4224.32
1,BLR-BTM,2026-01-19,20260119,2026-01,Monday,False,16,0,16,16,0,71934.16,3596.71,75530.87,5349.64,66584.52,100.00,100.00,0.00,4495.89,4495.89,4495.89
1,BLR-BTM,2025-12-31,20251231,2025-12,Wednesday,False,16,0,16,8,0,30160.33,1508.01,31668.34,1603.26,28557.07,50.00,50.00,0.00,3770.04,3770.04,1885.02
2,BLR-KOR,2026-03-28,20260328,2026-03,Saturday,True,14,0,14,11,0,45758.09,2287.92,48046.01,2063.44,43694.65,78.57,78.57,0.00,4159.83,4159.83,3268.44
1,BLR-BTM,2026-03-29,20260329,2026-03,Sunday,True,16,0,16,12,0,52296.72,2614.84,54911.56,4048.12,48248.60,75.00,75.00,0.00,4358.06,4358.06,3268.55
1,BLR-BTM,2026-04-05,20260405,2026-04,Sunday,True,16,0,16,10,1,38047.37,1902.37,39949.74,4735.19,33312.18,62.50,62.50,0.00,3804.74,4111.79,2377.96
1,BLR-BTM,2025-08-11,20250811,2025-08,Monday,False,16,0,16,10,1,39910.22,4789.23,44699.45,1478.34,38431.88,62.50,62.50,0.00,3991.02,4309.66,2494.39
1,BLR-BTM,2026-06-16,20260616,2026-06,Tuesday,False,16,0,16,12,0,53571.31,2678.57,56249.88,1430.77,52140.54,75.00,75.00,0.00,4464.28,4464.28,3348.21
1,BLR-BTM,2026-05-08,20260508,2026-05,Friday,False,16,0,16,11,0,47515.29,2375.76,49891.05,2117.72,45397.57,68.75,68.75,0.00,4319.57,4319.57,2969.71
2,BLR-KOR,2025-06-22,20250622,2025-06,Sunday,True,12,2,14,10,0,43812.57,5257.51,49070.08,0.00,43812.57,83.33,71.43,11.90,4381.26,4381.26,3651.05
1,BLR-BTM,2025-04-23,20250423,2025-04,Wednesday,False,16,0,16,12,0,55213.26,6625.61,61838.87,6111.15,49102.11,75.00,75.00,0.00,4601.11,4601.11,3450.83
3,BLR-HSR,2026-06-21,20260621,2026-06,Sunday,True,10,0,10,3,0,12235.97,611.79,12847.76,1446.66,10789.31,30.00,30.00,0.00,4078.66,4078.66,1223.60
2,BLR-KOR,2025-11-07,20251107,2025-11,Friday,False,14,0,14,11,0,55028.70,2751.43,57780.13,6292.82,48735.88,78.57,78.57,0.00,5002.61,5002.61,3930.62
1,BLR-BTM,2025-03-30,20250330,2025-03,Sunday,True,16,0,16,15,0,61587.24,7390.47,68977.71,6630.76,54956.48,93.75,93.75,0.00,4105.82,4105.82,3849.20
2,BLR-KOR,2025-11-25,20251125,2025-11,Tuesday,False,12,2,14,12,0,60100.62,3005.03,63105.65,6190.09,53910.53,100.00,85.71,14.29,5008.39,5008.39,5008.39
2,BLR-KOR,2025-10-18,20251018,2025-10,Saturday,True,14,0,14,8,0,42210.48,3121.79,45332.27,3868.59,38341.89,57.14,57.14,0.00,5276.31,5276.31,3015.03
1,BLR-BTM,2025-07-19,20250719,2025-07,Saturday,True,16,0,16,16,0,69202.37,8304.28,77506.65,5302.03,63900.34,100.00,100.00,0.00,4325.15,4325.15,4325.15
2,BLR-KOR,2025-07-05,20250705,2025-07,Saturday,True,13,1,14,2,0,11343.55,1361.22,12704.77,0.00,11343.55,15.38,14.29,1.10,5671.78,5671.78,872.58
2,BLR-KOR,2025-04-23,20250423,2025-04,Wednesday,False,13,1,14,10,0,47564.79,6186.55,53751.34,5569.60,41995.19,76.92,71.43,5.49,4756.48,4756.48,3658.83
2,BLR-KOR,2026-07-20,20260720,2026-07,Monday,False,14,0,14,8,0,38438.54,1921.94,40360.48,4078.20,34360.34,57.14,57.14,0.00,4804.82,4804.82,2745.61
1,BLR-BTM,2026-06-12,20260612,2026-06,Friday,False,15,1,16,15,0,64523.92,3226.19,67750.11,1797.32,62726.60,100.00,93.75,6.25,4301.59,4301.59,4301.59
1,BLR-BTM,2026-06-18,20260618,2026-06,Thursday,False,16,0,16,14,0,64636.56,3231.84,67868.40,2376.43,62260.13,87.50,87.50,0.00,4616.90,4616.90,4039.79
1,BLR-BTM,2026-07-17,20260717,2026-07,Friday,False,16,0,16,16,1,67039.18,3351.96,70391.14,4642.15,62397.03,100.00,100.00,0.00,4189.95,4389.39,4189.95
2,BLR-KOR,2025-02-08,20250208,2025-02,Saturday,True,14,0,14,8,0,36856.92,4422.83,41279.75,3281.81,33575.11,57.14,57.14,0.00,4607.12,4607.12,2632.64
2,BLR-KOR,2025-06-30,20250630,2025-06,Monday,False,14,0,14,7,1,30897.87,3707.74,34605.61,2458.88,28438.99,50.00,50.00,0.00,4413.98,4908.48,2206.99
2,BLR-KOR,2025-06-15,20250615,2025-06,Sunday,True,14,0,14,12,1,50834.99,6100.19,56935.18,4415.23,46419.76,85.71,85.71,0.00,4236.25,4526.53,3631.07
2,BLR-KOR,2025-03-26,20250326,2025-03,Wednesday,False,14,0,14,10,0,47305.77,6155.96,53461.73,3601.18,43704.59,71.43,71.43,0.00,4730.58,4730.58,3378.98
1,BLR-BTM,2026-07-27,20260727,2026-07,Monday,False,16,0,16,7,0,34842.95,1742.16,36585.11,3289.00,31553.95,43.75,43.75,0.00,4977.56,4977.56,2177.68
1,BLR-BTM,2025-08-01,20250801,2025-08,Friday,False,16,0,16,12,0,51352.89,6162.35,57515.24,2439.23,48913.66,75.00,75.00,0.00,4279.41,4279.41,3209.56
3,BLR-HSR,2026-04-11,20260411,2026-04,Saturday,True,9,1,10,2,0,6320.85,316.04,6636.89,0.00,6320.85,22.22,20.00,2.22,3160.43,3160.43,702.32
2,BLR-KOR,2026-01-08,20260108,2026-01,Thursday,False,14,0,14,13,2,56997.31,2849.88,59847.19,3596.34,53400.97,92.86,92.86,0.00,4384.41,4945.17,4071.24
1,BLR-BTM,2025-06-17,20250617,2025-06,Tuesday,False,15,1,16,9,0,36360.37,4363.25,40723.62,2845.54,33514.83,60.00,56.25,3.75,4040.04,4040.04,2424.02
1,BLR-BTM,2025-03-23,20250323,2025-03,Sunday,True,15,1,16,10,0,41617.07,4994.04,46611.11,3500.05,38117.02,66.67,62.50,4.17,4161.71,4161.71,2774.47
2,BLR-KOR,2026-01-07,20260107,2026-01,Wednesday,False,13,1,14,12,0,56413.86,3852.43,60266.29,5912.56,50501.30,92.31,85.71,6.59,4701.16,4701.16,4339.53
1,BLR-BTM,2025-03-04,20250304,2025-03,Tuesday,False,15,1,16,12,2,44891.41,5386.98,50278.39,1830.16,43061.25,80.00,75.00,5.00,3740.95,4133.99,2992.76
1,BLR-BTM,2025-08-12,20250812,2025-08,Tuesday,False,15,1,16,7,0,25404.43,3048.53,28452.96,1977.05,23427.38,46.67,43.75,2.92,3629.20,3629.20,1693.63
3,BLR-HSR,2026-05-11,20260511,2026-05,Monday,False,10,0,10,4,0,13564.88,678.24,14243.12,1284.55,12280.33,40.00,40.00,0.00,3391.22,3391.22,1356.49
2,BLR-KOR,2025-03-07,20250307,2025-03,Friday,False,14,0,14,6,0,27960.10,3806.39,31766.49,2218.55,25741.55,42.86,42.86,0.00,4660.02,4660.02,1997.15
1,BLR-BTM,2026-05-09,20260509,2026-05,Saturday,True,16,0,16,9,0,38372.89,1918.64,40291.53,1877.88,36495.01,56.25,56.25,0.00,4263.65,4263.65,2398.31
1,BLR-BTM,2025-10-10,20251010,2025-10,Friday,False,16,0,16,13,1,52836.55,2641.83,55478.38,4261.75,48574.80,81.25,81.25,0.00,4064.35,4309.98,3302.28
1,BLR-BTM,2026-05-19,20260519,2026-05,Tuesday,False,16,0,16,14,1,59717.45,2985.87,62703.32,744.84,58972.61,87.50,87.50,0.00,4265.53,4504.20,3732.34
2,BLR-KOR,2025-07-09,20250709,2025-07,Wednesday,False,14,0,14,10,0,49179.78,5901.57,55081.35,1528.47,47651.31,71.43,71.43,0.00,4917.98,4917.98,3512.84
1,BLR-BTM,2025-02-19,20250219,2025-02,Wednesday,False,14,2,16,12,0,52960.44,6355.26,59315.70,3742.24,49218.20,85.71,75.00,10.71,4413.37,4413.37,3782.89
2,BLR-KOR,2025-09-01,20250901,2025-09,Monday,False,14,0,14,8,0,36021.09,4322.53,40343.62,2322.12,33698.97,57.14,57.14,0.00,4502.64,4502.64,2572.94
2,BLR-KOR,2025-08-22,20250822,2025-08,Friday,False,14,0,14,13,0,64670.94,8231.43,72902.37,3319.59,61351.35,92.86,92.86,0.00,4974.69,4974.69,4619.35
1,BLR-BTM,2026-05-18,20260518,2026-05,Monday,False,15,1,16,9,0,39895.52,1994.77,41890.29,694.69,39200.83,60.00,56.25,3.75,4432.84,4432.84,2659.70
2,BLR-KOR,2026-06-24,20260624,2026-06,Wednesday,False,14,0,14,14,0,69990.38,5549.82,75540.20,5719.25,64271.13,100.00,100.00,0.00,4999.31,4999.31,4999.31
2,BLR-KOR,2026-02-16,20260216,2026-02,Monday,False,14,0,14,9,2,36568.92,1828.44,38397.36,1908.62,34660.30,64.29,64.29,0.00,4063.21,4945.69,2612.07
2,BLR-KOR,2026-01-17,20260117,2026-01,Saturday,True,14,0,14,13,1,54186.69,2709.35,56896.04,4821.43,49365.26,92.86,92.86,0.00,4168.21,4364.68,3870.48
2,BLR-KOR,2026-06-08,20260608,2026-06,Monday,False,14,0,14,14,0,65194.40,3259.73,68454.13,1581.71,63612.69,100.00,100.00,0.00,4656.74,4656.74,4656.74
2,BLR-KOR,2026-06-05,20260605,2026-06,Friday,False,13,1,14,13,0,61411.22,4091.63,65502.85,729.75,60681.47,100.00,92.86,7.14,4723.94,4723.94,4723.94
2,BLR-KOR,2025-12-12,20251212,2025-12,Friday,False,13,1,14,13,0,62445.53,3122.27,65567.80,4751.80,57693.73,100.00,92.86,7.14,4803.50,4803.50,4803.50
2,BLR-KOR,2025-02-06,20250206,2025-02,Thursday,False,14,0,14,10,1,44472.56,5336.71,49809.27,4546.90,39925.66,71.43,71.43,0.00,4447.26,4813.38,3176.61
2,BLR-KOR,2025-08-28,20250828,2025-08,Thursday,False,14,0,14,9,0,41250.12,4950.00,46200.12,3833.91,37416.21,64.29,64.29,0.00,4583.35,4583.35,2946.44
2,BLR-KOR,2025-05-28,20250528,2025-05,Wednesday,False,14,0,14,9,0,39970.14,4796.41,44766.55,2603.42,37366.72,64.29,64.29,0.00,4441.13,4441.13,2855.01
1,BLR-BTM,2026-07-09,20260709,2026-07,Thursday,False,15,1,16,11,0,46042.12,2302.12,48344.24,5589.81,40452.31,73.33,68.75,4.58,4185.65,4185.65,3069.47
2,BLR-KOR,2025-03-12,20250312,2025-03,Wednesday,False,13,1,14,10,1,43340.76,5200.89,48541.65,3337.44,40003.32,76.92,71.43,5.49,4334.08,4562.24,3333.90
1,BLR-BTM,2025-05-30,20250530,2025-05,Friday,False,16,0,16,10,0,44176.80,5301.22,49478.02,1459.84,42716.96,62.50,62.50,0.00,4417.68,4417.68,2761.05
1,BLR-BTM,2025-04-11,20250411,2025-04,Friday,False,16,0,16,13,0,55495.25,6659.44,62154.69,5746.50,49748.75,81.25,81.25,0.00,4268.87,4268.87,3468.45
1,BLR-BTM,2025-07-24,20250724,2025-07,Thursday,False,15,1,16,12,0,55381.02,6645.72,62026.74,5137.52,50243.50,80.00,75.00,5.00,4615.09,4615.09,3692.07
1,BLR-BTM,2025-03-01,20250301,2025-03,Saturday,True,15,1,16,11,0,47822.28,5738.67,53560.95,4075.57,43746.71,73.33,68.75,4.58,4347.48,4347.48,3188.15
2,BLR-KOR,2025-12-06,20251206,2025-12,Saturday,True,13,1,14,11,0,51772.17,2588.61,54360.78,1286.69,50485.48,84.62,78.57,6.04,4706.56,4706.56,3982.47
2,BLR-KOR,2025-09-17,20250917,2025-09,Wednesday,False,14,0,14,10,0,47163.66,5659.65,52823.31,3383.48,43780.18,71.43,71.43,0.00,4716.37,4716.37,3368.83
2,BLR-KOR,2026-01-14,20260114,2026-01,Wednesday,False,13,1,14,9,1,38031.75,2904.01,40935.76,1952.12,36079.63,69.23,64.29,4.95,4225.75,4625.24,2925.52
2,BLR-KOR,2025-06-14,20250614,2025-06,Saturday,True,14,0,14,9,0,40212.29,4825.47,45037.76,2962.92,37249.37,64.29,64.29,0.00,4468.03,4468.03,2872.31
3,BLR-HSR,2026-06-18,20260618,2026-06,Thursday,False,10,0,10,7,0,28122.91,1406.14,29529.05,1338.70,26784.21,70.00,70.00,0.00,4017.56,4017.56,2812.29
1,BLR-BTM,2026-06-11,20260611,2026-06,Thursday,False,15,1,16,15,0,68170.56,3408.53,71579.09,2984.88,65185.68,100.00,93.75,6.25,4544.70,4544.70,4544.70
2,BLR-KOR,2026-02-09,20260209,2026-02,Monday,False,13,1,14,12,0,58212.67,3940.79,62153.46,5661.36,52551.31,92.31,85.71,6.59,4851.06,4851.06,4477.90
1,BLR-BTM,2026-08-11,20260811,2026-08,Tuesday,False,16,0,16,16,1,70510.71,3525.53,74036.24,5472.42,65038.29,100.00,100.00,0.00,4406.92,4615.88,4406.92
2,BLR-KOR,2025-12-29,20251229,2025-12,Monday,False,13,1,14,5,0,21243.32,1062.17,22305.49,1919.24,19324.08,38.46,35.71,2.75,4248.66,4248.66,1634.10
2,BLR-KOR,2025-12-16,20251216,2025-12,Tuesday,False,14,0,14,10,2,41247.13,2062.36,43309.49,3585.99,37661.14,71.43,71.43,0.00,4124.71,4756.03,2946.22
2,BLR-KOR,2025-09-03,20250903,2025-09,Wednesday,False,13,1,14,10,0,50119.89,6014.38,56134.27,4565.94,45553.95,76.92,71.43,5.49,5011.99,5011.99,3855.38
3,BLR-HSR,2026-07-15,20260715,2026-07,Wednesday,False,9,1,10,7,0,26407.74,1320.39,27728.13,1586.21,24821.53,77.78,70.00,7.78,3772.53,3772.53,2934.19
3,BLR-HSR,2026-04-24,20260424,2026-04,Friday,False,9,1,10,6,0,21422.42,1071.13,22493.55,0.00,21422.42,66.67,60.00,6.67,3570.40,3570.40,2380.27
2,BLR-KOR,2025-04-05,20250405,2025-04,Saturday,True,14,0,14,11,0,51132.34,6135.87,57268.21,3850.44,47281.90,78.57,78.57,0.00,4648.39,4648.39,3652.31
2,BLR-KOR,2026-02-17,20260217,2026-02,Tuesday,False,14,0,14,8,0,41646.59,3110.20,44756.79,2154.63,39491.96,57.14,57.14,0.00,5205.82,5205.82,2974.76
1,BLR-BTM,2025-05-04,20250504,2025-05,Sunday,True,16,0,16,4,0,18280.94,2193.70,20474.64,1090.07,17190.87,25.00,25.00,0.00,4570.24,4570.24,1142.56
3,BLR-HSR,2026-05-20,20260520,2026-05,Wednesday,False,10,0,10,5,0,18345.68,917.28,19262.96,1446.36,16899.32,50.00,50.00,0.00,3669.14,3669.14,1834.57
3,BLR-HSR,2026-05-15,20260515,2026-05,Friday,False,9,1,10,3,0,12011.20,600.56,12611.76,1260.61,10750.59,33.33,30.00,3.33,4003.73,4003.73,1334.58
2,BLR-KOR,2025-04-20,20250420,2025-04,Sunday,True,14,0,14,11,0,52692.36,6323.08,59015.44,3981.67,48710.69,78.57,78.57,0.00,4790.21,4790.21,3763.74
1,BLR-BTM,2026-02-25,20260225,2026-02,Wednesday,False,16,0,16,13,0,63293.53,3164.67,66458.20,4565.44,58728.09,81.25,81.25,0.00,4868.73,4868.73,3955.85
1,BLR-BTM,2026-08-10,20260810,2026-08,Monday,False,15,1,16,15,1,64519.68,3225.98,67745.66,4420.32,60099.36,100.00,93.75,6.25,4301.31,4501.63,4301.31
1,BLR-BTM,2025-09-09,20250909,2025-09,Tuesday,False,16,0,16,16,1,70810.51,8497.28,79307.79,5795.31,65015.20,100.00,100.00,0.00,4425.66,4654.63,4425.66
1,BLR-BTM,2025-06-11,20250611,2025-06,Wednesday,False,14,2,16,13,0,56487.60,6778.52,63266.12,2771.82,53715.78,92.86,81.25,11.61,4345.20,4345.20,4034.83
3,BLR-HSR,2026-06-25,20260625,2026-06,Thursday,False,10,0,10,8,1,29315.57,1465.79,30781.36,2140.72,27174.85,80.00,80.00,0.00,3664.45,4009.90,2931.56
2,BLR-KOR,2026-07-16,20260716,2026-07,Thursday,False,14,0,14,14,0,69526.81,3476.35,73003.16,2718.08,66808.73,100.00,100.00,0.00,4966.20,4966.20,4966.20
2,BLR-KOR,2025-02-07,20250207,2025-02,Friday,False,14,0,14,8,0,36083.75,4330.04,40413.79,4401.43,31682.32,57.14,57.14,0.00,4510.47,4510.47,2577.41
3,BLR-HSR,2026-05-21,20260521,2026-05,Thursday,False,8,2,10,6,0,22633.97,1131.70,23765.67,1519.98,21113.99,75.00,60.00,15.00,3772.33,3772.33,2829.25
2,BLR-KOR,2025-08-19,20250819,2025-08,Tuesday,False,14,0,14,13,1,61533.49,7839.67,69373.16,5056.79,56476.70,92.86,92.86,0.00,4733.35,5027.89,4395.25
1,BLR-BTM,2025-03-05,20250305,2025-03,Wednesday,False,16,0,16,12,1,45440.34,5452.85,50893.19,1525.21,43915.13,75.00,75.00,0.00,3786.70,3978.09,2840.02
2,BLR-KOR,2025-07-08,20250708,2025-07,Tuesday,False,14,0,14,10,1,42919.32,5150.33,48069.65,1724.66,41194.66,71.43,71.43,0.00,4291.93,4638.93,3065.67
1,BLR-BTM,2025-08-04,20250804,2025-08,Monday,False,16,0,16,12,1,52744.51,6329.35,59073.86,2315.64,50428.87,75.00,75.00,0.00,4395.38,4666.71,3296.53
3,BLR-HSR,2026-03-24,20260324,2026-03,Tuesday,False,9,1,10,6,0,21734.27,1086.71,22820.98,574.10,21160.17,66.67,60.00,6.67,3622.38,3622.38,2414.92
1,BLR-BTM,2026-02-24,20260224,2026-02,Tuesday,False,16,0,16,16,1,72202.33,3610.11,75812.44,5443.00,66759.33,100.00,100.00,0.00,4512.65,4744.75,4512.65
2,BLR-KOR,2025-09-18,20250918,2025-09,Thursday,False,13,1,14,8,0,39775.17,4773.03,44548.20,4655.53,35119.64,61.54,57.14,4.40,4971.90,4971.90,3059.63
2,BLR-KOR,2026-06-11,20260611,2026-06,Thursday,False,14,0,14,14,0,68804.24,5428.84,74233.08,1875.56,66928.68,100.00,100.00,0.00,4914.59,4914.59,4914.59
2,BLR-KOR,2026-01-26,20260126,2026-01,Monday,False,14,0,14,14,0,66927.68,3346.37,70274.05,5751.20,61176.48,100.00,100.00,0.00,4780.55,4780.55,4780.55
1,BLR-BTM,2025-03-26,20250326,2025-03,Wednesday,False,16,0,16,12,0,51370.14,6164.41,57534.55,2785.98,48584.16,75.00,75.00,0.00,4280.85,4280.85,3210.63
2,BLR-KOR,2025-09-11,20250911,2025-09,Thursday,False,14,0,14,14,0,67689.90,8122.80,75812.70,5795.19,61894.71,100.00,100.00,0.00,4834.99,4834.99,4834.99
1,BLR-BTM,2026-03-02,20260302,2026-03,Monday,False,16,0,16,11,0,46821.15,2341.06,49162.21,3381.20,43439.95,68.75,68.75,0.00,4256.47,4256.47,2926.32
1,BLR-BTM,2025-06-30,20250630,2025-06,Monday,False,16,0,16,13,0,57195.08,6863.41,64058.49,6263.53,50931.55,81.25,81.25,0.00,4399.62,4399.62,3574.69
2,BLR-KOR,2025-08-18,20250818,2025-08,Monday,False,14,0,14,13,1,60858.88,7303.07,68161.95,4540.00,56318.88,92.86,92.86,0.00,4681.45,4964.33,4347.06
1,BLR-BTM,2025-05-20,20250520,2025-05,Tuesday,False,16,0,16,10,1,41872.56,5024.71,46897.27,2914.34,38958.22,62.50,62.50,0.00,4187.26,4497.61,2617.04
2,BLR-KOR,2025-11-12,20251112,2025-11,Wednesday,False,14,0,14,8,0,36505.22,1825.25,38330.47,819.68,35685.54,57.14,57.14,0.00,4563.15,4563.15,2607.52
1,BLR-BTM,2026-06-05,20260605,2026-06,Friday,False,16,0,16,16,1,69614.94,3480.77,73095.71,3395.10,66219.84,100.00,100.00,0.00,4350.93,4530.52,4350.93
1,BLR-BTM,2026-01-07,20260107,2026-01,Wednesday,False,16,0,16,16,1,67069.54,3353.49,70423.03,7906.26,59163.28,100.00,100.00,0.00,4191.85,4384.71,4191.85
2,BLR-KOR,2026-04-22,20260422,2026-04,Wednesday,False,14,0,14,14,1,64149.12,4265.83,68414.95,2895.06,61254.06,100.00,100.00,0.00,4582.08,4821.85,4582.08
1,BLR-BTM,2026-04-25,20260425,2026-04,Saturday,True,16,0,16,12,0,49100.12,2455.00,51555.12,3720.13,45379.99,75.00,75.00,0.00,4091.68,4091.68,3068.76
3,BLR-HSR,2026-03-29,20260329,2026-03,Sunday,True,9,1,10,4,0,15382.28,769.11,16151.39,1247.13,14135.15,44.44,40.00,4.44,3845.57,3845.57,1709.14
2,BLR-KOR,2025-03-09,20250309,2025-03,Sunday,True,14,0,14,6,1,24997.18,2999.66,27996.84,2721.87,22275.31,42.86,42.86,0.00,4166.20,4745.74,1785.51
2,BLR-KOR,2025-06-27,20250627,2025-06,Friday,False,14,0,14,6,0,27902.51,3348.31,31250.82,0.00,27902.51,42.86,42.86,0.00,4650.42,4650.42,1993.04
1,BLR-BTM,2026-04-07,20260407,2026-04,Tuesday,False,16,0,16,11,1,44925.53,2246.28,47171.81,4270.58,40654.95,68.75,68.75,0.00,4084.14,4308.40,2807.85
3,BLR-HSR,2026-03-26,20260326,2026-03,Thursday,False,10,0,10,2,0,7362.80,368.14,7730.94,0.00,7362.80,20.00,20.00,0.00,3681.40,3681.40,736.28
1,BLR-BTM,2026-05-06,20260506,2026-05,Wednesday,False,16,0,16,15,2,58760.10,2938.02,61698.12,2641.70,56118.40,93.75,93.75,0.00,3917.34,4281.39,3672.51
2,BLR-KOR,2026-06-14,20260614,2026-06,Sunday,True,13,1,14,13,0,59083.66,2954.19,62037.85,2122.45,56961.21,100.00,92.86,7.14,4544.90,4544.90,4544.90
2,BLR-KOR,2026-06-18,20260618,2026-06,Thursday,False,14,0,14,14,2,60948.05,4106.44,65054.49,2739.20,58208.85,100.00,100.00,0.00,4353.43,4904.67,4353.43
2,BLR-KOR,2026-07-10,20260710,2026-07,Friday,False,13,1,14,13,0,64941.20,4270.69,69211.89,3453.16,61488.04,100.00,92.86,7.14,4995.48,4995.48,4995.48
2,BLR-KOR,2025-10-01,20251001,2025-10,Wednesday,False,14,0,14,9,0,49914.58,3596.81,53511.39,2261.21,47653.37,64.29,64.29,0.00,5546.06,5546.06,3565.33
2,BLR-KOR,2025-10-06,20251006,2025-10,Monday,False,14,0,14,11,1,45581.80,2279.10,47860.90,2697.31,42884.49,78.57,78.57,0.00,4143.80,4425.61,3255.84
2,BLR-KOR,2026-07-29,20260729,2026-07,Wednesday,False,14,0,14,13,0,61979.26,3098.98,65078.24,4858.69,57120.57,92.86,92.86,0.00,4767.64,4767.64,4427.09
1,BLR-BTM,2025-07-04,20250704,2025-07,Friday,False,15,1,16,7,1,25759.00,3091.08,28850.08,1700.36,24058.64,46.67,43.75,2.92,3679.86,4126.09,1717.27
3,BLR-HSR,2026-07-11,20260711,2026-07,Saturday,True,10,0,10,4,0,14473.38,723.67,15197.05,562.32,13911.06,40.00,40.00,0.00,3618.35,3618.35,1447.34
2,BLR-KOR,2025-07-31,20250731,2025-07,Thursday,False,14,0,14,10,0,48725.86,6302.52,55028.38,3811.73,44914.13,71.43,71.43,0.00,4872.59,4872.59,3480.42
1,BLR-BTM,2025-04-06,20250406,2025-04,Sunday,True,16,0,16,16,1,63886.18,7666.33,71552.51,5120.57,58765.61,100.00,100.00,0.00,3992.89,4147.14,3992.89
1,BLR-BTM,2026-06-29,20260629,2026-06,Monday,False,16,0,16,9,1,34621.28,1731.07,36352.35,929.03,33692.25,56.25,56.25,0.00,3846.81,4178.18,2163.83
1,BLR-BTM,2025-04-09,20250409,2025-04,Wednesday,False,16,0,16,16,0,71124.02,8534.89,79658.91,6827.20,64296.82,100.00,100.00,0.00,4445.25,4445.25,4445.25
2,BLR-KOR,2026-04-19,20260419,2026-04,Sunday,True,14,0,14,14,0,66640.58,4390.40,71030.98,3633.54,63007.04,100.00,100.00,0.00,4760.04,4760.04,4760.04
1,BLR-BTM,2025-11-19,20251119,2025-11,Wednesday,False,16,0,16,10,0,45406.48,2270.33,47676.81,3620.15,41786.33,62.50,62.50,0.00,4540.65,4540.65,2837.91
2,BLR-KOR,2025-05-30,20250530,2025-05,Friday,False,14,0,14,10,1,40659.83,4879.17,45539.00,3415.78,37244.05,71.43,71.43,0.00,4065.98,4332.53,2904.27
2,BLR-KOR,2026-07-17,20260717,2026-07,Friday,False,13,1,14,11,2,42155.29,2107.78,44263.07,1644.40,40510.89,84.62,78.57,6.04,3832.30,4352.96,3242.71
2,BLR-KOR,2026-01-19,20260119,2026-01,Monday,False,14,0,14,9,0,37494.83,1874.75,39369.58,2391.25,35103.58,64.29,64.29,0.00,4166.09,4166.09,2678.20
3,BLR-HSR,2026-07-05,20260705,2026-07,Sunday,True,10,0,10,5,0,18632.09,931.61,19563.70,1588.29,17043.80,50.00,50.00,0.00,3726.42,3726.42,1863.21
2,BLR-KOR,2026-05-19,20260519,2026-05,Tuesday,False,14,0,14,6,0,27638.86,1381.95,29020.81,3019.34,24619.52,42.86,42.86,0.00,4606.48,4606.48,1974.20
1,BLR-BTM,2026-05-28,20260528,2026-05,Thursday,False,15,1,16,11,0,46663.23,2333.16,48996.39,1821.73,44841.50,73.33,68.75,4.58,4242.11,4242.11,3110.88
1,BLR-BTM,2026-03-23,20260323,2026-03,Monday,False,16,0,16,10,1,42088.29,2104.42,44192.71,3496.96,38591.33,62.50,62.50,0.00,4208.83,4546.49,2630.52
1,BLR-BTM,2026-05-21,20260521,2026-05,Thursday,False,15,1,16,8,0,35655.37,1782.77,37438.14,0.00,35655.37,53.33,50.00,3.33,4456.92,4456.92,2377.02
1,BLR-BTM,2025-04-10,20250410,2025-04,Thursday,False,16,0,16,16,0,70862.67,8503.53,79366.20,7162.55,63700.12,100.00,100.00,0.00,4428.92,4428.92,4428.92
2,BLR-KOR,2025-09-24,20250924,2025-09,Wednesday,False,13,1,14,6,0,28696.57,1434.84,30131.41,581.69,28114.88,46.15,42.86,3.30,4782.76,4782.76,2207.43
1,BLR-BTM,2025-07-17,20250717,2025-07,Thursday,False,16,0,16,16,0,72367.66,8684.12,81051.78,6339.95,66027.71,100.00,100.00,0.00,4522.98,4522.98,4522.98
1,BLR-BTM,2026-05-24,20260524,2026-05,Sunday,True,16,0,16,10,1,39575.68,1978.78,41554.46,1762.39,37813.29,62.50,62.50,0.00,3957.57,4294.12,2473.48
2,BLR-KOR,2025-05-09,20250509,2025-05,Friday,False,14,0,14,11,0,53343.79,6861.17,60204.96,4798.44,48545.35,78.57,78.57,0.00,4849.44,4849.44,3810.27
2,BLR-KOR,2025-03-24,20250324,2025-03,Monday,False,14,0,14,9,1,40919.95,4910.38,45830.33,2325.81,38594.14,64.29,64.29,0.00,4546.66,4866.63,2922.85
1,BLR-BTM,2025-03-19,20250319,2025-03,Wednesday,False,16,0,16,16,0,70049.26,8405.91,78455.17,7854.50,62194.76,100.00,100.00,0.00,4378.08,4378.08,4378.08
2,BLR-KOR,2025-03-27,20250327,2025-03,Thursday,False,13,1,14,13,2,57083.97,7329.35,64413.32,5779.86,51304.11,100.00,92.86,7.14,4391.07,4920.39,4391.07
3,BLR-HSR,2026-03-03,20260303,2026-03,Tuesday,False,10,0,10,2,0,6053.89,302.70,6356.59,481.39,5572.50,20.00,20.00,0.00,3026.95,3026.95,605.39
1,BLR-BTM,2026-05-31,20260531,2026-05,Sunday,True,16,0,16,14,0,60646.11,3032.32,63678.43,3933.34,56712.77,87.50,87.50,0.00,4331.87,4331.87,3790.38
1,BLR-BTM,2025-06-23,20250623,2025-06,Monday,False,15,1,16,11,1,44941.33,5392.95,50334.28,3780.50,41160.83,73.33,68.75,4.58,4085.58,4360.90,2996.09
3,BLR-HSR,2026-06-17,20260617,2026-06,Wednesday,False,10,0,10,8,2,26521.52,1326.07,27847.59,1559.90,24961.62,80.00,80.00,0.00,3315.19,4113.04,2652.15
2,BLR-KOR,2025-11-04,20251104,2025-11,Tuesday,False,14,0,14,13,1,60975.38,3048.76,64024.14,5732.14,55243.24,92.86,92.86,0.00,4690.41,4998.62,4355.38
1,BLR-BTM,2025-12-25,20251225,2025-12,Thursday,False,16,0,16,7,0,27122.40,1356.12,28478.52,2252.54,24869.86,43.75,43.75,0.00,3874.63,3874.63,1695.15
1,BLR-BTM,2026-05-03,20260503,2026-05,Sunday,True,16,0,16,10,0,42237.40,2111.87,44349.27,1417.02,40820.38,62.50,62.50,0.00,4223.74,4223.74,2639.84
1,BLR-BTM,2026-04-28,20260428,2026-04,Tuesday,False,16,0,16,15,0,61940.49,3097.03,65037.52,4516.07,57424.42,93.75,93.75,0.00,4129.37,4129.37,3871.28
3,BLR-HSR,2026-05-18,20260518,2026-05,Monday,False,10,0,10,4,1,10819.05,540.96,11360.01,717.73,10101.32,40.00,40.00,0.00,2704.76,3322.15,1081.91
1,BLR-BTM,2025-12-08,20251208,2025-12,Monday,False,16,0,16,15,0,65743.61,3287.20,69030.81,6084.35,59659.26,93.75,93.75,0.00,4382.91,4382.91,4108.98
1,BLR-BTM,2026-01-30,20260130,2026-01,Friday,False,16,0,16,12,1,48524.21,2426.23,50950.44,3294.17,45230.04,75.00,75.00,0.00,4043.68,4266.93,3032.76
3,BLR-HSR,2026-04-29,20260429,2026-04,Wednesday,False,10,0,10,6,1,17860.88,893.05,18753.93,681.27,17179.61,60.00,60.00,0.00,2976.81,3386.66,1786.09
1,BLR-BTM,2026-05-14,20260514,2026-05,Thursday,False,16,0,16,14,1,58411.38,2920.56,61331.94,2241.53,56169.85,87.50,87.50,0.00,4172.24,4405.79,3650.71
2,BLR-KOR,2026-06-17,20260617,2026-06,Wednesday,False,14,0,14,14,0,66134.86,4365.78,70500.64,942.35,65192.51,100.00,100.00,0.00,4723.92,4723.92,4723.92
2,BLR-KOR,2025-02-05,20250205,2025-02,Wednesday,False,14,0,14,11,0,51270.33,6152.45,57422.78,5515.71,45754.62,78.57,78.57,0.00,4660.94,4660.94,3662.17
1,BLR-BTM,2025-10-31,20251031,2025-10,Friday,False,16,0,16,13,0,55442.71,2772.14,58214.85,3500.36,51942.35,81.25,81.25,0.00,4264.82,4264.82,3465.17
2,BLR-KOR,2026-06-20,20260620,2026-06,Saturday,True,14,0,14,13,0,59141.02,4016.09,63157.11,4154.40,54986.62,92.86,92.86,0.00,4549.31,4549.31,4224.36
2,BLR-KOR,2026-01-27,20260127,2026-01,Tuesday,False,13,1,14,13,1,59473.38,2973.66,62447.04,4955.04,54518.34,100.00,92.86,7.14,4574.88,4859.70,4574.88
2,BLR-KOR,2025-06-23,20250623,2025-06,Monday,False,13,1,14,9,0,43265.50,5191.88,48457.38,3882.11,39383.39,69.23,64.29,4.95,4807.28,4807.28,3328.12
1,BLR-BTM,2026-01-12,20260112,2026-01,Monday,False,16,0,16,16,0,68836.38,3441.82,72278.20,5796.51,63039.87,100.00,100.00,0.00,4302.27,4302.27,4302.27
1,BLR-BTM,2025-10-28,20251028,2025-10,Tuesday,False,15,1,16,14,1,60252.07,3012.60,63264.67,5732.86,54519.21,93.33,87.50,5.83,4303.72,4541.43,4016.80
2,BLR-KOR,2025-09-04,20250904,2025-09,Thursday,False,14,0,14,12,1,56025.83,6723.10,62748.93,3891.08,52134.75,85.71,85.71,0.00,4668.82,4951.19,4001.85
2,BLR-KOR,2025-07-07,20250707,2025-07,Monday,False,14,0,14,11,0,55068.97,6608.29,61677.26,5236.74,49832.23,78.57,78.57,0.00,5006.27,5006.27,3933.50
2,BLR-KOR,2026-07-04,20260704,2026-07,Saturday,True,14,0,14,11,0,51477.08,3575.36,55052.44,2959.64,48517.44,78.57,78.57,0.00,4679.73,4679.73,3676.93
3,BLR-HSR,2026-04-12,20260412,2026-04,Sunday,True,10,0,10,3,0,11005.32,550.26,11555.58,0.00,11005.32,30.00,30.00,0.00,3668.44,3668.44,1100.53
2,BLR-KOR,2026-03-17,20260317,2026-03,Tuesday,False,13,1,14,11,0,50129.10,3490.87,53619.97,4325.08,45804.02,84.62,78.57,6.04,4557.19,4557.19,3856.08
1,BLR-BTM,2026-06-22,20260622,2026-06,Monday,False,16,0,16,15,0,66663.78,3333.19,69996.97,3039.53,63624.25,93.75,93.75,0.00,4444.25,4444.25,4166.49
2,BLR-KOR,2025-07-23,20250723,2025-07,Wednesday,False,13,1,14,9,1,41488.04,5429.76,46917.80,1643.63,39844.41,69.23,64.29,4.95,4609.78,5015.61,3191.39
2,BLR-KOR,2025-02-23,20250223,2025-02,Sunday,True,14,0,14,12,0,56996.47,6839.58,63836.05,7601.90,49394.57,85.71,85.71,0.00,4749.71,4749.71,4071.18
3,BLR-HSR,2026-04-25,20260425,2026-04,Saturday,True,10,0,10,5,0,17587.26,879.37,18466.63,0.00,17587.26,50.00,50.00,0.00,3517.45,3517.45,1758.73
2,BLR-KOR,2025-03-20,20250320,2025-03,Thursday,False,13,1,14,11,0,50640.01,6076.78,56716.79,4841.35,45798.66,84.62,78.57,6.04,4603.64,4603.64,3895.39
1,BLR-BTM,2025-03-10,20250310,2025-03,Monday,False,16,0,16,12,1,48774.96,5853.01,54627.97,875.92,47899.04,75.00,75.00,0.00,4064.58,4329.09,3048.44
1,BLR-BTM,2025-08-21,20250821,2025-08,Thursday,False,16,0,16,12,1,52202.18,6264.26,58466.44,4208.91,47993.27,75.00,75.00,0.00,4350.18,4619.92,3262.64
2,BLR-KOR,2026-04-20,20260420,2026-04,Monday,False,14,0,14,14,1,65824.90,4349.63,70174.53,3893.64,61931.26,100.00,100.00,0.00,4701.78,4984.01,4701.78
2,BLR-KOR,2026-04-09,20260409,2026-04,Thursday,False,14,0,14,14,1,64222.92,4269.52,68492.44,3879.35,60343.57,100.00,100.00,0.00,4587.35,4835.00,4587.35
2,BLR-KOR,2025-08-07,20250807,2025-08,Thursday,False,14,0,14,8,0,39995.30,4799.42,44794.72,5284.39,34710.91,57.14,57.14,0.00,4999.41,4999.41,2856.81
2,BLR-KOR,2025-12-17,20251217,2025-12,Wednesday,False,14,0,14,8,0,39918.69,1995.93,41914.62,4385.05,35533.64,57.14,57.14,0.00,4989.84,4989.84,2851.34
1,BLR-BTM,2025-05-28,20250528,2025-05,Wednesday,False,16,0,16,14,0,59833.80,7180.06,67013.86,2105.16,57728.64,87.50,87.50,0.00,4273.84,4273.84,3739.61
1,BLR-BTM,2025-05-12,20250512,2025-05,Monday,False,16,0,16,9,1,35141.22,4216.95,39358.17,4006.13,31135.09,56.25,56.25,0.00,3904.58,4190.09,2196.33
2,BLR-KOR,2025-07-16,20250716,2025-07,Wednesday,False,14,0,14,14,0,68127.16,8175.25,76302.41,3118.02,65009.14,100.00,100.00,0.00,4866.23,4866.23,4866.23
2,BLR-KOR,2025-04-21,20250421,2025-04,Monday,False,14,0,14,12,0,57096.26,6851.54,63947.80,2663.32,54432.94,85.71,85.71,0.00,4758.02,4758.02,4078.30
3,BLR-HSR,2026-03-14,20260314,2026-03,Saturday,True,8,2,10,4,0,12819.95,641.01,13460.96,906.52,11913.43,50.00,40.00,10.00,3204.99,3204.99,1602.49
2,BLR-KOR,2025-11-02,20251102,2025-11,Sunday,True,14,0,14,14,0,64919.98,3246.00,68165.98,4851.38,60068.60,100.00,100.00,0.00,4637.14,4637.14,4637.14
1,BLR-BTM,2026-04-21,20260421,2026-04,Tuesday,False,16,0,16,16,0,67450.99,3372.54,70823.53,4176.16,63274.83,100.00,100.00,0.00,4215.69,4215.69,4215.69
3,BLR-HSR,2026-07-30,20260730,2026-07,Thursday,False,10,0,10,6,1,19158.34,957.92,20116.26,1598.70,17559.64,60.00,60.00,0.00,3193.06,3601.65,1915.83
3,BLR-HSR,2026-05-07,20260507,2026-05,Thursday,False,8,2,10,5,0,18893.25,944.66,19837.91,2064.57,16828.68,62.50,50.00,12.50,3778.65,3778.65,2361.66
2,BLR-KOR,2025-06-21,20250621,2025-06,Saturday,True,14,0,14,12,0,57167.27,6860.09,64027.36,3199.59,53967.68,85.71,85.71,0.00,4763.94,4763.94,4083.38
1,BLR-BTM,2025-10-04,20251004,2025-10,Saturday,True,16,0,16,11,1,47260.73,2363.03,49623.76,2353.72,44907.01,68.75,68.75,0.00,4296.43,4640.01,2953.80
2,BLR-KOR,2025-03-17,20250317,2025-03,Monday,False,14,0,14,14,1,61699.60,7403.95,69103.55,6015.97,55683.63,100.00,100.00,0.00,4407.11,4629.09,4407.11
2,BLR-KOR,2025-09-08,20250908,2025-09,Monday,False,13,1,14,11,0,53743.95,6449.29,60193.24,7148.91,46595.04,84.62,78.57,6.04,4885.81,4885.81,4134.15
1,BLR-BTM,2025-12-17,20251217,2025-12,Wednesday,False,16,0,16,11,0,46511.19,2325.57,48836.76,2697.07,43814.12,68.75,68.75,0.00,4228.29,4228.29,2906.95
1,BLR-BTM,2025-09-22,20250922,2025-09,Monday,False,16,0,16,16,1,69794.01,3489.69,73283.70,7374.47,62419.54,100.00,100.00,0.00,4362.13,4586.80,4362.13
2,BLR-KOR,2026-05-15,20260515,2026-05,Friday,False,14,0,14,12,0,57734.14,2886.70,60620.84,4614.43,53119.71,85.71,85.71,0.00,4811.18,4811.18,4123.87
1,BLR-BTM,2025-03-16,20250316,2025-03,Sunday,True,16,0,16,14,2,55560.78,6667.29,62228.07,3649.85,51910.93,87.50,87.50,0.00,3968.63,4439.56,3472.55
1,BLR-BTM,2026-03-20,20260320,2026-03,Friday,False,15,1,16,14,0,62768.82,4150.79,66919.61,3554.67,59214.15,93.33,87.50,5.83,4483.49,4483.49,4184.59
2,BLR-KOR,2025-05-23,20250523,2025-05,Friday,False,14,0,14,13,0,56613.15,6793.57,63406.72,2292.38,54320.77,92.86,92.86,0.00,4354.86,4354.86,4043.80
2,BLR-KOR,2025-03-16,20250316,2025-03,Sunday,True,14,0,14,14,2,59110.47,7093.26,66203.73,4260.47,54850.00,100.00,100.00,0.00,4222.18,4744.40,4222.18
1,BLR-BTM,2025-08-28,20250828,2025-08,Thursday,False,15,1,16,11,1,46001.47,5520.18,51521.65,1575.27,44426.20,73.33,68.75,4.58,4181.95,4471.70,3066.76
2,BLR-KOR,2026-08-07,20260807,2026-08,Friday,False,14,0,14,14,1,64301.50,3215.07,67516.57,5636.07,58665.43,100.00,100.00,0.00,4592.96,4852.27,4592.96
1,BLR-BTM,2025-02-18,20250218,2025-02,Tuesday,False,16,0,16,11,0,44725.60,5367.07,50092.67,864.00,43861.60,68.75,68.75,0.00,4065.96,4065.96,2795.35
3,BLR-HSR,2026-05-04,20260504,2026-05,Monday,False,10,0,10,3,0,8548.44,427.43,8975.87,1043.67,7504.77,30.00,30.00,0.00,2849.48,2849.48,854.84
1,BLR-BTM,2026-05-11,20260511,2026-05,Monday,False,16,0,16,14,0,60362.74,3018.13,63380.87,3441.55,56921.19,87.50,87.50,0.00,4311.62,4311.62,3772.67
2,BLR-KOR,2025-10-20,20251020,2025-10,Monday,False,14,0,14,7,0,31181.69,1559.08,32740.77,1829.04,29352.65,50.00,50.00,0.00,4454.53,4454.53,2227.26
1,BLR-BTM,2025-12-30,20251230,2025-12,Tuesday,False,16,0,16,7,1,22392.39,1119.62,23512.01,1222.20,21170.19,43.75,43.75,0.00,3198.91,3508.88,1399.52
3,BLR-HSR,2026-05-27,20260527,2026-05,Wednesday,False,10,0,10,3,0,11311.20,565.56,11876.76,0.00,11311.20,30.00,30.00,0.00,3770.40,3770.40,1131.12
1,BLR-BTM,2025-09-02,20250902,2025-09,Tuesday,False,16,0,16,11,2,42252.41,5070.29,47322.70,4151.33,38101.08,68.75,68.75,0.00,3841.13,4447.18,2640.78
2,BLR-KOR,2025-05-10,20250510,2025-05,Saturday,True,13,1,14,10,0,48345.63,6261.39,54607.02,2824.99,45520.64,76.92,71.43,5.49,4834.56,4834.56,3718.89
1,BLR-BTM,2025-09-14,20250914,2025-09,Sunday,True,16,0,16,11,0,47864.69,5743.76,53608.45,2828.81,45035.88,68.75,68.75,0.00,4351.34,4351.34,2991.54
1,BLR-BTM,2025-05-13,20250513,2025-05,Tuesday,False,15,1,16,10,0,41202.66,4944.32,46146.98,3025.52,38177.14,66.67,62.50,4.17,4120.27,4120.27,2746.84
1,BLR-BTM,2025-04-13,20250413,2025-04,Sunday,True,16,0,16,16,1,64443.02,7733.17,72176.19,7023.88,57419.14,100.00,100.00,0.00,4027.69,4237.09,4027.69
1,BLR-BTM,2026-02-15,20260215,2026-02,Sunday,True,16,0,16,13,0,57896.71,2894.85,60791.56,2834.18,55062.53,81.25,81.25,0.00,4453.59,4453.59,3618.54
2,BLR-KOR,2026-05-28,20260528,2026-05,Thursday,False,13,1,14,13,1,58195.72,3930.86,62126.58,2186.20,56009.52,100.00,92.86,7.14,4476.59,4761.84,4476.59
2,BLR-KOR,2025-02-01,20250201,2025-02,Saturday,True,14,0,14,3,1,8749.38,1049.93,9799.31,154.37,8595.01,21.43,21.43,0.00,2916.46,3731.50,624.96
2,BLR-KOR,2025-10-23,20251023,2025-10,Thursday,False,14,0,14,10,1,45582.60,2279.14,47861.74,4699.68,40882.92,71.43,71.43,0.00,4558.26,4963.48,3255.90
1,BLR-BTM,2026-02-04,20260204,2026-02,Wednesday,False,16,0,16,12,0,56696.87,2834.85,59531.72,2939.58,53757.29,75.00,75.00,0.00,4724.74,4724.74,3543.55
2,BLR-KOR,2025-03-14,20250314,2025-03,Friday,False,14,0,14,13,0,61476.10,7377.12,68853.22,5073.79,56402.31,92.86,92.86,0.00,4728.93,4728.93,4391.15
1,BLR-BTM,2025-02-17,20250217,2025-02,Monday,False,16,0,16,13,0,55641.09,6676.93,62318.02,828.20,54812.89,81.25,81.25,0.00,4280.08,4280.08,3477.57
2,BLR-KOR,2026-04-15,20260415,2026-04,Wednesday,False,13,1,14,13,0,63570.50,4236.89,67807.39,3772.43,59798.07,100.00,92.86,7.14,4890.04,4890.04,4890.04
2,BLR-KOR,2026-02-20,20260220,2026-02,Friday,False,13,1,14,13,0,66188.28,3309.41,69497.69,3208.28,62980.00,100.00,92.86,7.14,5091.41,5091.41,5091.41
2,BLR-KOR,2025-07-25,20250725,2025-07,Friday,False,14,0,14,10,1,44390.42,5778.05,50168.47,2918.47,41471.95,71.43,71.43,0.00,4439.04,4815.03,3170.74
1,BLR-BTM,2026-07-15,20260715,2026-07,Wednesday,False,16,0,16,14,1,61436.94,3071.86,64508.80,5339.55,56097.39,87.50,87.50,0.00,4388.35,4633.59,3839.81
3,BLR-HSR,2026-07-22,20260722,2026-07,Wednesday,False,10,0,10,8,0,31304.26,1565.21,32869.47,818.13,30486.13,80.00,80.00,0.00,3913.03,3913.03,3130.43
1,BLR-BTM,2025-08-15,20250815,2025-08,Friday,False,16,0,16,15,1,62658.05,7518.96,70177.01,4576.65,58081.40,93.75,93.75,0.00,4177.20,4395.38,3916.13
3,BLR-HSR,2026-06-07,20260607,2026-06,Sunday,True,10,0,10,6,0,20753.80,1037.69,21791.49,612.45,20141.35,60.00,60.00,0.00,3458.97,3458.97,2075.38
1,BLR-BTM,2026-06-23,20260623,2026-06,Tuesday,False,16,0,16,12,0,52612.62,2630.63,55243.25,2021.42,50591.20,75.00,75.00,0.00,4384.39,4384.39,3288.29
1,BLR-BTM,2026-03-14,20260314,2026-03,Saturday,True,16,0,16,11,1,45478.45,2273.92,47752.37,3104.12,42374.33,68.75,68.75,0.00,4134.40,4413.56,2842.40
3,BLR-HSR,2026-06-28,20260628,2026-06,Sunday,True,10,0,10,2,0,7288.55,364.43,7652.98,0.00,7288.55,20.00,20.00,0.00,3644.28,3644.28,728.86
3,BLR-HSR,2026-04-04,20260404,2026-04,Saturday,True,10,0,10,1,0,3678.92,183.95,3862.87,0.00,3678.92,10.00,10.00,0.00,3678.92,3678.92,367.89
2,BLR-KOR,2026-03-07,20260307,2026-03,Saturday,True,13,1,14,12,0,56538.42,2826.93,59365.35,1849.92,54688.50,92.31,85.71,6.59,4711.54,4711.54,4349.11
2,BLR-KOR,2025-12-31,20251231,2025-12,Wednesday,False,13,1,14,4,0,17779.56,888.97,18668.53,1865.19,15914.37,30.77,28.57,2.20,4444.89,4444.89,1367.66
2,BLR-KOR,2025-06-08,20250608,2025-06,Sunday,True,14,0,14,9,0,42660.64,5119.27,47779.91,1545.99,41114.65,64.29,64.29,0.00,4740.07,4740.07,3047.19
2,BLR-KOR,2025-07-22,20250722,2025-07,Tuesday,False,14,0,14,14,1,61300.08,7356.02,68656.10,1608.36,59691.72,100.00,100.00,0.00,4378.58,4633.14,4378.58
2,BLR-KOR,2026-03-04,20260304,2026-03,Wednesday,False,14,0,14,13,0,64216.86,3210.85,67427.71,3502.08,60714.78,92.86,92.86,0.00,4939.76,4939.76,4586.92
1,BLR-BTM,2026-08-02,20260802,2026-08,Sunday,True,16,0,16,15,0,65937.89,3296.88,69234.77,5572.88,60365.01,93.75,93.75,0.00,4395.86,4395.86,4121.12
3,BLR-HSR,2026-03-19,20260319,2026-03,Thursday,False,10,0,10,4,0,13248.70,662.44,13911.14,882.89,12365.81,40.00,40.00,0.00,3312.18,3312.18,1324.87
1,BLR-BTM,2025-11-02,20251102,2025-11,Sunday,True,16,0,16,7,0,30670.73,1533.54,32204.27,631.76,30038.97,43.75,43.75,0.00,4381.53,4381.53,1916.92
1,BLR-BTM,2025-08-07,20250807,2025-08,Thursday,False,16,0,16,12,0,53230.12,6387.62,59617.74,2015.74,51214.38,75.00,75.00,0.00,4435.84,4435.84,3326.88
1,BLR-BTM,2025-08-22,20250822,2025-08,Friday,False,16,0,16,12,0,54195.55,6503.47,60699.02,5965.72,48229.83,75.00,75.00,0.00,4516.30,4516.30,3387.22
1,BLR-BTM,2026-01-16,20260116,2026-01,Friday,False,16,0,16,12,0,53316.35,2665.80,55982.15,4386.17,48930.18,75.00,75.00,0.00,4443.03,4443.03,3332.27
1,BLR-BTM,2025-10-08,20251008,2025-10,Wednesday,False,16,0,16,13,1,55261.78,2763.10,58024.88,7815.61,47446.17,81.25,81.25,0.00,4250.91,4525.25,3453.86
1,BLR-BTM,2025-06-10,20250610,2025-06,Tuesday,False,16,0,16,13,0,53516.09,6421.95,59938.04,3519.11,49996.98,81.25,81.25,0.00,4116.62,4116.62,3344.76
2,BLR-KOR,2026-06-19,20260619,2026-06,Friday,False,14,0,14,14,0,65743.08,4346.19,70089.27,2321.67,63421.41,100.00,100.00,0.00,4695.93,4695.93,4695.93
1,BLR-BTM,2025-03-21,20250321,2025-03,Friday,False,15,1,16,13,1,52164.50,6259.75,58424.25,4680.58,47483.92,86.67,81.25,5.42,4012.65,4239.61,3477.63
2,BLR-KOR,2025-07-13,20250713,2025-07,Sunday,True,14,0,14,9,0,44739.02,5368.68,50107.70,802.08,43936.94,64.29,64.29,0.00,4971.00,4971.00,3195.64
2,BLR-KOR,2026-03-09,20260309,2026-03,Monday,False,14,0,14,13,0,63222.97,3161.16,66384.13,2586.99,60635.98,92.86,92.86,0.00,4863.31,4863.31,4515.93
2,BLR-KOR,2025-04-28,20250428,2025-04,Monday,False,14,0,14,10,0,46158.46,5539.01,51697.47,5141.86,41016.60,71.43,71.43,0.00,4615.85,4615.85,3297.03
1,BLR-BTM,2026-02-17,20260217,2026-02,Tuesday,False,16,0,16,13,0,59691.21,2984.56,62675.77,6033.23,53657.98,81.25,81.25,0.00,4591.63,4591.63,3730.70
2,BLR-KOR,2026-07-06,20260706,2026-07,Monday,False,14,0,14,12,2,52378.72,2618.95,54997.67,4429.51,47949.21,85.71,85.71,0.00,4364.89,4979.16,3741.34
2,BLR-KOR,2025-11-01,20251101,2025-11,Saturday,True,14,0,14,14,0,65682.42,3284.12,68966.54,5406.12,60276.30,100.00,100.00,0.00,4691.60,4691.60,4691.60
1,BLR-BTM,2026-05-23,20260523,2026-05,Saturday,True,16,0,16,12,0,54467.57,2723.39,57190.96,2742.34,51725.23,75.00,75.00,0.00,4538.96,4538.96,3404.22
1,BLR-BTM,2026-01-06,20260106,2026-01,Tuesday,False,15,1,16,14,0,59790.61,2989.53,62780.14,6431.15,53359.46,93.33,87.50,5.83,4270.76,4270.76,3986.04
1,BLR-BTM,2026-04-09,20260409,2026-04,Thursday,False,16,0,16,14,0,61415.06,3070.74,64485.80,5108.23,56306.83,87.50,87.50,0.00,4386.79,4386.79,3838.44
1,BLR-BTM,2025-09-23,20250923,2025-09,Tuesday,False,16,0,16,16,0,71537.16,3576.85,75114.01,9124.95,62412.21,100.00,100.00,0.00,4471.07,4471.07,4471.07
1,BLR-BTM,2026-06-01,20260601,2026-06,Monday,False,16,0,16,16,0,71185.85,3559.31,74745.16,2877.46,68308.39,100.00,100.00,0.00,4449.12,4449.12,4449.12
1,BLR-BTM,2026-02-11,20260211,2026-02,Wednesday,False,14,2,16,13,0,60328.00,3016.41,63344.41,4784.67,55543.33,92.86,81.25,11.61,4640.62,4640.62,4309.14
1,BLR-BTM,2025-04-01,20250401,2025-04,Tuesday,False,16,0,16,11,0,44915.97,5389.92,50305.89,3589.36,41326.61,68.75,68.75,0.00,4083.27,4083.27,2807.25
1,BLR-BTM,2026-07-02,20260702,2026-07,Thursday,False,16,0,16,16,0,73913.62,4724.90,78638.52,5621.16,68292.46,100.00,100.00,0.00,4619.60,4619.60,4619.60
1,BLR-BTM,2025-06-15,20250615,2025-06,Sunday,True,16,0,16,8,0,35342.23,4241.07,39583.30,3177.04,32165.19,50.00,50.00,0.00,4417.78,4417.78,2208.89
2,BLR-KOR,2026-06-01,20260601,2026-06,Monday,False,14,0,14,12,0,55390.81,3790.61,59181.42,1428.55,53962.26,85.71,85.71,0.00,4615.90,4615.90,3956.49
1,BLR-BTM,2025-05-19,20250519,2025-05,Monday,False,16,0,16,9,0,39514.96,4741.79,44256.75,3400.24,36114.72,56.25,56.25,0.00,4390.55,4390.55,2469.69
1,BLR-BTM,2026-06-08,20260608,2026-06,Monday,False,16,0,16,16,0,70018.57,3500.93,73519.50,2597.97,67420.60,100.00,100.00,0.00,4376.16,4376.16,4376.16
1,BLR-BTM,2025-05-23,20250523,2025-05,Friday,False,16,0,16,7,0,31559.54,3787.15,35346.69,1706.94,29852.60,43.75,43.75,0.00,4508.51,4508.51,1972.47
3,BLR-HSR,2026-07-31,20260731,2026-07,Friday,False,10,0,10,9,1,30856.66,1542.85,32399.51,2155.99,28700.67,90.00,90.00,0.00,3428.52,3705.01,3085.67
3,BLR-HSR,2026-04-23,20260423,2026-04,Thursday,False,9,1,10,6,0,21753.95,1087.71,22841.66,652.58,21101.37,66.67,60.00,6.67,3625.66,3625.66,2417.11
1,BLR-BTM,2025-05-22,20250522,2025-05,Thursday,False,15,1,16,10,0,44585.11,5350.22,49935.33,4036.45,40548.66,66.67,62.50,4.17,4458.51,4458.51,2972.34
1,BLR-BTM,2025-02-02,20250202,2025-02,Sunday,True,16,0,16,9,0,36665.27,4399.84,41065.11,4491.41,32173.86,56.25,56.25,0.00,4073.92,4073.92,2291.58
2,BLR-KOR,2026-06-30,20260630,2026-06,Tuesday,False,14,0,14,13,0,59753.74,3989.20,63742.94,882.80,58870.94,92.86,92.86,0.00,4596.44,4596.44,4268.12
2,BLR-KOR,2025-10-09,20251009,2025-10,Thursday,False,14,0,14,14,1,63739.14,4182.19,67921.33,7676.00,56063.14,100.00,100.00,0.00,4552.80,4827.16,4552.80
2,BLR-KOR,2025-06-26,20250626,2025-06,Thursday,False,14,0,14,9,1,40922.35,5372.79,46295.14,2886.35,38036.00,64.29,64.29,0.00,4546.93,4978.36,2923.03
2,BLR-KOR,2025-05-24,20250524,2025-05,Saturday,True,14,0,14,14,1,60160.98,7219.30,67380.28,2699.70,57461.28,100.00,100.00,0.00,4297.21,4553.26,4297.21
3,BLR-HSR,2026-07-23,20260723,2026-07,Thursday,False,9,1,10,8,1,27569.82,1378.50,28948.32,902.37,26667.45,88.89,80.00,8.89,3446.23,3799.38,3063.31
3,BLR-HSR,2026-07-18,20260718,2026-07,Saturday,True,9,1,10,7,0,28485.35,1424.27,29909.62,1594.46,26890.89,77.78,70.00,7.78,4069.34,4069.34,3165.04
1,BLR-BTM,2025-05-02,20250502,2025-05,Friday,False,16,0,16,9,0,39094.87,4691.37,43786.24,1469.81,37625.06,56.25,56.25,0.00,4343.87,4343.87,2443.43
2,BLR-KOR,2025-06-18,20250618,2025-06,Wednesday,False,13,1,14,12,1,56523.70,6782.86,63306.56,3540.82,52982.88,92.31,85.71,6.59,4710.31,5042.88,4347.98
1,BLR-BTM,2025-10-13,20251013,2025-10,Monday,False,16,0,16,11,1,45047.30,2252.38,47299.68,2391.24,42656.06,68.75,68.75,0.00,4095.21,4409.52,2815.46
1,BLR-BTM,2026-07-22,20260722,2026-07,Wednesday,False,16,0,16,13,1,55811.85,2790.59,58602.44,4854.83,50957.02,81.25,81.25,0.00,4293.22,4563.48,3488.24
1,BLR-BTM,2025-04-22,20250422,2025-04,Tuesday,False,16,0,16,14,0,62780.64,7533.69,70314.33,6074.11,56706.53,87.50,87.50,0.00,4484.33,4484.33,3923.79
2,BLR-KOR,2026-05-05,20260505,2026-05,Tuesday,False,14,0,14,13,0,63196.62,3159.83,66356.45,2395.50,60801.12,92.86,92.86,0.00,4861.28,4861.28,4514.04
2,BLR-KOR,2026-04-29,20260429,2026-04,Wednesday,False,14,0,14,14,1,64579.56,3228.99,67808.55,5439.02,59140.54,100.00,100.00,0.00,4612.83,4887.12,4612.83
2,BLR-KOR,2025-12-14,20251214,2025-12,Sunday,True,14,0,14,10,0,44425.65,2221.27,46646.92,3174.14,41251.51,71.43,71.43,0.00,4442.57,4442.57,3173.26
1,BLR-BTM,2025-09-01,20250901,2025-09,Monday,False,16,0,16,15,1,64858.09,7782.98,72641.07,5255.93,59602.16,93.75,93.75,0.00,4323.87,4540.25,4053.63
1,BLR-BTM,2025-11-29,20251129,2025-11,Saturday,True,16,0,16,12,1,52106.15,2605.32,54711.47,4618.54,47487.61,75.00,75.00,0.00,4342.18,4634.45,3256.63
1,BLR-BTM,2026-03-16,20260316,2026-03,Monday,False,15,1,16,15,0,65534.92,3276.75,68811.67,2701.23,62833.69,100.00,93.75,6.25,4368.99,4368.99,4368.99
2,BLR-KOR,2025-07-11,20250711,2025-07,Friday,False,14,0,14,9,0,42224.49,5066.94,47291.43,1508.36,40716.13,64.29,64.29,0.00,4691.61,4691.61,3016.04
1,BLR-BTM,2026-03-08,20260308,2026-03,Sunday,True,16,0,16,11,0,42194.45,2109.71,44304.16,3101.93,39092.52,68.75,68.75,0.00,3835.86,3835.86,2637.15
2,BLR-KOR,2025-02-15,20250215,2025-02,Saturday,True,13,1,14,8,0,34908.15,4188.98,39097.13,1209.41,33698.74,61.54,57.14,4.40,4363.52,4363.52,2685.24
1,BLR-BTM,2026-06-04,20260604,2026-06,Thursday,False,16,0,16,16,0,73588.31,3679.44,77267.75,4643.06,68945.25,100.00,100.00,0.00,4599.27,4599.27,4599.27
2,BLR-KOR,2025-08-02,20250802,2025-08,Saturday,True,14,0,14,14,0,67444.47,8548.75,75993.22,7006.14,60438.33,100.00,100.00,0.00,4817.46,4817.46,4817.46
2,BLR-KOR,2025-11-19,20251119,2025-11,Wednesday,False,13,1,14,8,1,34754.99,1737.73,36492.72,2653.33,32101.66,61.54,57.14,4.40,4344.37,4817.47,2673.46
2,BLR-KOR,2026-05-20,20260520,2026-05,Wednesday,False,14,0,14,7,1,29367.70,1468.38,30836.08,3947.99,25419.71,50.00,50.00,0.00,4195.39,4691.24,2097.69
3,BLR-HSR,2026-05-26,20260526,2026-05,Tuesday,False,10,0,10,6,1,19131.54,956.57,20088.11,711.83,18419.71,60.00,60.00,0.00,3188.59,3643.91,1913.15
2,BLR-KOR,2025-04-01,20250401,2025-04,Tuesday,False,13,1,14,12,0,59646.09,7157.51,66803.60,6002.45,53643.64,92.31,85.71,6.59,4970.51,4970.51,4588.16
1,BLR-BTM,2026-01-24,20260124,2026-01,Saturday,True,16,0,16,14,1,57069.38,2853.48,59922.86,5448.51,51620.87,87.50,87.50,0.00,4076.38,4252.92,3566.84
1,BLR-BTM,2025-04-16,20250416,2025-04,Wednesday,False,16,0,16,14,0,62780.23,7533.62,70313.85,5154.40,57625.83,87.50,87.50,0.00,4484.30,4484.30,3923.76
2,BLR-KOR,2025-12-09,20251209,2025-12,Tuesday,False,14,0,14,13,0,59737.65,2986.89,62724.54,2497.03,57240.62,92.86,92.86,0.00,4595.20,4595.20,4266.98
1,BLR-BTM,2026-06-19,20260619,2026-06,Friday,False,16,0,16,13,0,61806.08,3090.31,64896.39,1767.36,60038.72,81.25,81.25,0.00,4754.31,4754.31,3862.88
1,BLR-BTM,2025-03-27,20250327,2025-03,Thursday,False,16,0,16,16,0,71269.06,8552.29,79821.35,3922.49,67346.57,100.00,100.00,0.00,4454.32,4454.32,4454.32
1,BLR-BTM,2026-06-26,20260626,2026-06,Friday,False,16,0,16,9,0,37383.72,1869.20,39252.92,785.53,36598.19,56.25,56.25,0.00,4153.75,4153.75,2336.48
1,BLR-BTM,2025-08-16,20250816,2025-08,Saturday,True,16,0,16,13,0,56203.04,6744.36,62947.40,3416.41,52786.63,81.25,81.25,0.00,4323.31,4323.31,3512.69
3,BLR-HSR,2026-08-08,20260808,2026-08,Saturday,True,9,1,10,3,0,12052.81,602.64,12655.45,1545.45,10507.36,33.33,30.00,3.33,4017.60,4017.60,1339.20
2,BLR-KOR,2025-08-14,20250814,2025-08,Thursday,False,14,0,14,14,1,66026.21,8385.74,74411.95,4405.25,61620.96,100.00,100.00,0.00,4716.16,5006.18,4716.16
2,BLR-KOR,2025-06-03,20250603,2025-06,Tuesday,False,13,1,14,8,0,34578.11,4149.36,38727.47,1698.81,32879.30,61.54,57.14,4.40,4322.26,4322.26,2659.85
1,BLR-BTM,2026-08-06,20260806,2026-08,Thursday,False,16,0,16,15,0,70963.94,3548.19,74512.13,5447.46,65516.48,93.75,93.75,0.00,4730.93,4730.93,4435.25
3,BLR-HSR,2026-06-27,20260627,2026-06,Saturday,True,9,1,10,4,0,15435.24,771.77,16207.01,1327.74,14107.50,44.44,40.00,4.44,3858.81,3858.81,1715.03
2,BLR-KOR,2026-06-02,20260602,2026-06,Tuesday,False,14,0,14,14,0,65474.34,4294.79,69769.13,1428.55,64045.79,100.00,100.00,0.00,4676.74,4676.74,4676.74
1,BLR-BTM,2025-10-22,20251022,2025-10,Wednesday,False,16,0,16,16,0,66204.93,3310.23,69515.16,4046.07,62158.86,100.00,100.00,0.00,4137.81,4137.81,4137.81
3,BLR-HSR,2026-07-06,20260706,2026-07,Monday,False,10,0,10,8,0,31108.32,1555.41,32663.73,3748.82,27359.50,80.00,80.00,0.00,3888.54,3888.54,3110.83
2,BLR-KOR,2025-11-28,20251128,2025-11,Friday,False,14,0,14,9,0,44094.65,2204.75,46299.40,4304.47,39790.18,64.29,64.29,0.00,4899.41,4899.41,3149.62
2,BLR-KOR,2025-04-22,20250422,2025-04,Tuesday,False,14,0,14,13,0,59769.28,7172.30,66941.58,4865.77,54903.51,92.86,92.86,0.00,4597.64,4597.64,4269.23
1,BLR-BTM,2025-11-12,20251112,2025-11,Wednesday,False,15,1,16,15,0,68275.73,3413.78,71689.51,4110.14,64165.59,100.00,93.75,6.25,4551.72,4551.72,4551.72
1,BLR-BTM,2025-05-27,20250527,2025-05,Tuesday,False,16,0,16,14,1,53751.09,6450.13,60201.22,3107.13,50643.96,87.50,87.50,0.00,3839.36,3991.41,3359.44
2,BLR-KOR,2025-11-13,20251113,2025-11,Thursday,False,14,0,14,9,1,38497.50,1924.87,40422.37,959.23,37538.27,64.29,64.29,0.00,4277.50,4666.82,2749.82
2,BLR-KOR,2025-05-17,20250517,2025-05,Saturday,True,14,0,14,11,1,45853.07,5502.36,51355.43,2617.53,43235.54,78.57,78.57,0.00,4168.46,4494.26,3275.22
2,BLR-KOR,2025-07-19,20250719,2025-07,Saturday,True,13,1,14,9,0,40557.23,4866.87,45424.10,904.15,39653.08,69.23,64.29,4.95,4506.36,4506.36,3119.79
1,BLR-BTM,2025-11-06,20251106,2025-11,Thursday,False,16,0,16,13,0,58411.55,2920.58,61332.13,5820.21,52591.34,81.25,81.25,0.00,4493.20,4493.20,3650.72
2,BLR-KOR,2025-09-05,20250905,2025-09,Friday,False,14,0,14,10,0,51184.00,6142.09,57326.09,4657.27,46526.73,71.43,71.43,0.00,5118.40,5118.40,3656.00
1,BLR-BTM,2026-04-06,20260406,2026-04,Monday,False,16,0,16,13,0,59714.59,2985.74,62700.33,5864.95,53849.64,81.25,81.25,0.00,4593.43,4593.43,3732.16
2,BLR-KOR,2026-01-16,20260116,2026-01,Friday,False,14,0,14,10,0,45657.33,3285.30,48942.63,3407.76,42249.57,71.43,71.43,0.00,4565.73,4565.73,3261.24
2,BLR-KOR,2025-07-02,20250702,2025-07,Wednesday,False,14,0,14,9,0,46873.21,6569.15,53442.36,1748.86,45124.35,64.29,64.29,0.00,5208.13,5208.13,3348.09
2,BLR-KOR,2025-07-29,20250729,2025-07,Tuesday,False,14,0,14,6,0,26204.39,3144.53,29348.92,1654.72,24549.67,42.86,42.86,0.00,4367.40,4367.40,1871.74
2,BLR-KOR,2025-04-29,20250429,2025-04,Tuesday,False,14,0,14,11,0,55346.44,6641.58,61988.02,5754.83,49591.61,78.57,78.57,0.00,5031.49,5031.49,3953.32
2,BLR-KOR,2025-02-19,20250219,2025-02,Wednesday,False,13,1,14,9,1,40705.73,5378.57,46084.30,3929.08,36776.65,69.23,64.29,4.95,4522.86,4893.74,3131.21
2,BLR-KOR,2025-12-28,20251228,2025-12,Sunday,True,13,1,14,8,0,36221.65,1811.09,38032.74,3397.69,32823.96,61.54,57.14,4.40,4527.71,4527.71,2786.28
1,BLR-BTM,2025-10-21,20251021,2025-10,Tuesday,False,16,0,16,15,0,59861.45,2993.05,62854.50,3903.95,55957.50,93.75,93.75,0.00,3990.76,3990.76,3741.34
1,BLR-BTM,2026-01-11,20260111,2026-01,Sunday,True,15,1,16,15,1,62508.53,3125.43,65633.96,6004.91,56503.62,100.00,93.75,6.25,4167.24,4378.08,4167.24
1,BLR-BTM,2025-08-06,20250806,2025-08,Wednesday,False,14,2,16,10,1,43618.03,5234.18,48852.21,1526.22,42091.81,71.43,62.50,8.93,4361.80,4735.46,3115.57
2,BLR-KOR,2026-07-08,20260708,2026-07,Wednesday,False,14,0,14,14,0,67925.97,3396.32,71322.29,5450.52,62475.45,100.00,100.00,0.00,4851.86,4851.86,4851.86
2,BLR-KOR,2025-09-02,20250902,2025-09,Tuesday,False,13,1,14,8,0,36759.44,4411.14,41170.58,1597.59,35161.85,61.54,57.14,4.40,4594.93,4594.93,2827.65
2,BLR-KOR,2026-05-13,20260513,2026-05,Wednesday,False,14,0,14,12,1,51190.82,2559.55,53750.37,5468.60,45722.22,85.71,85.71,0.00,4265.90,4456.11,3656.49
2,BLR-KOR,2026-04-07,20260407,2026-04,Tuesday,False,13,1,14,11,0,49954.13,2497.71,52451.84,4789.97,45164.16,84.62,78.57,6.04,4541.28,4541.28,3842.63
1,BLR-BTM,2025-11-13,20251113,2025-11,Thursday,False,14,2,16,13,0,61224.02,3061.20,64285.22,3576.72,57647.30,92.86,81.25,11.61,4709.54,4709.54,4373.14
1,BLR-BTM,2025-06-26,20250626,2025-06,Thursday,False,15,1,16,13,0,57745.81,6929.50,64675.31,5275.30,52470.51,86.67,81.25,5.42,4441.99,4441.99,3849.72
1,BLR-BTM,2025-05-05,20250505,2025-05,Monday,False,16,0,16,5,0,22818.99,2738.28,25557.27,1961.73,20857.26,31.25,31.25,0.00,4563.80,4563.80,1426.19
1,BLR-BTM,2025-04-24,20250424,2025-04,Thursday,False,16,0,16,13,2,51353.90,6162.46,57516.36,6266.18,45087.72,81.25,81.25,0.00,3950.30,4473.32,3209.62
2,BLR-KOR,2025-10-13,20251013,2025-10,Monday,False,14,0,14,6,0,24486.84,1224.34,25711.18,2291.41,22195.43,42.86,42.86,0.00,4081.14,4081.14,1749.06
2,BLR-KOR,2026-08-04,20260804,2026-08,Tuesday,False,14,0,14,13,0,65493.41,4282.24,69775.65,4625.63,60867.78,92.86,92.86,0.00,5037.95,5037.95,4678.10
1,BLR-BTM,2025-07-18,20250718,2025-07,Friday,False,16,0,16,13,0,55418.93,6650.27,62069.20,4274.18,51144.75,81.25,81.25,0.00,4262.99,4262.99,3463.68
2,BLR-KOR,2025-03-25,20250325,2025-03,Tuesday,False,13,1,14,10,2,44433.04,5331.96,49765.00,1161.33,43271.71,76.92,71.43,5.49,4443.30,5154.74,3417.93
2,BLR-KOR,2025-08-27,20250827,2025-08,Wednesday,False,14,0,14,12,0,56966.61,7306.91,64273.52,7005.03,49961.58,85.71,85.71,0.00,4747.22,4747.22,4069.04
3,BLR-HSR,2026-03-16,20260316,2026-03,Monday,False,8,2,10,4,0,13539.67,676.99,14216.66,475.55,13064.12,50.00,40.00,10.00,3384.92,3384.92,1692.46
2,BLR-KOR,2025-04-10,20250410,2025-04,Thursday,False,14,0,14,12,0,57449.95,6893.99,64343.94,4555.41,52894.54,85.71,85.71,0.00,4787.50,4787.50,4103.57
1,BLR-BTM,2026-01-15,20260115,2026-01,Thursday,False,16,0,16,16,0,68809.58,3440.46,72250.04,4196.28,64613.30,100.00,100.00,0.00,4300.60,4300.60,4300.60
1,BLR-BTM,2026-03-04,20260304,2026-03,Wednesday,False,15,1,16,13,1,52641.53,2632.09,55273.62,5485.16,47156.37,86.67,81.25,5.42,4049.35,4303.57,3509.44
2,BLR-KOR,2026-07-14,20260714,2026-07,Tuesday,False,14,0,14,14,1,65906.04,3295.31,69201.35,5194.73,60711.31,100.00,100.00,0.00,4707.57,4918.92,4707.57
1,BLR-BTM,2026-07-30,20260730,2026-07,Thursday,False,15,1,16,7,0,30891.07,1544.55,32435.62,2536.73,28354.34,46.67,43.75,2.92,4413.01,4413.01,2059.40
2,BLR-KOR,2025-11-11,20251111,2025-11,Tuesday,False,13,1,14,13,1,55887.55,2794.37,58681.92,3391.88,52495.67,100.00,92.86,7.14,4299.04,4488.93,4299.04
2,BLR-KOR,2025-07-04,20250704,2025-07,Friday,False,14,0,14,2,0,11343.55,1361.22,12704.77,0.00,11343.55,14.29,14.29,0.00,5671.78,5671.78,810.25
2,BLR-KOR,2025-10-26,20251026,2025-10,Sunday,True,13,1,14,10,0,44468.50,2223.43,46691.93,3672.58,40795.92,76.92,71.43,5.49,4446.85,4446.85,3420.65
3,BLR-HSR,2026-07-03,20260703,2026-07,Friday,False,10,0,10,3,0,13364.57,668.23,14032.80,831.26,12533.31,30.00,30.00,0.00,4454.86,4454.86,1336.46
2,BLR-KOR,2025-12-18,20251218,2025-12,Thursday,False,14,0,14,10,1,44454.85,2222.76,46677.61,4176.27,40278.58,71.43,71.43,0.00,4445.49,4712.91,3175.35
2,BLR-KOR,2026-04-14,20260414,2026-04,Tuesday,False,12,2,14,11,0,52113.30,3664.04,55777.34,3992.26,48121.04,91.67,78.57,13.10,4737.57,4737.57,4342.78
1,BLR-BTM,2025-08-19,20250819,2025-08,Tuesday,False,16,0,16,15,0,68327.14,8199.26,76526.40,3779.37,64547.77,93.75,93.75,0.00,4555.14,4555.14,4270.45
2,BLR-KOR,2026-07-25,20260725,2026-07,Saturday,True,14,0,14,13,0,60347.37,3017.37,63364.74,6366.62,53980.75,92.86,92.86,0.00,4642.11,4642.11,4310.53
2,BLR-KOR,2025-11-29,20251129,2025-11,Saturday,True,14,0,14,8,0,35918.55,1795.95,37714.50,1947.15,33971.40,57.14,57.14,0.00,4489.82,4489.82,2565.61
1,BLR-BTM,2025-04-18,20250418,2025-04,Friday,False,16,0,16,7,0,32350.12,3882.02,36232.14,2951.52,29398.60,43.75,43.75,0.00,4621.45,4621.45,2021.88
2,BLR-KOR,2025-05-14,20250514,2025-05,Wednesday,False,13,1,14,13,0,62036.21,7904.25,69940.46,4283.49,57752.72,100.00,92.86,7.14,4772.02,4772.02,4772.02
2,BLR-KOR,2026-02-19,20260219,2026-02,Thursday,False,14,0,14,13,0,63843.59,3192.17,67035.76,3201.45,60642.14,92.86,92.86,0.00,4911.05,4911.05,4560.26
1,BLR-BTM,2025-12-03,20251203,2025-12,Wednesday,False,15,1,16,14,0,63416.74,3170.85,66587.59,5119.78,58296.96,93.33,87.50,5.83,4529.77,4529.77,4227.78
3,BLR-HSR,2026-07-13,20260713,2026-07,Monday,False,10,0,10,7,0,26987.83,1349.40,28337.23,1139.32,25848.51,70.00,70.00,0.00,3855.40,3855.40,2698.78
3,BLR-HSR,2026-03-10,20260310,2026-03,Tuesday,False,10,0,10,5,0,17579.67,878.99,18458.66,1845.61,15734.06,50.00,50.00,0.00,3515.93,3515.93,1757.97
3,BLR-HSR,2026-06-05,20260605,2026-06,Friday,False,10,0,10,10,0,36284.55,1814.24,38098.79,2192.33,34092.22,100.00,100.00,0.00,3628.46,3628.46,3628.46
1,BLR-BTM,2025-03-02,20250302,2025-03,Sunday,True,16,0,16,9,1,34907.00,4188.84,39095.84,1510.60,33396.40,56.25,56.25,0.00,3878.56,4222.38,2181.69
2,BLR-KOR,2025-09-21,20250921,2025-09,Sunday,True,14,0,14,13,0,59666.60,7159.99,66826.59,5709.16,53957.44,92.86,92.86,0.00,4589.74,4589.74,4261.90
1,BLR-BTM,2026-08-05,20260805,2026-08,Wednesday,False,16,0,16,15,0,70761.61,3538.07,74299.68,5438.18,65323.43,93.75,93.75,0.00,4717.44,4717.44,4422.60
3,BLR-HSR,2026-04-09,20260409,2026-04,Thursday,False,9,1,10,4,0,15023.22,751.16,15774.38,602.68,14420.54,44.44,40.00,4.44,3755.81,3755.81,1669.25
2,BLR-KOR,2025-03-23,20250323,2025-03,Sunday,True,14,0,14,7,0,34117.10,4094.04,38211.14,2087.38,32029.72,50.00,50.00,0.00,4873.87,4873.87,2436.94
2,BLR-KOR,2026-05-06,20260506,2026-05,Wednesday,False,14,0,14,14,1,64515.13,3225.75,67740.88,3358.46,61156.67,100.00,100.00,0.00,4608.22,4853.36,4608.22
3,BLR-HSR,2026-07-27,20260727,2026-07,Monday,False,10,0,10,4,0,13809.94,690.51,14500.45,0.00,13809.94,40.00,40.00,0.00,3452.49,3452.49,1380.99
2,BLR-KOR,2026-03-13,20260313,2026-03,Friday,False,14,0,14,10,0,48488.71,3426.62,51915.33,2159.34,46329.37,71.43,71.43,0.00,4848.87,4848.87,3463.48
1,BLR-BTM,2026-04-02,20260402,2026-04,Thursday,False,16,0,16,11,0,48244.23,2412.22,50656.45,4489.43,43754.80,68.75,68.75,0.00,4385.84,4385.84,3015.26
2,BLR-KOR,2026-05-16,20260516,2026-05,Saturday,True,14,0,14,7,0,33020.88,1651.04,34671.92,2965.56,30055.32,50.00,50.00,0.00,4717.27,4717.27,2358.63
2,BLR-KOR,2025-04-15,20250415,2025-04,Tuesday,False,14,0,14,13,0,62269.36,7472.32,69741.68,3354.24,58915.12,92.86,92.86,0.00,4789.95,4789.95,4447.81
2,BLR-KOR,2026-03-12,20260312,2026-03,Thursday,False,14,0,14,13,1,60456.59,4025.01,64481.60,1636.01,58820.58,92.86,92.86,0.00,4650.51,4956.81,4318.33
2,BLR-KOR,2025-11-09,20251109,2025-11,Sunday,True,14,0,14,12,1,53186.00,2659.30,55845.30,5170.25,48015.75,85.71,85.71,0.00,4432.17,4714.21,3799.00
2,BLR-KOR,2025-12-22,20251222,2025-12,Monday,False,13,1,14,10,2,40344.46,2017.22,42361.68,3339.86,37004.60,76.92,71.43,5.49,4034.45,4734.22,3103.42
2,BLR-KOR,2026-04-13,20260413,2026-04,Monday,False,14,0,14,13,0,59704.52,4043.60,63748.12,3359.75,56344.77,92.86,92.86,0.00,4592.66,4592.66,4264.61
3,BLR-HSR,2026-07-17,20260717,2026-07,Friday,False,9,1,10,9,0,33925.48,1696.27,35621.75,2280.29,31645.19,100.00,90.00,10.00,3769.50,3769.50,3769.50
1,BLR-BTM,2025-05-11,20250511,2025-05,Sunday,True,15,1,16,9,0,37581.58,4509.79,42091.37,2977.59,34603.99,60.00,56.25,3.75,4175.73,4175.73,2505.44
3,BLR-HSR,2026-04-15,20260415,2026-04,Wednesday,False,10,0,10,4,1,11848.93,592.44,12441.37,101.23,11747.70,40.00,40.00,0.00,2962.23,3668.44,1184.89
1,BLR-BTM,2025-06-12,20250612,2025-06,Thursday,False,16,0,16,14,0,62253.41,7470.42,69723.83,5559.65,56693.76,87.50,87.50,0.00,4446.67,4446.67,3890.84
2,BLR-KOR,2025-05-15,20250515,2025-05,Thursday,False,14,0,14,13,0,60072.15,7668.58,67740.73,3696.61,56375.54,92.86,92.86,0.00,4620.93,4620.93,4290.87
2,BLR-KOR,2026-03-23,20260323,2026-03,Monday,False,14,0,14,10,0,46049.77,2302.49,48352.26,3814.15,42235.62,71.43,71.43,0.00,4604.98,4604.98,3289.27
3,BLR-HSR,2026-08-04,20260804,2026-08,Tuesday,False,9,1,10,4,0,14405.75,720.29,15126.04,645.29,13760.46,44.44,40.00,4.44,3601.44,3601.44,1600.64
2,BLR-KOR,2025-09-22,20250922,2025-09,Monday,False,13,1,14,13,1,54976.52,2748.83,57725.35,4200.66,50775.86,100.00,92.86,7.14,4228.96,4457.70,4228.96
3,BLR-HSR,2026-07-16,20260716,2026-07,Thursday,False,9,1,10,9,0,35676.35,1783.82,37460.17,1462.16,34214.19,100.00,90.00,10.00,3964.04,3964.04,3964.04
2,BLR-KOR,2025-07-06,20250706,2025-07,Sunday,True,13,1,14,7,0,35392.35,4247.09,39639.44,2674.39,32717.96,53.85,50.00,3.85,5056.05,5056.05,2722.49
2,BLR-KOR,2026-05-12,20260512,2026-05,Tuesday,False,14,0,14,7,1,28490.10,1424.51,29914.61,2819.32,25670.78,50.00,50.00,0.00,4070.01,4560.70,2035.01
1,BLR-BTM,2025-12-07,20251207,2025-12,Sunday,True,16,0,16,15,2,58265.59,2913.29,61178.88,4113.93,54151.66,93.75,93.75,0.00,3884.37,4325.50,3641.60
2,BLR-KOR,2026-04-23,20260423,2026-04,Thursday,False,13,1,14,11,1,51868.04,3651.77,55519.81,3251.26,48616.78,84.62,78.57,6.04,4715.28,5034.60,3989.85
2,BLR-KOR,2025-10-17,20251017,2025-10,Friday,False,14,0,14,11,0,56034.72,3813.00,59847.72,5130.61,50904.11,78.57,78.57,0.00,5094.07,5094.07,4002.48
1,BLR-BTM,2025-11-08,20251108,2025-11,Saturday,True,15,1,16,12,1,46208.33,2310.40,48518.73,4682.95,41525.38,80.00,75.00,5.00,3850.69,4091.39,3080.56
1,BLR-BTM,2025-09-27,20250927,2025-09,Saturday,True,14,2,16,7,0,36028.90,1801.44,37830.34,3572.29,32456.61,50.00,43.75,6.25,5146.99,5146.99,2573.49
2,BLR-KOR,2026-02-03,20260203,2026-02,Tuesday,False,14,0,14,12,1,53096.16,2654.81,55750.97,4924.30,48171.86,85.71,85.71,0.00,4424.68,4720.77,3792.58
1,BLR-BTM,2026-06-07,20260607,2026-06,Sunday,True,16,0,16,12,0,54454.73,2722.74,57177.47,1925.99,52528.74,75.00,75.00,0.00,4537.89,4537.89,3403.42
2,BLR-KOR,2025-06-05,20250605,2025-06,Thursday,False,14,0,14,12,0,55062.83,6607.53,61670.36,3820.92,51241.91,85.71,85.71,0.00,4588.57,4588.57,3933.06
2,BLR-KOR,2025-03-08,20250308,2025-03,Saturday,True,14,0,14,6,0,23008.42,2761.01,25769.43,1759.61,21248.81,42.86,42.86,0.00,3834.74,3834.74,1643.46
1,BLR-BTM,2026-01-17,20260117,2026-01,Saturday,True,16,0,16,10,0,43056.97,2152.85,45209.82,2914.73,40142.24,62.50,62.50,0.00,4305.70,4305.70,2691.06
3,BLR-HSR,2026-04-27,20260427,2026-04,Monday,False,10,0,10,7,0,25325.75,1266.29,26592.04,1929.49,23396.26,70.00,70.00,0.00,3617.96,3617.96,2532.58
2,BLR-KOR,2025-10-15,20251015,2025-10,Wednesday,False,14,0,14,14,1,64856.80,4337.08,69193.88,3958.05,60898.75,100.00,100.00,0.00,4632.63,4903.78,4632.63
2,BLR-KOR,2025-07-15,20250715,2025-07,Tuesday,False,13,1,14,12,0,60671.96,7280.63,67952.59,3772.51,56899.45,92.31,85.71,6.59,5056.00,5056.00,4667.07
2,BLR-KOR,2025-03-04,20250304,2025-03,Tuesday,False,13,1,14,9,0,40705.74,5335.87,46041.61,3164.20,37541.54,69.23,64.29,4.95,4522.86,4522.86,3131.21
2,BLR-KOR,2025-05-11,20250511,2025-05,Sunday,True,13,1,14,10,0,48474.56,6276.86,54751.42,3874.14,44600.42,76.92,71.43,5.49,4847.46,4847.46,3728.81
2,BLR-KOR,2025-02-22,20250222,2025-02,Saturday,True,14,0,14,10,1,41092.38,4931.08,46023.46,3132.95,37959.43,71.43,71.43,0.00,4109.24,4467.29,2935.17
2,BLR-KOR,2025-12-11,20251211,2025-12,Thursday,False,14,0,14,13,0,59498.16,2974.90,62473.06,4319.46,55178.70,92.86,92.86,0.00,4576.78,4576.78,4249.87
2,BLR-KOR,2025-04-17,20250417,2025-04,Thursday,False,13,1,14,13,0,59262.21,7111.45,66373.66,4174.95,55087.26,100.00,92.86,7.14,4558.63,4558.63,4558.63
1,BLR-BTM,2025-09-13,20250913,2025-09,Saturday,True,15,1,16,10,0,43399.92,5207.99,48607.91,2161.20,41238.72,66.67,62.50,4.17,4339.99,4339.99,2893.33
1,BLR-BTM,2026-08-07,20260807,2026-08,Friday,False,16,0,16,14,1,61596.96,3079.85,64676.81,5565.43,56031.53,87.50,87.50,0.00,4399.78,4650.83,3849.81
1,BLR-BTM,2025-05-24,20250524,2025-05,Saturday,True,14,2,16,7,1,26697.43,3203.70,29901.13,2949.61,23747.82,50.00,43.75,6.25,3813.92,4307.43,1906.96
2,BLR-KOR,2026-02-18,20260218,2026-02,Wednesday,False,14,0,14,12,1,55794.29,2789.71,58584.00,3555.50,52238.79,85.71,85.71,0.00,4649.52,4870.48,3985.31
2,BLR-KOR,2026-02-05,20260205,2026-02,Thursday,False,14,0,14,14,1,65281.44,3264.08,68545.52,6223.44,59058.00,100.00,100.00,0.00,4662.96,4905.73,4662.96
2,BLR-KOR,2026-05-31,20260531,2026-05,Sunday,True,14,0,14,14,0,63695.04,4205.82,67900.86,2611.22,61083.82,100.00,100.00,0.00,4549.65,4549.65,4549.65
3,BLR-HSR,2026-04-08,20260408,2026-04,Wednesday,False,10,0,10,4,0,14979.91,748.99,15728.90,602.68,14377.23,40.00,40.00,0.00,3744.98,3744.98,1497.99
3,BLR-HSR,2026-04-05,20260405,2026-04,Sunday,True,9,1,10,2,0,8017.21,400.86,8418.07,1471.78,6545.43,22.22,20.00,2.22,4008.61,4008.61,890.80
2,BLR-KOR,2025-08-15,20250815,2025-08,Friday,False,12,2,14,12,0,59435.03,7594.81,67029.84,4433.00,55002.03,100.00,85.71,14.29,4952.92,4952.92,4952.92
2,BLR-KOR,2025-04-13,20250413,2025-04,Sunday,True,13,1,14,9,0,44971.08,5396.54,50367.62,4173.16,40797.92,69.23,64.29,4.95,4996.79,4996.79,3459.31
2,BLR-KOR,2026-04-06,20260406,2026-04,Monday,False,14,0,14,14,0,66522.15,3326.12,69848.27,7995.80,58526.35,100.00,100.00,0.00,4751.58,4751.58,4751.58
2,BLR-KOR,2026-05-08,20260508,2026-05,Friday,False,14,0,14,13,1,56853.35,2842.66,59696.01,3113.79,53739.56,92.86,92.86,0.00,4373.33,4660.99,4060.95
1,BLR-BTM,2026-01-02,20260102,2026-01,Friday,False,16,0,16,13,0,54143.55,2707.18,56850.73,5969.39,48174.16,81.25,81.25,0.00,4164.89,4164.89,3383.97
2,BLR-KOR,2026-05-09,20260509,2026-05,Saturday,True,14,0,14,9,0,43352.99,2167.65,45520.64,4001.92,39351.07,64.29,64.29,0.00,4817.00,4817.00,3096.64
3,BLR-HSR,2026-06-10,20260610,2026-06,Wednesday,False,10,0,10,7,0,28393.59,1419.68,29813.27,2251.49,26142.10,70.00,70.00,0.00,4056.23,4056.23,2839.36
2,BLR-KOR,2026-07-11,20260711,2026-07,Saturday,True,14,0,14,14,0,69213.58,4484.31,73697.89,4003.21,65210.37,100.00,100.00,0.00,4943.83,4943.83,4943.83
1,BLR-BTM,2025-10-02,20251002,2025-10,Thursday,False,16,0,16,16,0,71196.41,3559.83,74756.24,5211.18,65985.23,100.00,100.00,0.00,4449.78,4449.78,4449.78
3,BLR-HSR,2026-04-21,20260421,2026-04,Tuesday,False,9,1,10,8,0,29368.41,1468.43,30836.84,3140.62,26227.79,88.89,80.00,8.89,3671.05,3671.05,3263.16
2,BLR-KOR,2025-03-22,20250322,2025-03,Saturday,True,14,0,14,10,0,46282.84,5553.93,51836.77,3611.94,42670.90,71.43,71.43,0.00,4628.28,4628.28,3305.92
2,BLR-KOR,2025-08-29,20250829,2025-08,Friday,False,14,0,14,9,0,45486.05,5458.32,50944.37,3789.55,41696.50,64.29,64.29,0.00,5054.01,5054.01,3249.00
1,BLR-BTM,2025-03-31,20250331,2025-03,Monday,False,16,0,16,13,0,52563.72,6307.65,58871.37,5505.83,47057.89,81.25,81.25,0.00,4043.36,4043.36,3285.23
3,BLR-HSR,2026-04-17,20260417,2026-04,Friday,False,9,1,10,5,0,17080.39,854.01,17934.40,930.78,16149.61,55.56,50.00,5.56,3416.08,3416.08,1897.82
1,BLR-BTM,2025-02-14,20250214,2025-02,Friday,False,15,1,16,11,0,47149.11,5657.90,52807.01,822.30,46326.81,73.33,68.75,4.58,4286.28,4286.28,3143.27
2,BLR-KOR,2025-08-26,20250826,2025-08,Tuesday,False,12,2,14,8,1,32795.25,3935.42,36730.67,4420.58,28374.67,66.67,57.14,9.52,4099.41,4538.42,2732.94
1,BLR-BTM,2025-09-07,20250907,2025-09,Sunday,True,16,0,16,11,0,46460.85,5575.30,52036.15,4340.41,42120.44,68.75,68.75,0.00,4223.71,4223.71,2903.80
3,BLR-HSR,2026-08-03,20260803,2026-08,Monday,False,10,0,10,5,0,17854.74,892.74,18747.48,645.29,17209.45,50.00,50.00,0.00,3570.95,3570.95,1785.47
2,BLR-KOR,2025-06-02,20250602,2025-06,Monday,False,14,0,14,9,1,38039.94,4564.78,42604.72,1898.82,36141.12,64.29,64.29,0.00,4226.66,4600.74,2717.14
1,BLR-BTM,2025-12-13,20251213,2025-12,Saturday,True,14,2,16,13,0,55125.43,2756.29,57881.72,4016.72,51108.71,92.86,81.25,11.61,4240.42,4240.42,3937.53
3,BLR-HSR,2026-03-05,20260305,2026-03,Thursday,False,10,0,10,2,0,6789.25,339.47,7128.72,579.66,6209.59,20.00,20.00,0.00,3394.63,3394.63,678.93
2,BLR-KOR,2025-10-22,20251022,2025-10,Wednesday,False,12,2,14,9,0,43122.04,2156.10,45278.14,3413.16,39708.88,75.00,64.29,10.71,4791.34,4791.34,3593.50
2,BLR-KOR,2025-03-01,20250301,2025-03,Saturday,True,14,0,14,5,0,24966.19,2995.93,27962.12,2015.20,22950.99,35.71,35.71,0.00,4993.24,4993.24,1783.30
1,BLR-BTM,2025-09-17,20250917,2025-09,Wednesday,False,16,0,16,15,0,67089.74,8050.76,75140.50,7826.92,59262.82,93.75,93.75,0.00,4472.65,4472.65,4193.11
1,BLR-BTM,2025-03-07,20250307,2025-03,Friday,False,16,0,16,15,0,66318.16,7958.20,74276.36,3378.28,62939.88,93.75,93.75,0.00,4421.21,4421.21,4144.89
3,BLR-HSR,2026-07-10,20260710,2026-07,Friday,False,10,0,10,6,0,22398.20,1119.91,23518.11,1237.15,21161.05,60.00,60.00,0.00,3733.03,3733.03,2239.82
2,BLR-KOR,2025-09-16,20250916,2025-09,Tuesday,False,14,0,14,13,1,60079.04,7209.50,67288.54,4825.09,55253.95,92.86,92.86,0.00,4621.46,4847.29,4291.36
1,BLR-BTM,2025-06-08,20250608,2025-06,Sunday,True,15,1,16,8,0,32398.73,3887.85,36286.58,1600.65,30798.08,53.33,50.00,3.33,4049.84,4049.84,2159.92
3,BLR-HSR,2026-03-02,20260302,2026-03,Monday,False,9,1,10,2,0,5897.61,294.88,6192.49,1029.34,4868.27,22.22,20.00,2.22,2948.81,2948.81,655.29
2,BLR-KOR,2025-06-01,20250601,2025-06,Sunday,True,14,0,14,7,0,31218.20,3746.18,34964.38,2026.14,29192.06,50.00,50.00,0.00,4459.74,4459.74,2229.87
1,BLR-BTM,2025-10-01,20251001,2025-10,Wednesday,False,15,1,16,14,1,58231.40,2911.57,61142.97,4708.12,53523.28,93.33,87.50,5.83,4159.39,4408.30,3882.09
2,BLR-KOR,2025-09-30,20250930,2025-09,Tuesday,False,14,0,14,9,0,49224.75,3562.32,52787.07,2261.21,46963.54,64.29,64.29,0.00,5469.42,5469.42,3516.05
2,BLR-KOR,2025-10-07,20251007,2025-10,Tuesday,False,14,0,14,9,0,40939.06,3073.22,44012.28,2350.02,38589.04,64.29,64.29,0.00,4548.78,4548.78,2924.22
2,BLR-KOR,2026-03-08,20260308,2026-03,Sunday,True,14,0,14,13,0,63222.97,3161.16,66384.13,2586.99,60635.98,92.86,92.86,0.00,4863.31,4863.31,4515.93
2,BLR-KOR,2025-10-05,20251005,2025-10,Sunday,True,14,0,14,11,0,50725.36,2536.28,53261.64,2754.04,47971.32,78.57,78.57,0.00,4611.40,4611.40,3623.24
2,BLR-KOR,2025-02-11,20250211,2025-02,Tuesday,False,14,0,14,11,0,51001.68,6571.08,57572.76,3047.94,47953.74,78.57,78.57,0.00,4636.52,4636.52,3642.98
1,BLR-BTM,2025-06-04,20250604,2025-06,Wednesday,False,16,0,16,8,0,31093.18,3731.20,34824.38,1433.78,29659.40,50.00,50.00,0.00,3886.65,3886.65,1943.32
1,BLR-BTM,2026-05-20,20260520,2026-05,Wednesday,False,16,0,16,13,0,60345.59,3017.28,63362.87,2792.15,57553.44,81.25,81.25,0.00,4641.97,4641.97,3771.60
2,BLR-KOR,2026-05-24,20260524,2026-05,Sunday,True,14,0,14,11,0,48106.29,2405.31,50511.60,1416.02,46690.27,78.57,78.57,0.00,4373.30,4373.30,3436.16
1,BLR-BTM,2026-02-13,20260213,2026-02,Friday,False,15,1,16,13,0,61355.28,3067.78,64423.06,4501.05,56854.23,86.67,81.25,5.42,4719.64,4719.64,4090.35
2,BLR-KOR,2025-08-10,20250810,2025-08,Sunday,True,13,1,14,8,0,36226.62,4347.18,40573.80,3914.68,32311.94,61.54,57.14,4.40,4528.33,4528.33,2786.66
1,BLR-BTM,2025-02-26,20250226,2025-02,Wednesday,False,15,1,16,12,0,57751.07,6930.13,64681.20,3544.74,54206.33,80.00,75.00,5.00,4812.59,4812.59,3850.07
2,BLR-KOR,2025-04-27,20250427,2025-04,Sunday,True,14,0,14,6,0,24824.27,2978.91,27803.18,3333.60,21490.67,42.86,42.86,0.00,4137.38,4137.38,1773.16
3,BLR-HSR,2026-05-05,20260505,2026-05,Tuesday,False,10,0,10,3,0,10133.12,506.66,10639.78,1043.67,9089.45,30.00,30.00,0.00,3377.71,3377.71,1013.31
2,BLR-KOR,2025-10-30,20251030,2025-10,Thursday,False,14,0,14,14,1,62525.19,4122.63,66647.82,5717.71,56807.48,100.00,100.00,0.00,4466.09,4652.42,4466.09
1,BLR-BTM,2025-08-27,20250827,2025-08,Wednesday,False,15,1,16,11,0,53139.59,6376.76,59516.35,2014.09,51125.50,73.33,68.75,4.58,4830.87,4830.87,3542.64
1,BLR-BTM,2025-11-15,20251115,2025-11,Saturday,True,16,0,16,14,0,60059.66,3002.98,63062.64,5071.01,54988.65,87.50,87.50,0.00,4289.98,4289.98,3753.73
2,BLR-KOR,2026-02-27,20260227,2026-02,Friday,False,14,0,14,13,0,65467.86,3273.40,68741.26,6854.03,58613.83,92.86,92.86,0.00,5035.99,5035.99,4676.28
2,BLR-KOR,2025-08-12,20250812,2025-08,Tuesday,False,14,0,14,12,0,58936.42,8031.66,66968.08,6128.32,52808.10,85.71,85.71,0.00,4911.37,4911.37,4209.74
1,BLR-BTM,2026-08-01,20260801,2026-08,Saturday,True,15,1,16,10,0,42061.74,2103.08,44164.82,2654.38,39407.36,66.67,62.50,4.17,4206.17,4206.17,2804.12
2,BLR-KOR,2026-06-26,20260626,2026-06,Friday,False,14,0,14,10,0,47254.17,3421.75,50675.92,2965.60,44288.57,71.43,71.43,0.00,4725.42,4725.42,3375.30
1,BLR-BTM,2025-04-02,20250402,2025-04,Wednesday,False,16,0,16,14,0,59091.73,7091.01,66182.74,6177.40,52914.33,87.50,87.50,0.00,4220.84,4220.84,3693.23
1,BLR-BTM,2025-09-25,20250925,2025-09,Thursday,False,15,1,16,10,1,40627.74,2031.39,42659.13,5093.71,35534.03,66.67,62.50,4.17,4062.77,4301.79,2708.52
2,BLR-KOR,2026-06-25,20260625,2026-06,Thursday,False,14,0,14,12,0,55854.06,3851.75,59705.81,2614.65,53239.41,85.71,85.71,0.00,4654.51,4654.51,3989.58
1,BLR-BTM,2026-02-23,20260223,2026-02,Monday,False,14,2,16,8,0,37318.43,1865.92,39184.35,663.73,36654.70,57.14,50.00,7.14,4664.80,4664.80,2665.60
2,BLR-KOR,2025-12-01,20251201,2025-12,Monday,False,13,1,14,12,1,56801.53,3831.71,60633.24,3959.16,52842.37,92.31,85.71,6.59,4733.46,5061.25,4369.35
1,BLR-BTM,2026-02-19,20260219,2026-02,Thursday,False,16,0,16,11,0,51480.03,2574.01,54054.04,4819.58,46660.45,68.75,68.75,0.00,4680.00,4680.00,3217.50
2,BLR-KOR,2025-11-14,20251114,2025-11,Friday,False,14,0,14,14,1,64672.05,4215.78,68887.83,4011.38,60660.67,100.00,100.00,0.00,4619.43,4889.46,4619.43
3,BLR-HSR,2026-06-14,20260614,2026-06,Sunday,True,10,0,10,5,0,20050.47,1002.52,21052.99,0.00,20050.47,50.00,50.00,0.00,4010.09,4010.09,2005.05
1,BLR-BTM,2025-03-03,20250303,2025-03,Monday,False,16,0,16,10,0,45493.43,5459.21,50952.64,2887.20,42606.23,62.50,62.50,0.00,4549.34,4549.34,2843.34
3,BLR-HSR,2026-07-07,20260707,2026-07,Tuesday,False,9,1,10,8,0,30034.90,1501.74,31536.64,4296.74,25738.16,88.89,80.00,8.89,3754.36,3754.36,3337.21
2,BLR-KOR,2025-12-30,20251230,2025-12,Tuesday,False,14,0,14,9,0,41346.21,2067.31,43413.52,4742.90,36603.31,64.29,64.29,0.00,4594.02,4594.02,2953.30
1,BLR-BTM,2025-10-30,20251030,2025-10,Thursday,False,16,0,16,14,0,59253.60,2962.67,62216.27,3396.87,55856.73,87.50,87.50,0.00,4232.40,4232.40,3703.35
1,BLR-BTM,2025-07-21,20250721,2025-07,Monday,False,14,2,16,9,1,34780.19,4173.63,38953.82,1830.19,32950.00,64.29,56.25,8.04,3864.47,4219.02,2484.30
1,BLR-BTM,2026-01-18,20260118,2026-01,Sunday,True,16,0,16,11,0,48690.06,2434.49,51124.55,3355.38,45334.68,68.75,68.75,0.00,4426.37,4426.37,3043.13
3,BLR-HSR,2026-03-06,20260306,2026-03,Friday,False,10,0,10,2,0,6516.06,325.81,6841.87,533.21,5982.85,20.00,20.00,0.00,3258.03,3258.03,651.61
1,BLR-BTM,2025-11-17,20251117,2025-11,Monday,False,15,1,16,6,1,21741.00,1087.05,22828.05,2161.37,19579.63,40.00,37.50,2.50,3623.50,4158.54,1449.40
2,BLR-KOR,2025-08-01,20250801,2025-08,Friday,False,13,1,14,13,0,63041.65,8020.41,71062.06,6257.66,56783.99,100.00,92.86,7.14,4849.36,4849.36,4849.36
1,BLR-BTM,2026-06-24,20260624,2026-06,Wednesday,False,16,0,16,10,1,40123.00,2006.15,42129.15,761.41,39361.59,62.50,62.50,0.00,4012.30,4326.54,2507.69
1,BLR-BTM,2026-06-02,20260602,2026-06,Tuesday,False,15,1,16,14,1,61913.39,3095.68,65009.07,3390.64,58522.75,93.33,87.50,5.83,4422.39,4682.18,4127.56
1,BLR-BTM,2025-07-12,20250712,2025-07,Saturday,True,16,0,16,15,0,63127.29,7575.28,70702.57,5651.79,57475.50,93.75,93.75,0.00,4208.49,4208.49,3945.46
1,BLR-BTM,2025-12-11,20251211,2025-12,Thursday,False,15,1,16,15,2,60877.08,3043.86,63920.94,4891.29,55985.79,100.00,93.75,6.25,4058.47,4533.29,4058.47
2,BLR-KOR,2026-07-23,20260723,2026-07,Thursday,False,14,0,14,13,1,61195.69,3059.79,64255.48,6578.82,54616.87,92.86,92.86,0.00,4707.36,5026.17,4371.12
1,BLR-BTM,2025-09-20,20250920,2025-09,Saturday,True,16,0,16,15,0,66067.70,7928.11,73995.81,6675.90,59391.80,93.75,93.75,0.00,4404.51,4404.51,4129.23
1,BLR-BTM,2025-10-29,20251029,2025-10,Wednesday,False,15,1,16,15,0,65764.11,3288.19,69052.30,4591.26,61172.85,100.00,93.75,6.25,4384.27,4384.27,4384.27
2,BLR-KOR,2025-06-16,20250616,2025-06,Monday,False,14,0,14,14,0,65891.76,7907.02,73798.78,4022.10,61869.66,100.00,100.00,0.00,4706.55,4706.55,4706.55
1,BLR-BTM,2025-10-18,20251018,2025-10,Saturday,True,16,0,16,7,0,31289.23,1564.46,32853.69,1951.64,29337.59,43.75,43.75,0.00,4469.89,4469.89,1955.58
3,BLR-HSR,2026-05-28,20260528,2026-05,Thursday,False,10,0,10,4,0,15004.21,750.21,15754.42,553.95,14450.26,40.00,40.00,0.00,3751.05,3751.05,1500.42
1,BLR-BTM,2025-08-24,20250824,2025-08,Sunday,True,16,0,16,12,0,51114.30,6133.71,57248.01,5212.66,45901.64,75.00,75.00,0.00,4259.53,4259.53,3194.64
1,BLR-BTM,2025-05-08,20250508,2025-05,Thursday,False,16,0,16,7,0,35805.19,4296.63,40101.82,2121.93,33683.26,43.75,43.75,0.00,5115.03,5115.03,2237.82
2,BLR-KOR,2026-04-17,20260417,2026-04,Friday,False,13,1,14,13,0,63976.51,4257.19,68233.70,3850.91,60125.60,100.00,92.86,7.14,4921.27,4921.27,4921.27
3,BLR-HSR,2026-04-07,20260407,2026-04,Tuesday,False,9,1,10,5,1,16174.42,808.71,16983.13,844.91,15329.51,55.56,50.00,5.56,3234.88,3837.61,1797.16
2,BLR-KOR,2025-05-02,20250502,2025-05,Friday,False,14,0,14,8,0,38226.38,4587.16,42813.54,2694.58,35531.80,57.14,57.14,0.00,4778.30,4778.30,2730.46
3,BLR-HSR,2026-03-11,20260311,2026-03,Wednesday,False,10,0,10,4,0,14443.11,722.16,15165.27,1312.40,13130.71,40.00,40.00,0.00,3610.78,3610.78,1444.31
2,BLR-KOR,2026-03-06,20260306,2026-03,Friday,False,14,0,14,12,0,61091.45,3054.58,64146.03,1590.07,59501.38,85.71,85.71,0.00,5090.95,5090.95,4363.68
2,BLR-KOR,2026-03-02,20260302,2026-03,Monday,False,13,1,14,13,0,62682.75,3134.14,65816.89,6155.91,56526.84,100.00,92.86,7.14,4821.75,4821.75,4821.75
2,BLR-KOR,2025-08-13,20250813,2025-08,Wednesday,False,13,1,14,12,0,56015.75,6721.88,62737.63,4934.90,51080.85,92.31,85.71,6.59,4667.98,4667.98,4308.90
3,BLR-HSR,2026-05-16,20260516,2026-05,Saturday,True,10,0,10,5,0,16865.81,843.29,17709.10,1916.10,14949.71,50.00,50.00,0.00,3373.16,3373.16,1686.58
1,BLR-BTM,2025-06-09,20250609,2025-06,Monday,False,16,0,16,8,0,32609.78,3913.18,36522.96,2310.57,30299.21,50.00,50.00,0.00,4076.22,4076.22,2038.11
3,BLR-HSR,2026-04-16,20260416,2026-04,Thursday,False,10,0,10,2,1,5909.15,295.45,6204.60,146.96,5762.19,20.00,20.00,0.00,2954.58,4684.47,590.92
1,BLR-BTM,2026-07-01,20260701,2026-07,Wednesday,False,16,0,16,16,0,73086.21,4683.53,77769.74,5318.69,67767.52,100.00,100.00,0.00,4567.89,4567.89,4567.89
1,BLR-BTM,2025-07-22,20250722,2025-07,Tuesday,False,16,0,16,12,0,53998.67,6479.85,60478.52,3782.96,50215.71,75.00,75.00,0.00,4499.89,4499.89,3374.92
2,BLR-KOR,2025-12-15,20251215,2025-12,Monday,False,13,1,14,8,1,33868.82,1693.44,35562.26,3533.08,30335.74,61.54,57.14,4.40,4233.60,4707.10,2605.29
2,BLR-KOR,2025-09-09,20250909,2025-09,Tuesday,False,14,0,14,8,0,41737.54,5008.52,46746.06,2921.49,38816.05,57.14,57.14,0.00,5217.19,5217.19,2981.25
1,BLR-BTM,2025-10-24,20251024,2025-10,Friday,False,16,0,16,14,0,57083.40,2854.17,59937.57,4096.85,52986.55,87.50,87.50,0.00,4077.39,4077.39,3567.71
2,BLR-KOR,2025-08-06,20250806,2025-08,Wednesday,False,13,1,14,13,2,58431.14,7011.72,65442.86,6433.78,51997.36,100.00,92.86,7.14,4494.70,5083.72,4494.70
3,BLR-HSR,2026-05-22,20260522,2026-05,Friday,False,9,1,10,7,0,26130.31,1306.51,27436.82,1199.05,24931.26,77.78,70.00,7.78,3732.90,3732.90,2903.37
1,BLR-BTM,2025-07-16,20250716,2025-07,Wednesday,False,16,0,16,15,0,65524.95,7863.00,73387.95,4971.45,60553.50,93.75,93.75,0.00,4368.33,4368.33,4095.31
1,BLR-BTM,2026-02-14,20260214,2026-02,Saturday,True,16,0,16,15,1,64364.15,3218.23,67582.38,4500.70,59863.45,93.75,93.75,0.00,4290.94,4516.60,4022.76
1,BLR-BTM,2025-07-03,20250703,2025-07,Thursday,False,16,0,16,9,0,36506.76,4380.81,40887.57,2858.43,33648.33,56.25,56.25,0.00,4056.31,4056.31,2281.67
1,BLR-BTM,2026-03-28,20260328,2026-03,Saturday,True,15,1,16,12,0,51843.51,2592.18,54435.69,3840.13,48003.38,80.00,75.00,5.00,4320.29,4320.29,3456.23
1,BLR-BTM,2025-02-25,20250225,2025-02,Tuesday,False,16,0,16,16,2,67403.32,8088.41,75491.73,3808.20,63595.12,100.00,100.00,0.00,4212.71,4651.23,4212.71
3,BLR-HSR,2026-03-20,20260320,2026-03,Friday,False,10,0,10,4,0,13248.70,662.44,13911.14,882.89,12365.81,40.00,40.00,0.00,3312.18,3312.18,1324.87
3,BLR-HSR,2026-05-14,20260514,2026-05,Thursday,False,10,0,10,4,0,15153.99,757.70,15911.69,1263.90,13890.09,40.00,40.00,0.00,3788.50,3788.50,1515.40
2,BLR-KOR,2026-01-31,20260131,2026-01,Saturday,True,14,0,14,12,0,56309.80,3856.41,60166.21,3972.56,52337.24,85.71,85.71,0.00,4692.48,4692.48,4022.13
2,BLR-KOR,2026-02-11,20260211,2026-02,Wednesday,False,14,0,14,14,1,64400.90,3220.04,67620.94,5805.92,58594.98,100.00,100.00,0.00,4600.06,4863.08,4600.06
2,BLR-KOR,2025-04-25,20250425,2025-04,Friday,False,13,1,14,9,0,42622.87,5114.75,47737.62,6789.87,35833.00,69.23,64.29,4.95,4735.87,4735.87,3278.68
2,BLR-KOR,2026-06-04,20260604,2026-06,Thursday,False,14,0,14,14,0,64984.54,4270.29,69254.83,729.75,64254.79,100.00,100.00,0.00,4641.75,4641.75,4641.75
2,BLR-KOR,2025-11-23,20251123,2025-11,Sunday,True,14,0,14,2,0,8016.14,400.81,8416.95,672.93,7343.21,14.29,14.29,0.00,4008.07,4008.07,572.58
2,BLR-KOR,2025-05-05,20250505,2025-05,Monday,False,14,0,14,10,1,38594.27,4631.32,43225.59,1316.32,37277.95,71.43,71.43,0.00,3859.43,4136.05,2756.73
1,BLR-BTM,2026-07-03,20260703,2026-07,Friday,False,16,0,16,15,0,69247.40,4491.59,73738.99,5843.83,63403.57,93.75,93.75,0.00,4616.49,4616.49,4327.96
1,BLR-BTM,2026-07-26,20260726,2026-07,Sunday,True,16,0,16,9,0,37920.06,1896.00,39816.06,3996.40,33923.66,56.25,56.25,0.00,4213.34,4213.34,2370.00
1,BLR-BTM,2026-05-22,20260522,2026-05,Friday,False,16,0,16,9,0,42667.87,2133.40,44801.27,1091.38,41576.49,56.25,56.25,0.00,4740.87,4740.87,2666.74
1,BLR-BTM,2025-10-03,20251003,2025-10,Friday,False,16,0,16,13,0,58603.87,2930.19,61534.06,3971.77,54632.10,81.25,81.25,0.00,4507.99,4507.99,3662.74
2,BLR-KOR,2025-04-03,20250403,2025-04,Thursday,False,13,1,14,10,0,44663.39,5359.61,50023.00,2566.12,42097.27,76.92,71.43,5.49,4466.34,4466.34,3435.65
1,BLR-BTM,2025-06-27,20250627,2025-06,Friday,False,16,0,16,15,1,62613.40,7513.61,70127.01,5742.07,56871.33,93.75,93.75,0.00,4174.23,4391.72,3913.34
3,BLR-HSR,2026-04-06,20260406,2026-04,Monday,False,10,0,10,3,0,11857.08,592.85,12449.93,1495.49,10361.59,30.00,30.00,0.00,3952.36,3952.36,1185.71
1,BLR-BTM,2025-12-24,20251224,2025-12,Wednesday,False,16,0,16,7,0,26169.61,1308.48,27478.09,2360.56,23809.05,43.75,43.75,0.00,3738.52,3738.52,1635.60
2,BLR-KOR,2026-07-09,20260709,2026-07,Thursday,False,14,0,14,14,1,62535.38,3126.78,65662.16,3228.08,59307.30,100.00,100.00,0.00,4466.81,4662.66,4466.81
2,BLR-KOR,2025-03-02,20250302,2025-03,Sunday,True,14,0,14,8,0,37998.41,5010.99,43009.40,2189.77,35808.64,57.14,57.14,0.00,4749.80,4749.80,2714.17
1,BLR-BTM,2025-12-09,20251209,2025-12,Tuesday,False,16,0,16,15,0,65857.95,3292.91,69150.86,6201.21,59656.74,93.75,93.75,0.00,4390.53,4390.53,4116.12
1,BLR-BTM,2025-11-14,20251114,2025-11,Friday,False,16,0,16,15,0,69696.90,3484.84,73181.74,5363.27,64333.63,93.75,93.75,0.00,4646.46,4646.46,4356.06
2,BLR-KOR,2026-04-04,20260404,2026-04,Saturday,True,13,1,14,11,0,53794.01,3689.85,57483.86,5122.29,48671.72,84.62,78.57,6.04,4890.36,4890.36,4138.00
2,BLR-KOR,2025-03-19,20250319,2025-03,Wednesday,False,14,0,14,10,0,51029.65,6123.55,57153.20,2532.31,48497.34,71.43,71.43,0.00,5102.97,5102.97,3644.98
3,BLR-HSR,2026-03-07,20260307,2026-03,Saturday,True,9,1,10,3,0,10650.77,532.55,11183.32,533.21,10117.56,33.33,30.00,3.33,3550.26,3550.26,1183.42
2,BLR-KOR,2025-08-17,20250817,2025-08,Sunday,True,14,0,14,8,0,40012.51,4801.51,44814.02,2972.26,37040.25,57.14,57.14,0.00,5001.56,5001.56,2858.04
1,BLR-BTM,2026-01-03,20260103,2026-01,Saturday,True,15,1,16,14,0,58221.18,2911.06,61132.24,6632.65,51588.53,93.33,87.50,5.83,4158.66,4158.66,3881.41
1,BLR-BTM,2026-07-18,20260718,2026-07,Saturday,True,16,0,16,16,0,69973.55,3498.68,73472.23,4575.56,65397.99,100.00,100.00,0.00,4373.35,4373.35,4373.35
1,BLR-BTM,2025-05-15,20250515,2025-05,Thursday,False,16,0,16,16,0,70239.87,8428.78,78668.65,6029.98,64209.89,100.00,100.00,0.00,4389.99,4389.99,4389.99
1,BLR-BTM,2026-07-25,20260725,2026-07,Saturday,True,16,0,16,10,0,42287.06,2114.34,44401.40,3698.73,38588.33,62.50,62.50,0.00,4228.71,4228.71,2642.94
1,BLR-BTM,2025-07-28,20250728,2025-07,Monday,False,16,0,16,13,1,51822.18,6218.66,58040.84,1507.80,50314.38,81.25,81.25,0.00,3986.32,4220.34,3238.89
1,BLR-BTM,2025-11-10,20251110,2025-11,Monday,False,16,0,16,14,0,60834.81,3041.72,63876.53,4005.26,56829.55,87.50,87.50,0.00,4345.34,4345.34,3802.18
2,BLR-KOR,2026-05-07,20260507,2026-05,Thursday,False,14,0,14,14,0,66412.64,3320.63,69733.27,5684.97,60727.67,100.00,100.00,0.00,4743.76,4743.76,4743.76
1,BLR-BTM,2025-12-26,20251226,2025-12,Friday,False,15,1,16,7,0,28294.52,1414.72,29709.24,3020.74,25273.78,46.67,43.75,2.92,4042.07,4042.07,1886.30
2,BLR-KOR,2025-02-24,20250224,2025-02,Monday,False,13,1,14,12,1,54624.49,6554.95,61179.44,3957.61,50666.88,92.31,85.71,6.59,4552.04,4871.91,4201.88
1,BLR-BTM,2026-01-29,20260129,2026-01,Thursday,False,16,0,16,13,0,58174.79,2908.76,61083.55,4317.35,53857.44,81.25,81.25,0.00,4474.98,4474.98,3635.92
1,BLR-BTM,2025-11-11,20251111,2025-11,Tuesday,False,15,1,16,15,0,67670.74,3383.53,71054.27,4229.88,63440.86,100.00,93.75,6.25,4511.38,4511.38,4511.38
2,BLR-KOR,2026-06-23,20260623,2026-06,Tuesday,False,14,0,14,14,1,66905.17,5395.55,72300.72,5822.03,61083.14,100.00,100.00,0.00,4778.94,5055.50,4778.94
2,BLR-KOR,2025-05-06,20250506,2025-05,Tuesday,False,14,0,14,7,0,30678.13,3681.38,34359.51,1483.72,29194.41,50.00,50.00,0.00,4382.59,4382.59,2191.30
2,BLR-KOR,2026-03-16,20260316,2026-03,Monday,False,13,1,14,12,0,56743.01,3821.57,60564.58,3599.46,53143.55,92.31,85.71,6.59,4728.58,4728.58,4364.85
2,BLR-KOR,2026-01-06,20260106,2026-01,Tuesday,False,14,0,14,14,0,66629.88,4363.23,70993.11,8029.46,58600.42,100.00,100.00,0.00,4759.28,4759.28,4759.28
1,BLR-BTM,2025-11-16,20251116,2025-11,Sunday,True,16,0,16,15,0,66866.78,3343.35,70210.13,6339.96,60526.82,93.75,93.75,0.00,4457.79,4457.79,4179.17
1,BLR-BTM,2025-02-24,20250224,2025-02,Monday,False,16,0,16,9,0,35933.75,4312.06,40245.81,563.79,35369.96,56.25,56.25,0.00,3992.64,3992.64,2245.86
2,BLR-KOR,2025-06-13,20250613,2025-06,Friday,False,14,0,14,11,0,50393.80,6047.26,56441.06,2527.45,47866.35,78.57,78.57,0.00,4581.25,4581.25,3599.56
1,BLR-BTM,2025-11-20,20251120,2025-11,Thursday,False,16,0,16,15,2,60630.19,3031.52,63661.71,5449.58,55180.61,93.75,93.75,0.00,4042.01,4475.14,3789.39
1,BLR-BTM,2025-12-04,20251204,2025-12,Thursday,False,15,1,16,13,1,54684.69,2734.25,57418.94,3905.29,50779.40,86.67,81.25,5.42,4206.51,4463.11,3645.65
1,BLR-BTM,2025-09-06,20250906,2025-09,Saturday,True,14,2,16,12,0,50669.90,6080.38,56750.28,4905.35,45764.55,85.71,75.00,10.71,4222.49,4222.49,3619.28
2,BLR-KOR,2026-05-03,20260503,2026-05,Sunday,True,13,1,14,13,0,61682.17,3084.12,64766.29,4690.78,56991.39,100.00,92.86,7.14,4744.78,4744.78,4744.78
1,BLR-BTM,2025-11-30,20251130,2025-11,Sunday,True,16,0,16,15,0,64977.44,3248.89,68226.33,5888.82,59088.62,93.75,93.75,0.00,4331.83,4331.83,4061.09
3,BLR-HSR,2026-05-30,20260530,2026-05,Saturday,True,10,0,10,6,0,22512.80,1125.64,23638.44,1100.15,21412.65,60.00,60.00,0.00,3752.13,3752.13,2251.28
1,BLR-BTM,2026-07-20,20260720,2026-07,Monday,False,16,0,16,16,0,70604.52,3530.24,74134.76,5772.59,64831.93,100.00,100.00,0.00,4412.78,4412.78,4412.78
1,BLR-BTM,2026-04-22,20260422,2026-04,Wednesday,False,16,0,16,16,0,67958.23,3397.91,71356.14,2604.36,65353.87,100.00,100.00,0.00,4247.39,4247.39,4247.39
1,BLR-BTM,2026-06-20,20260620,2026-06,Saturday,True,16,0,16,11,0,50175.97,2508.80,52684.77,1767.36,48408.61,68.75,68.75,0.00,4561.45,4561.45,3136.00
1,BLR-BTM,2025-09-24,20250924,2025-09,Wednesday,False,16,0,16,12,0,54581.52,2729.07,57310.59,7559.63,47021.89,75.00,75.00,0.00,4548.46,4548.46,3411.35
1,BLR-BTM,2025-12-05,20251205,2025-12,Friday,False,16,0,16,12,0,51384.50,2569.23,53953.73,3159.21,48225.29,75.00,75.00,0.00,4282.04,4282.04,3211.53
1,BLR-BTM,2026-06-09,20260609,2026-06,Tuesday,False,16,0,16,16,0,70270.76,3513.53,73784.29,3196.84,67073.92,100.00,100.00,0.00,4391.92,4391.92,4391.92
2,BLR-KOR,2025-05-29,20250529,2025-05,Thursday,False,13,1,14,7,0,31940.95,3832.91,35773.86,2603.42,29337.53,53.85,50.00,3.85,4562.99,4562.99,2457.00
2,BLR-KOR,2026-06-15,20260615,2026-06,Monday,False,14,0,14,14,0,65139.84,3257.00,68396.84,1224.90,63914.94,100.00,100.00,0.00,4652.85,4652.85,4652.85
2,BLR-KOR,2025-04-24,20250424,2025-04,Thursday,False,13,1,14,8,0,37232.03,4467.85,41699.88,5866.80,31365.23,61.54,57.14,4.40,4654.00,4654.00,2864.00
1,BLR-BTM,2025-09-18,20250918,2025-09,Thursday,False,16,0,16,16,0,72684.00,8722.07,81406.07,6776.71,65907.29,100.00,100.00,0.00,4542.75,4542.75,4542.75
2,BLR-KOR,2025-05-25,20250525,2025-05,Sunday,True,14,0,14,12,0,55620.47,6674.44,62294.91,1303.59,54316.88,85.71,85.71,0.00,4635.04,4635.04,3972.89
1,BLR-BTM,2026-03-01,20260301,2026-03,Sunday,True,16,0,16,16,0,71324.93,3566.24,74891.17,5110.80,66214.13,100.00,100.00,0.00,4457.81,4457.81,4457.81
3,BLR-HSR,2026-03-17,20260317,2026-03,Tuesday,False,9,1,10,4,0,13857.63,692.89,14550.52,467.30,13390.33,44.44,40.00,4.44,3464.41,3464.41,1539.74
2,BLR-KOR,2025-11-20,20251120,2025-11,Thursday,False,14,0,14,7,0,32326.84,1616.34,33943.18,4437.90,27888.94,50.00,50.00,0.00,4618.12,4618.12,2309.06
1,BLR-BTM,2025-06-21,20250621,2025-06,Saturday,True,16,0,16,8,0,37134.92,4456.18,41591.10,1800.71,35334.21,50.00,50.00,0.00,4641.87,4641.87,2320.93
2,BLR-KOR,2025-02-26,20250226,2025-02,Wednesday,False,14,0,14,6,0,27301.88,3276.22,30578.10,1098.16,26203.72,42.86,42.86,0.00,4550.31,4550.31,1950.13
1,BLR-BTM,2026-05-07,20260507,2026-05,Thursday,False,16,0,16,11,0,47430.36,2371.52,49801.88,1021.16,46409.20,68.75,68.75,0.00,4311.85,4311.85,2964.40
2,BLR-KOR,2026-01-10,20260110,2026-01,Saturday,True,14,0,14,11,0,49679.50,2483.99,52163.49,2845.48,46834.02,78.57,78.57,0.00,4516.32,4516.32,3548.54
1,BLR-BTM,2025-04-20,20250420,2025-04,Sunday,True,16,0,16,11,0,49524.27,5942.91,55467.18,4947.26,44577.01,68.75,68.75,0.00,4502.21,4502.21,3095.27
1,BLR-BTM,2025-07-15,20250715,2025-07,Tuesday,False,16,0,16,16,1,68635.59,8236.27,76871.86,8337.40,60298.19,100.00,100.00,0.00,4289.72,4497.71,4289.72
1,BLR-BTM,2025-08-14,20250814,2025-08,Thursday,False,16,0,16,13,0,55211.51,6625.37,61836.88,3159.19,52052.32,81.25,81.25,0.00,4247.04,4247.04,3450.72
3,BLR-HSR,2026-07-21,20260721,2026-07,Tuesday,False,10,0,10,6,0,24815.55,1240.77,26056.32,818.13,23997.42,60.00,60.00,0.00,4135.93,4135.93,2481.56
2,BLR-KOR,2025-12-24,20251224,2025-12,Wednesday,False,14,0,14,12,1,55504.64,2775.24,58279.88,4205.32,51299.32,85.71,85.71,0.00,4625.39,4955.12,3964.62
2,BLR-KOR,2025-02-09,20250209,2025-02,Sunday,True,14,0,14,9,0,42855.72,5593.58,48449.30,2788.13,40067.59,64.29,64.29,0.00,4761.75,4761.75,3061.12
2,BLR-KOR,2025-02-03,20250203,2025-02,Monday,False,13,1,14,7,1,31705.14,3804.62,35509.76,2085.86,29619.28,53.85,50.00,3.85,4529.31,5115.87,2438.86
2,BLR-KOR,2026-01-23,20260123,2026-01,Friday,False,13,1,14,12,0,58383.80,2919.18,61302.98,5201.09,53182.71,92.31,85.71,6.59,4865.32,4865.32,4491.06
1,BLR-BTM,2025-07-14,20250714,2025-07,Monday,False,16,0,16,13,1,52569.67,6308.36,58878.03,6019.00,46550.67,81.25,81.25,0.00,4043.82,4284.21,3285.60
2,BLR-KOR,2025-09-07,20250907,2025-09,Sunday,True,14,0,14,12,0,53914.35,6469.74,60384.09,6399.71,47514.64,85.71,85.71,0.00,4492.86,4492.86,3851.03
3,BLR-HSR,2026-07-24,20260724,2026-07,Friday,False,9,1,10,5,0,18408.42,920.43,19328.85,0.00,18408.42,55.56,50.00,5.56,3681.68,3681.68,2045.38
2,BLR-KOR,2026-04-11,20260411,2026-04,Saturday,True,14,0,14,12,0,58477.48,3982.25,62459.73,3980.54,54496.94,85.71,85.71,0.00,4873.12,4873.12,4176.96
2,BLR-KOR,2025-04-12,20250412,2025-04,Saturday,True,13,1,14,8,0,37707.06,4524.85,42231.91,3197.50,34509.56,61.54,57.14,4.40,4713.38,4713.38,2900.54
1,BLR-BTM,2026-05-02,20260502,2026-05,Saturday,True,16,0,16,13,0,52831.81,2641.60,55473.41,3185.98,49645.83,81.25,81.25,0.00,4063.99,4063.99,3301.99
1,BLR-BTM,2025-05-09,20250509,2025-05,Friday,False,16,0,16,5,0,24530.07,2943.61,27473.68,1424.33,23105.74,31.25,31.25,0.00,4906.01,4906.01,1533.13
3,BLR-HSR,2026-03-21,20260321,2026-03,Saturday,True,10,0,10,5,0,17528.28,876.42,18404.70,1524.83,16003.45,50.00,50.00,0.00,3505.66,3505.66,1752.83
